session_id,captured_at,detection_index,record_id,group_total_weight_g,weight_stable,weight_label_type,camera_id,batch_id,age_days,breed,sex,area_mm2,length_mm,width_mm,height_mm,depth_mm,confidence,bbox_area_px,bbox_aspect_ratio,mask_fill_ratio,is_mask_clipped,centroid_x_norm,centroid_y_norm,quality_reasons,volume_proxy_area_height_mm3,volume_proxy_lwh_mm3,length_width_ratio,is_height_outlier,quality_pass,session_quality_pass,session_quality_reason,eligible_chicken_count,pseudo_weight_g,session_sample_weight
20260917_040019,2026-09-17 04:00:19.833+00,0,,1350.0,True,group_total,,,,,,8294.305928230246,125.23427545022122,80.57299256125063,-110.85628560093107,1125.7868654850806,0.9469563364982605,38070.0,0.6893617021276596,0.7677970784024238,False,,,invalid_height_mm;not_all_roi_detections_quality_passing,-919475.9468413878,-1118595.3880200551,1.554295942961528,0,False,False,not_all_roi_detections_quality_passing,0,,
20260917_040019,2026-09-17 04:00:19.833+00,1,,1350.0,True,group_total,,,,,,8002.327997025653,96.82793876866963,88.16460370975977,43.9748550929869,970.9557247911627,0.933774471282959,45771.0,0.954337899543379,0.8283020397575575,True,,,mask_clipped_by_roi;not_all_roi_detections_quality_passing,351901.21407575515,375404.404418224,1.0982631883361011,0,False,False,not_all_roi_detections_quality_passing,0,,
20260917_040019,2026-09-17 04:00:19.833+00,2,,1350.0,True,group_total,,,,,,8823.684562481352,127.43192069267444,87.47192918197413,10.580859347173032,1004.3497205369765,0.9000290036201477,57152.0,0.618421052631579,0.6836129043831136,True,,,mask_clipped_by_roi;not_all_roi_detections_quality_passing,93362.1652794372,117941.83356892376,1.4568321732972034,0,False,False,not_all_roi_detections_quality_passing,0,,
20260917_040023,2026-09-17 04:00:23.929+00,0,,1350.0,True,group_total,,,,,,6817.84296198643,108.81246764556707,71.92934843299628,35.83628793065304,979.0942919534965,0.9434413909912109,40750.0,0.652,0.7795284685942293,False,,,not_all_roi_detections_quality_passing,244326.18345172209,280483.81312378444,1.5127687100756682,0,False,False,not_all_roi_detections_quality_passing,0,,
20260917_040023,2026-09-17 04:00:23.929+00,1,,1350.0,True,group_total,,,,,,9612.705471958257,102.50374085009311,99.75969278896139,-51.96513764170584,1066.8957175258554,0.9304167628288269,40582.0,0.9563106796116505,0.9294582416011221,True,,,invalid_height_mm;mask_clipped_by_roi;not_all_roi_detections_quality_passing,-499525.5629594897,-531382.0747692175,1.0275065809087511,0,False,False,not_all_roi_detections_quality_passing,0,,
20260917_040023,2026-09-17 04:00:23.929+00,2,,1350.0,True,group_total,,,,,,9098.429239042352,127.6685534814989,85.78467836102503,12.930520767717098,1002.0000591164325,0.9235280752182007,59946.0,0.627831715210356,0.6751998780714166,True,,,mask_clipped_by_roi;not_all_roi_detections_quality_passing,117647.42822904162,141615.13840921092,1.4882442403549674,0,False,False,not_all_roi_detections_quality_passing,0,,
20260917_040023,2026-09-17 04:00:23.929+00,3,,1350.0,True,group_total,,,,,,7258.732335101362,94.35287081180086,67.56757087891535,-36.25410171413671,1051.1846815982863,0.8386764526367188,39688.0,0.6776859504132231,0.7392735330358289,True,,,invalid_height_mm;mask_clipped_by_roi;not_all_roi_detections_quality_passing,-263158.8203924578,-231126.94209947728,1.3964224195788566,0,False,False,not_all_roi_detections_quality_passing,0,,
20260917_040023,2026-09-17 04:00:23.929+00,4,,1350.0,True,group_total,,,,,,7274.101315518494,110.37290401441645,66.6632572181716,-35.39482268285758,1050.3254025670071,0.857259213924408,38110.0,1.1135135135135135,0.7727771918187458,True,,,invalid_height_mm;mask_clipped_by_roi;not_all_roi_detections_quality_passing,-257465.52623991814,-260428.63832054063,1.6556782344612189,0,False,False,not_all_roi_detections_quality_passing,0,,
20260917_040041,2026-09-17 04:00:41.623+00,0,,1550.0,True,group_total,,,,,,9412.558929106825,100.05347343069788,90.86488913604195,-63.909114328253395,1078.839694212403,0.941652238368988,35621.0,0.8994974874371859,1.0140267301959809,False,,,invalid_height_mm;not_all_roi_detections_quality_passing,-601548.3047217104,-581019.9840919566,1.101123595505618,0,False,False,not_all_roi_detections_quality_passing,0,,
20260917_040041,2026-09-17 04:00:41.623+00,1,,1550.0,True,group_total,,,,,,8665.935096988676,132.14753886901357,86.92820503537882,26.54744464801729,988.3831352361323,0.9506514072418213,55029.0,0.8875502008032129,0.720003811527883,True,,,mask_clipped_by_roi;not_all_roi_detections_quality_passing,230058.43231061724,304959.74457304156,1.5201917354123553,0,False,False,not_all_roi_detections_quality_passing,0,,
20260917_040041,2026-09-17 04:00:41.623+00,2,,1550.0,True,group_total,,,,,,7831.690886330917,123.93827835575053,84.03201393103637,47.143929765918074,967.7866501182315,0.9623077511787415,58710.0,0.6148867313915858,0.6361299455318149,True,,,mask_clipped_by_roi;not_all_roi_detections_quality_passing,369216.68509356544,490993.8045672921,1.4748935858834056,0,False,False,not_all_roi_detections_quality_passing,0,,
20260917_040041,2026-09-17 04:00:41.623+00,3,,1550.0,True,group_total,,,,,,7299.415998154464,107.07537620702003,66.16914934089263,-43.179282158374804,1058.1098620425244,0.9374345541000366,35183.0,0.648068669527897,0.8276664656471665,True,,,invalid_height_mm;mask_clipped_by_roi;not_all_roi_detections_quality_passing,-315183.5429756667,-305928.9516464718,1.6182069328923243,0,False,False,not_all_roi_detections_quality_passing,0,,
20260917_040041,2026-09-17 04:00:41.623+00,6,,1550.0,True,group_total,,,,,,7350.762170939925,99.09372810890204,74.76910454264595,20.68393881607733,994.2466410680722,0.8632864356040955,44290.0,0.958139534883721,0.7498943190188138,True,,,mask_clipped_by_roi;not_all_roi_detections_quality_passing,152042.71499525718,153250.39114156435,1.325329876759218,0,False,False,not_all_roi_detections_quality_passing,0,,
20260917_040041,2026-09-17 04:00:41.623+00,7,,1550.0,True,group_total,,,,,,24399.297620001435,174.2739419182305,170.68419161383184,-971.513237390221,1986.4438172743705,0.8445562124252319,36099.0,0.9895287958115183,0.7650524625395397,True,,,invalid_height_mm;mask_clipped_by_roi;not_all_roi_detections_quality_passing,-23704240.620855108,-28898445.1559958,1.0210315335618214,0,False,False,not_all_roi_detections_quality_passing,0,,
20260917_040055,2026-09-17 04:00:55.775+00,0,,1550.0,True,group_total,,,,,,6947.0188274636885,84.81894478393933,82.81762387921331,40.04584861937565,974.8847312647739,0.9450933337211609,40660.0,0.8878504672897196,0.8029457461933637,False,,,not_all_roi_detections_quality_passing,278199.26432056335,281302.202463681,1.0241653987518995,0,False,False,not_all_roi_detections_quality_passing,0,,
20260917_040055,2026-09-17 04:00:55.775+00,1,,1550.0,True,group_total,,,,,,7345.9706148873975,102.65009807229781,75.2546834698448,-5.369639126151128,1020.3002190103007,0.9009639620780945,38718.0,0.6778242677824268,0.8140328828630458,True,,,invalid_height_mm;mask_clipped_by_roi;not_all_roi_detections_quality_passing,-39445.21123325583,-41479.92871454523,1.3640360086482934,0,False,False,not_all_roi_detections_quality_passing,0,,
20260917_040055,2026-09-17 04:00:55.775+00,3,,1550.0,True,group_total,,,,,,8838.659157162561,111.07518737776877,82.0619918341075,-51.669925766353,1066.6005056505026,0.8684912919998169,40976.0,0.9471153846153846,0.8468663801396559,True,,,invalid_height_mm;mask_clipped_by_roi;not_all_roi_detections_quality_passing,-456692.86252468574,-470974.0147045099,1.3535521731219116,0,False,False,not_all_roi_detections_quality_passing,0,,
20260917_040055,2026-09-17 04:00:55.775+00,4,,1550.0,True,group_total,,,,,,8532.778853450049,108.7629580447723,92.57366798523216,18.628117381974334,996.3024625021752,0.9435274004936218,47502.0,0.6373626373626373,0.8082725396733912,True,,,mask_clipped_by_roi;not_all_roi_detections_quality_passing,158949.6060764959,187558.80126616903,1.1748800756401134,0,False,False,not_all_roi_detections_quality_passing,0,,
20260917_040055,2026-09-17 04:00:55.775+00,5,,1550.0,True,group_total,,,,,,7005.840206810039,89.08881945061545,82.60148890687417,62.68398220111703,952.2465976830325,0.9319274425506592,48825.0,0.9644444444444444,0.7067743067587575,False,,,not_all_roi_detections_quality_passing,439153.96282755054,461283.22166409256,1.0785376950172796,0,False,False,not_all_roi_detections_quality_passing,0,,
20260917_040111,2026-09-17 04:01:11.343+00,0,,1550.0,True,group_total,,,,,,7238.509310765958,91.65414223992634,83.74178354152043,47.3868481017912,967.5437317823583,0.9437107443809509,38485.0,0.8325581395348837,0.8973834919591871,False,,,not_all_roi_detections_quality_passing,343010.14119266777,363707.3910037094,1.0944851944129281,0,False,False,not_all_roi_detections_quality_passing,0,,
20260917_040111,2026-09-17 04:01:11.343+00,1,,1550.0,True,group_total,,,,,,7456.57121060655,113.62195472104592,70.18246992193839,11.887585499315833,1003.0429943848337,0.9003012180328369,38115.0,0.7142857142857143,0.8684919246957322,True,,,mask_clipped_by_roi;not_all_roi_detections_quality_passing,88640.62779782234,94794.80952104527,1.6189506417688608,0,False,False,not_all_roi_detections_quality_passing,0,,
20260917_040111,2026-09-17 04:01:11.343+00,6,,1550.0,True,group_total,,,,,,7992.52262301644,140.81843247159276,73.31499341378162,70.15258296725847,944.7779969168911,0.9700591564178467,53928.0,0.5233644859813084,0.7416033046639225,False,,,not_all_roi_detections_quality_passing,560696.106428851,724262.4536295497,1.9207317073170733,0,False,False,not_all_roi_detections_quality_passing,0,,
20260917_040111,2026-09-17 04:01:11.343+00,8,,1550.0,True,group_total,,,,,,8270.647985284237,122.44001271339549,84.91050690086047,23.49687941580703,991.4337004683425,0.8983188271522522,47684.0,0.6946564885496184,0.7881359541619167,True,,,mask_clipped_by_roi;not_all_roi_detections_quality_passing,194334.41840081106,244283.98031700405,1.441988950276243,0,False,False,not_all_roi_detections_quality_passing,0,,
20260917_040111,2026-09-17 04:01:11.343+00,9,,1550.0,True,group_total,,,,,,7680.791910253317,104.51590695574563,82.17085750209625,-26.315834870284675,1041.2464147544342,0.8939070701599121,37386.0,0.9253731343283582,0.8463531142730542,True,,,invalid_height_mm;mask_clipped_by_roi;not_all_roi_detections_quality_passing,-202126.4515832447,-226004.6450618433,1.2719339937894567,0,False,False,not_all_roi_detections_quality_passing,0,,
20260917_040419,2026-09-17 04:04:19.649+00,0,,1550.0,True,group_total,,,,,,17359.578803663673,163.66616217674988,125.32855197130121,-333.33602641907385,1348.2666063032234,0.9508550763130188,51023.0,0.7606177606177607,0.8359557209493758,False,,,invalid_height_mm;not_all_roi_detections_quality_passing,-5786573.0187220285,-6837402.944794885,1.3058968575191672,0,False,False,not_all_roi_detections_quality_passing,0,,
20260917_040419,2026-09-17 04:04:19.649+00,1,,1550.0,True,group_total,,,,,,16806.158077436827,146.8188225624721,135.27436748019286,-454.08398849272396,1469.0145683768735,0.9402795433998108,42542.0,0.7447698744769874,0.8176359388523515,False,,,invalid_height_mm;not_all_roi_detections_quality_passing,-7631407.291041723,-9018481.88438954,1.0853410390846558,0,False,False,not_all_roi_detections_quality_passing,0,,
20260917_040419,2026-09-17 04:04:19.649+00,2,,1550.0,True,group_total,,,,,,10704.632257102965,150.28264586010613,96.76472521208272,-127.5395527243021,1142.4701326084516,0.8488308191299438,50220.0,0.6451612903225806,0.7294020348552307,True,,,invalid_height_mm;mask_clipped_by_roi;not_all_roi_detections_quality_passing,-1365264.0101490486,-1854687.6917244084,1.553072625698324,0,False,False,not_all_roi_detections_quality_passing,0,,
20260917_040444,2026-09-17 04:04:44.16+00,0,,1550.0,True,group_total,,,,,,8555.142755231738,106.95309161928809,90.31495123145844,66.89953526513432,948.0310446190152,0.9566482901573181,52832.0,0.8188976377952756,0.8047235813522108,False,,,not_all_roi_detections_quality_passing,572335.074451884,646213.6025798079,1.1842235439533102,0,False,False,not_all_roi_detections_quality_passing,0,,
20260917_040444,2026-09-17 04:04:44.16+00,1,,1550.0,True,group_total,,,,,,7221.4585924527155,96.58517330384787,86.30780816259897,51.97923653643136,962.9513433477182,0.9563660621643066,42542.0,0.7447698744769874,0.8176359388523515,False,,,not_all_roi_detections_quality_passing,375365.90431514435,433301.7542945363,1.1190780458922898,0,False,False,not_all_roi_detections_quality_passing,0,,
20260917_040444,2026-09-17 04:04:44.16+00,2,,1550.0,True,group_total,,,,,,6642.995312615226,108.63136219237155,49.62173334713269,70.15258296725847,944.7779969168911,0.9402881860733032,28000.0,0.448,1.1871565990447999,True,,,mask_clipped_by_roi;not_all_roi_detections_quality_passing,466023.2798193487,378155.8490466482,2.189189189189189,0,False,False,not_all_roi_detections_quality_passing,0,,
20260917_040444,2026-09-17 04:04:44.16+00,5,,1550.0,True,group_total,,,,,,8327.585370913772,124.30474904277943,86.69164583064457,10.842476883129507,1004.08810300102,0.9167110323905945,52500.0,0.84,0.7027126708984375,True,,,mask_clipped_by_roi;not_all_roi_detections_quality_passing,90291.65187642003,116840.51809183272,1.4338722935957806,0,False,False,not_all_roi_detections_quality_passing,0,,
20260917_040654,2026-09-17 04:06:54.84+00,0,,,False,group_total,,,,,,7169.544418264863,90.35035105778529,87.84290698941166,38.0693970608055,976.861182823344,0.9527993202209473,39600.0,0.7822222222222223,0.8474075045730128,False,,,scale_not_stable;not_all_roi_detections_quality_passing,272940.23320400686,302143.0037224277,1.028544638996019,0,False,False,not_all_roi_detections_quality_passing,0,,
20260917_040654,2026-09-17 04:06:54.84+00,1,,,False,group_total,,,,,,6591.327486579391,99.68966396778772,65.81190903010854,19.528584423616053,995.4019954605335,0.9325120449066162,36660.0,0.6638297872340425,0.8104851318459269,True,,,mask_clipped_by_roi;scale_not_stable;not_all_roi_detections_quality_passing,128719.29528536664,128122.49412358424,1.5147663308502466,0,False,False,not_all_roi_detections_quality_passing,0,,
20260917_040654,2026-09-17 04:06:54.84+00,6,,,False,group_total,,,,,,9470.116933700401,94.07426487353285,78.0263020421655,-154.5761638721964,1169.506743756346,0.8836749792098999,31293.0,0.9344262295081968,0.9882442988916001,True,,,invalid_height_mm;mask_clipped_by_roi;scale_not_stable;not_all_roi_detections_quality_passing,-1463854.3470325351,-1134630.3154950074,1.205673758865248,0,False,False,not_all_roi_detections_quality_passing,0,,
20260917_040654,2026-09-17 04:06:54.84+00,8,,,False,group_total,,,,,,8481.783102183637,103.54826343076712,94.08255756834667,-86.7253867980213,1101.6559666821709,0.8686782717704773,37380.0,1.1797752808988764,0.835059691011236,True,,,invalid_height_mm;mask_clipped_by_roi;scale_not_stable;not_all_roi_detections_quality_passing,-735585.920273797,-844886.1293326528,1.1006106350323657,0,False,False,not_all_roi_detections_quality_passing,0,,
20260917_040659,2026-09-17 04:06:59.024+00,0,,1450.0,True,group_total,,,,,,6414.398162420954,93.44414980321682,84.6639870042689,70.15258296725847,944.7779969168911,0.9549639821052551,42336.0,0.84375,0.7581378656720358,False,,,not_all_roi_detections_quality_passing,449986.5992742662,555001.9378312872,1.103705992472398,0,False,False,not_all_roi_detections_quality_passing,0,,
20260917_040659,2026-09-17 04:06:59.024+00,1,,1450.0,True,group_total,,,,,,6590.67268220353,99.73124086466477,67.64505016342339,27.56013228657889,987.3704475975707,0.9393569827079773,39284.0,0.6598360655737705,0.7686266338323918,True,,,mask_clipped_by_roi;not_all_roi_detections_quality_passing,181639.81097907102,185929.60369234026,1.4743316861133886,0,False,False,not_all_roi_detections_quality_passing,0,,
20260917_040659,2026-09-17 04:06:59.024+00,5,,1450.0,True,group_total,,,,,,7331.850509295585,93.49073435452458,69.0758572012469,-5.504688791142485,1020.435268675292,0.889258623123169,37555.0,1.0972972972972972,0.8374069313411944,True,,,invalid_height_mm;mask_clipped_by_roi;not_all_roi_detections_quality_passing,-40359.55531685172,-35549.01937854474,1.3534502233124217,0,False,False,not_all_roi_detections_quality_passing,0,,
20260917_040659,2026-09-17 04:06:59.024+00,7,,1450.0,True,group_total,,,,,,6604.047119440489,90.37204034083798,75.91251167995493,59.9710289313648,954.9595509527848,0.8906065821647644,36134.0,1.1404494382022472,0.895129369700985,True,,,mask_clipped_by_roi;not_all_roi_detections_quality_passing,396051.50086406193,411423.36186626944,1.1904762250766254,0,False,False,not_all_roi_detections_quality_passing,0,,
20260917_040659,2026-09-17 04:06:59.024+00,8,,1450.0,True,group_total,,,,,,7056.198205732319,101.32918289830472,87.92606292282957,62.68398220111703,952.2465976830325,0.8798565864562988,53010.0,1.4684210526315788,0.6556555548831441,False,,,not_all_roi_detections_quality_passing,442310.60273567867,558481.4419904845,1.1524362575774458,0,False,False,not_all_roi_detections_quality_passing,0,,
20260917_040823,2026-09-17 04:08:23.748+00,0,,1450.0,True,group_total,,,,,,7096.076720393585,88.31840871826138,83.61874800218597,62.44868529039718,952.4818945937524,0.9379604458808899,42728.0,0.8990825688073395,0.8176245370667384,False,,,not_all_roi_detections_quality_passing,443140.6619083727,461188.2096935614,1.0562034331816659,0,False,False,not_all_roi_detections_quality_passing,0,,
20260917_040823,2026-09-17 04:08:23.748+00,1,,1450.0,True,group_total,,,,,,6983.463491930355,98.03175227766806,84.77092057169023,34.59125449734495,980.3393253868046,0.9507477283477783,43847.0,0.6059479553903345,0.7401841330871366,True,,,mask_clipped_by_roi;not_all_roi_detections_quality_passing,241566.76292228015,287461.6920073732,1.1564313754828608,0,False,False,not_all_roi_detections_quality_passing,0,,
20260917_040823,2026-09-17 04:08:23.748+00,4,,1450.0,True,group_total,,,,,,9135.668823538417,118.2885767005476,88.72693856098623,-68.15293442349741,1083.083514307647,0.9069874286651611,43811.0,0.8502202643171806,0.7939532440332524,True,,,invalid_height_mm;mask_clipped_by_roi;not_all_roi_detections_quality_passing,-622622.6382454035,-715291.1682524774,1.3331754551549444,0,False,False,not_all_roi_detections_quality_passing,0,,
20260917_040823,2026-09-17 04:08:23.748+00,5,,1450.0,True,group_total,,,,,,13668.724674445692,153.18031405250431,115.05334835427165,-18.499507896256887,1033.4300877804064,0.9520589709281921,82478.0,0.7760736196319018,0.6930894819540064,True,,,invalid_height_mm;mask_clipped_by_roi;not_all_roi_detections_quality_passing,-252864.6800466694,-326033.6258323293,1.331385103029182,0,False,False,not_all_roi_detections_quality_passing,0,,
20260917_040904,2026-09-17 04:09:04.656+00,0,,,False,group_total,,,,,,7313.846627602576,92.37128720938797,82.71330655581878,46.41444234120593,968.5161375429436,0.9385274648666382,41829.0,0.8721461187214612,0.8325614176820428,False,,,scale_not_stable;not_all_roi_detections_quality_passing,339468.11258928315,354621.8695691855,1.1167645334919787,0,False,False,not_all_roi_detections_quality_passing,0,,
20260917_040904,2026-09-17 04:09:04.656+00,1,,,False,group_total,,,,,,7455.370854056708,115.52086581132346,76.14140627898554,28.06569831197453,986.864881572175,0.9527240991592407,45461.0,0.6282527881040892,0.7521016040838168,True,,,mask_clipped_by_roi;scale_not_stable;not_all_roi_detections_quality_passing,209240.18919384346,246863.67014194303,1.5171884977806924,0,False,False,not_all_roi_detections_quality_passing,0,,
20260917_040904,2026-09-17 04:09:04.656+00,4,,,False,group_total,,,,,,8664.540178645067,140.48205336846027,73.92513276248748,-80.77556776250083,1095.7061476466504,0.8810300827026367,45154.0,1.014218009478673,0.7138759180320642,True,,,invalid_height_mm;mask_clipped_by_roi;scale_not_stable;not_all_roi_detections_quality_passing,-699883.1523310557,-838866.7466777399,1.9003287260884894,0,False,False,not_all_roi_detections_quality_passing,0,,
20260917_040904,2026-09-17 04:09:04.656+00,5,,,False,group_total,,,,,,13148.885190424675,144.91844603468806,127.76051704698554,-1.6027079378219469,1016.5332878219715,0.9611310958862305,87327.0,0.8913738019169329,0.6508168971396437,True,,,invalid_height_mm;mask_clipped_by_roi;scale_not_stable;not_all_roi_detections_quality_passing,-21073.82266820307,-29673.906029793554,1.1342975857039814,0,False,False,not_all_roi_detections_quality_passing,0,,
20260917_040909,2026-09-17 04:09:09.012+00,0,,1300.0,True,group_total,,,,,,7247.956542566234,93.22090773405314,83.90458611098816,38.93507984087421,975.9955000432753,0.9491055011749268,40824.0,0.875,0.8324650933222516,False,,,not_all_roi_detections_quality_passing,282199.76666800294,304537.0220114232,1.1110347128194094,0,False,False,not_all_roi_detections_quality_passing,0,,
20260917_040909,2026-09-17 04:09:09.012+00,1,,1300.0,True,group_total,,,,,,7516.6722099903145,115.22723797441367,76.66998335803163,26.800811255357985,988.1297686287916,0.9586328864097595,46341.0,0.6309963099630996,0.741982873978488,True,,,mask_clipped_by_roi;not_all_roi_detections_quality_passing,201452.913168345,236770.97421092007,1.5028989563794257,0,False,False,not_all_roi_detections_quality_passing,0,,
20260917_040909,2026-09-17 04:09:09.012+00,4,,1300.0,True,group_total,,,,,,12749.947199402515,146.27040659090576,125.39442485032546,15.26921385175433,999.6613660323952,0.9617093801498413,87327.0,0.8913738019169329,0.6525528128134266,True,,,mask_clipped_by_roi;not_all_roi_detections_quality_passing,194681.67038625322,280060.1867203189,1.1664825351326304,0,False,False,not_all_roi_detections_quality_passing,0,,
20260917_040909,2026-09-17 04:09:09.012+00,6,,1300.0,True,group_total,,,,,,9212.068644447789,145.41404761546985,73.61673324530442,-119.97129776075428,1134.9018776449038,0.91237473487854,42016.0,1.0297029702970297,0.7603043391335945,True,,,invalid_height_mm;mask_clipped_by_roi;not_all_roi_detections_quality_passing,-1105183.8303355537,-1284281.6036051437,1.975285253841999,0,False,False,not_all_roi_detections_quality_passing,0,,
20260917_040937,2026-09-17 04:09:37.181+00,0,,1000.0,True,group_total,,,,,,6582.400992693005,93.47371344478408,75.19003361460469,70.15258296725847,944.7779969168911,0.9511691331863403,41678.0,0.7947598253275109,0.7902773984294631,False,,,not_all_roi_detections_quality_passing,461772.4317636605,493052.81351529656,1.2431662675387876,0,False,False,not_all_roi_detections_quality_passing,0,,
20260917_040937,2026-09-17 04:09:37.181+00,1,,1000.0,True,group_total,,,,,,6965.674334102688,100.23257271882007,72.36319875431849,22.475835440041465,992.4547444441081,0.9409452676773071,39928.0,0.6491935483870968,0.791089867141103,True,,,mask_clipped_by_roi;not_all_roi_detections_quality_passing,156559.3500622124,163020.59641149905,1.3851318687434113,0,False,False,not_all_roi_detections_quality_passing,0,,
20260917_040937,2026-09-17 04:09:37.181+00,3,,1000.0,True,group_total,,,,,,7587.752239418954,98.6910547482709,87.71352907307259,52.70036834622749,962.2302115379221,0.9310235381126404,46893.0,1.1379310344827587,0.7805644785722595,False,,,not_all_roi_detections_quality_passing,399877.3379372914,456202.88348961243,1.1251520237665176,0,False,False,not_all_roi_detections_quality_passing,0,,
20260917_040937,2026-09-17 04:09:37.181+00,4,,1000.0,True,group_total,,,,,,9165.892666998549,126.28366018931764,73.51343576080495,-126.01783728942326,1140.9484171735728,0.9569046497344971,36051.0,1.0765027322404372,0.8723425733831824,True,,,invalid_height_mm;mask_clipped_by_roi;not_all_roi_detections_quality_passing,-1155065.9707221407,-1169892.356654063,1.717831017995327,0,False,False,not_all_roi_detections_quality_passing,0,,
20260917_040937,2026-09-17 04:09:37.181+00,7,,1000.0,True,group_total,,,,,,9587.109396309737,129.20937188056016,74.94004683666108,-152.45107590655778,1167.3816557907073,0.8580936193466187,34587.0,1.0327868852459017,0.9084702232930613,True,,,invalid_height_mm;mask_clipped_by_roi;not_all_roi_detections_quality_passing,-1461565.1423012891,-1476177.1181581176,1.724169884256734,0,False,False,not_all_roi_detections_quality_passing,0,,
20260917_041018,2026-09-17 04:10:18.754+00,0,,1600.0,True,group_total,,,,,,6840.499079765767,90.378671399372,81.50599969798645,65.03057312690066,949.9000067572489,0.9394592046737671,39312.0,0.9086538461538461,0.861327880468124,False,,,not_all_roi_detections_quality_passing,444841.5756312044,479041.4716489922,1.108859123675097,0,False,False,not_all_roi_detections_quality_passing,0,,
20260917_041018,2026-09-17 04:10:18.754+00,1,,1600.0,True,group_total,,,,,,6682.74600216359,98.88749620782697,72.65728012028738,30.96268520108231,983.9678946830672,0.9552297592163086,39200.0,0.6530612244897959,0.7864455659048898,True,,,mask_clipped_by_roi;not_all_roi_detections_quality_passing,206915.76074378254,222463.68891474078,1.3610129094306076,0,False,False,not_all_roi_detections_quality_passing,0,,
20260917_041018,2026-09-17 04:10:18.754+00,3,,1600.0,True,group_total,,,,,,7270.334052515263,91.11814891059852,88.79840579687776,33.8427133988057,981.0878664853439,0.9162369966506958,48420.0,1.4944444444444445,0.6967474832262986,False,,,not_all_roi_detections_quality_passing,246047.83165285163,273826.34741129325,1.0261237022545997,0,False,False,not_all_roi_detections_quality_passing,0,,
20260917_041018,2026-09-17 04:10:18.754+00,5,,1600.0,True,group_total,,,,,,8192.685691768123,120.9778149194958,68.59587052095489,-37.11478786173359,1052.0453677458831,0.9368032217025757,37536.0,1.108695652173913,0.8807872177084999,True,,,invalid_height_mm;mask_clipped_by_roi;not_all_roi_detections_quality_passing,-304069.791467834,-307999.9816253256,1.7636311632278083,0,False,False,not_all_roi_detections_quality_passing,0,,
20260917_041018,2026-09-17 04:10:18.754+00,8,,1600.0,True,group_total,,,,,,774492.6118772002,1218.707659659562,650.625645955264,-8573.861030615642,9588.791610499791,0.9347415566444397,45980.0,1.2736842105263158,0.8182427926911847,True,,,invalid_height_mm;mask_clipped_by_roi;not_all_roi_detections_quality_passing,-6640392023.473653,-6798406965.489437,1.873131911162565,0,False,False,not_all_roi_detections_quality_passing,0,,
20260917_041029,2026-09-17 04:10:29.167+00,0,,1600.0,True,group_total,,,,,,8152.258115223257,110.78066273464158,88.12885105911491,31.339299603232007,983.5912802809175,0.9469494819641113,55512.0,0.8404669260700389,0.6779900875330693,False,,,not_all_roi_detections_quality_passing,255486.05951586112,305964.72102207213,1.2570306023884543,0,False,False,not_all_roi_detections_quality_passing,0,,
20260917_041029,2026-09-17 04:10:29.167+00,1,,1600.0,True,group_total,,,,,,7069.851216409243,101.26524149359742,73.42388364776282,16.82228692171668,998.1082929624329,0.9517932534217834,40587.0,0.6546184738955824,0.780961513131586,True,,,mask_clipped_by_roi;not_all_roi_detections_quality_passing,118931.06565628397,125078.53645720327,1.3791866687330003,0,False,False,not_all_roi_detections_quality_passing,0,,
20260917_041029,2026-09-17 04:10:29.167+00,3,,1600.0,True,group_total,,,,,,15043.50444133192,155.53891516373105,123.4898109998021,-353.9239042852097,1368.8544841693592,0.8693061470985413,52155.0,1.5573770491803278,0.6875434355451898,False,,,invalid_height_mm;not_all_roi_detections_quality_passing,-5324255.826008085,-6797983.211532854,1.2595283279199472,0,False,False,not_all_roi_detections_quality_passing,0,,
20260917_041029,2026-09-17 04:10:29.167+00,5,,1600.0,True,group_total,,,,,,5844.294269581709,89.55283377659376,54.64992964685873,70.15258296725847,944.7779969168911,0.9191683530807495,33368.0,1.127906976744186,0.8764032808832916,True,,,mask_clipped_by_roi;not_all_roi_detections_quality_passing,409992.3386319041,343330.6741861514,1.6386632948161763,0,False,False,not_all_roi_detections_quality_passing,0,,
20260917_041029,2026-09-17 04:10:29.167+00,6,,1600.0,True,group_total,,,,,,8058.665382957622,115.10815299229102,113.23287978559401,42.50519456101233,972.4253853231372,0.9519879221916199,75087.0,1.271604938271605,0.5069293444677416,True,,,mask_clipped_by_roi;not_all_roi_detections_quality_passing,342535.14000470866,554013.8811818737,1.0165612074006052,0,False,False,not_all_roi_detections_quality_passing,0,,
20260917_041033,2026-09-17 04:10:33.238+00,0,,1600.0,True,group_total,,,,,,7870.068138166729,109.29646892777129,84.09809976831403,42.25981848598758,972.670761398162,0.948723316192627,50052.0,0.751937984496124,0.7423128376359192,False,,,not_all_roi_detections_quality_passing,332587.6509912802,388436.4188066476,1.2996306602512717,0,False,False,not_all_roi_detections_quality_passing,0,,
20260917_041033,2026-09-17 04:10:33.238+00,1,,1600.0,True,group_total,,,,,,6781.317843229007,100.68577930426693,71.4700836253096,28.570746869585605,986.359833014564,0.9576224684715271,40176.0,0.6532258064516129,0.7748868399908323,True,,,mask_clipped_by_roi;not_all_roi_detections_quality_passing,193747.31554110016,205595.69636647459,1.4087821672648948,0,False,False,not_all_roi_detections_quality_passing,0,,
20260917_041033,2026-09-17 04:10:33.238+00,3,,1600.0,True,group_total,,,,,,7542.04675766417,98.25550793505515,88.41904215076092,30.8370829679086,984.093496916241,0.9113265872001648,52671.0,1.6077348066298343,0.6603992477584728,False,,,not_all_roi_detections_quality_passing,232574.72161393607,267902.02738676476,1.1112482735056364,0,False,False,not_all_roi_detections_quality_passing,0,,
20260917_041033,2026-09-17 04:10:33.238+00,4,,1600.0,True,group_total,,,,,,7596.247195726851,97.53655075023784,84.92439067690714,27.307154974870627,987.6234249092789,0.9315899610519409,42848.0,0.9903846153846154,0.8117969333457804,True,,,mask_clipped_by_roi;not_all_roi_detections_quality_passing,207431.89940113953,226191.50377233696,1.148510457040703,0,False,False,not_all_roi_detections_quality_passing,0,,
20260917_041033,2026-09-17 04:10:33.238+00,5,,1600.0,True,group_total,,,,,,6829.512436596974,99.85222897875724,56.10541230033679,-10.254055068221646,1025.1846349523712,0.9289774894714355,33567.0,1.2035928143712575,0.8646386235443642,True,,,invalid_height_mm;mask_clipped_by_roi;not_all_roi_detections_quality_passing,-70030.19661396997,-57445.78488647309,1.779725429059147,0,False,False,not_all_roi_detections_quality_passing,0,,
20260917_041033,2026-09-17 04:10:33.238+00,6,,1600.0,True,group_total,,,,,,8914.022217935206,118.81959933543884,117.51205605653313,-3.7518269395596917,1018.6824068237092,0.9624274373054504,71939.0,1.2594142259414225,0.5333267182961412,True,,,invalid_height_mm;mask_clipped_by_roi;not_all_roi_detections_quality_passing,-33443.86869708294,-52385.7668901495,1.011126886234351,0,False,False,not_all_roi_detections_quality_passing,0,,
20260917_041237,2026-09-17 04:12:37.482+00,1,,1600.0,True,group_total,,,,,,7152.383207274315,105.08781749768691,85.98016229956623,25.53267756871935,989.3979023154302,0.9442869424819946,45428.0,0.592057761732852,0.718367745299632,True,,,mask_clipped_by_roi;not_all_roi_detections_quality_passing,182619.49427925787,230699.68101958343,1.222233299950599,0,False,False,not_all_roi_detections_quality_passing,0,,
20260917_041237,2026-09-17 04:12:37.482+00,4,,1600.0,True,group_total,,,,,,8158.736053034016,115.30154316281264,84.83100531461771,0.0031898312490739045,1014.9273900529005,0.9069243669509888,44408.0,1.3406593406593406,0.7966239515499389,True,,,mask_clipped_by_roi;not_all_roi_detections_quality_passing,26.02499121491379,31.20020459102636,1.3591910497251218,0,False,False,not_all_roi_detections_quality_passing,0,,
20260917_041237,2026-09-17 04:12:37.482+00,6,,1600.0,True,group_total,,,,,,7288.266570160372,132.8419659625452,79.98097604665351,43.485462086539656,971.4451177976099,0.9255850911140442,51100.0,0.5993150684931506,0.6750383486813062,False,,,not_all_roi_detections_quality_passing,316933.63961330324,462025.64638687955,1.660919540229885,0,False,False,not_all_roi_detections_quality_passing,0,,
20260917_041237,2026-09-17 04:12:37.482+00,8,,1600.0,True,group_total,,,,,,6443.029780233288,119.51756831048101,81.44309716965896,62.09552181446327,952.8350580696863,0.8837383389472961,53874.0,0.8902439024390244,0.588351815484231,False,,,not_all_roi_detections_quality_passing,400083.2962697126,604430.41559044,1.467497829331157,0,False,False,not_all_roi_detections_quality_passing,0,,
20260917_041322,2026-09-17 04:13:22.84+00,1,,1600.0,True,group_total,,,,,,7068.379716932501,98.84240911038704,91.9715816980377,33.8427133988057,981.0878664853439,0.9494822025299072,45640.0,0.5821428571428572,0.718654358752666,True,,,mask_clipped_by_roi;not_all_roi_detections_quality_passing,239213.14895407797,307653.7078026838,1.0747059829296808,0,False,False,not_all_roi_detections_quality_passing,0,,
20260917_041322,2026-09-17 04:13:22.84+00,3,,1600.0,True,group_total,,,,,,8850.607301540505,135.37989434997064,91.2599500689472,-38.264564219925774,1053.1951441040753,0.9538728594779968,51684.0,0.6061643835616438,0.6895422708525967,False,,,invalid_height_mm;not_all_roi_detections_quality_passing,-338664.63147514063,-472749.59922765644,1.4834535220290026,0,False,False,not_all_roi_detections_quality_passing,0,,
20260917_041322,2026-09-17 04:13:22.84+00,7,,1600.0,True,group_total,,,,,,48726.68446290618,295.5762401624447,195.34434281005332,-1711.1615187162151,2726.092098600365,0.8555359840393066,36110.0,1.464968152866242,0.8109983340157462,False,,,invalid_height_mm;not_all_roi_detections_quality_passing,-83379227.38755235,-98801005.41719094,1.5131036604927623,0,False,False,not_all_roi_detections_quality_passing,0,,
20260917_041322,2026-09-17 04:13:22.84+00,10,,1600.0,True,group_total,,,,,,8285.981529639408,125.80764552335445,80.04262107138534,7.694042800032548,1007.236537084117,0.8283840417861938,48224.0,1.5568181818181819,0.7564486023916183,True,,,mask_clipped_by_roi;not_all_roi_detections_quality_passing,63752.69652932477,77478.80863153053,1.5717581938146923,0,False,False,not_all_roi_detections_quality_passing,0,,
20260917_041634,2026-09-17 04:16:34.545+00,1,,1350.0,True,group_total,,,,,,12107.192432172475,154.83503198701632,97.63851358208024,-206.0685418836414,1220.999121767791,0.9458870887756348,47260.0,0.6115107913669064,0.7675040251109946,False,,,invalid_height_mm;not_all_roi_detections_quality_passing,-2494911.4908024394,-3115315.855734822,1.5857987417726673,0,False,False,not_all_roi_detections_quality_passing,0,,
20260917_041640,2026-09-17 04:16:40.549+00,1,,1350.0,True,group_total,,,,,,8106.109897217949,80.82196875126775,80.26013040053256,30.3343532121404,984.5962266720092,0.8817824125289917,45528.0,0.6199261992619927,0.8203122888543949,False,,,not_all_roi_detections_quality_passing,245893.60079863638,196772.32885110445,1.007000217267669,0,False,False,not_all_roi_detections_quality_passing,0,,
20260917_041640,2026-09-17 04:16:40.549+00,2,,1350.0,True,group_total,,,,,,6739.199501260078,94.16138866330023,84.76922012317293,65.49850416471213,949.4320757194374,0.9495590925216675,45630.0,0.6259259259259259,0.7317987806933401,True,,,mask_clipped_by_roi;not_all_roi_detections_quality_passing,441407.48660010914,522808.24037849845,1.1107969204680674,0,False,False,not_all_roi_detections_quality_passing,0,,
20260917_041702,2026-09-17 04:17:02.81+00,0,,1350.0,True,group_total,,,,,,7866.972828580788,80.82782863371065,69.64963731998988,39.55248590112433,975.3780939830252,0.9590520858764648,44923.0,0.620817843866171,0.8221565876491528,False,,,not_all_roi_detections_quality_passing,311158.3318869698,222665.81966158008,1.1604917375572976,0,False,False,not_all_roi_detections_quality_passing,0,,
20260917_041702,2026-09-17 04:17:02.81+00,1,,1350.0,True,group_total,,,,,,7026.556578406774,93.07760154604733,86.40178531549135,15.528394916320735,999.4021849678288,0.9464189410209656,42706.0,0.6221374045801527,0.7357575032424408,True,,,mask_clipped_by_roi;not_all_roi_detections_quality_passing,109111.14545137176,124880.45360173786,1.0772647950060246,0,False,False,not_all_roi_detections_quality_passing,0,,
20260917_041702,2026-09-17 04:17:02.81+00,7,,1350.0,True,group_total,,,,,,8555.391703477606,119.56297149551588,76.75079835866562,-51.07999185836036,1066.01057174251,0.8984261751174927,42670.0,1.4764705882352942,0.7880538028549863,True,,,invalid_height_mm;mask_clipped_by_roi;not_all_roi_detections_quality_passing,-437009.33855871984,-468738.27890629775,1.5578075284218398,0,False,False,not_all_roi_detections_quality_passing,0,,
20260917_041741,2026-09-17 04:17:41.973+00,0,,1350.0,True,group_total,,,,,,7826.227741511856,79.86054080611866,73.17834055820315,49.08386792701708,965.8467119571325,0.9606465697288513,46982.0,0.6079136690647482,0.797565219381101,False,,,not_all_roi_detections_quality_passing,384141.5288311251,286849.1601142588,1.091313907871425,0,False,False,not_all_roi_detections_quality_passing,0,,
20260917_041741,2026-09-17 04:17:41.973+00,1,,1350.0,True,group_total,,,,,,6846.751589970111,88.61021877779173,87.27981724031753,42.995575491583736,971.9350043925658,0.9546491503715515,43824.0,0.6287878787878788,0.7386857927955385,True,,,mask_clipped_by_roi;not_all_roi_detections_quality_passing,294380.0248586809,332522.7804901357,1.0152429459586407,0,False,False,not_all_roi_detections_quality_passing,0,,
20260917_041741,2026-09-17 04:17:41.973+00,10,,1350.0,True,group_total,,,,,,8294.39057012417,119.99685666610118,75.20158973366429,-14.635185986821512,1029.565765870971,0.86420738697052,44973.0,1.5380116959064327,0.7771163980126357,True,,,invalid_height_mm;mask_clipped_by_roi;not_all_roi_detections_quality_passing,-121389.94864110573,-132067.25075131358,1.5956691486321612,0,False,False,not_all_roi_detections_quality_passing,0,,
20260917_042037,2026-09-17 04:20:37.5+00,0,,1350.0,True,group_total,,,,,,7344.920272362383,85.73886007879815,75.83353227914503,43.9748550929869,970.9557247911627,0.9424237608909607,41750.0,0.668,0.8334765584797202,False,,,not_all_roi_detections_quality_passing,322991.8046466777,285919.2578045229,1.1306193645733311,0,False,False,not_all_roi_detections_quality_passing,0,,
20260917_042037,2026-09-17 04:20:37.5+00,1,,1350.0,True,group_total,,,,,,7741.887168929818,119.02714313961638,74.61298127224173,23.36936382732233,991.5612160568272,0.9531225562095642,48059.0,0.7276264591439688,0.7318038364165051,True,,,mask_clipped_by_roi;not_all_roi_detections_quality_passing,180922.97796079938,207542.61911544704,1.5952605178088235,0,False,False,not_all_roi_detections_quality_passing,0,,
20260917_042037,2026-09-17 04:20:37.5+00,5,,1350.0,True,group_total,,,,,,7748.482963215209,111.35297411715831,75.62518451225672,7.4307818128175995,1007.499798071332,0.8688599467277527,43000.0,1.4534883720930232,0.792902757866438,True,,,mask_clipped_by_roi;not_all_roi_detections_quality_passing,57577.28627998659,62575.276572523275,1.4724324288968988,0,False,False,not_all_roi_detections_quality_passing,0,,
20260917_042449,2026-09-17 04:24:49.647+00,0,,1350.0,True,group_total,,,,,,6816.196454425066,109.18978114506749,57.615033455269646,32.96796940881757,981.962610475332,0.9140679240226746,30625.0,0.5102040816326531,1.0309503138950893,True,,,mask_clipped_by_roi;not_all_roi_detections_quality_passing,224716.15619397632,207400.60190944275,1.8951612903225807,0,False,False,not_all_roi_detections_quality_passing,0,,
20260917_042449,2026-09-17 04:24:49.647+00,2,,1350.0,True,group_total,,,,,,8048.407182083755,83.48605603124376,82.24483870195444,12.148522802745788,1002.7820570814038,0.8864346742630005,41584.0,0.8141592920353983,0.8596708601187999,False,,,not_all_roi_detections_quality_passing,97776.25817732747,83415.36825225808,1.0150917352247155,0,False,False,not_all_roi_detections_quality_passing,0,,
20260917_042449,2026-09-17 04:24:49.647+00,3,,1350.0,True,group_total,,,,,,9660.86294891383,114.44191012109144,89.27790131807396,-136.41178195005466,1151.3423618342042,0.8729028105735779,36936.0,1.263157894736842,0.881289769024567,True,,,invalid_height_mm;mask_clipped_by_roi;not_all_roi_detections_quality_passing,-1317855.5300365954,-1393737.3951288704,1.2818615629568246,0,False,False,not_all_roi_detections_quality_passing,0,,
20260917_042525,2026-09-17 04:25:25.024+00,0,,1350.0,True,group_total,,,,,,7780.86532933838,108.55848041670045,72.07102055101498,16.56377661532906,998.3668032688205,0.9494528770446777,41743.0,0.6842105263157895,0.8352675589969566,True,,,mask_clipped_by_roi;not_all_roi_detections_quality_passing,128880.51518911972,129593.67097251108,1.506270892055123,0,False,False,not_all_roi_detections_quality_passing,0,,
20260917_042525,2026-09-17 04:25:25.024+00,1,,1350.0,True,group_total,,,,,,6967.980173920694,81.75668184850076,73.0449028766668,70.15258296725847,944.7779969168911,0.9473931193351746,39648.0,0.7901785714285714,0.8794025445388536,False,,,not_all_roi_detections_quality_passing,488821.8072651836,418944.8335378522,1.1192660764645472,0,False,False,not_all_roi_detections_quality_passing,0,,
20260917_042525,2026-09-17 04:25:25.024+00,3,,1350.0,True,group_total,,,,,,8270.472235373974,109.67211876807403,84.23952883445553,3.46528798676934,1011.4652918973802,0.9105240702629089,45746.0,1.4438202247191012,0.7892904535534656,True,,,mask_clipped_by_roi;not_all_roi_detections_quality_passing,28659.568082150803,32014.85180446864,1.3019080268551562,0,False,False,not_all_roi_detections_quality_passing,0,,
20260917_042828,2026-09-17 04:28:28.977+00,1,,1150.0,True,group_total,,,,,,6975.303630776504,99.84203300962399,63.84085258584901,29.075278753480575,985.855301130669,0.9308807849884033,37687.0,0.757847533632287,0.850563680527491,True,,,mask_clipped_by_roi;not_all_roi_detections_quality_passing,202808.897454992,185325.84163909798,1.5639207335986458,0,False,False,not_all_roi_detections_quality_passing,0,,
20260917_042828,2026-09-17 04:28:28.977+00,2,,1150.0,True,group_total,,,,,,6969.647530867081,98.92186371536027,77.97533521734752,60.5621155561189,954.3684643280307,0.8874237537384033,44781.0,1.4293785310734464,0.7632143096402492,True,,,mask_clipped_by_roi;not_all_roi_detections_quality_passing,422096.5991497909,467143.7879516774,1.2686301820906143,0,False,False,not_all_roi_detections_quality_passing,0,,
20260917_042915,2026-09-17 04:29:15.717+00,2,,1150.0,True,group_total,,,,,,10229.09050330434,69.75664558077113,59.25369639868169,-202.98228817933102,1217.9128680634806,0.9265271425247192,38340.0,0.8450704225352113,0.8033672279035541,True,,,invalid_height_mm;mask_clipped_by_roi;not_all_roi_detections_quality_passing,-2076324.1963541796,-838994.628142905,1.177253906852014,0,False,False,not_all_roi_detections_quality_passing,0,,
20260917_042915,2026-09-17 04:29:15.717+00,3,,1150.0,True,group_total,,,,,,8977.298852162221,109.87561980121907,87.43797711279645,-64.51333706374055,1079.44391694789,0.9078699946403503,42065.0,1.312849162011173,0.8180620765481992,True,,,invalid_height_mm;mask_clipped_by_roi;not_all_roi_detections_quality_passing,-579155.5067714725,-619799.1076466566,1.25661209727528,0,False,False,not_all_roi_detections_quality_passing,0,,
20260917_043325,2026-09-17 04:33:25.079+00,7,,1150.0,True,group_total,,,,,,7017.732156926485,90.135335653737,87.62490449021058,26.29394807575875,988.6366318083908,0.9033748507499695,41310.0,0.6352941176470588,0.7763004433182417,True,,,mask_clipped_by_roi;not_all_roi_detections_quality_passing,184523.88494380744,207672.2359735756,1.02864974493418,0,False,False,not_all_roi_detections_quality_passing,0,,
20260917_043325,2026-09-17 04:33:25.079+00,9,,1150.0,True,group_total,,,,,,7990.563568188736,120.18902180646182,76.66433188582828,3.199811532203171,1011.7307683519464,0.8207527995109558,47422.0,1.4475138121546962,0.7352402365990468,True,,,mask_clipped_by_roi;not_all_roi_detections_quality_passing,25568.297454292835,29483.738799714254,1.5677306362684063,0,False,False,not_all_roi_detections_quality_passing,0,,
20260917_043412,2026-09-17 04:34:12.122+00,3,,1150.0,True,group_total,,,,,,6983.482201158864,89.96781768381572,87.59878041776906,35.83628793065304,979.0942919534965,0.9286471605300903,40986.0,0.6403162055335968,0.7938694591631112,True,,,mask_clipped_by_roi;not_all_roi_detections_quality_passing,250262.07891931976,282428.3333547907,1.0270441809206525,0,False,False,not_all_roi_detections_quality_passing,0,,
20260917_043412,2026-09-17 04:34:12.122+00,4,,1150.0,True,group_total,,,,,,8366.551618337,117.59049582242535,73.80516338612604,-0.2641073481169087,1015.1946872322665,0.8398367166519165,45924.0,1.449438202247191,0.7895320257381762,True,,,invalid_height_mm;mask_clipped_by_roi;not_all_roi_detections_quality_passing,-2209.667760802216,-2292.131091111084,1.5932556805982239,0,False,False,not_all_roi_detections_quality_passing,0,,
20260917_043612,2026-09-17 04:36:12.43+00,1,,1150.0,True,group_total,,,,,,7071.404735212656,92.09905228098629,85.22086448902611,26.54744464801729,988.3831352361323,0.9260827898979187,39184.0,0.6370967741935484,0.8251025159780518,True,,,mask_clipped_by_roi;not_all_roi_detections_quality_passing,187727.72579178534,208364.54432724026,1.0807101386872915,0,False,False,not_all_roi_detections_quality_passing,0,,
20260917_043612,2026-09-17 04:36:12.43+00,5,,1150.0,True,group_total,,,,,,8367.843163664458,126.795849711309,73.85916177007647,-10.526783090289314,1025.4573629744389,0.8401049375534058,46410.0,1.6058823529411765,0.765822963800905,True,,,invalid_height_mm;mask_clipped_by_roi;not_all_roi_detections_quality_passing,-88086.46991745605,-98583.69392649044,1.7167247322143246,0,False,False,not_all_roi_detections_quality_passing,0,,
20260917_043654,2026-09-17 04:36:54.205+00,0,,1350.0,True,group_total,,,,,,7308.937211270018,101.73971122554035,75.73489169951695,6.640172502272549,1008.290407381877,0.9376312494277954,40986.0,0.6403162055335968,0.7834459890332932,True,,,mask_clipped_by_roi;not_all_roi_detections_quality_passing,48532.60389111178,51164.16268685816,1.3433664318052925,0,False,False,not_all_roi_detections_quality_passing,0,,
20260917_043654,2026-09-17 04:36:54.205+00,3,,1350.0,True,group_total,,,,,,7191.067388770623,111.76066069174028,79.12654776975212,70.15258296725847,944.7779969168911,0.9027245044708252,44678.0,0.7091633466135459,0.805381651525345,True,,,mask_clipped_by_roi;not_all_roi_detections_quality_passing,504471.95161387784,620375.7950659615,1.4124293785310735,0,False,False,not_all_roi_detections_quality_passing,0,,
20260917_043659,2026-09-17 04:36:59.995+00,0,,1350.0,True,group_total,,,,,,7118.3578764374515,100.76883488757838,75.37625073911393,14.490863449964309,1000.4397164341852,0.9393293261528015,40894.0,0.6338582677165354,0.7767835393093988,True,,,mask_clipped_by_roi;not_all_roi_detections_quality_passing,103151.15197543302,110066.46862603769,1.3368777817876771,0,False,False,not_all_roi_detections_quality_passing,0,,
20260917_043659,2026-09-17 04:36:59.995+00,6,,1350.0,True,group_total,,,,,,7497.266838701517,126.06384735726903,73.67046602163235,15.7874416205633,999.1431382635863,0.864503800868988,46612.0,1.5755813953488371,0.7196336243885695,True,,,mask_clipped_by_roi;not_all_roi_detections_quality_passing,118362.66252978538,146620.84969571378,1.711185691702453,0,False,False,not_all_roi_detections_quality_passing,0,,
20260917_043705,2026-09-17 04:37:05.388+00,0,,1350.0,True,group_total,,,,,,6517.320450135057,96.867755991083,73.03733287036532,57.24257307149969,957.6880068126499,0.9237635135650635,39750.0,0.636,0.7984458756356869,True,,,mask_clipped_by_roi;not_all_roi_detections_quality_passing,373068.1920972353,404989.06010114914,1.326277291135679,0,False,False,not_all_roi_detections_quality_passing,0,,
20260917_043705,2026-09-17 04:37:05.388+00,4,,1350.0,True,group_total,,,,,,7465.780239899201,122.61340138627382,72.99552689533033,6.640172502272549,1008.290407381877,0.8381143808364868,43326.0,1.572289156626506,0.757036767760698,True,,,mask_clipped_by_roi;not_all_roi_detections_quality_passing,49574.06865698843,59431.07006342169,1.6797385620915033,0,False,False,not_all_roi_detections_quality_passing,0,,
20260917_043705,2026-09-17 04:37:05.388+00,5,,1350.0,True,group_total,,,,,,14008.451864463097,213.7627348988021,90.1731411480646,55.09635990882191,959.8342199753276,0.9283818006515503,133315.0,0.643956043956044,0.5094250579617662,True,,,mask_clipped_by_roi;not_all_roi_detections_quality_passing,771814.7056898661,1062018.5502190858,2.3705809975922096,0,False,False,not_all_roi_detections_quality_passing,0,,
20260917_043743,2026-09-17 04:37:43.373+00,0,,1350.0,True,group_total,,,,,,7284.963672380744,98.9840715805611,70.36782339850315,23.49687941580703,991.4337004683425,0.9227311611175537,36267.0,0.6796536796536796,0.9127462151841614,True,,,mask_clipped_by_roi;not_all_roi_detections_quality_passing,171173.9129584651,163662.66541845386,1.4066666666666667,0,False,False,not_all_roi_detections_quality_passing,0,,
20260917_043743,2026-09-17 04:37:43.373+00,2,,1350.0,True,group_total,,,,,,8336.764850066873,122.2959705643999,72.64786264680991,-8.62072851226992,1023.5513083964195,0.8852038979530334,42496.0,1.5421686746987953,0.8363573924604669,True,,,invalid_height_mm;mask_clipped_by_roi;not_all_roi_detections_quality_passing,-71868.98644306116,-76591.21481213329,1.6834076889359126,0,False,False,not_all_roi_detections_quality_passing,0,,
20260917_043743,2026-09-17 04:37:43.373+00,3,,1350.0,True,group_total,,,,,,6752.511693723707,123.4411375747617,69.88946943052731,55.81283232980377,959.1177475543458,0.8920061588287354,42935.0,0.5595667870036101,0.763610093341213,False,,,not_all_roi_detections_quality_passing,376876.8029668405,481510.4546265012,1.766233719909216,0,False,False,not_all_roi_detections_quality_passing,0,,
20260917_043758,2026-09-17 04:37:58.297+00,0,,,False,group_total,,,,,,9013.323283527916,127.85735014880218,75.67386727988895,-42.59870061541585,1057.5292804995654,0.8646519780158997,42828.0,1.5542168674698795,0.8404927850938638,True,,,invalid_height_mm;mask_clipped_by_roi;scale_not_stable;not_all_roi_detections_quality_passing,-383955.86010496266,-412162.03007238044,1.6895839309481344,0,False,False,not_all_roi_detections_quality_passing,0,,
20260917_043758,2026-09-17 04:37:58.297+00,3,,,False,group_total,,,,,,6729.37856814124,123.4884880657379,69.85662646054516,62.44868529039718,952.4818945937524,0.9138142466545105,42900.0,0.5672727272727273,0.7722641017887142,False,,,scale_not_stable;not_all_roi_detections_quality_passing,420240.8444017959,538712.908149292,1.767741935483871,0,False,False,not_all_roi_detections_quality_passing,0,,
20260917_043758,2026-09-17 04:37:58.297+00,4,,,False,group_total,,,,,,7609.948827095873,103.49585807209775,76.05742128089044,-2.4075640643634415,1017.338143948513,0.9092399477958679,37950.0,0.717391304347826,0.8653682096579329,True,,,invalid_height_mm;mask_clipped_by_roi;scale_not_stable;not_all_roi_detections_quality_passing,-18321.439327760745,-18951.448889148985,1.360759493670886,0,False,False,not_all_roi_detections_quality_passing,0,,
20260917_043920,2026-09-17 04:39:20+00,0,,1350.0,True,group_total,,,,,,7564.085525416207,103.32841084217743,79.4985429720761,11.757065916442116,1003.1735139677074,0.9335792064666748,41415.0,0.6573705179282868,0.8106031506962208,True,,,mask_clipped_by_roi;not_all_roi_detections_quality_passing,88931.45211992404,96577.92546210432,1.2997522593397919,0,False,False,not_all_roi_detections_quality_passing,0,,
20260917_043920,2026-09-17 04:39:20+00,4,,1350.0,True,group_total,,,,,,8428.757329407068,124.17808654077365,77.80241721916386,-7.534732429090695,1022.4653123132402,0.8824421763420105,46800.0,1.4444444444444444,0.769453125,True,,,invalid_height_mm;mask_clipped_by_roi;not_all_roi_detections_quality_passing,-63508.43118681932,-72795.72707674626,1.5960697749399333,0,False,False,not_all_roi_detections_quality_passing,0,,
20260917_043937,2026-09-17 04:39:37.292+00,0,,1350.0,True,group_total,,,,,,7609.829625401101,109.66984049430769,78.45473280195421,7.694042800032548,1007.236537084117,0.9339030981063843,43860.0,0.6589147286821705,0.7638445790260826,True,,,mask_clipped_by_roi;not_all_roi_detections_quality_passing,58550.354838791725,66200.45239792397,1.3978741189668031,0,False,False,not_all_roi_detections_quality_passing,0,,
20260917_043937,2026-09-17 04:39:37.292+00,1,,1350.0,True,group_total,,,,,,7681.304955544236,129.19532375965179,84.0440168401887,70.15258296725847,944.7779969168911,0.8527892231941223,57710.0,0.6862068965517242,0.6660180961253263,True,,,mask_clipped_by_roi;not_all_roi_detections_quality_passing,538863.3831906306,761723.3377971487,1.5372340425531914,0,False,False,not_all_roi_detections_quality_passing,0,,
20260917_043937,2026-09-17 04:39:37.292+00,2,,1350.0,True,group_total,,,,,,7670.3223072761075,138.2199681198599,75.52225196711856,11.103958159952754,1003.8266217241968,0.8250883221626282,46720.0,0.547945205479452,0.727704395496682,False,,,not_all_roi_detections_quality_passing,85170.93797334617,115910.7021555464,1.8301886466526336,0,False,False,not_all_roi_detections_quality_passing,0,,
20260917_043937,2026-09-17 04:39:37.292+00,5,,1350.0,True,group_total,,,,,,7919.376746446003,82.6377856143975,73.78373715571205,-24.63097012149126,1039.5615500056408,0.8090317249298096,28841.0,0.7905759162303665,1.1348590114767172,True,,,invalid_height_mm;mask_clipped_by_roi;not_all_roi_detections_quality_passing,-195061.93202254418,-150183.02134668062,1.12,0,False,False,not_all_roi_detections_quality_passing,0,,
20260917_044022,2026-09-17 04:40:22.425+00,2,,1350.0,True,group_total,,,,,,7342.582475129274,100.17815677333307,77.91634660932549,-4.021105926296059,1018.9516858104456,0.93764328956604,39123.0,0.6625514403292181,0.8073672644246092,True,,,invalid_height_mm;mask_clipped_by_roi;not_all_roi_detections_quality_passing,-29525.301905059907,-31386.8065884372,1.2857142452485466,0,False,False,not_all_roi_detections_quality_passing,0,,
20260917_044022,2026-09-17 04:40:22.425+00,4,,1350.0,True,group_total,,,,,,6868.786725065063,112.76495186797366,56.811195253247455,47.3868481017912,967.5437317823583,0.8723770976066589,37541.0,1.254335260115607,0.872960563117658,True,,,mask_clipped_by_roi;not_all_roi_detections_quality_passing,325490.15318425803,303574.9193398096,1.98490722410083,0,False,False,not_all_roi_detections_quality_passing,0,,
20260917_044022,2026-09-17 04:40:22.425+00,5,,1350.0,True,group_total,,,,,,7790.6153091997085,127.03919522668424,77.89320072206797,-2.9448432531401068,1017.8754231372897,0.900037407875061,50490.0,1.2878787878787878,0.665179367201426,True,,,invalid_height_mm;mask_clipped_by_roi;not_all_roi_detections_quality_passing,-22942.140931106787,-29140.66558883991,1.6309407502713222,0,False,False,not_all_roi_detections_quality_passing,0,,
20260917_044120,2026-09-17 04:41:20.107+00,1,,1350.0,True,group_total,,,,,,7455081.440827028,3035.9860339334746,2980.0938160384444,-28751.048010238752,29765.9785901229,0.8984324336051941,58447.0,0.7617328519855595,0.6430007429659914,False,,,invalid_height_mm;not_all_roi_detections_quality_passing,-214341404425.45776,-260125774049.4511,1.0187551873683394,0,False,False,not_all_roi_detections_quality_passing,0,,
20260917_044127,2026-09-17 04:41:27.808+00,0,,1350.0,True,group_total,,,,,,6600.881325762758,98.89077077595367,48.98327898248173,38.31689165994999,976.6136882241996,0.9392383098602295,24503.0,0.4672489082969432,1.2615332096512257,True,,,mask_clipped_by_roi;not_all_roi_detections_quality_passing,252925.25461943864,185606.80148819627,2.0188679245283017,0,False,False,not_all_roi_detections_quality_passing,0,,
20260917_044127,2026-09-17 04:41:27.808+00,2,,1350.0,True,group_total,,,,,,80298.18202765532,387.97191364697096,231.68463271629403,-2246.2320490675556,3261.1626289517053,0.9500744342803955,43769.0,0.6837944664031621,0.770470139477485,False,,,invalid_height_mm;not_all_roi_detections_quality_passing,-180368349.95237976,-201907352.91796178,1.6745690428335667,0,False,False,not_all_roi_detections_quality_passing,0,,
20260917_044127,2026-09-17 04:41:27.808+00,7,,1350.0,True,group_total,,,,,,52084.760540595606,298.136608452055,229.8686742502641,-1509.4271328996851,2524.357712783835,0.9434705376625061,50952.0,0.7310606060606061,0.7164885924775478,False,,,invalid_height_mm;not_all_roi_detections_quality_passing,-78618150.77055788,-103444463.18378499,1.296986679130823,0,False,False,not_all_roi_detections_quality_passing,0,,
20260917_044309,2026-09-17 04:43:09.901+00,0,,1350.0,True,group_total,,,,,,7825.097173838123,111.05531603842016,72.23593601342597,-8.34901327245143,1023.279593156601,0.9234746098518372,41989.0,1.0603015075376885,0.7949269451523018,True,,,invalid_height_mm;mask_clipped_by_roi;not_all_roi_detections_quality_passing,-65331.840162596665,-66977.32656192621,1.5373970653301856,0,False,False,not_all_roi_detections_quality_passing,0,,
20260917_044309,2026-09-17 04:43:09.901+00,1,,1350.0,True,group_total,,,,,,8072.3180905254385,110.10531958139333,80.2500628818767,38.31689165994999,976.6136882241996,0.9472874402999878,44654.0,0.6171003717472119,0.8465525492630008,False,,,not_all_roi_detections_quality_passing,309306.1377193176,338566.47681909683,1.3720278293546235,0,False,False,not_all_roi_detections_quality_passing,0,,
20260917_044309,2026-09-17 04:43:09.901+00,2,,1350.0,True,group_total,,,,,,6975.138167331787,113.4996050563063,73.79809711479997,27.81298003244251,987.117599851707,0.9454880356788635,40227.0,0.6284584980237155,0.7948021181425051,True,,,mask_clipped_by_roi;not_all_roi_detections_quality_passing,193999.37857152664,232963.0470289776,1.537974683544304,0,False,False,not_all_roi_detections_quality_passing,0,,
20260917_044309,2026-09-17 04:43:09.901+00,3,,1350.0,True,group_total,,,,,,8410.804460662206,121.39731308550067,82.93970718613065,-9.981472075679108,1024.9120519598287,0.8789914846420288,47730.0,1.3945945945945946,0.7492634349465744,True,,,invalid_height_mm;mask_clipped_by_roi;not_all_roi_detections_quality_passing,-83952.20985809709,-100500.02467890958,1.4636814766305444,0,False,False,not_all_roi_detections_quality_passing,0,,
20260917_044309,2026-09-17 04:43:09.901+00,7,,1350.0,True,group_total,,,,,,281326.7463302243,752.1640941264055,497.9504496876948,-5041.148332010455,6056.078911894605,0.9012183547019958,48597.0,0.5738831615120275,0.7049854428571377,False,,,invalid_height_mm;not_all_roi_detections_quality_passing,-1418209858.012539,-1888113959.2889662,1.5105199615707723,0,False,False,not_all_roi_detections_quality_passing,0,,
20260917_044347,2026-09-17 04:43:47.611+00,0,,1350.0,True,group_total,,,,,,8383.734681184444,115.35781197148272,75.99680374405189,19.657089716084556,995.273490168065,0.8963600397109985,41796.0,0.627906976744186,0.9044396003155813,True,,,mask_clipped_by_roi;not_all_roi_detections_quality_passing,164799.82478389217,172330.2654861311,1.5179297850471973,0,False,False,not_all_roi_detections_quality_passing,0,,
20260917_044347,2026-09-17 04:43:47.611+00,1,,1350.0,True,group_total,,,,,,6858.946971162911,105.66965933361907,75.6860541689577,14.490863449964309,1000.4397164341852,0.9229975938796997,40098.0,0.6626016260162602,0.7633338504684519,True,,,mask_clipped_by_roi;not_all_roi_detections_quality_passing,99392.06396966802,115893.86205998971,1.3961575946042517,0,False,False,not_all_roi_detections_quality_passing,0,,
20260917_044347,2026-09-17 04:43:47.611+00,2,,1350.0,True,group_total,,,,,,9014.985402869313,123.88349968306271,85.15973234759305,-33.11026498287481,1048.0408448670244,0.8698325753211975,48546.0,1.403225806451613,0.755121431219874,True,,,invalid_height_mm;mask_clipped_by_roi;not_all_roi_detections_quality_passing,-298488.5555057514,-349309.5102479781,1.4547192231348547,0,False,False,not_all_roi_detections_quality_passing,0,,
20260917_044347,2026-09-17 04:43:47.611+00,5,,1350.0,True,group_total,,,,,,570187.9853102076,1166.9913176552834,632.4603294984928,-7608.546438954588,8623.477018838737,0.9630406498908997,45396.0,0.5360824742268041,0.7543923763443545,False,,,invalid_height_mm;not_all_roi_detections_quality_passing,-4338301765.166671,-5615683340.002134,1.8451612903225805,0,False,False,not_all_roi_detections_quality_passing,0,,
20260917_044347,2026-09-17 04:43:47.611+00,6,,1350.0,True,group_total,,,,,,7747.714676029984,93.64477314317767,88.89123135926003,10.319105445547507,1004.611474438602,0.8259475827217102,44919.0,1.0483091787439613,0.7633239831697055,True,,,mask_clipped_by_roi;not_all_roi_detections_quality_passing,79949.48470396934,85898.2892435207,1.053475935828877,0,False,False,not_all_roi_detections_quality_passing,0,,
20260917_044603,2026-09-17 04:46:03.805+00,0,,1350.0,True,group_total,,,,,,8123.207181288039,120.0189757341586,85.61183207524043,-31.11941398855481,1046.0499938727044,0.9435317516326904,65939.0,1.2145922746781115,0.5028540218264584,True,,,invalid_height_mm;mask_clipped_by_roi;not_all_roi_detections_quality_passing,-252789.44718930387,-319753.3603222007,1.4018970605450807,0,False,False,not_all_roi_detections_quality_passing,0,,
20260917_044603,2026-09-17 04:46:03.805+00,1,,1350.0,True,group_total,,,,,,8107.7057781981375,127.02470908762704,80.04677884957576,14.231143897411243,1000.6994359867383,0.9553807377815247,49077.0,0.5958188153310104,0.7368418767404291,False,,,not_all_roi_detections_quality_passing,115381.9276074103,144701.11553401191,1.5868809577751082,0,False,False,not_all_roi_detections_quality_passing,0,,
20260917_044603,2026-09-17 04:46:03.805+00,5,,1350.0,True,group_total,,,,,,9828.429521747692,115.4099573207707,91.14985966707896,-121.14198935278398,1136.0725692369335,0.932723343372345,42813.0,1.0597014925373134,0.7944342443682569,False,,,invalid_height_mm;not_all_roi_detections_quality_passing,-1190635.5044781466,-1274365.4424869057,1.2661561711921525,0,False,False,not_all_roi_detections_quality_passing,0,,
20260917_044603,2026-09-17 04:46:03.805+00,6,,1350.0,True,group_total,,,,,,8186.954140377732,112.26477839947906,88.65216229250369,7.4307818128175995,1007.499798071332,0.8882477283477783,46375.0,0.660377358490566,0.7768016449550412,True,,,mask_clipped_by_roi;not_all_roi_detections_quality_passing,60835.469928690596,73954.97008728259,1.2663512710391274,0,False,False,not_all_roi_detections_quality_passing,0,,
20260917_044637,2026-09-17 04:46:37.897+00,0,,1100.0,True,group_total,,,,,,7834.230390155947,83.0848633532817,80.13510489103501,-24.0705595824046,1039.0011394665542,0.8736743927001953,31620.0,0.9139784946236559,1.0250948766603416,True,,,invalid_height_mm;mask_clipped_by_roi;not_all_roi_detections_quality_passing,-188574.30938853355,-160262.12845653613,1.0368098159509203,0,False,False,not_all_roi_detections_quality_passing,0,,
20260917_044637,2026-09-17 04:46:37.897+00,1,,1100.0,True,group_total,,,,,,7220.129850026263,119.16949102249069,71.54972722807082,68.06390648181207,946.8666734023375,0.9466502666473389,47929.0,0.5818815331010453,0.7504652983536072,False,,,not_all_roi_detections_quality_passing,491430.24289872736,580349.9326724748,1.6655478034546216,0,False,False,not_all_roi_detections_quality_passing,0,,
20260917_044637,2026-09-17 04:46:37.897+00,2,,1100.0,True,group_total,,,,,,9144.470887093566,125.6117840758441,89.37870977000222,-74.73563281434247,1089.666212698492,0.9352958798408508,51920.0,0.9322033898305084,0.6625193468043911,True,,,invalid_height_mm;mask_clipped_by_roi;not_all_roi_detections_quality_passing,-683417.8184992693,-839058.3839782566,1.405388200378818,0,False,False,not_all_roi_detections_quality_passing,0,,
20260917_044637,2026-09-17 04:46:37.897+00,4,,1100.0,True,group_total,,,,,,7783.034017339286,95.88005686031715,82.11266192577136,-24.21060556427085,1039.1411854484204,0.9185402393341064,40766.0,1.1657754010695187,0.7897022028160722,True,,,invalid_height_mm;mask_clipped_by_roi;not_all_roi_detections_quality_passing,-188431.96668710382,-190609.29125863765,1.1676647012977281,0,False,False,not_all_roi_detections_quality_passing,0,,
20260917_044637,2026-09-17 04:46:37.897+00,7,,1100.0,True,group_total,,,,,,9107.062948781362,126.66920513107016,64.16721161221837,10.057215071606265,1004.8733648125433,0.8528868556022644,44289.0,0.6602316602316602,0.9095392204563219,True,,,mask_clipped_by_roi;not_all_roi_detections_quality_passing,91591.69074655091,81745.14156042122,1.9740487695892104,0,False,False,not_all_roi_detections_quality_passing,0,,
20260917_044742,2026-09-17 04:47:42.55+00,0,,1100.0,True,group_total,,,,,,10491.56419099792,135.67723061856168,101.29675846398895,-166.04191626196427,1180.9724961461138,0.9416079521179199,49680.0,0.9391304347826087,0.6763020833333333,True,,,invalid_height_mm;mask_clipped_by_roi;not_all_roi_detections_quality_passing,-1742039.4228586997,-2282024.250405488,1.3394034782149027,0,False,False,not_all_roi_detections_quality_passing,0,,
20260917_044742,2026-09-17 04:47:42.55+00,1,,1100.0,True,group_total,,,,,,7725.088106583435,119.56731895462947,78.21567175266114,42.01431854621012,972.9162613379394,0.9431979060173035,50552.0,0.6267605633802817,0.721067317510485,False,,,not_all_roi_detections_quality_passing,324564.3125075356,392919.51080216386,1.5286874903118304,0,False,False,not_all_roi_detections_quality_passing,0,,
20260917_044742,2026-09-17 04:47:42.55+00,5,,1100.0,True,group_total,,,,,,7658.99813834821,114.04117990114875,81.62869117246244,54.857297836598946,960.0732820475506,0.8990988731384277,47436.0,0.6604477611940298,0.7823782577533949,True,,,mask_clipped_by_roi;not_all_roi_detections_quality_passing,420151.9420053246,510668.3549882035,1.397072258088841,0,False,False,not_all_roi_detections_quality_passing,0,,
20260917_044742,2026-09-17 04:47:42.55+00,6,,1100.0,True,group_total,,,,,,9673.926812437514,137.86818194830153,90.23016572721995,-81.0871134399664,1096.017693324116,0.8737541437149048,51057.0,1.5245901639344261,0.7044886671927332,False,,,invalid_height_mm;not_all_roi_detections_quality_passing,-784430.8008500533,-1008713.0611352738,1.527961085266083,0,False,False,not_all_roi_detections_quality_passing,0,,
20260917_045036,2026-09-17 04:50:36.72+00,0,,1050.0,True,group_total,,,,,,10933.383061446835,135.83478704283235,97.73698291399647,-167.12836750036934,1182.058947384519,0.9289121627807617,51684.0,1.0776255707762556,0.6762103507434074,True,,,invalid_height_mm;mask_clipped_by_roi;not_all_roi_detections_quality_passing,-1827278.4623158,-2218809.9549698425,1.3897992652623623,0,False,False,not_all_roi_detections_quality_passing,0,,
20260917_045036,2026-09-17 04:50:36.72+00,1,,1050.0,True,group_total,,,,,,8395.351806428283,117.68057611801255,85.26323609615592,39.55248590112433,975.3780939830252,0.9519496560096741,49860.0,0.6498194945848376,0.7905007161531781,True,,,mask_clipped_by_roi;not_all_roi_detections_quality_passing,332057.0339587333,396862.79088499123,1.3802030219131944,0,False,False,not_all_roi_detections_quality_passing,0,,
20260917_045036,2026-09-17 04:50:36.72+00,2,,1050.0,True,group_total,,,,,,7012.289021823816,107.66404000316399,79.69946996020637,59.37920967569244,955.5513702084571,0.9439112544059753,45123.0,0.6329588014981273,0.7601781804133155,False,,,not_all_roi_detections_quality_passing,416384.1801334326,509519.158241265,1.3508752323813473,0,False,False,not_all_roi_detections_quality_passing,0,,
20260917_045036,2026-09-17 04:50:36.72+00,7,,1050.0,True,group_total,,,,,,6997.9160552398425,94.30987760268346,79.46176992666186,14.490863449964309,1000.4397164341852,0.8154744505882263,41760.0,1.288888888888889,0.7478044181034482,True,,,mask_clipped_by_roi;not_all_roi_detections_quality_passing,101405.84599079344,108594.96246200407,1.1868585067979918,0,False,False,not_all_roi_detections_quality_passing,0,,
20260917_045151,2026-09-17 04:51:51.179+00,0,,1050.0,True,group_total,,,,,,7297.556622640533,101.91138847476248,89.18804203506511,12.148522802745788,1002.7820570814038,0.959143877029419,42662.0,0.6459143968871596,0.7597746342737728,True,,,mask_clipped_by_roi;not_all_roi_detections_quality_passing,88654.53303447705,110421.29131421709,1.1426575373713783,0,False,False,not_all_roi_detections_quality_passing,0,,
20260917_045151,2026-09-17 04:51:51.179+00,1,,1050.0,True,group_total,,,,,,8542.902944806698,117.82113550520141,88.3667017440651,27.56013228657889,987.3704475975707,0.9450422525405884,51336.0,0.6594982078853047,0.762403417268943,True,,,mask_clipped_by_roi;not_all_roi_detections_quality_passing,235443.53527027695,286941.3565647431,1.3333205062518307,0,False,False,not_all_roi_detections_quality_passing,0,,
20260917_045151,2026-09-17 04:51:51.179+00,2,,1050.0,True,group_total,,,,,,7358.954335752608,105.19028906782458,84.04123200693586,36.8300400666119,978.1005398175377,0.9507806301116943,44954.0,0.6353383458646616,0.7642622466252178,False,,,not_all_roi_detections_quality_passing,271030.5830341359,325589.39462044847,1.251650964126077,0,False,False,not_all_roi_detections_quality_passing,0,,
20260917_045151,2026-09-17 04:51:51.179+00,4,,1050.0,True,group_total,,,,,,7924.131074443564,129.29621696651273,83.37134817130864,9.79518811859134,1005.1353917655582,0.8213124871253967,55963.0,1.5340314136125655,0.6259839090113111,True,,,mask_clipped_by_roi;not_all_roi_detections_quality_passing,77618.35455055004,105588.20907863512,1.5508471411646028,0,False,False,not_all_roi_detections_quality_passing,0,,
20260917_045349,2026-09-17 04:53:49.678+00,0,,1300.0,True,group_total,,,,,,12357.737288279513,144.05699964935235,106.59975447847673,-235.375689146313,1250.3062690304625,0.9524486064910889,48300.0,0.6340579710144928,0.731005504442298,True,,,invalid_height_mm;mask_clipped_by_roi;not_all_roi_detections_quality_passing,-2908710.93051788,-3614532.8346109637,1.3513820960857703,0,False,False,not_all_roi_detections_quality_passing,0,,
20260917_045349,2026-09-17 04:53:49.678+00,4,,1300.0,True,group_total,,,,,,7614.261096530992,110.49073951178153,87.7938410436663,49.93014743430206,965.0004324498475,0.9420114159584045,48321.0,0.6483516483516484,0.7557853556155951,True,,,mask_clipped_by_roi;not_all_roi_detections_quality_passing,380181.17915306287,484342.7227978701,1.258524951161738,0,False,False,not_all_roi_detections_quality_passing,0,,
20260917_045349,2026-09-17 04:53:49.678+00,5,,1300.0,True,group_total,,,,,,7552.1180160593185,125.45575763747952,74.56326383380983,42.995575491583736,971.9350043925658,0.9540718197822571,81125.0,0.9322033898305084,0.44015054918474333,True,,,mask_clipped_by_roi;not_all_roi_detections_quality_passing,324707.660280828,402197.4139357074,1.6825411226244242,0,False,False,not_all_roi_detections_quality_passing,0,,
20260917_045349,2026-09-17 04:53:49.678+00,6,,1300.0,True,group_total,,,,,,8486.847629220185,129.03708824064316,81.02633437603319,-28.570835227089106,1043.5014151112387,0.8882126212120056,47256.0,1.4748603351955307,0.7366564563230066,True,,,invalid_height_mm;mask_clipped_by_roi;not_all_roi_detections_quality_passing,-242476.32521186172,-298719.57516614016,1.5925327146332204,0,False,False,not_all_roi_detections_quality_passing,0,,
20260917_045506,2026-09-17 04:55:06.187+00,0,,1300.0,True,group_total,,,,,,8214.22129473783,112.05499307242246,89.91184585739755,-10.254055068221646,1025.1846349523712,0.9597831964492798,49046.0,0.6532846715328468,0.7117381824471164,True,,,invalid_height_mm;mask_clipped_by_roi;not_all_roi_detections_quality_passing,-84229.07749880062,-103310.33556428006,1.2462761942419078,0,False,False,not_all_roi_detections_quality_passing,0,,
20260917_045506,2026-09-17 04:55:06.187+00,1,,1300.0,True,group_total,,,,,,8291.627691420137,114.81631792499184,89.03038877125738,26.040321438557953,988.8902584455916,0.9589704275131226,49594.0,0.6605839416058394,0.7636178914263311,True,,,mask_clipped_by_roi;not_all_roi_detections_quality_passing,215916.65033342858,266187.84842308785,1.2896306475756871,0,False,False,not_all_roi_detections_quality_passing,0,,
20260917_045506,2026-09-17 04:55:06.187+00,2,,1300.0,True,group_total,,,,,,7009.293746522406,114.6952102370838,74.15515609050402,70.15258296725847,944.7779969168911,0.9536939263343811,47600.0,0.6071428571428571,0.7368335707047406,True,,,mask_clipped_by_roi;not_all_roi_detections_quality_passing,491720.061094799,596664.6401997746,1.5466923176198553,0,False,False,not_all_roi_detections_quality_passing,0,,
20260917_045506,2026-09-17 04:55:06.187+00,5,,1300.0,True,group_total,,,,,,7878.272494458358,111.23204841497515,81.90712148436198,33.34305061984708,981.5875292643025,0.928236186504364,49320.0,0.656934306569343,0.7404768797602966,False,,,not_all_roi_detections_quality_passing,262685.63857967395,303778.42800146807,1.358026584247769,0,False,False,not_all_roi_detections_quality_passing,0,,
20260917_045506,2026-09-17 04:55:06.187+00,6,,1300.0,True,group_total,,,,,,11752.576233400936,151.45198119305746,99.87862599781336,-184.41423263013655,1199.344812514286,0.8535982370376587,53312.0,1.3877551020408163,0.6845128676470589,True,,,invalid_height_mm;mask_clipped_by_roi;not_all_roi_detections_quality_passing,-2167342.3275098144,-2789600.1253512143,1.5163602790888733,0,False,False,not_all_roi_detections_quality_passing,0,,
20260917_045705,2026-09-17 04:57:05.098+00,0,,1100.0,True,group_total,,,,,,8515.877245491687,131.03906138243997,81.89494065650008,-36.82773591964735,1051.758315803797,0.9531074166297913,47094.0,0.5921985815602837,0.7301188165297978,True,,,invalid_height_mm;mask_clipped_by_roi;not_all_roi_detections_quality_passing,-313620.47832110175,-395214.4967769332,1.6000873842997194,0,False,False,not_all_roi_detections_quality_passing,0,,
20260917_045705,2026-09-17 04:57:05.098+00,1,,1100.0,True,group_total,,,,,,7053.361462307973,116.66537387622144,78.09283669297679,70.15258296725847,944.7779969168911,0.9583510756492615,49484.0,0.6402877697841727,0.7132363005257223,True,,,mask_clipped_by_roi;not_all_roi_detections_quality_passing,494811.5251826236,639141.2415045996,1.4939318229006482,0,False,False,not_all_roi_detections_quality_passing,0,,
20260917_045705,2026-09-17 04:57:05.098+00,2,,1100.0,True,group_total,,,,,,14555.972901094921,157.7879531053458,112.4636450050683,-263.15106050740076,1278.0816403915503,0.9469179511070251,49762.0,0.6438848920863309,0.7998118899047847,True,,,invalid_height_mm;mask_clipped_by_roi;not_all_roi_detections_quality_passing,-3830419.7056401153,-4669723.024890997,1.403012974532658,0,False,False,not_all_roi_detections_quality_passing,0,,
20260917_045705,2026-09-17 04:57:05.098+00,3,,1100.0,True,group_total,,,,,,7403.17728329799,119.24916276605653,77.34013373242675,39.55248590112433,975.3780939830252,0.956969141960144,49860.0,0.6498194945848376,0.6970782260458679,False,,,not_all_roi_detections_quality_passing,292814.06512116763,364782.53887929395,1.5418794487558325,0,False,False,not_all_roi_detections_quality_passing,0,,
20260917_045705,2026-09-17 04:57:05.098+00,6,,1100.0,True,group_total,,,,,,6620.960213987597,112.41677025891772,57.57259984707317,70.15258296725847,944.7779969168911,0.8250768184661865,45645.0,1.4245810055865922,0.7258215576733487,True,,,mask_clipped_by_roi;not_all_roi_detections_quality_passing,464477.4607346823,454036.3372635782,1.9526088896024152,0,False,False,not_all_roi_detections_quality_passing,0,,
20260917_045854,2026-09-17 04:58:54.978+00,1,,800.0,True,group_total,,,,,,6304.978578294154,90.37298700333594,83.31259739370032,20.170779259397023,994.7598006247525,0.919018030166626,34740.0,0.9326424870466321,0.819179329353293,True,,,mask_clipped_by_roi;not_all_roi_detections_quality_passing,127176.33113799826,151869.998243657,1.0847457627118644,0,False,False,not_all_roi_detections_quality_passing,0,,
20260917_045854,2026-09-17 04:58:54.978+00,2,,800.0,True,group_total,,,,,,6557.296454569407,104.48214418209749,74.30842150881934,63.154227434540644,951.7763524496089,0.894487738609314,41595.0,0.7531914893617021,0.7772764443233475,True,,,mask_clipped_by_roi;not_all_roi_detections_quality_passing,414120.9916475833,490323.3091059023,1.406060606060606,0,False,False,not_all_roi_detections_quality_passing,0,,
20260917_045912,2026-09-17 04:59:12.348+00,0,,800.0,True,group_total,,,,,,6925.84233654289,85.88029962393102,72.7028991525342,54.618116650239244,960.3124632339103,0.8577373027801514,30590.0,0.8473684210526315,1.0965530072524292,True,,,mask_clipped_by_roi;not_all_roi_detections_quality_passing,378276.4646384651,341021.6890223282,1.18125,0,False,False,not_all_roi_detections_quality_passing,0,,
20260917_045912,2026-09-17 04:59:12.348+00,3,,800.0,True,group_total,,,,,,8333.21611936529,122.13083356136843,89.53017280992745,-13.399212678452955,1028.3297925626025,0.9510692954063416,47545.0,0.7198443579766537,0.7402946213816403,True,,,invalid_height_mm;mask_clipped_by_roi;not_all_roi_detections_quality_passing,-111658.53507888793,-146512.27921337596,1.3641304347826089,0,False,False,not_all_roi_detections_quality_passing,0,,
20260917_045937,2026-09-17 04:59:37.012+00,0,,800.0,True,group_total,,,,,,6841.04201480496,106.08255605662777,79.68399419129908,54.378816260696794,960.5517636234528,0.934292197227478,47000.0,0.851063829787234,0.7046030022641445,True,,,mask_clipped_by_roi;not_all_roi_detections_quality_passing,372007.7667547859,459668.5809846788,1.3312906454206235,0,False,False,not_all_roi_detections_quality_passing,0,,
20260917_045937,2026-09-17 04:59:37.012+00,1,,800.0,True,group_total,,,,,,8135.838330283805,97.7405480094854,90.1120174331353,7.29909970615563,1007.6314801779939,0.8866140246391296,39552.0,1.0729166666666667,0.9048821966624955,True,,,mask_clipped_by_roi;not_all_roi_detections_quality_passing,59384.29516590423,64287.535726698494,1.0846560846560847,0,False,False,not_all_roi_detections_quality_passing,0,,
20260917_045937,2026-09-17 04:59:37.012+00,3,,800.0,True,group_total,,,,,,5484.185407516265,88.1673831440536,80.41359623935953,56.766466679845394,958.1641132043042,0.9029827117919922,39245.0,1.407185628742515,0.6798445661867754,True,,,mask_clipped_by_roi;not_all_roi_detections_quality_passing,311317.82820186636,402466.0942359823,1.096423829642118,0,False,False,not_all_roi_detections_quality_passing,0,,
20260917_050222,2026-09-17 05:02:22.846+00,0,,850.0,True,group_total,,,,,,7381.0977132970975,100.99198672588248,84.1599889382354,26.800811255357985,988.1297686287916,0.8966985940933228,51863.0,1.1013824884792627,0.6510239872859708,True,,,mask_clipped_by_roi;not_all_roi_detections_quality_passing,197819.40667142993,227793.07946910753,1.2,0,False,False,not_all_roi_detections_quality_passing,0,,
20260917_050222,2026-09-17 05:02:22.846+00,1,,850.0,True,group_total,,,,,,6786.479284777146,106.47102311574898,71.87917172371239,65.49850416471213,949.4320757194374,0.933456301689148,38479.0,0.6736401673640168,0.8738856101352691,True,,,mask_clipped_by_roi;not_all_roi_detections_quality_passing,444504.2416977085,501263.2587952404,1.48125,0,False,False,not_all_roi_detections_quality_passing,0,,
20260917_050257,2026-09-17 05:02:57.063+00,0,,1350.0,True,group_total,,,,,,13562.604129557192,136.38719225053424,115.50494271935196,-364.20867858487225,1379.1392584690218,0.9287921190261841,37380.0,0.8476190476190476,0.8520188106579727,True,,,invalid_height_mm;mask_clipped_by_roi;not_all_roi_detections_quality_passing,-4939618.128195756,-5737523.113732393,1.1807909604519775,0,False,False,not_all_roi_detections_quality_passing,0,,
20260917_050257,2026-09-17 05:02:57.063+00,1,,1350.0,True,group_total,,,,,,7753.200352927128,115.90587646741686,80.24664450095739,-15.185461650034199,1030.1160415341838,0.9097766280174255,43253.0,0.6447876447876448,0.7544910772310952,False,,,invalid_height_mm;not_all_roi_detections_quality_passing,-117735.92662440652,-141240.85446830286,1.444370380695906,0,False,False,not_all_roi_detections_quality_passing,0,,
20260917_050257,2026-09-17 05:02:57.063+00,7,,1350.0,True,group_total,,,,,,6744.895536597345,115.78404447664293,82.70288891188781,70.15258296725847,944.7779969168911,0.8125699162483215,48918.0,0.7072243346007605,0.6899357218691488,True,,,mask_clipped_by_roi;not_all_roi_detections_quality_passing,473171.84373663657,671758.3326686,1.4,0,False,False,not_all_roi_detections_quality_passing,0,,
20260917_050314,2026-09-17 05:03:14.968+00,2,,1350.0,True,group_total,,,,,,7764.218429376722,122.51511283912815,77.53947445597964,10.057215071606265,1004.8733648125433,0.9450334310531616,49590.0,0.7279693486590039,0.6925363977966493,False,,,not_all_roi_detections_quality_passing,78086.4146071707,95541.10392806727,1.5800353780922498,0,False,False,not_all_roi_detections_quality_passing,0,,
20260917_050314,2026-09-17 05:03:14.968+00,4,,1350.0,True,group_total,,,,,,6844.045811879858,76.44427827049158,64.8211695585506,70.15258296725847,944.7779969168911,0.9088343381881714,26134.0,0.8156424581005587,1.3104157897757711,False,,,not_all_roi_detections_quality_passing,480127.4916496196,347620.60691600427,1.1793103825663351,0,False,False,not_all_roi_detections_quality_passing,0,,
20260917_050314,2026-09-17 05:03:14.968+00,5,,1350.0,True,group_total,,,,,,6923.6688372761455,113.56037147280806,80.03794509616445,47.3868481017912,967.5437317823583,0.9462071657180786,45980.0,0.95,0.7184354436143474,True,,,mask_clipped_by_roi;not_all_roi_detections_quality_passing,328090.84349911,430705.6386037256,1.41883167210711,0,False,False,not_all_roi_detections_quality_passing,0,,
20260917_050348,2026-09-17 05:03:48.301+00,1,,1850.0,True,group_total,,,,,,9457.882381086842,112.81229898138048,98.5165737811226,-93.69588759382452,1108.626467477974,0.9025096893310547,42300.0,1.196808510638298,0.8125398936170213,False,,,invalid_height_mm;not_all_roi_detections_quality_passing,-886164.6844539262,-1041324.9613992329,1.1451098495570822,0,False,False,not_all_roi_detections_quality_passing,0,,
20260917_050348,2026-09-17 05:03:48.301+00,3,,1850.0,True,group_total,,,,,,7978.807922843444,116.14556379338181,79.2581315156554,-38.55240109997624,1053.4829809841258,0.8919563889503479,37440.0,0.6837606837606838,0.8576473682354658,False,,,invalid_height_mm;not_all_roi_detections_quality_passing,-307602.2033411287,-354893.371545891,1.4654088050314464,0,False,False,not_all_roi_detections_quality_passing,0,,
20260917_050348,2026-09-17 05:03:48.301+00,4,,1850.0,True,group_total,,,,,,15985.54372675441,142.2582011010287,123.23495927472764,-328.16845406042046,1343.09903394457,0.9062175750732422,82110.0,1.2627450980392156,0.4820331700317695,True,,,invalid_height_mm;mask_clipped_by_roi;not_all_roi_detections_quality_passing,-5245951.172124247,-5753181.42615609,1.1543656275642737,0,False,False,not_all_roi_detections_quality_passing,0,,
20260917_050359,2026-09-17 05:03:59.961+00,2,,1600.0,True,group_total,,,,,,6751.492036160808,104.34338771601757,78.63645393108436,53.66019898117804,961.2703809029715,0.9441144466400146,56386.0,1.03862660944206,0.5787606398134898,False,,,,362286.40608022787,440292.3427805495,1.3269086091733273,0,True,True,,4,400.0,0.25
20260917_050359,2026-09-17 05:03:59.961+00,3,,1600.0,True,group_total,,,,,,7017.028477573556,98.65630996037466,87.90911512563136,52.460111114882125,962.4704687692674,0.946003794670105,43674.0,0.6932270916334662,0.7746706109794389,False,,,,368114.0936298009,454975.4699037791,1.1222534753009905,0,True,True,,4,400.0,0.25
20260917_050359,2026-09-17 05:03:59.961+00,4,,1600.0,True,group_total,,,,,,6549.350249879904,92.45567778294219,91.25990556256858,70.15258296725847,944.7779969168911,0.9224866032600403,44289.0,0.6602316602316602,0.739953516331144,False,,,,459453.836786335,591912.1678641039,1.0131029307229973,0,True,True,,4,400.0,0.25
20260917_050359,2026-09-17 05:03:59.961+00,5,,1600.0,True,group_total,,,,,,7534.333881479659,112.36575450658587,84.34069638797934,10.842476883129507,1004.08810300102,0.8479505777359009,42525.0,1.3885714285714286,0.7849075995551216,False,,,,81690.8409397226,102754.21831631169,1.3322839307573089,0,True,True,,4,400.0,0.25
20260917_050404,2026-09-17 05:04:04.707+00,2,,1600.0,True,group_total,,,,,,6564.338070933007,102.52458678794486,78.3777722893672,59.37920967569244,955.5513702084571,0.945418119430542,46566.0,0.8504273504273504,0.6895655614938676,False,,,not_all_roi_detections_quality_passing,389785.2066960614,477150.47006636934,1.3080824294090512,0,False,False,not_all_roi_detections_quality_passing,0,,
20260917_050404,2026-09-17 05:04:04.707+00,3,,1600.0,True,group_total,,,,,,7530.1090299978405,101.83143839943907,91.11380064090734,22.731293546719485,992.1992863374301,0.946800172328949,44958.0,0.6968503937007874,0.7599028930093868,False,,,not_all_roi_detections_quality_passing,171169.11879968402,210906.6101951492,1.1176291372233662,0,False,False,not_all_roi_detections_quality_passing,0,,
20260917_050404,2026-09-17 05:04:04.707+00,4,,1600.0,True,group_total,,,,,,6769.776497178383,92.80390314535089,91.68409762340721,67.83126110751175,947.0993187766378,0.9350448250770569,45675.0,0.6704980842911877,0.7380169958355783,False,,,not_all_roi_detections_quality_passing,459202.47721960314,577151.9250279864,1.0122137377251972,0,False,False,not_all_roi_detections_quality_passing,0,,
20260917_050404,2026-09-17 05:04:04.707+00,5,,1600.0,True,group_total,,,,,,7077.307120337263,108.1878757130826,82.4142024171123,43.9748550929869,970.9557247911627,0.8301814198493958,44392.0,1.3854748603351956,0.7553115295792382,False,,,not_all_roi_detections_quality_passing,311223.55506539554,392089.3720165499,1.3127333947312303,0,False,False,not_all_roi_detections_quality_passing,0,,
20260917_050404,2026-09-17 05:04:04.707+00,8,,1600.0,True,group_total,,,,,,56733.06193610245,260.09217857073077,249.04687581986718,-1886.6081686449552,2901.538748529105,0.8724146485328674,36330.0,1.2138728323699421,0.8284679523093162,False,,,invalid_height_mm;not_all_roi_detections_quality_passing,-107033058.08089106,-122205316.73550579,1.0443502963628926,0,False,False,not_all_roi_detections_quality_passing,0,,
20260917_050413,2026-09-17 05:04:13.679+00,2,,1600.0,True,group_total,,,,,,6543.075839678483,102.84906898729271,78.44340134149651,58.66805757680254,956.262522307347,0.9435005784034729,43338.0,0.7982832618025751,0.7374294122038134,False,,,not_all_roi_detections_quality_passing,383869.5500916429,473323.9616695708,1.3111245462132404,0,False,False,not_all_roi_detections_quality_passing,0,,
20260917_050413,2026-09-17 05:04:13.679+00,3,,1600.0,True,group_total,,,,,,7321.885204328046,98.42343239180748,91.00208221077129,38.31689165994999,976.6136882241996,0.9482101798057556,44528.0,0.6956521739130435,0.7700266384024693,False,,,not_all_roi_detections_quality_passing,280551.8821208285,343194.332213743,1.0815514326787323,0,False,False,not_all_roi_detections_quality_passing,0,,
20260917_050413,2026-09-17 05:04:13.679+00,4,,1600.0,True,group_total,,,,,,6569.112403317404,92.46621945732755,88.95150397940081,67.13263854632908,947.7979413378205,0.9342558979988098,46374.0,0.6755725190839694,0.704307398214302,False,,,not_all_roi_detections_quality_passing,441001.84854211437,552166.5755727534,1.0395127155887176,0,False,False,not_all_roi_detections_quality_passing,0,,
20260917_050413,2026-09-17 05:04:13.679+00,5,,1600.0,True,group_total,,,,,,6695.323712918834,108.63136219237155,76.44429191315035,70.15258296725847,944.7779969168911,0.8832259178161621,42700.0,1.3942857142857144,0.7845954782454694,False,,,not_all_roi_detections_quality_passing,469694.2522631915,582564.4160988904,1.4210526315789473,0,False,False,not_all_roi_detections_quality_passing,0,,
20260917_050413,2026-09-17 05:04:13.679+00,7,,1600.0,True,group_total,,,,,,9919.88241910835,105.62298112127974,96.4781901719195,-151.74442841515918,1166.6750082993087,0.9426231384277344,33950.0,1.1085714285714285,0.9588012538005396,False,,,invalid_height_mm;not_all_roi_detections_quality_passing,-1505286.887633183,-1546323.3822757502,1.0947860955213262,0,False,False,not_all_roi_detections_quality_passing,0,,
20260917_050413,2026-09-17 05:04:13.679+00,9,,1600.0,True,group_total,,,,,,9890.483944034655,106.66642550836404,94.24366388081893,-151.74442841515918,1166.6750082993087,0.9337836503982544,33516.0,1.1461988304093567,0.9683385194094857,False,,,invalid_height_mm;not_all_roi_detections_quality_passing,-1500825.832836848,-1525431.3146571133,1.1318153509317614,0,False,False,not_all_roi_detections_quality_passing,0,,
20260917_050424,2026-09-17 05:04:24.003+00,2,,1600.0,True,group_total,,,,,,7034.6832245480555,107.09778273583434,79.19423499231718,49.08386792701708,965.8467119571325,0.9374198317527771,42920.0,0.7974137931034483,0.7847477119211159,False,,,,345289.4623021194,416306.1497689284,1.3523431692499355,0,True,True,,5,320.0,0.2
20260917_050424,2026-09-17 05:04:24.003+00,3,,1600.0,True,group_total,,,,,,7626.267904676429,105.93544741074695,83.28728269490414,39.55248590112433,975.3780939830252,0.9486312866210938,44856.0,0.7063492063492064,0.7981916063287285,False,,,,301637.8537779114,348974.57152968616,1.2719282462222594,0,True,True,,5,320.0,0.2
20260917_050424,2026-09-17 05:04:24.003+00,4,,1600.0,True,group_total,,,,,,7599.9753176689255,114.84719519735178,81.10850814745659,22.731293546719485,992.1992863374301,0.910103440284729,42904.0,1.4335260115606936,0.8036708462800682,False,,,,172757.269893755,211743.92398669117,1.415969764707763,0,True,True,,5,320.0,0.2
20260917_050424,2026-09-17 05:04:24.003+00,6,,1600.0,True,group_total,,,,,,6871.284360870361,107.92775979572151,80.38134411564197,60.5621155561189,954.3684643280307,0.8210960626602173,42960.0,0.7458333333333333,0.7843377635465654,False,,,,416139.51748198335,525399.2691399431,1.3426966292134832,0,True,True,,5,320.0,0.2
20260917_050424,2026-09-17 05:04:24.003+00,7,,1600.0,True,group_total,,,,,,6734.841917156417,94.65986491399654,88.65704421213334,39.05862357505691,975.8719563090926,0.8240951299667358,41881.0,1.1243523316062176,0.7541996469550282,False,,,,263053.6552797271,327790.27383146045,1.0677083333333335,0,True,True,,5,320.0,0.2
20260917_050452,2026-09-17 05:04:52.348+00,1,,1600.0,True,group_total,,,,,,6789.430880571116,100.4622372524576,79.3351181276256,51.97923653643136,962.9513433477182,0.9511973857879639,43290.0,0.7905982905982906,0.7554378416995909,False,,,not_all_roi_detections_quality_passing,352909.4336889575,414284.0512951395,1.2663022331528517,0,False,False,not_all_roi_detections_quality_passing,0,,
20260917_050452,2026-09-17 05:04:52.348+00,2,,1600.0,True,group_total,,,,,,7384.576212059618,106.77160277756683,83.88929741480311,34.34186774451189,980.5887121396377,0.9501252174377441,45540.0,0.7114624505928854,0.7532175116859405,False,,,not_all_roi_detections_quality_passing,253600.13962381997,307599.92877898924,1.2727678746624704,0,False,False,not_all_roi_detections_quality_passing,0,,
20260917_050452,2026-09-17 05:04:52.348+00,3,,1600.0,True,group_total,,,,,,6720.1107294123385,103.45079444744277,84.23122822524026,70.15258296725847,944.7779969168911,0.8914479613304138,48327.0,1.4751381215469612,0.6958068328105328,False,,,not_all_roi_detections_quality_passing,471433.1254942629,611294.6989522764,1.228176255139104,0,False,False,not_all_roi_detections_quality_passing,0,,
20260917_050452,2026-09-17 05:04:52.348+00,5,,1600.0,True,group_total,,,,,,7939.857157973446,97.87116161345382,87.0179574412814,-9.709033997008305,1024.6396138811579,0.9156626462936401,37611.0,1.052910052910053,0.8980844179256744,False,,,invalid_height_mm;not_all_roi_detections_quality_passing,-77088.34307815394,-82687.45966163723,1.1247237293462793,0,False,False,not_all_roi_detections_quality_passing,0,,
20260917_050452,2026-09-17 05:04:52.348+00,6,,1600.0,True,group_total,,,,,,7570.0310101110335,103.74908575528083,92.18919680244524,27.054047997702696,987.8765318864469,0.9628604650497437,48330.0,0.662962962962963,0.7168646477972181,True,,,mask_clipped_by_roi;not_all_roi_detections_quality_passing,204799.98229164173,258759.65638867774,1.125393097605651,0,False,False,not_all_roi_detections_quality_passing,0,,
20260917_050705,2026-09-17 05:07:05.314+00,0,,,False,group_total,,,,,,12103.61661920996,132.35033412478072,111.00350604013867,-274.04926543299337,1288.979845317143,0.9406434893608093,40260.0,0.8318181818181818,0.8081849747727419,False,,,invalid_height_mm;scale_not_stable;not_all_roi_detections_quality_passing,-3316987.2435770603,-4026153.980854905,1.1923076923076923,0,False,False,not_all_roi_detections_quality_passing,0,,
20260917_050705,2026-09-17 05:07:05.314+00,1,,,False,group_total,,,,,,6692.566207743788,94.3259976238288,74.65612134208251,70.15258296725847,944.7779969168911,0.916931688785553,36792.0,0.7671232876712328,0.9102095251214014,False,,,scale_not_stable;not_all_roi_detections_quality_passing,469500.80615261645,494015.4099602099,1.2634730538922154,0,False,False,not_all_roi_detections_quality_passing,0,,
20260917_050705,2026-09-17 05:07:05.314+00,2,,,False,group_total,,,,,,6996.921131398726,120.47242045544266,72.92966449026797,39.42906718747338,975.5015126966762,0.9581637978553772,43407.0,0.5824175824175825,0.7565766783457305,True,,,mask_clipped_by_roi;scale_not_stable;not_all_roi_detections_quality_passing,275882.0733953726,346424.3049362981,1.6518987341772153,0,False,False,not_all_roi_detections_quality_passing,0,,
20260917_050705,2026-09-17 05:07:05.314+00,4,,,False,group_total,,,,,,7052.858897756296,107.01013410276448,84.47065118217071,52.940505658814914,961.9900742253346,0.9262998104095459,44556.0,1.2606382978723405,0.7639755415460538,False,,,scale_not_stable;not_all_roi_detections_quality_passing,373381.9163874903,478540.6504863112,1.266832119856455,0,False,False,not_all_roi_detections_quality_passing,0,,
20260917_050709,2026-09-17 05:07:09.519+00,0,,1550.0,True,group_total,,,,,,7302.640214940184,124.83684331168554,79.46892625713734,32.467415000521214,982.4631648836283,0.8419201970100403,47328.0,0.8793103448275862,0.713987874210969,False,,,not_all_roi_detections_quality_passing,237097.85045795838,322097.85722591187,1.5708887635873094,0,False,False,not_all_roi_detections_quality_passing,0,,
20260917_050709,2026-09-17 05:07:09.519+00,1,,1550.0,True,group_total,,,,,,7799.919812962472,118.67220861145394,82.81567255833616,-16.977926988000377,1031.90850687215,0.9555741548538208,43360.0,0.5904059040590406,0.754536261681701,True,,,invalid_height_mm;mask_clipped_by_roi;not_all_roi_detections_quality_passing,-132426.4690967344,-166857.68732344778,1.4329679992378266,0,False,False,not_all_roi_detections_quality_passing,0,,
20260917_050709,2026-09-17 05:07:09.519+00,3,,1550.0,True,group_total,,,,,,7752.339999358529,125.95432351401446,109.12836426595909,-1.0668443174624826,1015.997424201612,0.876690685749054,64296.0,1.236842105263158,0.5217053369605394,False,,,invalid_height_mm;not_all_roi_detections_quality_passing,-8270.539875352753,-14663.977094281125,1.1541850220264318,0,False,False,not_all_roi_detections_quality_passing,0,,
20260917_050709,2026-09-17 05:07:09.519+00,7,,1550.0,True,group_total,,,,,,6736.255806494083,106.60996429595322,78.933688634259,56.766466679845394,958.1641132043042,0.9409307241439819,42147.0,0.8475336322869955,0.7775596918962343,False,,,not_all_roi_detections_quality_passing,382393.4407862614,477696.50005934667,1.3506269140662215,0,False,False,not_all_roi_detections_quality_passing,0,,
20260917_050752,2026-09-17 05:07:52.165+00,0,,1550.0,True,group_total,,,,,,8050.765767063265,106.58061396130782,88.67794388079363,31.339299603232007,983.5912802809175,0.9270215630531311,45974.0,0.7125984251968503,0.8084575047191989,False,,,not_all_roi_detections_quality_passing,252305.3604094396,296198.6800173354,1.2018841359761347,0,False,False,not_all_roi_detections_quality_passing,0,,
20260917_050752,2026-09-17 05:07:52.165+00,1,,1550.0,True,group_total,,,,,,7429.921815651507,125.2679233478669,80.32868999352335,27.56013228657889,987.3704475975707,0.9559404850006104,51100.0,0.5993150684931506,0.6661388020972683,True,,,mask_clipped_by_roi;not_all_roi_detections_quality_passing,204769.62811829397,277326.8126092948,1.5594418800800418,0,False,False,not_all_roi_detections_quality_passing,0,,
20260917_050752,2026-09-17 05:07:52.165+00,2,,1550.0,True,group_total,,,,,,8705.156727630772,116.57118520973226,92.03660176211825,-54.036205312998504,1068.966785197148,0.9118025302886963,45850.0,1.497142857142857,0.7421137348204169,False,,,invalid_height_mm;not_all_roi_detections_quality_passing,-470393.6362160866,-579744.4906369931,1.2665741995888455,0,False,False,not_all_roi_detections_quality_passing,0,,
20260917_050752,2026-09-17 05:07:52.165+00,3,,1550.0,True,group_total,,,,,,6787.006427731915,114.69904554295998,79.09014072347114,66.43298455419983,948.4975953299497,0.9297815561294556,47817.0,0.7470355731225297,0.704668898618059,False,,,not_all_roi_detections_quality_passing,450881.0931827693,602651.0480315955,1.4502319061991678,0,False,False,not_all_roi_detections_quality_passing,0,,
20260917_050752,2026-09-17 05:07:52.165+00,6,,1550.0,True,group_total,,,,,,6577.5351363371365,103.48882110753895,95.35432861873677,59.85272373426949,955.0778561498801,0.8894627094268799,48972.0,0.9177489177489178,0.6576569607899897,True,,,mask_clipped_by_roi;not_all_roi_detections_quality_passing,393683.39336763724,590633.0854181619,1.085308056872038,0,False,False,not_all_roi_detections_quality_passing,0,,
20260917_050757,2026-09-17 05:07:57.846+00,0,,1550.0,True,group_total,,,,,,8090.957274285845,103.35723321243306,92.93259611774756,27.054047997702696,987.8765318864469,0.9461601972579956,45793.0,0.7154150197628458,0.8086435224152261,False,,,not_all_roi_detections_quality_passing,218893.14644589103,259861.05712419108,1.1121741727894618,0,False,False,not_all_roi_detections_quality_passing,0,,
20260917_050757,2026-09-17 05:07:57.846+00,1,,1550.0,True,group_total,,,,,,7561.112677580197,126.99657526923116,79.5617791154094,16.046354068934306,998.8842258152152,0.9523770809173584,48015.0,0.5670103092783505,0.7049204408359021,True,,,mask_clipped_by_roi;not_all_roi_detections_quality_passing,121328.29117955976,162133.54043788946,1.5962007974333328,0,False,False,not_all_roi_detections_quality_passing,0,,
20260917_050757,2026-09-17 05:07:57.846+00,2,,1550.0,True,group_total,,,,,,7939.643185318418,107.85711217910776,89.52109101638979,-17.945686841712245,1032.8762667258618,0.9196768403053284,44144.0,1.3932584269662922,0.7529989011307565,False,,,invalid_height_mm;not_all_roi_detections_quality_passing,-142482.350238659,-173274.33445190877,1.204823477401107,0,False,False,not_all_roi_detections_quality_passing,0,,
20260917_050757,2026-09-17 05:07:57.846+00,3,,1550.0,True,group_total,,,,,,7034.808327429777,117.69544795262514,81.00908360654098,44.097126308802444,970.8334535753471,0.9462220072746277,46250.0,0.74,0.7207965558026288,False,,,not_all_roi_detections_quality_passing,310214.83137288614,420439.6579812291,1.452867292318339,0,False,False,not_all_roi_detections_quality_passing,0,,
20260917_050757,2026-09-17 05:07:57.846+00,5,,1550.0,True,group_total,,,,,,6393.87970186797,102.02574779380225,94.86604619423719,69.22542104682964,945.7051588373199,0.9029322266578674,49629.0,0.9141630901287554,0.6433970380966517,True,,,mask_clipped_by_roi;not_all_roi_detections_quality_passing,442619.01448458777,670017.5724839445,1.0754716981132075,0,False,False,not_all_roi_detections_quality_passing,0,,
20260917_050757,2026-09-17 05:07:57.846+00,12,,1550.0,True,group_total,,,,,,6258.355679810323,96.27502845961244,81.69254795060034,6.112409923166638,1008.8181699609829,0.8655367493629456,40582.0,0.9563106796116505,0.6768035696912414,False,,,not_all_roi_detections_quality_passing,38253.63535997891,48073.81296591324,1.178504415333332,0,False,False,not_all_roi_detections_quality_passing,0,,
20260917_050857,2026-09-17 05:08:57.275+00,0,,1550.0,True,group_total,,,,,,9735.245224516595,121.37511792108839,95.06906089151836,-65.87531592993025,1080.8058958140798,0.9451093077659607,44929.0,0.7131474103585658,0.8284882815447902,False,,,invalid_height_mm;not_all_roi_detections_quality_passing,-641312.3548203754,-760136.4876511995,1.2767047111108776,0,False,False,not_all_roi_detections_quality_passing,0,,
20260917_050857,2026-09-17 05:08:57.275+00,1,,1550.0,True,group_total,,,,,,7208.00950372143,119.125369518943,80.59518218139064,40.04584861937565,974.8847312647739,0.9293755888938904,45570.0,0.7591836734693878,0.7433467073923982,False,,,not_all_roi_detections_quality_passing,288650.85743304936,384477.4237767849,1.4780706029156288,0,False,False,not_all_roi_detections_quality_passing,0,,
20260917_050857,2026-09-17 05:08:57.275+00,3,,1550.0,True,group_total,,,,,,13655.637096654675,190.11327527710273,101.59488280015857,27.81298003244251,987.117599851707,0.9366702437400818,107606.0,0.8988439306358381,0.5817003504834631,True,,,mask_clipped_by_roi;not_all_roi_detections_quality_passing,379803.9618995377,537194.8018936373,1.8712879038510588,0,False,False,not_all_roi_detections_quality_passing,0,,
20260917_050857,2026-09-17 05:08:57.275+00,7,,1550.0,True,group_total,,,,,,8314.008538756712,120.20921964681337,87.74765822320131,-57.00886044424749,1071.939440328397,0.9203906655311584,42126.0,1.344632768361582,0.7671519248102859,False,,,invalid_height_mm;not_all_roi_detections_quality_passing,-473972.1525182634,-601333.8793410317,1.369942196531792,0,False,False,not_all_roi_detections_quality_passing,0,,
20260917_050933,2026-09-17 05:09:33.283+00,0,,1550.0,True,group_total,,,,,,7882.039654390178,108.39668861008178,86.5744460441154,46.536099939188944,968.3944799449606,0.9520081281661987,45750.0,0.732,0.8205490437491996,False,,,not_all_roi_detections_quality_passing,366799.3850813516,436712.59769404744,1.2520633231062952,0,False,False,not_all_roi_detections_quality_passing,0,,
20260917_050933,2026-09-17 05:09:33.283+00,1,,1550.0,True,group_total,,,,,,6957.837476257682,116.29139829832606,78.64878200833711,58.66805757680254,956.262522307347,0.9353306889533997,46686.0,0.7410358565737052,0.7279389884781062,False,,,not_all_roi_detections_quality_passing,408202.80966712016,536588.4291170352,1.478616646421793,0,False,False,not_all_roi_detections_quality_passing,0,,
20260917_050933,2026-09-17 05:09:33.283+00,4,,1550.0,True,group_total,,,,,,8205.938887319055,118.6109256132211,87.36330379600321,-48.43334492162023,1063.3639248057698,0.9368200302124023,42588.0,1.2857142857142858,0.7610949228501179,True,,,invalid_height_mm;mask_clipped_by_roi;not_all_roi_detections_quality_passing,-397441.06853526033,-501878.0568272847,1.3576744520809598,0,False,False,not_all_roi_detections_quality_passing,0,,
20260917_050933,2026-09-17 05:09:33.283+00,6,,1550.0,True,group_total,,,,,,6538.343322026739,124.64637809464861,73.79769210242627,36.8300400666119,978.1005398175377,0.8621782660484314,43710.0,0.549645390070922,0.6983635349312954,True,,,mask_clipped_by_roi;not_all_roi_detections_quality_passing,240807.44651950913,338785.36019737064,1.6890281327720624,0,False,False,not_all_roi_detections_quality_passing,0,,
20260917_050933,2026-09-17 05:09:33.283+00,9,,1550.0,True,group_total,,,,,,13632.311315586541,185.75310380720953,112.30140040400899,-9.981472075679108,1024.9120519598287,0.9161670804023743,107824.0,0.7961956521739131,0.5375792453401891,True,,,invalid_height_mm;mask_clipped_by_roi;not_all_roi_detections_quality_passing,-136070.53472349138,-208216.83818554864,1.6540586594553137,0,False,False,not_all_roi_detections_quality_passing,0,,
20260917_050945,2026-09-17 05:09:45.571+00,0,,1350.0,True,group_total,,,,,,7155.5977276862595,109.54423078222345,77.53748022445446,62.213272068797096,952.7173078153525,0.9433237314224243,42212.0,0.7090163934426229,0.8341487724385893,False,,,not_all_roi_detections_quality_passing,445173.14824741153,528426.0717409971,1.4127906976744187,0,False,False,not_all_roi_detections_quality_passing,0,,
20260917_050945,2026-09-17 05:09:45.571+00,1,,1350.0,True,group_total,,,,,,7256.83858523167,120.87835912836195,81.07233308005928,32.34219665169587,982.5883832324537,0.936375081539154,46435.0,0.7370517928286853,0.7229702051301761,False,,,not_all_roi_detections_quality_passing,234702.1005931771,316949.9887376748,1.4909939622558295,0,False,False,not_all_roi_detections_quality_passing,0,,
20260917_050945,2026-09-17 05:09:45.571+00,3,,1350.0,True,group_total,,,,,,8803.777533713905,117.77141217297378,89.34382992432494,-57.903883634057024,1072.8344635182066,0.9374414086341858,42639.0,1.273224043715847,0.8012319398548672,True,,,invalid_height_mm;mask_clipped_by_roi;not_all_roi_detections_quality_passing,-509772.9098522955,-609273.2923838958,1.3181818181818181,0,False,False,not_all_roi_detections_quality_passing,0,,
20260917_050945,2026-09-17 05:09:45.571+00,5,,1350.0,True,group_total,,,,,,6466.511265309941,112.02149505522672,67.66098301335694,67.94759808316303,946.9829818009865,0.8819709420204163,38152.0,0.6055776892430279,0.8441702005222774,True,,,mask_clipped_by_roi;not_all_roi_detections_quality_passing,439383.90845552593,515007.76472117606,1.6556291390728477,0,False,False,not_all_roi_detections_quality_passing,0,,
20260917_050945,2026-09-17 05:09:45.571+00,6,,1350.0,True,group_total,,,,,,7393.47599140546,127.25321915682822,55.80183694750581,-0.2641073481169087,1015.1946872322665,0.9407942295074463,37548.0,0.5912698412698413,0.8533453418637815,True,,,invalid_height_mm;mask_clipped_by_roi;not_all_roi_detections_quality_passing,-1952.6713374561286,-1875.416609066493,2.2804485679662934,0,False,False,not_all_roi_detections_quality_passing,0,,
20260917_051011,2026-09-17 05:10:11.974+00,0,,1500.0,True,group_total,,,,,,8403.085789083798,115.04006537029511,83.53531717760018,6.112409923166638,1008.8181699609829,0.9492046236991882,42592.0,0.7272727272727273,0.8658578707525194,False,,,not_all_roi_detections_quality_passing,51363.104962416364,58739.69915216824,1.3771428571428572,0,False,False,not_all_roi_detections_quality_passing,0,,
20260917_051011,2026-09-17 05:10:11.974+00,1,,1500.0,True,group_total,,,,,,6958.636854485212,119.5253072350384,80.6468534080737,43.73022024169154,971.200359642458,0.9317194223403931,46189.0,0.757085020242915,0.7133942112888291,False,,,not_all_roi_detections_quality_passing,304302.72222859,421530.45817324513,1.482082712269497,0,False,False,not_all_roi_detections_quality_passing,0,,
20260917_051011,2026-09-17 05:10:11.974+00,2,,1500.0,True,group_total,,,,,,8365.147614923404,114.73824510257458,92.36453942172098,-14.360268559352676,1029.2908484435022,0.9108652472496033,46116.0,1.291005291005291,0.7647287059568534,True,,,invalid_height_mm;mask_clipped_by_roi;not_all_roi_detections_quality_passing,-120125.76628892859,-152186.46666362658,1.242232634092387,0,False,False,not_all_roi_detections_quality_passing,0,,
20260917_051011,2026-09-17 05:10:11.974+00,5,,1500.0,True,group_total,,,,,,5886.503432832163,104.76069274894085,68.62054110192632,48.11487197822635,966.8157079059232,0.9134637713432312,34730.0,0.6565217391304348,0.8098915350529841,True,,,mask_clipped_by_roi;not_all_roi_detections_quality_passing,283228.35907010944,345885.0845459036,1.5266666666666668,0,False,False,not_all_roi_detections_quality_passing,0,,
20260917_051020,2026-09-17 05:10:20.334+00,0,,1500.0,True,group_total,,,,,,7855.684962452412,110.54145348419404,81.98491133411058,41.52294669704963,973.4076331870999,0.9453213810920715,43139.0,0.7427385892116183,0.8583929201208027,False,,,not_all_roi_detections_quality_passing,326191.18796472583,376311.3071485085,1.348314606741573,0,False,False,not_all_roi_detections_quality_passing,0,,
20260917_051020,2026-09-17 05:10:20.334+00,1,,1500.0,True,group_total,,,,,,7144.347948328363,120.08824937345203,81.36039890053475,35.96061736455192,978.9699625195976,0.9385132789611816,46872.0,0.7620967741935484,0.7103493974200287,False,,,not_all_roi_detections_quality_passing,256915.16288905783,351350.618203408,1.4760036946262163,0,False,False,not_all_roi_detections_quality_passing,0,,
20260917_051020,2026-09-17 05:10:20.334+00,2,,1500.0,True,group_total,,,,,,9529.953423660441,122.19003280860382,96.47908948019268,-58.800402684350615,1073.7309825685002,0.9303370118141174,46937.0,1.3422459893048129,0.7865858278949709,True,,,invalid_height_mm;mask_clipped_by_roi;not_all_roi_detections_quality_passing,-560365.0988743397,-693185.193963494,1.2664923919466469,0,False,False,not_all_roi_detections_quality_passing,0,,
20260917_051020,2026-09-17 05:10:20.334+00,5,,1500.0,True,group_total,,,,,,5842.912583700932,103.96535814013177,67.64557753051481,55.45472987272058,959.475850011429,0.9185727834701538,34500.0,0.6521739130434783,0.8216821163011634,True,,,mask_clipped_by_roi;not_all_roi_detections_quality_passing,324017.1389990551,390001.8409463664,1.5369128616461758,0,False,False,not_all_roi_detections_quality_passing,0,,
20260917_051020,2026-09-17 05:10:20.334+00,9,,1500.0,True,group_total,,,,,,12106.237780185762,170.13454547716486,98.52909704401468,-195.71459204453015,1210.6451719286797,0.8173149228096008,51554.0,1.722543352601156,0.7156072316826623,True,,,invalid_height_mm;mask_clipped_by_roi;not_all_roi_detections_quality_passing,-2369367.388343135,-3280803.464268502,1.7267441860465116,0,False,False,not_all_roi_detections_quality_passing,0,,
20260917_051048,2026-09-17 05:10:48.839+00,0,,1800.0,True,group_total,,,,,,13185.066936767624,135.85504138376126,113.78231610674973,-299.3190714697256,1314.2496513538752,0.9540744423866272,41934.0,0.7219917012448133,0.8130587802831836,False,,,invalid_height_mm;not_all_roi_detections_quality_passing,-3946541.9927794645,-4626844.653038378,1.1939908241655326,0,False,False,not_all_roi_detections_quality_passing,0,,
20260917_051048,2026-09-17 05:10:48.839+00,1,,1800.0,True,group_total,,,,,,6968.079574311109,103.58146022004145,76.346152415419,19.91400078737206,995.0165790967775,0.8979747295379639,36349.0,1.3680981595092025,0.8648118603104571,True,,,mask_clipped_by_roi;not_all_roi_detections_quality_passing,138762.34212930262,157480.8332623474,1.356734516972488,0,False,False,not_all_roi_detections_quality_passing,0,,
20260917_051048,2026-09-17 05:10:48.839+00,5,,1800.0,True,group_total,,,,,,7343.596875975725,134.67732570891044,79.20918292062753,50.53372538804854,964.396854496101,0.9047958254814148,53418.0,0.5667752442996743,0.6601935413115938,True,,,mask_clipped_by_roi;not_all_roi_detections_quality_passing,371099.3078910884,539077.6585094224,1.700274144272709,0,False,False,not_all_roi_detections_quality_passing,0,,
20260917_051048,2026-09-17 05:10:48.839+00,7,,1800.0,True,group_total,,,,,,8698.771805781511,142.66572324593142,87.25728223421976,-6.7217464929816515,1021.6523263771312,0.8916916847229004,56488.0,1.6684782608695652,0.6589570674185813,True,,,invalid_height_mm;mask_clipped_by_roi;not_all_roi_detections_quality_passing,-58470.93887875954,-83676.48986416483,1.6350007654717222,0,False,False,not_all_roi_detections_quality_passing,0,,
20260917_051048,2026-09-17 05:10:48.839+00,8,,1800.0,True,group_total,,,,,,7383.858420237837,130.4058914434678,82.15664367583229,70.15258296725847,944.7779969168911,0.9447407126426697,66300.0,0.7366666666666667,0.5572780388189117,True,,,mask_clipped_by_roi;not_all_roi_detections_quality_passing,517996.7404442249,751594.4546750677,1.5872835793781193,0,False,False,not_all_roi_detections_quality_passing,0,,
20260917_051048,2026-09-17 05:10:48.839+00,10,,1800.0,True,group_total,,,,,,7453.636963039932,104.9106986101655,79.29342600889612,-105.29442081940044,1120.22500070355,0.8596769571304321,32232.0,0.7745098039215687,0.8230611395676102,False,,,invalid_height_mm;not_all_roi_detections_quality_passing,-784826.3870213645,-875915.7222930704,1.3230693121822648,0,False,False,not_all_roi_detections_quality_passing,0,,
20260917_051059,2026-09-17 05:10:59.13+00,0,,1800.0,True,group_total,,,,,,7490.089925928288,96.72375725790495,75.28252705622938,7.957166242322046,1006.9734136418275,0.9143441319465637,32436.0,0.7794117647058824,1.0171508549144432,False,,,not_all_roi_detections_quality_passing,59599.89071055301,57940.9723120262,1.2848101815931454,0,False,False,not_all_roi_detections_quality_passing,0,,
20260917_051059,2026-09-17 05:10:59.13+00,1,,1800.0,True,group_total,,,,,,7681.050971738032,116.20447383708105,88.55160501098364,3.199811532203171,1011.7307683519464,0.9142006039619446,53312.0,1.3877551020408163,0.6286767410630939,True,,,mask_clipped_by_roi;not_all_roi_detections_quality_passing,24577.915478807725,32926.35718564297,1.312279702018585,0,False,False,not_all_roi_detections_quality_passing,0,,
20260917_051059,2026-09-17 05:10:59.13+00,2,,1800.0,True,group_total,,,,,,6944.142977869032,102.28941826023689,82.74077388161383,54.13939657883657,960.791183305313,0.941655158996582,41358.0,0.8097345132743363,0.8123865867757527,False,,,not_all_roi_detections_quality_passing,375951.71057899465,458209.0875739457,1.2362637362637363,0,False,False,not_all_roi_detections_quality_passing,0,,
20260917_051059,2026-09-17 05:10:59.13+00,4,,1800.0,True,group_total,,,,,,11408.698508402349,142.27166185795272,112.54218949210234,-137.09997224403799,1152.0305521281875,0.8902966380119324,54384.0,0.7803030303030303,0.7059900813258442,False,,,invalid_height_mm;not_all_roi_detections_quality_passing,-1564132.2488425595,-2195185.0249762875,1.2641629108160959,0,False,False,not_all_roi_detections_quality_passing,0,,
20260917_051132,2026-09-17 05:11:32.662+00,0,,1600.0,True,group_total,,,,,,8595.438176898982,112.63679994348134,95.1860313769516,-52.26051297878405,1067.1910928629336,0.8642905354499817,50629.0,1.3045685279187818,0.6658032716854586,True,,,invalid_height_mm;mask_clipped_by_roi;not_all_roi_detections_quality_passing,-449202.0084021652,-560308.4754977329,1.1833332928591376,0,False,False,not_all_roi_detections_quality_passing,0,,
20260917_051132,2026-09-17 05:11:32.662+00,1,,1600.0,True,group_total,,,,,,7581.99775456076,98.43268758900741,88.62079384775794,35.96061736455192,978.9699625195976,0.9380091428756714,42897.0,0.7637130801687764,0.8237200445608289,False,,,not_all_roi_detections_quality_passing,272653.3201106513,313691.04299674596,1.1107177369467642,0,False,False,not_all_roi_detections_quality_passing,0,,
20260917_051132,2026-09-17 05:11:32.662+00,3,,1600.0,True,group_total,,,,,,11248.211975043709,141.6344064755268,101.49245070719422,-200.67781728422494,1215.6083971683745,0.9517064690589905,47344.0,0.654275092936803,0.71811301597835,True,,,invalid_height_mm;mask_clipped_by_roi;not_all_roi_detections_quality_passing,-2257266.627502052,-2884708.1070310674,1.395516666398589,0,False,False,not_all_roi_detections_quality_passing,0,,
20260917_051132,2026-09-17 05:11:32.662+00,5,,1600.0,True,group_total,,,,,,6695.320959287954,110.51245973369109,80.39138595017847,70.15258296725847,944.7779969168911,0.8713751435279846,47765.0,1.1365853658536584,0.7013966951197533,True,,,mask_clipped_by_roi;not_all_roi_detections_quality_passing,469694.05908887275,623253.0713896,1.3746803644134182,0,False,False,not_all_roi_detections_quality_passing,0,,
20260917_051132,2026-09-17 05:11:32.662+00,7,,1600.0,True,group_total,,,,,,6988.44205439643,92.24180329977776,89.51544458155773,54.618116650239244,960.3124632339103,0.8656235337257385,40392.0,0.9705882352941176,0.8379565832236658,False,,,not_all_roi_detections_quality_passing,381695.5433304618,450985.39569087053,1.030456852791878,0,False,False,not_all_roi_detections_quality_passing,0,,
20260917_051132,2026-09-17 05:11:32.662+00,9,,1600.0,True,group_total,,,,,,8906.009878151312,133.38036031195065,89.27622800539501,-35.681092893423624,1050.6116727775732,0.8792465925216675,54237.0,1.6927374301675977,0.6644536732664624,True,,,invalid_height_mm;mask_clipped_by_roi;not_all_roi_detections_quality_passing,-317776.16577206535,-424879.5878067409,1.4940187695193663,0,False,False,not_all_roi_detections_quality_passing,0,,
20260917_051256,2026-09-17 05:12:56.087+00,0,,1600.0,True,group_total,,,,,,7850.831962064465,103.8133337578143,92.16774897672147,44.70802075479742,970.2225591293521,0.9405453205108643,49632.0,0.7121212121212122,0.7505382080373266,False,,,not_all_roi_detections_quality_passing,350995.15830240503,427777.1300115388,1.1263520581807214,0,False,False,not_all_roi_detections_quality_passing,0,,
20260917_051256,2026-09-17 05:12:56.087+00,1,,1600.0,True,group_total,,,,,,7807.805363890774,119.64161265537705,80.72205191206162,-0.5315453584521492,1015.4621252426017,0.9349315762519836,42250.0,0.676,0.8004541173630212,True,,,invalid_height_mm;mask_clipped_by_roi;not_all_roi_detections_quality_passing,-4150.202700873935,-5133.514361605043,1.4821428571428572,0,False,False,not_all_roi_detections_quality_passing,0,,
20260917_051256,2026-09-17 05:12:56.087+00,2,,1600.0,True,group_total,,,,,,6999.72552864946,112.39307767605105,85.30736161755145,58.3120844328738,956.6184954512757,0.9172185063362122,49006.0,1.0700934579439252,0.6971333278800323,False,,,not_all_roi_detections_quality_passing,408168.5860335495,559093.7534939756,1.3175073703478233,0,False,False,not_all_roi_detections_quality_passing,0,,
20260917_051256,2026-09-17 05:12:56.087+00,4,,1600.0,True,group_total,,,,,,7668.099672064406,102.80102396707451,94.40224586447373,10.842476883129507,1004.08810300102,0.861585259437561,48070.0,1.331578947368421,0.7066943539039544,True,,,mask_clipped_by_roi;not_all_roi_detections_quality_passing,83141.19343189128,105222.41660767696,1.088967990387202,0,False,False,not_all_roi_detections_quality_passing,0,,
20260917_051256,2026-09-17 05:12:56.087+00,5,,1600.0,True,group_total,,,,,,7677.43204040097,103.7691651723597,93.75842779446761,10.842476883129507,1004.08810300102,0.8872328996658325,49469.0,1.356020942408377,0.6875445499638781,True,,,mask_clipped_by_roi;not_all_roi_detections_quality_passing,83242.37941984533,105488.99235134976,1.1067716003070904,0,False,False,not_all_roi_detections_quality_passing,0,,
20260917_051312,2026-09-17 05:13:12.166+00,0,,1600.0,True,group_total,,,,,,7874.279353118958,103.74382873357456,92.21495186102428,41.277074599755565,973.653505284394,0.9373784065246582,48546.0,0.7126436781609196,0.7642054668007373,False,,,not_all_roi_detections_quality_passing,325027.2162780062,394886.71756201854,1.1250217740169217,0,False,False,not_all_roi_detections_quality_passing,0,,
20260917_051312,2026-09-17 05:13:12.166+00,1,,1600.0,True,group_total,,,,,,9586.814808740119,139.81556090122731,87.58258184297358,-100.1096941745476,1115.0402740586972,0.9493893980979919,44422.0,0.6278195488721805,0.7752767491333123,True,,,invalid_height_mm;mask_clipped_by_roi;not_all_roi_detections_quality_passing,-959733.0986109973,-1225884.0304565288,1.5963854679678433,0,False,False,not_all_roi_detections_quality_passing,0,,
20260917_051312,2026-09-17 05:13:12.166+00,2,,1600.0,True,group_total,,,,,,7056.355734754014,114.25275916796139,84.37595092804322,56.766466679845394,958.1641132043042,0.9109293222427368,49680.0,1.0648148148148149,0.6910042444864909,False,,,not_all_roi_detections_quality_passing,400564.38269804965,547239.2519972357,1.3540915143628716,0,False,False,not_all_roi_detections_quality_passing,0,,
20260917_051312,2026-09-17 05:13:12.166+00,5,,1600.0,True,group_total,,,,,,7732.52567920775,119.56267990894308,92.17871411134709,46.657726977614516,968.272852906535,0.8952833414077759,58240.0,0.7428571428571429,0.6325081559327933,True,,,mask_clipped_by_roi;not_all_roi_detections_quality_passing,360782.07198786846,514221.06534150767,1.297074721225961,0,False,False,not_all_roi_detections_quality_passing,0,,
20260917_051312,2026-09-17 05:13:12.166+00,6,,1600.0,True,group_total,,,,,,7799.541362403079,103.85165123319,95.75931354503103,7.167383172798964,1007.7631967113506,0.8409743309020996,49660.0,1.361256544502618,0.6907279015739647,True,,,mask_clipped_by_roi;not_all_roi_detections_quality_passing,55902.30151643733,71277.92578391293,1.0845070561659105,0,False,False,not_all_roi_detections_quality_passing,0,,
20260917_051312,2026-09-17 05:13:12.166+00,7,,1600.0,True,group_total,,,,,,8127.73280652418,141.31117915451483,80.12489539688984,-11.345838492026019,1026.2764183761756,0.846785843372345,48970.0,1.7771084337349397,0.7038372557820995,True,,,invalid_height_mm;mask_clipped_by_roi;not_all_roi_detections_quality_passing,-92215.9437291647,-128463.7492818463,1.763636363636364,0,False,False,not_all_roi_detections_quality_passing,0,,
20260917_051449,2026-09-17 05:14:49.257+00,0,,1600.0,True,group_total,,,,,,7728.558162761269,104.94048981717422,91.88192896391207,47.629644521309956,967.3009353628396,0.9400873184204102,49896.0,0.7159090909090909,0.7393859099057387,False,,,not_all_roi_detections_quality_passing,368108.4779545876,459251.44489255646,1.1421232771287495,0,False,False,not_all_roi_detections_quality_passing,0,,
20260917_051449,2026-09-17 05:14:49.257+00,1,,1600.0,True,group_total,,,,,,7652.753598304408,118.23129372657276,85.06885768131454,-0.7991243110851656,1015.7297041952347,0.9343118667602539,44322.0,0.714859437751004,0.7474871160730032,True,,,invalid_height_mm;mask_clipped_by_roi;not_all_roi_detections_quality_passing,-6115.501447149532,-8037.433374672367,1.3898305084745763,0,False,False,not_all_roi_detections_quality_passing,0,,
20260917_051449,2026-09-17 05:14:49.257+00,3,,1600.0,True,group_total,,,,,,8351.834613271098,116.95122978264801,92.28440979250296,31.7156258168327,983.2149540673169,0.9495885968208313,54488.0,0.7050359712230215,0.7081833385612589,True,,,mask_clipped_by_roi;not_all_roi_detections_quality_passing,264883.66147857776,342299.6202440965,1.267291301375901,0,False,False,not_all_roi_detections_quality_passing,0,,
20260917_051449,2026-09-17 05:14:49.257+00,4,,1600.0,True,group_total,,,,,,12738.590099933606,152.60141623266324,107.86271322914112,-245.18521855354777,1260.1157984376973,0.9443581700325012,73060.0,1.0807692307692307,0.4904360877955218,True,,,invalid_height_mm;mask_clipped_by_roi;not_all_roi_detections_quality_passing,-3123313.997716281,-4035749.383288355,1.414774500512334,0,False,False,not_all_roi_detections_quality_passing,0,,
20260917_051449,2026-09-17 05:14:49.257+00,5,,1600.0,True,group_total,,,,,,7666.803372546926,131.49039380880131,78.20051995903763,43.485462086539656,971.4451177976099,0.8844138383865356,56595.0,0.9428571428571428,0.6411525266289932,False,,,not_all_roi_detections_quality_passing,333394.48738184373,447144.3588993121,1.6814516563019983,0,False,False,not_all_roi_detections_quality_passing,0,,
20260917_051449,2026-09-17 05:14:49.257+00,6,,1600.0,True,group_total,,,,,,12403.989871788093,142.74787498600134,109.16013969517749,-252.64397697902575,1267.5745568631753,0.8481642007827759,43737.0,1.3060109289617485,0.7883644326412348,True,,,invalid_height_mm;mask_clipped_by_roi;not_all_roi_detections_quality_passing,-3133793.3316160995,-3936793.942308893,1.3076923076923077,0,False,False,not_all_roi_detections_quality_passing,0,,
20260917_051546,2026-09-17 05:15:46.316+00,0,,1500.0,True,group_total,,,,,,8169.5891547576075,106.04437026824453,93.43577289541277,25.024512236251326,989.9060676478982,0.9383726119995117,49444.0,0.714828897338403,0.7531132410668351,False,,,not_all_roi_detections_quality_passing,204439.98376837786,247951.31794501116,1.1349440046581,0,False,False,not_all_roi_detections_quality_passing,0,,
20260917_051546,2026-09-17 05:15:46.316+00,2,,1500.0,True,group_total,,,,,,8264.9348176116,120.14409987331473,92.13817883189938,27.81298003244251,987.117599851707,0.9449466466903687,54990.0,0.6914893617021277,0.6889370794967427,True,,,mask_clipped_by_roi;not_all_roi_detections_quality_passing,229872.4670516703,307885.7550835957,1.3039556609048077,0,False,False,not_all_roi_detections_quality_passing,0,,
20260917_051546,2026-09-17 05:15:46.316+00,4,,1500.0,True,group_total,,,,,,7611.2944942316435,129.93917864539998,77.11247255409822,27.307154974870627,987.6234249092789,0.8919752240180969,50388.0,0.9692982456140351,0.6916880583757444,False,,,not_all_roi_detections_quality_passing,207842.79831336305,273615.8181299695,1.6850604622260195,0,False,False,not_all_roi_detections_quality_passing,0,,
20260917_051546,2026-09-17 05:15:46.316+00,5,,1500.0,True,group_total,,,,,,9157.522098875239,126.05334112262342,96.75682572177091,-66.02685910096432,1080.9574389851139,0.9469072818756104,57942.0,0.8505747126436781,0.6041279674576246,True,,,invalid_height_mm;mask_clipped_by_roi;not_all_roi_detections_quality_passing,-604642.4213364024,-805297.984064022,1.3027849992216167,0,False,False,not_all_roi_detections_quality_passing,0,,
20260917_051546,2026-09-17 05:15:46.316+00,7,,1500.0,True,group_total,,,,,,8404.510175422509,130.7612045722526,89.99608307755615,12.930520767717098,1002.0000591164325,0.9504097104072571,55024.0,0.5953947368421053,0.6794951974946977,False,,,not_all_roi_detections_quality_passing,108674.69336579043,152166.31964650602,1.4529655080606807,0,False,False,not_all_roi_detections_quality_passing,0,,
20260917_051650,2026-09-17 05:16:50.041+00,0,,1350.0,True,group_total,,,,,,7515.259481381709,102.4826919391569,94.67553283724445,56.766466679845394,958.1641132043042,0.9391001462936401,48972.0,0.9177489177489178,0.7465827902635211,False,,,not_all_roi_detections_quality_passing,426614.72694024694,550782.5163567434,1.0824622673667297,0,False,False,not_all_roi_detections_quality_passing,0,,
20260917_051650,2026-09-17 05:16:50.041+00,1,,1350.0,True,group_total,,,,,,7840.244072213894,119.18484118287036,87.6309333671805,63.154227434540644,951.7763524496089,0.9386947154998779,59245.0,0.7093425605536332,0.6524837431117687,True,,,mask_clipped_by_roi;not_all_roi_detections_quality_passing,495144.55727890535,659600.3635293524,1.3600772764050852,0,False,False,not_all_roi_detections_quality_passing,0,,
20260917_051650,2026-09-17 05:16:50.041+00,4,,1350.0,True,group_total,,,,,,7933.775133069657,87.86553330149145,82.07220143545905,-5.369639126151128,1020.3002190103007,0.8597332239151001,31293.0,0.9344262295081968,1.087773224043716,True,,,invalid_height_mm;mask_clipped_by_roi;not_all_roi_detections_quality_passing,-42601.50937261571,-38722.17393266992,1.0705882352941176,0,False,False,not_all_roi_detections_quality_passing,0,,
20260917_052125,2026-09-17 05:21:25.286+00,0,,1100.0,True,group_total,,,,,,8177.051080846751,125.48984120954391,83.30944152106198,70.15258296725847,944.7779969168911,0.9424437284469604,54320.0,0.6928571428571428,0.7532498359680175,True,,,mask_clipped_by_roi;not_all_roi_detections_quality_passing,573641.2543766123,733409.3780312559,1.506309956210882,0,False,False,not_all_roi_detections_quality_passing,0,,
20260917_052125,2026-09-17 05:21:25.286+00,2,,1100.0,True,group_total,,,,,,7588.893447937424,100.81076017629098,90.25763053137206,56.05141883417048,958.8791610499791,0.9486846923828125,48174.0,0.7181467181467182,0.765243453779944,True,,,mask_clipped_by_roi;not_all_roi_detections_quality_passing,425368.24513823265,510008.51625714824,1.116922298788365,0,False,False,not_all_roi_detections_quality_passing,0,,
20260917_052125,2026-09-17 05:21:25.286+00,3,,1100.0,True,group_total,,,,,,7974.4998334142765,116.29205067305323,89.76237416921569,30.3343532121404,984.5962266720092,0.9167697429656982,54720.0,1.484375,0.6714329769736842,False,,,not_all_roi_detections_quality_passing,241901.29463694344,316649.7133095592,1.2955545321676214,0,False,False,not_all_roi_detections_quality_passing,0,,
20260917_052125,2026-09-17 05:21:25.286+00,4,,1100.0,True,group_total,,,,,,7113.214228635865,107.82119124089473,82.16419257839178,49.809341170850644,965.1212387132989,0.841239333152771,43036.0,0.9575471698113207,0.7925595089298763,False,,,not_all_roi_detections_quality_passing,354304.514335473,441263.00164988,1.3122649643033242,0,False,False,not_all_roi_detections_quality_passing,0,,
20260917_052644,2026-09-17 05:26:44.552+00,0,,250.0,True,group_total,,,,,,8313.430887318224,123.67660183602379,83.83464252232604,-32.256115965053255,1047.1866958492028,0.9519543051719666,46550.0,0.6578947368421053,0.7274011953253495,True,,,invalid_height_mm;mask_clipped_by_roi;not_all_roi_detections_quality_passing,-268158.99076879217,-334443.7871037843,1.47524457807627,0,False,False,not_all_roi_detections_quality_passing,0,,
20260917_052707,2026-09-17 05:27:07.114+00,2,,500.0,True,group_total,,,,,,6407.095066598209,96.28265786176487,80.60725303898253,62.68398220111703,952.2465976830325,0.9327760338783264,39312.0,1.1868131868131868,0.8027841820676103,False,,,,401622.2331155069,486495.4360310591,1.1944664311436286,0,True,True,,1,500.0,1.0
20260917_052712,2026-09-17 05:27:12.332+00,0,,500.0,True,group_total,,,,,,6508.807772129764,96.77858922710807,80.03677191458637,58.905225861104896,956.0253540230447,0.9377464652061462,38880.0,1.2,0.8180842022836944,False,,,not_all_roi_detections_quality_passing,383402.7919038187,456270.80058639357,1.2091765686200866,0,False,False,not_all_roi_detections_quality_passing,0,,
20260917_052712,2026-09-17 05:27:12.332+00,1,,500.0,True,group_total,,,,,,7463.810808516253,111.24898537772992,80.11758206215117,47.3868481017912,967.5437317823583,0.9613246321678162,42944.0,0.7213114754098361,0.8292367826097946,True,,,mask_clipped_by_roi;not_all_roi_detections_quality_passing,353686.4690436671,422358.9636417141,1.3885714285714288,0,False,False,not_all_roi_detections_quality_passing,0,,
20260917_052718,2026-09-17 05:27:18.709+00,0,,500.0,True,group_total,,,,,,6202.328272752093,96.11806999530654,77.88931550935871,70.15258296725847,944.7779969168911,0.9195982217788696,39060.0,1.2055555555555555,0.7945561726888021,False,,,not_all_roi_detections_quality_passing,435109.3487444141,525202.2707700009,1.234034082425048,0,False,False,not_all_roi_detections_quality_passing,0,,
20260917_052718,2026-09-17 05:27:18.709+00,2,,500.0,True,group_total,,,,,,8479.33498884304,125.4266930424081,83.95093398854407,-41.15003036815608,1056.0806102523056,0.928959846496582,42588.0,1.4911242603550297,0.7973372367241914,False,,,invalid_height_mm;not_all_roi_detections_quality_passing,-348924.8922926595,-433296.9821195981,1.494047619047619,0,False,False,not_all_roi_detections_quality_passing,0,,
20260917_052810,2026-09-17 05:28:10.972+00,0,,500.0,True,group_total,,,,,,6671.144715457459,115.39267256058216,73.88779824037276,51.01604439504831,963.9145354891012,0.8892583847045898,42672.0,1.5119047619047619,0.7515224208981972,False,,,not_all_roi_detections_quality_passing,340335.41496956965,434968.43222248345,1.5617283950617284,0,False,False,not_all_roi_detections_quality_passing,0,,
20260917_052810,2026-09-17 05:28:10.972+00,2,,500.0,True,group_total,,,,,,8554.69954679728,125.61934342675158,85.38189748537022,-22.113871937458157,1037.0444518216077,0.9487675428390503,45500.0,0.6730769230769231,0.7808367708646334,True,,,invalid_height_mm;mask_clipped_by_roi;not_all_roi_detections_quality_passing,-189177.53024130638,-237184.940749143,1.471264367816092,0,False,False,not_all_roi_detections_quality_passing,0,,
20260917_052842,2026-09-17 05:28:42.764+00,0,,,False,group_total,,,,,,9560.52920994674,128.20926274305307,86.19965511548571,-116.14166994593131,1131.0722498300809,0.9371397495269775,44280.0,0.7317073170731707,0.7537984894543159,True,,,invalid_height_mm;mask_clipped_by_roi;scale_not_stable;not_all_roi_detections_quality_passing,-1110375.82801007,-1283550.6095603458,1.48735238640207,0,False,False,not_all_roi_detections_quality_passing,0,,
20260917_052842,2026-09-17 05:28:42.764+00,1,,,False,group_total,,,,,,9798.56882807285,130.21945439658737,99.28825349756596,-45.50799712297987,1060.4385770071294,0.8947775959968567,58960.0,0.8208955223880597,0.6600787827894192,True,,,invalid_height_mm;mask_clipped_by_roi;scale_not_stable;not_all_roi_detections_quality_passing,-445913.2420372595,-588384.8269290009,1.3115293079435593,0,False,False,not_all_roi_detections_quality_passing,0,,
20260917_052842,2026-09-17 05:28:42.764+00,3,,,False,group_total,,,,,,7853.849425319704,113.61565671497651,81.31268182401756,-43.76050152780215,1058.6910814119517,0.81380695104599,37884.0,1.4085365853658536,0.8261328103008397,False,,,invalid_height_mm;scale_not_stable;not_all_roi_detections_quality_passing,-343688.38977583096,-404276.7435790185,1.3972685953326598,0,False,False,not_all_roi_detections_quality_passing,0,,
20260917_052847,2026-09-17 05:28:47.593+00,0,,1100.0,True,group_total,,,,,,7767.59270744384,93.978341478044,92.71738656665865,-10.526783090289314,1025.4573629744389,0.928727924823761,42484.0,0.6963562753036437,0.7765822622940125,True,,,invalid_height_mm;mask_clipped_by_roi;not_all_roi_detections_quality_passing,-81767.7635649744,-91724.34774605391,1.013599983326523,0,False,False,not_all_roi_detections_quality_passing,0,,
20260917_052847,2026-09-17 05:28:47.593+00,2,,1100.0,True,group_total,,,,,,6854.716884628114,103.80737051867276,73.1896493708189,66.54966527696149,948.3809146071881,0.9227870106697083,39245.0,1.407185628742515,0.8673636442416033,False,,,not_all_roi_detections_quality_passing,456179.1142403372,505619.40400187083,1.4183340323537785,0,False,False,not_all_roi_detections_quality_passing,0,,
20260917_052847,2026-09-17 05:28:47.593+00,4,,1100.0,True,group_total,,,,,,16408.45648092061,166.00277389529865,130.6708433938712,-372.1490269603686,1387.0796068445181,0.888340175151825,54000.0,0.7407407407407407,0.7053957413567437,True,,,invalid_height_mm;mask_clipped_by_roi;not_all_roi_detections_quality_passing,-6106391.113296159,-8072553.410535885,1.2703887843972133,0,False,False,not_all_roi_detections_quality_passing,0,,
20260917_052852,2026-09-17 05:28:52.593+00,0,,1100.0,True,group_total,,,,,,7485.249384752621,97.30190112318735,91.72895031656067,-0.6653172100187703,1015.5958970941683,0.9489784836769104,40800.0,0.7083333333333334,0.794448725756477,True,,,invalid_height_mm;mask_clipped_by_roi;not_all_roi_detections_quality_passing,-4980.065236958331,-5938.223060500036,1.06075454681858,0,False,False,not_all_roi_detections_quality_passing,0,,
20260917_052852,2026-09-17 05:28:52.593+00,1,,1100.0,True,group_total,,,,,,6524.564658230286,105.9491063357698,72.86795077101466,70.15258296725847,944.7779969168911,0.929496169090271,40460.0,1.4,0.806914941332332,False,,,not_all_roi_detections_quality_passing,457715.0635117425,541598.5839365687,1.45398773006135,0,False,False,not_all_roi_detections_quality_passing,0,,
20260917_052852,2026-09-17 05:28:52.593+00,4,,1100.0,True,group_total,,,,,,9634.076198284458,142.70687379019444,94.76857564763914,-94.01482501254657,1108.9454048966961,0.8511709570884705,58378.0,1.4306930693069306,0.5993798937564428,True,,,invalid_height_mm;mask_clipped_by_roi;not_all_roi_detections_quality_passing,-905745.9879392532,-1271468.4487919593,1.5058459285153298,0,False,False,not_all_roi_detections_quality_passing,0,,
20260917_052852,2026-09-17 05:28:52.593+00,5,,1100.0,True,group_total,,,,,,9544.283231804538,111.74402297529033,93.99029969884235,-88.61772455928474,1103.5483044434343,0.9328533411026001,40001.0,0.8190045248868778,0.8750873616312669,True,,,invalid_height_mm;mask_clipped_by_roi;not_all_roi_detections_quality_passing,-845792.6625518545,-930739.0413796515,1.1888888888888887,0,False,False,not_all_roi_detections_quality_passing,0,,
20260917_052909,2026-09-17 05:29:09.827+00,0,,1350.0,True,group_total,,,,,,8279.598331089444,109.8258550437878,91.18114066725089,-32.256115965053255,1047.1866958492028,0.9388759732246399,42535.0,0.7702127659574468,0.7928229918838093,True,,,invalid_height_mm;mask_clipped_by_roi;not_all_roi_detections_quality_passing,-267067.6839116825,-323014.2528490604,1.2044799422347372,0,False,False,not_all_roi_detections_quality_passing,0,,
20260917_052909,2026-09-17 05:29:09.827+00,1,,1350.0,True,group_total,,,,,,6874.3407145040255,116.08681600285531,74.87327836314707,70.15258296725847,944.7779969168911,0.9409277439117432,44772.0,1.3516483516483517,0.7682926077780088,False,,,not_all_roi_detections_quality_passing,482252.7573194465,609752.2549305364,1.5504438771842761,0,False,False,not_all_roi_detections_quality_passing,0,,
20260917_052909,2026-09-17 05:29:09.827+00,3,,1350.0,True,group_total,,,,,,9287.980393347156,132.31458710156704,94.3205028822494,32.842878630413,982.0877012537366,0.8678327202796936,59007.0,0.8277153558052435,0.7289182891915523,True,,,mask_clipped_by_roi;not_all_roi_detections_quality_passing,305044.0127803562,409878.4157068472,1.402818931815385,0,False,False,not_all_roi_detections_quality_passing,0,,
20260917_052909,2026-09-17 05:29:09.827+00,4,,1350.0,True,group_total,,,,,,9338.168025110586,141.2589177286559,88.70256964789895,-48.14008404881122,1063.0706639329608,0.8479756712913513,51294.0,1.2087378640776698,0.7195027965260522,True,,,invalid_height_mm;mask_clipped_by_roi;not_all_roi_detections_quality_passing,-449540.1935907451,-603196.6486266113,1.5925008518848676,0,False,False,not_all_roi_detections_quality_passing,0,,
20260917_052928,2026-09-17 05:29:28.802+00,0,,,False,group_total,,,,,,9674.076235117087,117.97817003455785,99.5454917721476,-102.04833272695316,1116.9789126111027,0.9448828101158142,49987.0,0.7451737451737451,0.6928259103409367,True,,,invalid_height_mm;mask_clipped_by_roi;scale_not_stable;not_all_roi_detections_quality_passing,-987223.3504671389,-1198475.514323766,1.1851683881837793,0,False,False,not_all_roi_detections_quality_passing,0,,
20260917_052928,2026-09-17 05:29:28.802+00,1,,,False,group_total,,,,,,7294.306959680792,115.2553614742278,76.36039452386825,65.03057312690066,949.9000067572489,0.8835139274597168,44800.0,1.4628571428571429,0.8059570097923279,False,,,scale_not_stable;not_all_roi_detections_quality_passing,474352.9621515822,572330.4891600532,1.5093604766303559,0,False,False,not_all_roi_detections_quality_passing,0,,
20260917_052928,2026-09-17 05:29:28.802+00,2,,,False,group_total,,,,,,8988.956530603791,95.4554821753608,93.00790570932591,-19.60893364803394,1034.5395135321835,0.8929615020751953,37436.0,1.0261780104712042,1.002045202005596,False,,,invalid_height_mm;scale_not_stable;not_all_roi_detections_quality_passing,-176263.8521736711,-174090.3578678617,1.026315789473684,0,False,False,not_all_roi_detections_quality_passing,0,,
20260917_052928,2026-09-17 05:29:28.802+00,5,,,False,group_total,,,,,,8770.980833467707,131.49804799186276,83.85443788241926,-172.2250183360278,1187.1555982201774,0.8937350511550903,35485.0,1.5562913907284768,0.7833389108073834,True,,,invalid_height_mm;mask_clipped_by_roi;scale_not_stable;not_all_roi_detections_quality_passing,-1510582.3348689242,-1899072.7308204111,1.568170407107724,0,False,False,not_all_roi_detections_quality_passing,0,,
20260917_052932,2026-09-17 05:29:32.865+00,0,,1600.0,True,group_total,,,,,,7605.437751199002,104.80494184041534,88.6185512111469,14.7504482232996,1000.18013166085,0.9502328634262085,47872.0,0.73046875,0.7093291947229661,True,,,mask_clipped_by_roi;not_all_roi_detections_quality_passing,112183.61576458903,136997.17900512982,1.182652395102939,0,False,False,not_all_roi_detections_quality_passing,0,,
20260917_052932,2026-09-17 05:29:32.865+00,1,,1600.0,True,group_total,,,,,,7790.824790358305,120.80801819249669,78.38053187994649,26.800811255357985,988.1297686287916,0.9144874215126038,43942.0,1.4682080924855492,0.8110306899411174,False,,,not_all_roi_detections_quality_passing,208800.42472995687,253776.79390490073,1.5413013320391258,0,False,False,not_all_roi_detections_quality_passing,0,,
20260917_052932,2026-09-17 05:29:32.865+00,2,,1600.0,True,group_total,,,,,,15228.000587550856,145.58625175921483,124.73167177673993,-342.35611991194753,1357.286699796097,0.900310218334198,44884.0,1.1683673469387754,0.8225641571873066,False,,,invalid_height_mm;not_all_roi_detections_quality_passing,-5213399.195170769,-6216918.925421399,1.1671955461304406,0,False,False,not_all_roi_detections_quality_passing,0,,
20260917_052932,2026-09-17 05:29:32.865+00,6,,1600.0,True,group_total,,,,,,14345.550077252554,155.61706179995434,113.49630857440899,-414.32200722037976,1429.2525871045293,0.870293378829956,42585.0,1.526946107784431,0.7365533638605143,True,,,invalid_height_mm;mask_clipped_by_roi;not_all_roi_detections_quality_passing,-5943677.102687752,-7317739.574424224,1.371120028083827,0,False,False,not_all_roi_detections_quality_passing,0,,
20260917_052947,2026-09-17 05:29:47.055+00,0,,1800.0,True,group_total,,,,,,8526.39503600666,108.7830940262576,92.17959071539882,-45.79980740834242,1060.730387292492,0.9456985592842102,45431.0,0.7211155378486056,0.7450145761655661,True,,,invalid_height_mm;mask_clipped_by_roi;not_all_roi_detections_quality_passing,-390507.2505365518,-459261.2824230963,1.1801212522425002,0,False,False,not_all_roi_detections_quality_passing,0,,
20260917_052947,2026-09-17 05:29:47.055+00,1,,1800.0,True,group_total,,,,,,7014.8021129375265,120.26344777378706,75.90729639974485,70.15258296725847,944.7779969168911,0.8430755734443665,52650.0,1.3846153846153846,0.6666826375325521,False,,,not_all_roi_detections_quality_passing,492106.4872267498,640414.0328923601,1.584346347160789,0,False,False,not_all_roi_detections_quality_passing,0,,
20260917_052947,2026-09-17 05:29:47.055+00,2,,1800.0,True,group_total,,,,,,7167.1053000747215,119.83182017435946,83.04706474640754,50.05092345838841,964.8796564257611,0.9318247437477112,49868.0,0.6642335766423357,0.6895046062780056,True,,,mask_clipped_by_roi;not_all_roi_detections_quality_passing,358720.2387922498,498090.8204446622,1.4429386582208272,0,False,False,not_all_roi_detections_quality_passing,0,,
20260917_052947,2026-09-17 05:29:47.055+00,6,,1800.0,True,group_total,,,,,,6824.765688929142,93.34250517400737,84.79084326689612,70.15258296725847,944.7779969168911,0.917935311794281,41475.0,0.7383966244725738,0.823385940744907,True,,,mask_clipped_by_roi;not_all_roi_detections_quality_passing,478774.94122470054,555228.9124294886,1.100855960120519,0,False,False,not_all_roi_detections_quality_passing,0,,
20260917_052947,2026-09-17 05:29:47.055+00,7,,1800.0,True,group_total,,,,,,7837.6546224074855,98.44319953913538,94.34139897881484,51.73861900935799,963.1919608747916,0.8738508224487305,49504.0,1.1442307692307692,0.7622225068812996,False,,,not_all_roi_detections_quality_passing,405509.4264356744,480510.480938009,1.0434782672794753,0,False,False,not_all_roi_detections_quality_passing,0,,
20260917_052954,2026-09-17 05:29:54.622+00,0,,1800.0,True,group_total,,,,,,8840.086201518196,108.03428043220967,92.93275919688706,-70.8987799527282,1085.8293598368778,0.946767270565033,45933.0,0.7290836653386454,0.7290715727159243,True,,,invalid_height_mm;mask_clipped_by_roi;not_all_roi_detections_quality_passing,-626751.3263645875,-711818.3459990568,1.162499439011905,0,False,False,not_all_roi_detections_quality_passing,0,,
20260917_052954,2026-09-17 05:29:54.622+00,1,,1800.0,True,group_total,,,,,,6896.37414814554,116.11561565553113,77.33043717127674,70.15258296725847,944.7779969168911,0.9440162777900696,46995.0,1.235897435897436,0.7342961608126946,False,,,not_all_roi_detections_quality_passing,483798.45960103645,629919.0763357771,1.501551263680953,0,False,False,not_all_roi_detections_quality_passing,0,,
20260917_052954,2026-09-17 05:29:54.622+00,2,,1800.0,True,group_total,,,,,,9215.422924441988,137.74366068955214,84.20555861021678,-83.5858713614806,1098.5164512456302,0.9441906213760376,44010.0,0.6037037037037037,0.7750191062505991,True,,,invalid_height_mm;mask_clipped_by_roi;not_all_roi_detections_quality_passing,-770279.1551040473,-969494.2912899224,1.6358024691358024,0,False,False,not_all_roi_detections_quality_passing,0,,
20260917_052954,2026-09-17 05:29:54.622+00,5,,1800.0,True,group_total,,,,,,109372.51413741932,374.2055244047799,337.9412909797617,-2764.1814077834147,3779.1119876675643,0.9343326687812805,43254.0,0.7325102880658436,0.7907952155066786,True,,,invalid_height_mm;mask_clipped_by_roi;not_all_roi_detections_quality_passing,-302325470.1011832,-349556993.2344057,1.1073092705537129,0,False,False,not_all_roi_detections_quality_passing,0,,
20260917_052954,2026-09-17 05:29:54.622+00,7,,1800.0,True,group_total,,,,,,9927.53846803676,141.29915638434036,92.01219082233622,-60.29793543549215,1075.2285153196417,0.8516005873680115,51600.0,1.29,0.7432791785306708,True,,,invalid_height_mm;mask_clipped_by_roi;not_all_roi_detections_quality_passing,-598610.0735790452,-783948.2279894829,1.5356569072153816,0,False,False,not_all_roi_detections_quality_passing,0,,
20260917_052954,2026-09-17 05:29:54.622+00,8,,1800.0,True,group_total,,,,,,6519.419814464626,94.13933669864974,82.90021905764966,31.339299603232007,983.5912802809175,0.8374653458595276,37714.0,1.260115606936416,0.79806570504322,False,,,not_all_roi_detections_quality_passing,204314.05080475414,244577.27300111583,1.1355740403192938,0,False,False,not_all_roi_detections_quality_passing,0,,
20260917_053024,2026-09-17 05:30:24.079+00,0,,1800.0,True,group_total,,,,,,7651.279826720842,99.95638476997242,87.19445361029648,15.7874416205633,999.1431382635863,0.9457172155380249,47685.0,0.7333333333333333,0.7178910108136096,True,,,mask_clipped_by_roi;not_all_roi_detections_quality_passing,120794.13358694897,137597.6948633501,1.146361730950384,0,False,False,not_all_roi_detections_quality_passing,0,,
20260917_053024,2026-09-17 05:30:24.079+00,1,,1800.0,True,group_total,,,,,,7133.561743661727,88.15226522244771,77.70122346927093,54.618116650239244,960.3124632339103,0.9050076007843018,34515.0,1.1016949152542372,1.001002249122961,False,,,not_all_roi_detections_quality_passing,389621.70744700026,374108.91242151835,1.134502923976608,0,False,False,not_all_roi_detections_quality_passing,0,,
20260917_053024,2026-09-17 05:30:24.079+00,3,,1800.0,True,group_total,,,,,,7039.583891643633,104.92585974951989,82.15186998855724,65.49850416471213,949.4320757194374,0.9503130316734314,47241.0,0.6934865900383141,0.7383490899346962,False,,,not_all_roi_detections_quality_passing,461082.21484466095,564587.647167834,1.2772181541836454,0,False,False,not_all_roi_detections_quality_passing,0,,
20260917_053024,2026-09-17 05:30:24.079+00,4,,1800.0,True,group_total,,,,,,7830.0303204395605,111.69311588814107,87.37839860760535,70.15258296725847,944.7779969168911,0.9641812443733215,53176.0,0.6366782006920415,0.7368004362583519,False,,,not_all_roi_detections_quality_passing,549296.8516907857,684658.7356046375,1.2782692023199815,0,False,False,not_all_roi_detections_quality_passing,0,,
20260917_053024,2026-09-17 05:30:24.079+00,5,,1800.0,True,group_total,,,,,,6216.055897811552,99.59326709944163,77.47764414794432,55.81283232980377,959.1177475543458,0.9256818890571594,38420.0,1.3294117647058823,0.7855527136116087,False,,,not_all_roi_detections_quality_passing,346935.685577244,430665.86278544756,1.2854452170650326,0,False,False,not_all_roi_detections_quality_passing,0,,
20260917_053024,2026-09-17 05:30:24.079+00,6,,1800.0,True,group_total,,,,,,7230.441194623183,109.96785068627754,71.65937811113987,62.44868529039718,952.4818945937524,0.9416700601577759,39200.0,0.6530612244897959,0.9080858537128993,True,,,mask_clipped_by_roi;not_all_roi_detections_quality_passing,451531.5466737466,492109.8654240625,1.5345911949685536,0,False,False,not_all_roi_detections_quality_passing,0,,
20260917_053129,2026-09-17 05:31:29.526+00,0,,2050.0,True,group_total,,,,,,8917.25194808825,117.42697554309427,96.10821625756772,14.7504482232996,1000.18013166085,0.9480070471763611,60135.0,0.7403508771929824,0.6620776276601523,False,,,not_all_roi_detections_quality_passing,131533.46315439322,166469.09162194468,1.2218203616264482,0,False,False,not_all_roi_detections_quality_passing,0,,
20260917_053129,2026-09-17 05:31:29.526+00,1,,2050.0,True,group_total,,,,,,6893.698364301884,104.77403474861066,77.63734130456966,57.24257307149969,957.6880068126499,0.9120585918426514,40608.0,1.148936170212766,0.8267119511363072,False,,,not_all_roi_detections_quality_passing,394613.03235142847,465632.6981850335,1.3495314624129686,0,False,False,not_all_roi_detections_quality_passing,0,,
20260917_053129,2026-09-17 05:31:29.526+00,2,,2050.0,True,group_total,,,,,,7466.645603517934,126.53124788389282,78.97670263898296,52.21973387492983,962.7108460092197,0.9150773882865906,50634.0,0.5979381443298969,0.710645825055725,True,,,mask_clipped_by_roi;not_all_roi_detections_quality_passing,389906.24635412137,521832.88357977464,1.6021338401818375,0,False,False,not_all_roi_detections_quality_passing,0,,
20260917_053129,2026-09-17 05:31:29.526+00,3,,2050.0,True,group_total,,,,,,10026.039548321467,145.49602500200805,90.54249037894745,-91.15097748196683,1106.0815573661164,0.9361870884895325,48546.0,0.6236559139784946,0.7539860257818354,False,,,invalid_height_mm;not_all_roi_detections_quality_passing,-913883.3051023589,-1200784.0051927571,1.6069364161849713,0,False,False,not_all_roi_detections_quality_passing,0,,
20260917_053129,2026-09-17 05:31:29.526+00,6,,2050.0,True,group_total,,,,,,7727.555916685837,116.74065780587574,90.99325084390912,26.800811255357985,988.1297686287916,0.9456509947776794,50196.0,0.6312056737588653,0.7042173430761766,False,,,not_all_roi_detections_quality_passing,207104.76758832196,284694.6181631365,1.2829595241754141,0,False,False,not_all_roi_detections_quality_passing,0,,
20260917_053156,2026-09-17 05:31:56.057+00,0,,2050.0,True,group_total,,,,,,7888.482533101303,103.54399344063688,93.69389129165194,67.13263854632908,947.7979413378205,0.9532425403594971,55005.0,0.6771929824561403,0.7130523477746252,False,,,not_all_roi_detections_quality_passing,529574.6465737202,651283.2424316558,1.1051306762179764,0,False,False,not_all_roi_detections_quality_passing,0,,
20260917_053156,2026-09-17 05:31:56.057+00,1,,2050.0,True,group_total,,,,,,6982.101216120734,105.63777140868052,85.94031213651226,52.70036834622749,962.2302115379221,0.9305868744850159,47000.0,1.175,0.7166249795467295,False,,,not_all_roi_detections_quality_passing,367959.3059202056,478442.562690782,1.2291992987048934,0,False,False,not_all_roi_detections_quality_passing,0,,
20260917_053156,2026-09-17 05:31:56.057+00,2,,2050.0,True,group_total,,,,,,9125.811255568595,137.97990713319092,87.32588145286195,-35.39482268285758,1050.3254025670071,0.918965756893158,51798.0,0.6116838487972509,0.7133002719196455,True,,,invalid_height_mm;mask_clipped_by_roi;not_all_roi_detections_quality_passing,-323006.4712280763,-426479.89964912843,1.5800574221248684,0,False,False,not_all_roi_detections_quality_passing,0,,
20260917_053156,2026-09-17 05:31:56.057+00,3,,2050.0,True,group_total,,,,,,9314.124272345758,139.6842003118452,85.41839587414994,-46.96865631995945,1061.899236204109,0.9379271864891052,47709.0,0.6129032258064516,0.7732799232347142,False,,,invalid_height_mm;not_all_roi_detections_quality_passing,-437471.9018692003,-560411.2347584694,1.6352941176470588,0,False,False,not_all_roi_detections_quality_passing,0,,
20260917_053156,2026-09-17 05:31:56.057+00,6,,2050.0,True,group_total,,,,,,7025.432009597452,104.33665043633937,84.16496837044642,54.618116650239244,960.3124632339103,0.9473440051078796,48600.0,0.6666666666666666,0.700121270638925,False,,,not_all_roi_detections_quality_passing,383715.86501851835,479628.49345728627,1.23966838527294,0,False,False,not_all_roi_detections_quality_passing,0,,
20260917_053156,2026-09-17 05:31:56.057+00,8,,2050.0,True,group_total,,,,,,7335.90929074453,127.64264988965704,74.80887905620925,26.800811255357985,988.1297686287916,0.8212531208992004,45816.0,1.6626506024096386,0.7324373003948166,False,,,not_all_roi_detections_quality_passing,196608.3202876712,255915.6818727011,1.70625,0,False,False,not_all_roi_detections_quality_passing,0,,
20260917_053242,2026-09-17 05:32:42.36+00,0,,2050.0,True,group_total,,,,,,8334.178576549353,106.37342877217019,93.91876385701192,51.49788120359074,963.4326986805588,0.9517155289649963,58000.0,0.6896551724137931,0.6914386963679873,False,,,not_all_roi_detections_quality_passing,429192.5382646495,514487.5705292164,1.1326110396227111,0,False,False,not_all_roi_detections_quality_passing,0,,
20260917_053242,2026-09-17 05:32:42.36+00,1,,2050.0,True,group_total,,,,,,7116.196838944535,113.83935746199607,79.95121541287813,50.77494521158428,964.1556346725653,0.9204094409942627,44694.0,1.225130890052356,0.7650081774327143,False,,,not_all_roi_detections_quality_passing,361324.504612258,462132.9870013675,1.4238602487043546,0,False,False,not_all_roi_detections_quality_passing,0,,
20260917_053242,2026-09-17 05:32:42.36+00,2,,2050.0,True,group_total,,,,,,7839.95840722187,123.0792104717564,76.30002715592278,55.09635990882191,959.8342199753276,0.9475814700126648,46137.0,0.6190476190476191,0.8238223791665037,False,,,not_all_roi_detections_quality_passing,431953.17007449036,517407.0013792851,1.6130952380952384,0,False,False,not_all_roi_detections_quality_passing,0,,
20260917_053242,2026-09-17 05:32:42.36+00,3,,2050.0,True,group_total,,,,,,7248.812661687268,111.1314913740106,86.85561587194768,16.56377661532906,998.3668032688205,0.9448419213294983,48760.0,0.6943396226415094,0.6661692045867394,True,,,mask_clipped_by_roi;not_all_roi_detections_quality_passing,120067.71365455678,159880.1001071346,1.2794969013616015,0,False,False,not_all_roi_detections_quality_passing,0,,
20260917_053242,2026-09-17 05:32:42.36+00,5,,2050.0,True,group_total,,,,,,9452.940024204872,117.47636834177413,109.55021923893122,-66.63345699040599,1081.5640368745555,0.893947184085846,53956.0,0.6550522648083623,0.6689356124394906,True,,,invalid_height_mm;mask_clipped_by_roi;not_all_roi_detections_quality_passing,-629882.0725357427,-857543.399831097,1.072351741127563,0,False,False,not_all_roi_detections_quality_passing,0,,
20260917_053323,2026-09-17 05:33:23.521+00,0,,2050.0,True,group_total,,,,,,8310.316396991204,119.2757165278797,93.21123320081591,43.485462086539656,971.4451177976099,0.9537754654884338,57936.0,0.7183098591549296,0.6788817728069466,False,,,not_all_roi_detections_quality_passing,361377.94860850985,483464.2631918744,1.2796281352796826,0,False,False,not_all_roi_detections_quality_passing,0,,
20260917_053323,2026-09-17 05:33:23.521+00,1,,2050.0,True,group_total,,,,,,7028.202195195886,113.92370522949642,80.5625852303212,51.49788120359074,963.4326986805588,0.9235179424285889,45312.0,1.2291666666666667,0.7463626336243193,False,,,not_all_roi_detections_quality_passing,361937.5217230134,472646.94664525415,1.414101904796113,0,False,False,not_all_roi_detections_quality_passing,0,,
20260917_053323,2026-09-17 05:33:23.521+00,2,,2050.0,True,group_total,,,,,,7101.293096851714,119.37811443619168,74.26959367566627,51.97923653643136,962.9513433477182,0.9523354768753052,43460.0,0.6188679245283019,0.7870469972388403,False,,,not_all_roi_detections_quality_passing,369119.7935957824,460856.43847873673,1.6073618896787474,0,False,False,not_all_roi_detections_quality_passing,0,,
20260917_053323,2026-09-17 05:33:23.521+00,5,,2050.0,True,group_total,,,,,,7505.577150705723,127.68073053191168,77.92965141534678,55.574127066599544,959.35645281755,0.9152063131332397,49517.0,0.5767918088737202,0.7355825252900046,True,,,mask_clipped_by_roi;not_all_roi_detections_quality_passing,417115.898281486,552968.9454900264,1.6384101328954148,0,False,False,not_all_roi_detections_quality_passing,0,,
20260917_053323,2026-09-17 05:33:23.521+00,7,,2050.0,True,group_total,,,,,,7646.130609311169,127.30863889027884,75.19453783205982,29.327351190486638,985.6032286936629,0.8457021117210388,45999.0,1.5730994152046784,0.764276883299396,False,,,not_all_roi_detections_quality_passing,224240.75762759824,280748.2185186553,1.6930570033505776,0,False,False,not_all_roi_detections_quality_passing,0,,
20260917_053424,2026-09-17 05:34:24.106+00,0,,2300.0,True,group_total,,,,,,7873.7310664494125,99.04203829080859,94.23969113121795,65.84915001318666,949.0814298709629,0.9538867473602295,56000.0,0.7142857142857143,0.6971837167739868,False,,,not_all_roi_detections_quality_passing,518478.49815811554,614615.6252581336,1.0509588592868362,0,False,False,not_all_roi_detections_quality_passing,0,,
20260917_053424,2026-09-17 05:34:24.106+00,1,,2300.0,True,group_total,,,,,,6984.324804328498,112.93411754940651,79.7083947566536,47.3868481017912,967.5437317823583,0.9105297923088074,43428.0,1.2287234042553192,0.7673173679373942,False,,,not_all_roi_detections_quality_passing,330965.1385962871,426566.79765522777,1.416840947483507,0,False,False,not_all_roi_detections_quality_passing,0,,
20260917_053424,2026-09-17 05:34:24.106+00,2,,2300.0,True,group_total,,,,,,7126.120484052634,117.70305679681331,72.29006637914519,35.587534299567324,979.3430455845822,0.9434143304824829,40349.0,0.6108949416342413,0.8224553590358691,False,,,not_all_roi_detections_quality_passing,253601.0571490724,302805.8520082565,1.6282051282051282,0,False,False,not_all_roi_detections_quality_passing,0,,
20260917_053424,2026-09-17 05:34:24.106+00,4,,2300.0,True,group_total,,,,,,8692.527681989444,135.7975602706077,83.76776383935052,-20.44256742203254,1035.373147306182,0.9142290949821472,49419.0,0.5916955017301038,0.7328582341746396,True,,,invalid_height_mm;mask_clipped_by_roi;not_all_roi_detections_quality_passing,-177697.58320695345,-232543.56627738973,1.6211195577697373,0,False,False,not_all_roi_detections_quality_passing,0,,
20260917_053424,2026-09-17 05:34:24.106+00,5,,2300.0,True,group_total,,,,,,6549.354732534826,113.0416176735103,73.41903232960624,70.15258296725847,944.7779969168911,0.9441508054733276,42547.0,0.5793357933579336,0.7702499286720559,True,,,mask_clipped_by_roi;not_all_roi_detections_quality_passing,459454.15125615627,582224.7808011895,1.5396773028282784,0,False,False,not_all_roi_detections_quality_passing,0,,
20260917_053428,2026-09-17 05:34:28.289+00,0,,2300.0,True,group_total,,,,,,8116.892358401945,99.84326103949294,94.89663793005502,54.857297836598946,960.0732820475506,0.9545562863349915,58092.0,0.7304964539007093,0.6770587066952982,False,,,not_all_roi_detections_quality_passing,445270.7816124695,519761.365592963,1.0521264316348478,0,False,False,not_all_roi_detections_quality_passing,0,,
20260917_053428,2026-09-17 05:34:28.289+00,1,,2300.0,True,group_total,,,,,,6846.125811373817,112.5580758241074,79.05995363497014,58.19336781641164,956.7372120677379,0.9304640293121338,44694.0,1.225130890052356,0.7474324624159782,False,,,not_all_roi_detections_quality_passing,398399.1174587061,517853.25137733953,1.4237053103243944,0,False,False,not_all_roi_detections_quality_passing,0,,
20260917_053428,2026-09-17 05:34:28.289+00,2,,2300.0,True,group_total,,,,,,6543.501109168261,114.0524475402677,69.24612886373396,58.43077159111829,956.4998082930313,0.9525847434997559,38962.0,0.6086956521739131,0.8198998383039885,False,,,not_all_roi_detections_quality_passing,382341.8187160398,461468.14851071883,1.647058823529412,0,False,False,not_all_roi_detections_quality_passing,0,,
20260917_053428,2026-09-17 05:34:28.289+00,4,,2300.0,True,group_total,,,,,,7170.167048733945,126.02841672579355,77.0432370738938,62.91916288713401,952.0114169970155,0.9350893497467041,50274.0,0.5816326530612245,0.7028508214225546,True,,,mask_clipped_by_roi;not_all_roi_detections_quality_passing,451140.90846725204,610922.2437974839,1.6358141416736813,0,False,False,not_all_roi_detections_quality_passing,0,,
20260917_053428,2026-09-17 05:34:28.289+00,5,,2300.0,True,group_total,,,,,,6324.182061452922,120.40294486481136,69.68011058371737,67.83126110751175,947.0993187766378,0.9468186497688293,42818.0,0.5830258302583026,0.7354422482010294,True,,,mask_clipped_by_roi;not_all_roi_detections_quality_passing,428977.2447018551,569083.2877839525,1.7279384871261492,0,False,False,not_all_roi_detections_quality_passing,0,,
20260917_053428,2026-09-17 05:34:28.289+00,8,,2300.0,True,group_total,,,,,,7123.61768171142,122.02246997668763,72.2679491496721,66.19953695505387,948.7310429290957,0.8286475539207458,45560.0,1.576470588235294,0.7758759722152857,False,,,not_all_roi_detections_quality_passing,471580.19197413034,583768.2807114221,1.6884728487862628,0,False,False,not_all_roi_detections_quality_passing,0,,
20260917_053515,2026-09-17 05:35:15.081+00,0,,1750.0,True,group_total,,,,,,9199.326294437724,122.85720414346163,95.55454243194542,-5.369639126151128,1020.3002190103007,0.9560382962226868,57570.0,0.7087719298245614,0.6855915735512118,False,,,invalid_height_mm;not_all_roi_detections_quality_passing,-49397.06240484367,-63037.22178313147,1.2857285589637075,0,False,False,not_all_roi_detections_quality_passing,0,,
20260917_053515,2026-09-17 05:35:15.081+00,1,,1750.0,True,group_total,,,,,,7059.054727977727,112.94154275796075,79.6040894910412,55.81283232980377,959.1177475543458,0.9053322672843933,45162.0,1.2124352331606219,0.7589115544716105,False,,,not_all_roi_detections_quality_passing,393985.83793952945,501791.3346301011,1.4187907113826284,0,False,False,not_all_roi_detections_quality_passing,0,,
20260917_053515,2026-09-17 05:35:15.081+00,4,,1750.0,True,group_total,,,,,,7487.995380453222,128.42967727484336,74.64662357484374,42.995575491583736,971.9350043925658,0.881589412689209,48144.0,1.536723163841808,0.7353779223718767,False,,,not_all_roi_detections_quality_passing,321950.6706609068,412191.779278957,1.720502162379448,0,False,False,not_all_roi_detections_quality_passing,0,,
20260917_053515,2026-09-17 05:35:15.081+00,5,,1750.0,True,group_total,,,,,,6933.827443821387,120.04370305171673,70.74819001146804,50.2923848338703,964.6381950502793,0.9482282996177673,41496.0,0.5864661654135338,0.8020464553524126,False,,,not_all_roi_detections_quality_passing,348718.71817631635,427126.92342125037,1.696774193548387,0,False,False,not_all_roi_detections_quality_passing,0,,
20260917_053515,2026-09-17 05:35:15.081+00,8,,1750.0,True,group_total,,,,,,6850.892611995316,90.70137184045254,86.68240458424351,15.528394916320735,999.4021849678288,0.9233291745185852,38640.0,0.7304347826086957,0.7928501087686289,False,,,not_all_roi_detections_quality_passing,106383.36600836735,122087.54853893128,1.0463642797576425,0,False,False,not_all_roi_detections_quality_passing,0,,
20260917_053515,2026-09-17 05:35:15.081+00,9,,1750.0,True,group_total,,,,,,10574.426219478957,157.67376855624866,95.97161321279424,-115.4782844621601,1130.4088643463097,0.9285579323768616,55692.0,0.5947712418300654,0.6636735734896423,True,,,invalid_height_mm;mask_clipped_by_roi;not_all_roi_detections_quality_passing,-1221116.5989971152,-1747441.1808880272,1.6429208937714173,0,False,False,not_all_roi_detections_quality_passing,0,,
20260917_053659,2026-09-17 05:36:59.655+00,0,,2300.0,True,group_total,,,,,,8330.69908955935,103.43738101834082,96.73511917262464,43.485462086539656,971.4451177976099,0.9509359002113342,56304.0,0.7391304347826086,0.7002728605311037,False,,,not_all_roi_detections_quality_passing,362264.29941340355,435116.7242574039,1.0692846807141048,0,False,False,not_all_roi_detections_quality_passing,0,,
20260917_053659,2026-09-17 05:36:59.655+00,1,,2300.0,True,group_total,,,,,,11672.152173324264,142.31594000567313,102.7797064676005,-207.61754172096164,1222.5481216051112,0.9214206337928772,44160.0,1.1979166666666667,0.7898626679959504,False,,,invalid_height_mm;not_all_roi_detections_quality_passing,-2423343.5408185637,-3036861.3420834136,1.3846696482883587,0,False,False,not_all_roi_detections_quality_passing,0,,
20260917_053659,2026-09-17 05:36:59.655+00,2,,2300.0,True,group_total,,,,,,6908.036556929882,116.99501366004401,70.83682467697977,49.08386792701708,965.8467119571325,0.9340949654579163,40092.0,0.6070038910505836,0.8249775516312481,False,,,not_all_roi_detections_quality_passing,339073.15399535216,406785.26834574674,1.6516129032258065,0,False,False,not_all_roi_detections_quality_passing,0,,
20260917_053659,2026-09-17 05:36:59.655+00,3,,2300.0,True,group_total,,,,,,7755.669100120091,102.9986103413385,102.04491937010232,7.167383172798964,1007.7631967113506,0.9254339337348938,46655.0,1.0093023255813953,0.7310813863744257,False,,,not_all_roi_detections_quality_passing,55587.852201997615,75332.67252072906,1.0093457957252854,0,False,False,not_all_roi_detections_quality_passing,0,,
20260917_053659,2026-09-17 05:36:59.655+00,5,,2300.0,True,group_total,,,,,,9060.348561969391,145.80841206319548,85.61050175221008,-27.160316958487897,1042.0908968426374,0.9224592447280884,52850.0,1.7257142857142858,0.7050994029266155,False,,,invalid_height_mm;not_all_roi_detections_quality_passing,-246081.9386974687,-339034.93906169606,1.7031603492433842,0,False,False,not_all_roi_detections_quality_passing,0,,
20260917_053659,2026-09-17 05:36:59.655+00,10,,2300.0,True,group_total,,,,,,6392.37733199375,100.32090844452803,78.07781109709873,55.574127066599544,959.35645281755,0.8007346987724304,38406.0,0.7792792792792793,0.8077276692020205,True,,,mask_clipped_by_roi;not_all_roi_detections_quality_passing,355250.7901058712,435303.07531888894,1.2848837209302326,0,False,False,not_all_roi_detections_quality_passing,0,,
20260917_053712,2026-09-17 05:37:12.601+00,0,,2300.0,True,group_total,,,,,,7810.751318152575,102.42653091186972,94.08972723781929,70.15258296725847,944.7779969168911,0.9359133243560791,55074.0,0.7335766423357665,0.7096566664573868,False,,,not_all_roi_detections_quality_passing,547944.3798833219,676080.3903222347,1.0886048234891625,0,False,False,not_all_roi_detections_quality_passing,0,,
20260917_053712,2026-09-17 05:37:12.601+00,1,,2300.0,True,group_total,,,,,,7372.699393954504,102.02380235333848,89.86936105922325,51.25702302892057,963.673556855229,0.9070451259613037,45162.0,1.2124352331606219,0.7851544802480601,False,,,not_all_roi_detections_quality_passing,377902.62262123474,469966.1067746591,1.1352456627137422,0,False,False,not_all_roi_detections_quality_passing,0,,
20260917_053712,2026-09-17 05:37:12.601+00,2,,2300.0,True,group_total,,,,,,7161.511408280256,120.88270085322264,72.52962051193359,32.34219665169587,982.5883832324537,0.9466579556465149,40977.0,0.6015325670498084,0.8085053810674281,False,,,not_all_roi_detections_quality_passing,231619.01028996348,283562.680713125,1.6666666666666667,0,False,False,not_all_roi_detections_quality_passing,0,,
20260917_053712,2026-09-17 05:37:12.601+00,3,,2300.0,True,group_total,,,,,,8222.574030824397,112.02941222616188,96.00631073662717,-0.7991243110851656,1015.7297041952347,0.9239781498908997,50358.0,0.9437229437229437,0.706878299410886,False,,,invalid_height_mm;not_all_roi_detections_quality_passing,-6570.858807729319,-8595.005950575123,1.166896335944943,0,False,False,not_all_roi_detections_quality_passing,0,,
20260917_053712,2026-09-17 05:37:12.601+00,5,,2300.0,True,group_total,,,,,,7489.954800597868,132.897735273516,81.26044100149787,63.38917592934433,951.5414039548052,0.9198657274246216,56913.0,1.6994535519125684,0.6491932186540733,False,,,not_all_roi_detections_quality_passing,474782.06255793537,684560.5390498778,1.635454270683398,0,False,False,not_all_roi_detections_quality_passing,0,,
20260917_053712,2026-09-17 05:37:12.601+00,10,,2300.0,True,group_total,,,,,,8224.492432828694,142.5489788214084,78.6989153909859,-31.11941398855481,1046.0499938727044,0.871433436870575,46240.0,0.5536332179930796,0.7260190803699428,True,,,invalid_height_mm;mask_clipped_by_roi;not_all_roi_detections_quality_passing,-255941.38486293246,-349111.5905861509,1.811320754716981,0,False,False,not_all_roi_detections_quality_passing,0,,
20260917_053712,2026-09-17 05:37:12.601+00,11,,2300.0,True,group_total,,,,,,7569.618875796431,101.0437907713946,81.86418233793545,26.29394807575875,988.6366318083908,0.8914754390716553,38368.0,0.8073394495412844,0.9015567986740481,True,,,mask_clipped_by_roi;not_all_roi_detections_quality_passing,199035.16567347466,217500.04958670965,1.2342857142857142,0,False,False,not_all_roi_detections_quality_passing,0,,
20260917_053729,2026-09-17 05:37:29.07+00,0,,2300.0,True,group_total,,,,,,8221.118780622835,105.98027298974321,94.89709296284454,70.15258296725847,944.7779969168911,0.9455233812332153,59850.0,0.7368421052631579,0.6873356414259526,False,,,not_all_roi_detections_quality_passing,576732.7173413303,705539.947711693,1.1167915652720586,0,False,False,not_all_roi_detections_quality_passing,0,,
20260917_053729,2026-09-17 05:37:29.07+00,1,,2300.0,True,group_total,,,,,,7627.573246835299,103.30705174246043,89.58993028957366,36.8300400666119,978.1005398175377,0.9414143562316895,44814.0,1.190721649484536,0.7946343176143685,False,,,not_all_roi_detections_quality_passing,280923.8282919611,340872.0225305401,1.153110080659178,0,False,False,not_all_roi_detections_quality_passing,0,,
20260917_053729,2026-09-17 05:37:29.07+00,2,,2300.0,True,group_total,,,,,,7375.485734865411,117.43168644473249,68.77473269870787,26.16715102153171,988.7634288626178,0.9548210501670837,37296.0,0.5873015873015873,0.9034522804054054,False,,,not_all_roi_detections_quality_passing,192995.449081376,211334.62127084006,1.707482993197279,0,False,False,not_all_roi_detections_quality_passing,0,,
20260917_053729,2026-09-17 05:37:29.07+00,3,,2300.0,True,group_total,,,,,,8144.206128856169,108.64155296851246,86.62608112529459,3.46528798676934,1011.4652918973802,0.9407112002372742,41496.0,0.7982456140350878,0.8568448479841595,False,,,not_all_roi_detections_quality_passing,28222.019660098515,32612.490513037483,1.2541436892588393,0,False,False,not_all_roi_detections_quality_passing,0,,
20260917_053729,2026-09-17 05:37:29.07+00,6,,2300.0,True,group_total,,,,,,71030.94926759641,309.06757221177406,249.575692114672,-2051.6519399415592,3066.582519825709,0.9360167384147644,37541.0,0.7972350230414746,0.8986573013911691,True,,,invalid_height_mm;mask_clipped_by_roi;not_all_roi_detections_quality_passing,-145730784.86075467,-158255717.7838651,1.238372093023256,0,False,False,not_all_roi_detections_quality_passing,0,,
20260917_053729,2026-09-17 05:37:29.07+00,7,,2300.0,True,group_total,,,,,,6595.47475066441,118.56021685483442,67.16909624095183,62.213272068797096,952.7173078153525,0.9360281825065613,40050.0,0.5617977528089888,0.810358270080795,False,,,not_all_roi_detections_quality_passing,410326.0650859666,495440.5319483791,1.7651006711409394,0,False,False,not_all_roi_detections_quality_passing,0,,
20260917_053729,2026-09-17 05:37:29.07+00,8,,2300.0,True,group_total,,,,,,6860.120872126869,132.30846409120966,74.16599025181995,47.3868481017912,967.5437317823583,0.9281296133995056,47270.0,0.5620689655172414,0.6924152034519842,True,,,mask_clipped_by_roi;not_all_roi_detections_quality_passing,325079.50572740333,464997.10663792526,1.7839506172839505,0,False,False,not_all_roi_detections_quality_passing,0,,
20260917_053729,2026-09-17 05:37:29.07+00,11,,2300.0,True,group_total,,,,,,11880.21861286466,157.4880623303313,96.50958102963934,-166.40384470086917,1181.3344245850187,0.8177552223205566,49536.0,1.6744186046511629,0.7675725152326185,False,,,invalid_height_mm;not_all_roi_detections_quality_passing,-1976914.0530675063,-2529189.8262878456,1.6318386283530202,0,False,False,not_all_roi_detections_quality_passing,0,,
20260917_053734,2026-09-17 05:37:34.921+00,0,,2300.0,True,group_total,,,,,,8000.787213848055,106.48213183547153,93.33990624751057,70.15258296725847,944.7779969168911,0.9477288722991943,58374.0,0.7340425531914894,0.6858282382324796,True,,,mask_clipped_by_roi;not_all_roi_detections_quality_passing,561275.8888228564,697248.7812042019,1.140799644185538,0,False,False,not_all_roi_detections_quality_passing,0,,
20260917_053734,2026-09-17 05:37:34.921+00,1,,2300.0,True,group_total,,,,,,7447.862478371073,103.49344081315014,90.21772430230932,35.83628793065304,979.0942919534965,0.948882520198822,44776.0,1.2020725388601037,0.7749950967134057,False,,,not_all_roi_detections_quality_passing,266903.7442428129,334601.3673611233,1.147151977214094,0,False,False,not_all_roi_detections_quality_passing,0,,
20260917_053734,2026-09-17 05:37:34.921+00,2,,2300.0,True,group_total,,,,,,7375.873287323015,117.76433254708172,71.12965685843736,19.400045942797306,995.5305339413522,0.9475308656692505,38304.0,0.6031746031746031,0.8678042763157895,False,,,not_all_roi_detections_quality_passing,143092.28064231787,162505.19418771597,1.6556291390728477,0,False,False,not_all_roi_detections_quality_passing,0,,
20260917_053734,2026-09-17 05:37:34.921+00,3,,2300.0,True,group_total,,,,,,7072.923668216321,102.77580757628623,82.57968818356622,66.43298455419983,948.4975953299497,0.9473671913146973,42550.0,0.8043478260869565,0.8252557812342213,False,,,not_all_roi_detections_quality_passing,469875.42880364927,563829.6373748009,1.2445652173913044,0,False,False,not_all_roi_detections_quality_passing,0,,
20260917_053734,2026-09-17 05:37:34.921+00,6,,2300.0,True,group_total,,,,,,7318.280697386291,103.56702915077248,83.15150584857162,11.365303284067295,1003.5652766000823,0.9121406078338623,39550.0,0.7743362831858407,0.8206027343209866,True,,,mask_clipped_by_roi;not_all_roi_detections_quality_passing,83174.47964373071,97875.20090656084,1.2455219913801665,0,False,False,not_all_roi_detections_quality_passing,0,,
20260917_053734,2026-09-17 05:37:34.921+00,7,,2300.0,True,group_total,,,,,,6455.472601109705,117.6111697595339,67.21553589957142,67.13263854632908,947.7979413378205,0.923956036567688,40584.0,0.5692883895131086,0.7908667330908253,False,,,not_all_roi_detections_quality_passing,433372.9087760286,530703.5000208,1.7497616910361316,0,False,False,not_all_roi_detections_quality_passing,0,,
20260917_053734,2026-09-17 05:37:34.921+00,8,,2300.0,True,group_total,,,,,,13071.694809797298,175.02396801664054,99.48730813577463,-282.946264365317,1297.8768442494666,0.8873708844184875,46618.0,0.5699300699300699,0.7434862324965343,True,,,invalid_height_mm;mask_clipped_by_roi;not_all_roi_detections_quality_passing,-3698587.2153556487,-4926848.072211227,1.759259259259259,0,False,False,not_all_roi_detections_quality_passing,0,,
20260917_053734,2026-09-17 05:37:34.921+00,11,,2300.0,True,group_total,,,,,,7430.115383872087,100.67191789584878,91.1405874822629,35.83628793065304,979.0942919534965,0.8114966750144958,44038.0,1.1701030927835052,0.7861050218093341,False,,,not_all_roi_detections_quality_passing,266267.75425441476,328808.6116598877,1.1045783297747647,0,False,False,not_all_roi_detections_quality_passing,0,,
20260917_053734,2026-09-17 05:37:34.921+00,12,,2300.0,True,group_total,,,,,,12251.992248808367,165.3056462574796,99.9042757723941,-200.48617162804214,1215.4167515121917,0.802448570728302,50616.0,1.7309941520467835,0.731863508862079,False,,,invalid_height_mm;not_all_roi_detections_quality_passing,-2456355.020780036,-3310977.1725438903,1.65464035427358,0,False,False,not_all_roi_detections_quality_passing,0,,
20260917_053741,2026-09-17 05:37:41.449+00,0,,2300.0,True,group_total,,,,,,8348.812831780997,107.1658051275021,95.67401234471032,62.68398220111703,952.2465976830325,0.9458556175231934,60480.0,0.7291666666666666,0.6799480305777655,False,,,not_all_roi_detections_quality_passing,523336.8349478175,642697.776468616,1.1201140466586395,0,False,False,not_all_roi_detections_quality_passing,0,,
20260917_053741,2026-09-17 05:37:41.449+00,1,,2300.0,True,group_total,,,,,,7528.460910648025,112.19013898291489,79.95344165336502,47.872319116232916,967.0582607679166,0.9510423541069031,43659.0,1.2222222222222223,0.8235477302554939,False,,,not_all_roi_detections_quality_passing,360404.8831686277,429414.11513925676,1.4031933668260435,0,False,False,not_all_roi_detections_quality_passing,0,,
20260917_053741,2026-09-17 05:37:41.449+00,2,,2300.0,True,group_total,,,,,,6942.48274219532,114.41986054296255,68.74236680842019,59.14227653157934,955.7883033525702,0.9547712802886963,39015.0,0.6,0.8700043252595155,False,,,not_all_roi_detections_quality_passing,410594.23415463284,465183.1043174289,1.6644736842105263,0,False,False,not_all_roi_detections_quality_passing,0,,
20260917_053741,2026-09-17 05:37:41.449+00,3,,2300.0,True,group_total,,,,,,7748.511769191335,105.7488660960902,84.22476060750547,26.040321438557953,988.8902584455916,0.9384217262268066,41087.0,0.7973568281938326,0.8613492990905492,False,,,not_all_roi_detections_quality_passing,201773.73714019172,231932.62608327862,1.2555555555555555,0,False,False,not_all_roi_detections_quality_passing,0,,
20260917_053741,2026-09-17 05:37:41.449+00,6,,2300.0,True,group_total,,,,,,8647.89430092237,117.21940761498728,91.17065036721233,-86.09604891359857,1101.0266287977481,0.9307773113250732,39952.0,0.775330396475771,0.7975131255605481,True,,,invalid_height_mm;mask_clipped_by_roi;not_all_roi_detections_quality_passing,-744549.5307318426,-920105.859823349,1.2857142857142856,0,False,False,not_all_roi_detections_quality_passing,0,,
20260917_053741,2026-09-17 05:37:41.449+00,7,,2300.0,True,group_total,,,,,,6964.576775505948,123.91110946401164,71.34275999443095,22.98662017727463,991.9439597068749,0.9389505982398987,41004.0,0.5708955223880597,0.7710026452720671,False,,,not_all_roi_detections_quality_passing,160092.08103402331,203205.41271116585,1.7368421052631577,0,False,False,not_all_roi_detections_quality_passing,0,,
20260917_053741,2026-09-17 05:37:41.449+00,8,,2300.0,True,group_total,,,,,,7009.8264748263355,135.68739647060357,75.68956809924825,39.55248590112433,975.3780939830252,0.9197743535041809,48840.0,0.5574324324324325,0.6738252079750454,True,,,mask_clipped_by_roi;not_all_roi_detections_quality_passing,277256.0628148967,406208.7937228779,1.7926829268292683,0,False,False,not_all_roi_detections_quality_passing,0,,
20260917_053741,2026-09-17 05:37:41.449+00,12,,2300.0,True,group_total,,,,,,7609.019572417154,129.44248338450237,77.71579726596707,64.32781109970665,950.6027687844429,0.8655504584312439,50958.0,1.7426900584795322,0.7380398535046296,False,,,not_all_roi_detections_quality_passing,489471.5737084214,647120.1407400877,1.6655877947376756,0,False,False,not_all_roi_detections_quality_passing,0,,
20260917_053741,2026-09-17 05:37:41.449+00,13,,2300.0,True,group_total,,,,,,7496.719594009372,104.32938986641695,86.0259881354666,47.872319116232916,967.0582607679166,0.8065859079360962,43739.0,1.198952879581152,0.8185755642612911,False,,,not_all_roi_detections_quality_passing,358885.3527293327,429655.9241389565,1.2127659574468086,0,False,False,not_all_roi_detections_quality_passing,0,,
20260917_053750,2026-09-17 05:37:50.281+00,0,,2300.0,True,group_total,,,,,,8028.267214545778,97.6807666069548,94.31060268389729,48.35730319886477,966.5732766852848,0.9449058771133423,53133.0,0.7453183520599251,0.722353116506564,False,,,not_all_roi_detections_quality_passing,388225.3518552957,445483.53020934155,1.0357347300001185,0,False,False,not_all_roi_detections_quality_passing,0,,
20260917_053750,2026-09-17 05:37:50.281+00,1,,2300.0,True,group_total,,,,,,7151.855717737743,103.46613454883523,84.23791485391895,47.3868481017912,967.5437317823583,0.9141139388084412,42222.0,1.2204301075268817,0.8081656224656142,False,,,not_all_roi_detections_quality_passing,338903.9005423653,413012.93695654406,1.2282608695652173,0,False,False,not_all_roi_detections_quality_passing,0,,
20260917_053750,2026-09-17 05:37:50.281+00,2,,2300.0,True,group_total,,,,,,7174.211416934397,114.91891741898057,69.22826350540998,39.55248590112433,975.3780939830252,0.9464890956878662,37750.0,0.604,0.8922218543046357,False,,,not_all_roi_detections_quality_passing,283757.8959199829,314665.2241071323,1.66,0,False,False,not_all_roi_detections_quality_passing,0,,
20260917_053750,2026-09-17 05:37:50.281+00,6,,2300.0,True,group_total,,,,,,7220.562317948966,105.80197124149215,84.64157699319372,42.75044686500303,972.1801330191465,0.8890216946601868,42920.0,1.2540540540540541,0.7950225748309218,False,,,not_all_roi_detections_quality_passing,308682.2657089204,382840.7552415198,1.25,0,False,False,not_all_roi_detections_quality_passing,0,,
20260917_053750,2026-09-17 05:37:50.281+00,9,,2300.0,True,group_total,,,,,,8695.66013968816,136.28219463928613,93.8966026917356,-46.38391004451671,1061.3144899286663,0.8672453761100769,57240.0,0.7851851851851852,0.6023880976550984,False,,,invalid_height_mm;not_all_roi_detections_quality_passing,-403338.71769698523,-593548.6938268848,1.4514070875035092,0,False,False,not_all_roi_detections_quality_passing,0,,
20260917_053755,2026-09-17 05:37:55.85+00,0,,2300.0,True,group_total,,,,,,7580.248997295093,97.46671087823559,90.5142972505911,63.85872510474769,951.0718547794019,0.9453431963920593,55414.0,0.7657992565055762,0.6754589318308392,False,,,,484065.0369438067,563370.0281796928,1.0768101155157461,0,True,True,,6,383.3333333333333,0.16666666666666666
20260917_053755,2026-09-17 05:37:55.85+00,1,,2300.0,True,group_total,,,,,,7103.464287695271,102.4937927222953,84.72820198376411,52.21973387492983,962.7108460092197,0.9281564354896545,42940.0,1.1894736842105262,0.7972197864463177,False,,,,370941.014693515,453482.16232570325,1.2096774193548387,0,True,True,,6,383.3333333333333,0.16666666666666666
20260917_053755,2026-09-17 05:37:55.85+00,2,,2300.0,True,group_total,,,,,,7493.098383293831,119.22068479291397,72.19738680686423,11.103958159952754,1003.8266217241968,0.9481464624404907,38556.0,0.6071428571428571,0.8614174836601307,False,,,,83203.05093650433,95576.45259128576,1.6513157894736843,0,True,True,,6,383.3333333333333,0.16666666666666666
20260917_053755,2026-09-17 05:37:55.85+00,6,,2300.0,True,group_total,,,,,,6854.137965084895,120.38415791669809,73.1390574143745,54.857297836598946,960.0732820475506,0.9018642902374268,43416.0,0.6044776119402985,0.7649902548824244,False,,,,375999.4877638023,483006.6493688666,1.6459626658114161,0,True,True,,6,383.3333333333333,0.16666666666666666
20260917_053755,2026-09-17 05:37:55.85+00,8,,2300.0,True,group_total,,,,,,7108.392857894482,105.76173055173577,84.79173225268471,51.49788120359074,963.4326986805588,0.8978525996208191,43571.0,1.2459893048128343,0.7850417738864126,False,,,,366067.1709443029,461818.5967117985,1.2473118279569892,0,True,True,,6,383.3333333333333,0.16666666666666666
20260917_053755,2026-09-17 05:37:55.85+00,9,,2300.0,True,group_total,,,,,,7859.616214778616,130.14579866334455,86.82117523337426,5.319729328645167,1009.6108505555044,0.8257203698158264,52164.0,0.6847826086956522,0.6602130005325096,False,,,,41811.03088965292,60109.80911257641,1.499009870731584,0,True,True,,6,383.3333333333333,0.16666666666666666
20260917_053810,2026-09-17 05:38:10.719+00,0,,2300.0,True,group_total,,,,,,7827.995293605663,101.52778817215678,90.16019924541791,63.38917592934433,951.5414039548052,0.9457197785377502,56430.0,0.774074074074074,0.6843003499640993,False,,,,496210.1708404488,580249.6587030243,1.1260821185165757,0,True,True,,4,575.0,0.25
20260917_053810,2026-09-17 05:38:10.719+00,1,,2300.0,True,group_total,,,,,,6993.527355018085,100.16611985712042,83.77530024413707,52.70036834622749,962.2302115379221,0.916372537612915,41327.0,1.1818181818181819,0.8163305652690499,False,,,,368561.4676488711,442232.33549014863,1.1956521739130437,0,True,True,,4,575.0,0.25
20260917_053810,2026-09-17 05:38:10.719+00,2,,2300.0,True,group_total,,,,,,6871.824615472016,114.02438000057526,68.41462800034516,51.01604439504831,963.9145354891012,0.939174473285675,37901.0,0.601593625498008,0.8715774319938788,False,,,,350573.3096579062,397972.8738677386,1.6666666666666665,0,True,True,,4,575.0,0.25
20260917_053810,2026-09-17 05:38:10.719+00,9,,2300.0,True,group_total,,,,,,6958.742393493445,102.64168933777684,83.56668254879615,55.09635990882191,959.8342199753276,0.8992401957511902,41995.0,1.227027027027027,0.803345476148923,False,,,,383401.37542469165,472584.9207400535,1.2282609074237503,0,True,True,,4,575.0,0.25
20260917_053815,2026-09-17 05:38:15.096+00,0,,2300.0,True,group_total,,,,,,8107.435731259095,103.98314979374969,90.7751819474355,51.01604439504831,963.9145354891012,0.9471598267555237,59064.0,0.7753623188405797,0.6598500252157534,False,,,not_all_roi_detections_quality_passing,413609.3011959149,481545.00092004775,1.1455019705051368,0,False,False,not_all_roi_detections_quality_passing,0,,
20260917_053815,2026-09-17 05:38:15.096+00,1,,2300.0,True,group_total,,,,,,6891.8472846256245,109.54336883427983,77.4652778578759,52.21973387492983,962.7108460092197,0.9182457327842712,41327.0,1.1818181818181819,0.8036587414903166,False,,,not_all_roi_detections_quality_passing,359890.43110980786,443126.6095850483,1.4140963779315037,0,False,False,not_all_roi_detections_quality_passing,0,,
20260917_053815,2026-09-17 05:38:15.096+00,2,,2300.0,True,group_total,,,,,,6670.53593576709,112.88557011584012,68.36098269963226,64.44501030680624,950.4855695773433,0.9414929747581482,38709.0,0.6047430830039525,0.8519602999302488,False,,,not_all_roi_detections_quality_passing,429882.75713243155,497320.1148888802,1.6513157894736843,0,False,False,not_all_roi_detections_quality_passing,0,,
20260917_053815,2026-09-17 05:38:15.096+00,8,,2300.0,True,group_total,,,,,,6894.122613578598,101.5573728077633,83.79621792210065,52.460111114882125,962.4704687692674,0.8764752745628357,41440.0,1.2108108108108109,0.8021324157714844,False,,,not_all_roi_detections_quality_passing,361666.4383479548,446442.0371799168,1.2119565217391306,0,False,False,not_all_roi_detections_quality_passing,0,,
20260917_053815,2026-09-17 05:38:15.096+00,9,,2300.0,True,group_total,,,,,,7476.60038726661,123.20122888322184,82.90609011314552,36.08491522673057,978.845664657419,0.9057000279426575,50232.0,0.6594202898550725,0.6938361005240858,True,,,mask_clipped_by_roi;not_all_roi_detections_quality_passing,269792.4911586566,368576.0939685827,1.4860335195530727,0,False,False,not_all_roi_detections_quality_passing,0,,
20260917_053830,2026-09-17 05:38:30.362+00,0,,2300.0,True,group_total,,,,,,8239.442351333488,114.42969669734408,93.23704610326189,62.213272068797096,952.7173078153525,0.9470762014389038,60819.0,0.718213058419244,0.6666410784207916,False,,,not_all_roi_detections_quality_passing,512602.66869867954,663758.8064429943,1.2272986058632844,0,False,False,not_all_roi_detections_quality_passing,0,,
20260917_053830,2026-09-17 05:38:30.362+00,1,,2300.0,True,group_total,,,,,,7173.562068076718,104.01624512444671,87.13641587179528,50.77494521158428,964.1556346725653,0.9147884249687195,43968.0,1.1927083333333333,0.7839087263465448,False,,,not_all_roi_detections_quality_passing,364237.22097849456,460203.9352131361,1.193717277486911,0,False,False,not_all_roi_detections_quality_passing,0,,
20260917_053830,2026-09-17 05:38:30.362+00,2,,2300.0,True,group_total,,,,,,7304.015444962148,117.6580246576052,71.71982617805193,24.261284736137213,990.6692951480123,0.9396601915359497,38808.0,0.6111111111111112,0.8565340909090909,False,,,not_all_roi_detections_quality_passing,177204.7984273706,204726.74237972713,1.640523003576541,0,False,False,not_all_roi_detections_quality_passing,0,,
20260917_053830,2026-09-17 05:38:30.362+00,5,,2300.0,True,group_total,,,,,,6453.266585556989,113.11218496057066,77.08048088038888,51.01604439504831,963.9145354891012,0.8999403715133667,42330.0,0.6827309236947792,0.7328513904466095,False,,,not_all_roi_detections_quality_passing,329220.1346218572,444795.7090545242,1.467455621301775,0,False,False,not_all_roi_detections_quality_passing,0,,
20260917_053830,2026-09-17 05:38:30.362+00,6,,2300.0,True,group_total,,,,,,7442.431875738266,122.21283537491098,80.08644136310454,36.581791198637916,978.3487886855116,0.908686637878418,48024.0,0.6304347826086957,0.7231539312092916,True,,,mask_clipped_by_roi;not_all_roi_detections_quality_passing,272257.4888883444,358047.6130093379,1.5260115606936417,0,False,False,not_all_roi_detections_quality_passing,0,,
20260917_053830,2026-09-17 05:38:30.362+00,7,,2300.0,True,group_total,,,,,,7182.166902465346,102.19139871875467,86.68020427037227,50.77494521158428,964.1556346725653,0.8488312363624573,43425.0,1.16580310880829,0.7946630427174411,False,,,not_all_roi_detections_quality_passing,364674.1309731319,449763.00823622383,1.1789473684210525,0,False,False,not_all_roi_detections_quality_passing,0,,
20260917_053839,2026-09-17 05:38:39.357+00,0,,2300.0,True,group_total,,,,,,17186.327540147468,165.3328881742937,133.48081050955935,-361.5001387092858,1376.4307185934354,0.9476903080940247,59328.0,0.7152777777777778,0.6829301720684015,False,,,invalid_height_mm;not_all_roi_detections_quality_passing,-6212859.789666528,-7977862.663279907,1.238626642609825,0,False,False,not_all_roi_detections_quality_passing,0,,
20260917_053839,2026-09-17 05:38:39.357+00,1,,2300.0,True,group_total,,,,,,7167.765002883971,103.8718048231432,86.94115822201412,47.872319116232916,967.0582607679166,0.9207583665847778,43548.0,1.193717277486911,0.7860893329400667,False,,,not_all_roi_detections_quality_passing,343137.5335682276,432322.22863272665,1.194736842105263,0,False,False,not_all_roi_detections_quality_passing,0,,
20260917_053839,2026-09-17 05:38:39.357+00,2,,2300.0,True,group_total,,,,,,7490.0915991040765,120.07087458861834,72.9001681449321,7.957166242322046,1006.9734136418275,0.9372581839561462,38962.0,0.6086956521739131,0.8467818002155947,False,,,not_all_roi_detections_quality_passing,59599.90402429091,69650.56368596476,1.6470589525926282,0,False,False,not_all_roi_detections_quality_passing,0,,
20260917_053839,2026-09-17 05:38:39.357+00,5,,2300.0,True,group_total,,,,,,6154.361918849228,109.98369924878331,75.41738946496137,66.19953695505387,948.7310429290957,0.9004799127578735,41574.0,0.6869918699186992,0.7345758312311776,False,,,not_all_roi_detections_quality_passing,407415.9092816357,549104.2056337591,1.45833341659063,0,False,False,not_all_roi_detections_quality_passing,0,,
20260917_053839,2026-09-17 05:38:39.357+00,6,,2300.0,True,group_total,,,,,,8761.691083184522,132.57669916771732,87.88228164526716,-46.38391004451671,1061.3144899286663,0.8464041948318481,48752.0,0.6353790613718412,0.7126379562355395,True,,,invalid_height_mm;mask_clipped_by_roi;not_all_roi_detections_quality_passing,-406401.491040275,-540425.5602865369,1.5085714285714287,0,False,False,not_all_roi_detections_quality_passing,0,,
20260917_053839,2026-09-17 05:38:39.357+00,8,,2300.0,True,group_total,,,,,,7899.078888826949,130.41699144103373,83.77149815190488,9.008286715852137,1005.9222931682974,0.92866051197052,50268.0,0.6232394366197183,0.693613625164674,False,,,not_all_roi_detections_quality_passing,71157.16742168786,98417.57506707536,1.5568181818181819,0,False,False,not_all_roi_detections_quality_passing,0,,
20260917_053839,2026-09-17 05:38:39.357+00,9,,2300.0,True,group_total,,,,,,7211.112461996618,101.99327165001385,88.21039520802995,43.9748550929869,970.9557247911627,0.8709242343902588,43039.0,1.1554404145077721,0.7937849861956371,False,,,not_all_roi_detections_quality_passing,317107.62557553325,395635.9138564223,1.1562500248352727,0,False,False,not_all_roi_detections_quality_passing,0,,
20260917_053843,2026-09-17 05:38:43.936+00,0,,2300.0,True,group_total,,,,,,8437.275547816653,112.99184832297061,93.19508303118184,66.66631729597839,948.2642625881712,0.9465320110321045,60651.0,0.7064846416382252,0.6909826406711062,False,,,,562482.0887843448,702015.3001142548,1.212422851591484,0,True,True,,5,460.0,0.2
20260917_053843,2026-09-17 05:38:43.936+00,1,,2300.0,True,group_total,,,,,,7230.041777989169,102.51939696729214,85.20500992392724,51.97923653643136,962.9513433477182,0.9105648994445801,42488.0,1.202127659574468,0.8196481608823741,False,,,,375812.05174637976,454047.27196573734,1.2032085561497328,0,True,True,,5,460.0,0.2
20260917_053843,2026-09-17 05:38:43.936+00,2,,2300.0,True,group_total,,,,,,6888.989192101716,112.97093597835214,68.7847231158515,52.21973387492983,962.7108460092197,0.9353126883506775,37848.0,0.6104417670682731,0.8771673866518707,False,,,,359741.18227881944,405782.55710329587,1.6423841059602649,0,True,True,,5,460.0,0.2
20260917_053843,2026-09-17 05:38:43.936+00,4,,2300.0,True,group_total,,,,,,6256.681632515688,107.55606735194004,75.9219298954871,59.85272373426949,955.0778561498801,0.8856732249259949,41067.0,0.6954732510288066,0.7459937067844876,False,,,,374479.43724423967,488749.2143330736,1.4166666666666665,0,True,True,,5,460.0,0.2
20260917_053843,2026-09-17 05:38:43.936+00,6,,2300.0,True,group_total,,,,,,7232.2946758492035,101.2283360281507,86.63686416823708,51.25702302892057,963.673556855229,0.8199805617332458,42816.0,1.1614583333333333,0.8124034778954202,False,,,,370705.89475194225,449529.5046256914,1.1684210526315788,0,True,True,,5,460.0,0.2
20260917_053850,2026-09-17 05:38:50.591+00,0,,2300.0,True,group_total,,,,,,10978.970090226192,130.87261155627453,107.67552843802925,-82.96011433997921,1097.8906942241288,0.9438894391059875,61360.0,0.7050847457627119,0.6630093912723944,False,,,invalid_height_mm;not_all_roi_detections_quality_passing,-910816.6140203768,-1169055.4815623672,1.2154350524650173,0,False,False,not_all_roi_detections_quality_passing,0,,
20260917_053850,2026-09-17 05:38:50.591+00,1,,2300.0,True,group_total,,,,,,7168.431689894269,102.71843509657603,85.44719379715174,54.378816260696794,960.5517636234528,0.912157416343689,42903.0,1.2010582010582012,0.8088287487954295,False,,,not_all_roi_detections_quality_passing,389810.8297421167,477282.98072203604,1.202127659574468,0,False,False,not_all_roi_detections_quality_passing,0,,
20260917_053850,2026-09-17 05:38:50.591+00,2,,2300.0,True,group_total,,,,,,7378.1777341435145,118.20486176214553,72.52409845167494,19.657089716084556,995.273490168065,0.9361141920089722,39060.0,0.6150793650793651,0.8517137096774193,False,,,not_all_roi_detections_quality_passing,145033.50166127653,168514.35329331682,1.62987012987013,0,False,False,not_all_roi_detections_quality_passing,0,,
20260917_053850,2026-09-17 05:38:50.591+00,4,,2300.0,True,group_total,,,,,,6138.268657704137,108.1116572327391,76.57908653028316,62.91916288713401,952.0114169970155,0.8934076428413391,41895.0,0.6979591836734694,0.7220396075332374,False,,,not_all_roi_detections_quality_passing,386214.725519076,520913.5352212429,1.4117647798003754,0,False,False,not_all_roi_detections_quality_passing,0,,
20260917_053850,2026-09-17 05:38:50.591+00,7,,2300.0,True,group_total,,,,,,7162.737938283028,101.35491604662148,86.81071284710629,54.378816260696794,960.5517636234528,0.8891276121139526,43008.0,1.1666666666666667,0.8062132000923157,False,,,not_all_roi_detections_quality_passing,389501.21026941494,478462.4834751855,1.1675392670157068,0,False,False,not_all_roi_detections_quality_passing,0,,
20260917_053850,2026-09-17 05:38:50.591+00,8,,2300.0,True,group_total,,,,,,8636.640295843692,136.39680982588462,86.61695222519681,-37.11478786173359,1052.0453677458831,0.9064088463783264,49350.0,0.6205673758865248,0.7062368514689993,False,,,invalid_height_mm;not_all_roi_detections_quality_passing,-320547.0724183387,-438484.3460086624,1.5747126436781607,0,False,False,not_all_roi_detections_quality_passing,0,,
20260917_053850,2026-09-17 05:38:50.591+00,9,,2300.0,True,group_total,,,,,,7434.709605701868,122.36812487348138,81.11523429113349,35.338654237157016,979.5919256469925,0.9122948050498962,48576.0,0.6376811594202898,0.7123829286560239,True,,,mask_clipped_by_roi;not_all_roi_detections_quality_passing,262732.6321095683,350768.6237280555,1.5085714285714285,0,False,False,not_all_roi_detections_quality_passing,0,,
20260917_053902,2026-09-17 05:39:02.031+00,0,,2300.0,True,group_total,,,,,,8683.963895795492,117.1198876450616,90.65765361647027,-20.720743979610802,1035.6513238637604,0.9275503754615784,44640.0,0.775,0.8100807851360691,False,,,invalid_height_mm;not_all_roi_detections_quality_passing,-179938.192612962,-220009.0097799212,1.291891891891892,0,False,False,not_all_roi_detections_quality_passing,0,,
20260917_053902,2026-09-17 05:39:02.031+00,1,,2300.0,True,group_total,,,,,,6829.737095827331,116.06440455312841,71.18012310484828,56.766466679845394,958.1641132043042,0.947912871837616,40606.0,0.6147859922178989,0.8182680823031079,False,,,not_all_roi_detections_quality_passing,387700.04328238626,468974.9499105868,1.6305732484076434,0,False,False,not_all_roi_detections_quality_passing,0,,
20260917_053902,2026-09-17 05:39:02.031+00,2,,2300.0,True,group_total,,,,,,6563.778491695737,109.49009438805045,75.6968511354096,62.68398220111703,952.2465976830325,0.8723756670951843,41236.0,0.6926229508196722,0.7840435082841445,False,,,not_all_roi_detections_quality_passing,411443.77414553036,519528.3156518876,1.446428652523341,0,False,False,not_all_roi_detections_quality_passing,0,,
20260917_053902,2026-09-17 05:39:02.031+00,4,,2300.0,True,group_total,,,,,,7386.792206926801,96.77047510162532,96.29610995663462,12.409324378059637,1002.5212555060899,0.9259783029556274,42228.0,1.0147058823529411,0.7773736719043122,False,,,not_all_roi_detections_quality_passing,91665.1006090777,115637.78219445281,1.0049261091149406,0,False,False,not_all_roi_detections_quality_passing,0,,
20260917_053902,2026-09-17 05:39:02.031+00,5,,2300.0,True,group_total,,,,,,9230.340903421351,117.33232153755296,96.75745649118086,-160.28107481734912,1175.2116547014987,0.9208338856697083,37450.0,0.8177570093457944,0.797068005142925,False,,,invalid_height_mm;not_all_roi_detections_quality_passing,-1479448.9609309155,-1819635.29910925,1.2126437154561565,0,False,False,not_all_roi_detections_quality_passing,0,,
20260917_053902,2026-09-17 05:39:02.031+00,8,,2300.0,True,group_total,,,,,,7467.094016313011,100.15555479108266,80.85952777230521,43.9748550929869,970.9557247911627,0.8375675678253174,39471.0,0.7937219730941704,0.896264662702386,True,,,mask_clipped_by_roi;not_all_roi_detections_quality_passing,328364.3773330742,356131.7212184056,1.238636405014802,0,False,False,not_all_roi_detections_quality_passing,0,,
20260917_053902,2026-09-17 05:39:02.031+00,11,,2300.0,True,group_total,,,,,,13814.543535980903,173.9099843768774,106.042673400535,-265.69873155137077,1280.6293114355203,0.8347902894020081,50688.0,1.6363636363636365,0.7422430592052864,False,,,invalid_height_mm;not_all_roi_detections_quality_passing,-3670506.6944713145,-4899984.036902944,1.64,0,False,False,not_all_roi_detections_quality_passing,0,,
20260917_053916,2026-09-17 05:39:16.431+00,0,,,False,group_total,,,,,,7576.649147524893,112.20770333450724,86.72627269679046,70.15258296725847,944.7779969168911,0.9433313608169556,49140.0,0.7738095238095238,0.7715145502334986,False,,,scale_not_stable;not_all_roi_detections_quality_passing,531521.5079355482,682679.7506201568,1.2938144329896908,0,False,False,not_all_roi_detections_quality_passing,0,,
20260917_053916,2026-09-17 05:39:16.431+00,1,,,False,group_total,,,,,,6954.648576488704,113.26549127335605,70.11673269302993,65.03057312690066,949.9000067572489,0.9501616954803467,39721.0,0.6205533596837944,0.8666841846882002,False,,,scale_not_stable;not_all_roi_detections_quality_passing,452264.78282524424,516460.2072203178,1.6153846153846154,0,False,False,not_all_roi_detections_quality_passing,0,,
20260917_053916,2026-09-17 05:39:16.431+00,2,,,False,group_total,,,,,,6479.358853745667,120.27393934417694,78.61130421581707,57.955846164955005,956.9747337191945,0.8750641345977783,47082.0,0.6654135338345865,0.6711781728916355,False,,,scale_not_stable;not_all_roi_detections_quality_passing,375516.7249752231,547966.2219231903,1.5299827492237064,0,False,False,not_all_roi_detections_quality_passing,0,,
20260917_053916,2026-09-17 05:39:16.431+00,3,,,False,group_total,,,,,,15122.891075797896,149.1787823280061,121.1280674627405,-332.3935121888725,1347.324092073022,0.9316868185997009,44885.0,0.8127659574468085,0.8289934141115076,True,,,invalid_height_mm;mask_clipped_by_roi;scale_not_stable;not_all_roi_detections_quality_passing,-5026750.879134218,-6006263.548464818,1.231578984564367,0,False,False,not_all_roi_detections_quality_passing,0,,
20260917_053916,2026-09-17 05:39:16.431+00,6,,,False,group_total,,,,,,12340.618237695273,161.97851716480886,101.65785678586026,-217.78263643210119,1232.7132163162507,0.9094575047492981,49855.0,0.5728813559322034,0.7275548321088187,True,,,invalid_height_mm;mask_clipped_by_roi;scale_not_stable;not_all_roi_detections_quality_passing,-2687572.3750073467,-3586093.5872293157,1.5933693891069587,0,False,False,not_all_roi_detections_quality_passing,0,,
20260917_053916,2026-09-17 05:39:16.431+00,7,,,False,group_total,,,,,,6355.170134574806,84.79173225268471,79.32129791380181,51.49788120359074,963.4326986805588,0.9357302188873291,33950.0,0.9020618556701031,0.9007541585705944,False,,,scale_not_stable;not_all_roi_detections_quality_passing,327277.7966189411,346363.94753384887,1.0689655172413794,0,False,False,not_all_roi_detections_quality_passing,0,,
20260917_053920,2026-09-17 05:39:20.636+00,0,,2050.0,True,group_total,,,,,,7766.684899135038,122.04264147538039,89.40852855339223,70.15258296725847,944.7779969168911,0.8953362107276917,55677.0,0.7256317689530686,0.6980104999839248,False,,,not_all_roi_detections_quality_passing,544853.0067671242,765480.6420474916,1.365,0,False,False,not_all_roi_detections_quality_passing,0,,
20260917_053920,2026-09-17 05:39:20.636+00,1,,2050.0,True,group_total,,,,,,6759.266591873478,115.73975357985302,72.48818937787027,59.14227653157934,955.7883033525702,0.8303072452545166,41600.0,0.6153846153846154,0.7944095552884616,False,,,not_all_roi_detections_quality_passing,399758.4139272471,496189.8120766338,1.5966705000247516,0,False,False,not_all_roi_detections_quality_passing,0,,
20260917_053920,2026-09-17 05:39:20.636+00,2,,2050.0,True,group_total,,,,,,7383.8567552517225,92.24991238195548,89.98528559579995,70.15258296725847,944.7779969168911,0.9434351921081543,43005.0,0.7787234042553192,0.8591448818136268,True,,,mask_clipped_by_roi;not_all_roi_detections_quality_passing,517996.6236411484,582346.0415973957,1.0251666344242978,0,False,False,not_all_roi_detections_quality_passing,0,,
20260917_053920,2026-09-17 05:39:20.636+00,5,,2050.0,True,group_total,,,,,,10316.38206064342,151.14332899325663,96.20650627033369,-111.51425571518291,1126.4448355993325,0.9501304626464844,52896.0,0.5723684210526315,0.6865092072426299,True,,,invalid_height_mm;mask_clipped_by_roi;not_all_roi_detections_quality_passing,-1150423.667166116,-1621525.6285287559,1.5710302229306012,0,False,False,not_all_roi_detections_quality_passing,0,,
20260917_053920,2026-09-17 05:39:20.636+00,6,,2050.0,True,group_total,,,,,,6221.611693656073,83.23236049897844,81.43850093920106,70.15258296725847,944.7779969168911,0.9309362769126892,36064.0,0.9387755102040817,0.8632391017416249,False,,,not_all_roi_detections_quality_passing,436462.1305292731,475516.56278224726,1.022027168220061,0,False,False,not_all_roi_detections_quality_passing,0,,
20260917_053920,2026-09-17 05:39:20.636+00,8,,2050.0,True,group_total,,,,,,9737.611315231043,154.6946554420367,87.79967146021148,-89.5663334169725,1104.496913301122,0.8372949957847595,53757.0,1.6408839779005524,0.6632084259198402,False,,,invalid_height_mm;not_all_roi_detections_quality_passing,-872162.1417448677,-1216502.4729902868,1.761904718654218,0,False,False,not_all_roi_detections_quality_passing,0,,
20260917_053956,2026-09-17 05:39:56.406+00,0,,1800.0,True,group_total,,,,,,7650.097784424339,106.85327725552916,89.45854817208755,36.33341628401854,978.597163600131,0.939818263053894,48573.0,0.7354085603112841,0.734557488652158,False,,,not_all_roi_detections_quality_passing,277954.1874149374,347308.9117629778,1.1944445716912389,0,False,False,not_all_roi_detections_quality_passing,0,,
20260917_053956,2026-09-17 05:39:56.406+00,1,,1800.0,True,group_total,,,,,,7803.658323259942,100.66571123113286,81.35995839228546,43.485462086539656,971.4451177976099,0.9567952752113342,40050.0,0.7911111111111111,0.9221908792217126,True,,,mask_clipped_by_roi;not_all_roi_detections_quality_passing,339345.6881524298,356152.80855296925,1.2372881355932204,0,False,False,not_all_roi_detections_quality_passing,0,,
20260917_053956,2026-09-17 05:39:56.406+00,3,,1800.0,True,group_total,,,,,,6307.892403825524,109.8321549179085,72.02108519207114,63.624008457467426,951.3065714266821,0.9204543828964233,39928.0,0.6491935483870968,0.7796996933882233,False,,,not_all_roi_detections_quality_passing,401333.3996497896,503280.60316469276,1.5250000000000001,0,False,False,not_all_roi_detections_quality_passing,0,,
20260917_053956,2026-09-17 05:39:56.406+00,4,,1800.0,True,group_total,,,,,,7248.457417363814,109.34529596514865,68.96466799461658,56.05141883417048,958.8791610499791,0.9451755881309509,37026.0,0.6322314049586777,0.9509828203096515,True,,,mask_clipped_by_roi;not_all_roi_detections_quality_passing,406286.32260230876,422681.62132479675,1.5855263157894737,0,False,False,not_all_roi_detections_quality_passing,0,,
20260917_053956,2026-09-17 05:39:56.406+00,5,,1800.0,True,group_total,,,,,,7417.213733664793,127.56754958734695,78.86638673076642,43.24058053428416,971.6899993498654,0.9063899517059326,52074.0,1.3282828282828283,0.6737922728233369,False,,,not_all_roi_detections_quality_passing,320724.627790531,435034.473744753,1.6175148231760161,0,False,False,not_all_roi_detections_quality_passing,0,,
20260917_054013,2026-09-17 05:40:13.127+00,0,,,False,group_total,,,,,,7480.02082884703,98.50515924893097,94.05653839412784,55.574127066599544,959.35645281755,0.9468120336532593,52920.0,0.725925925925926,0.6859375953674316,False,,,scale_not_stable;not_all_roi_detections_quality_passing,415695.6280031561,514897.3045534992,1.047297305756267,0,False,False,not_all_roi_detections_quality_passing,0,,
20260917_054013,2026-09-17 05:40:13.127+00,1,,,False,group_total,,,,,,7886.654386293381,107.19771524374583,87.32332998102723,42.13708400505402,972.7934958790955,0.94607013463974,46782.0,0.915929203539823,0.7956724946003809,True,,,mask_clipped_by_roi;scale_not_stable;not_all_roi_detections_quality_passing,332320.618394072,394439.4057604463,1.22759536617576,0,False,False,not_all_roi_detections_quality_passing,0,,
20260917_054013,2026-09-17 05:40:13.127+00,3,,,False,group_total,,,,,,6880.960024413294,117.54037951347162,76.83573446795032,48.35730319886477,966.5732766852848,0.8974536657333374,43940.0,0.65,0.7486538315340232,False,,,scale_not_stable;not_all_roi_detections_quality_passing,332744.6701998216,436729.3795752435,1.5297619047619049,0,False,False,not_all_roi_detections_quality_passing,0,,
20260917_054013,2026-09-17 05:40:13.127+00,4,,,False,group_total,,,,,,7730.951318805451,113.70094519205779,83.43593339995519,41.277074599755565,973.653505284394,0.9526540040969849,47241.0,0.6934865900383141,0.7710217510835552,True,,,mask_clipped_by_roi;scale_not_stable;not_all_roi_detections_quality_passing,319111.05431341124,391585.06004552025,1.362733543676265,0,False,False,not_all_roi_detections_quality_passing,0,,
20260917_054013,2026-09-17 05:40:13.127+00,5,,,False,group_total,,,,,,11205.87540887725,160.6602146493971,98.48691620015666,-147.8731086289473,1162.8036885130969,0.8546738624572754,53326.0,1.60989010989011,0.6941536582652338,False,,,invalid_height_mm;scale_not_stable;not_all_roi_detections_quality_passing,-1657047.6316193547,-2339785.7131702323,1.6312848533391437,0,False,False,not_all_roi_detections_quality_passing,0,,
20260917_054013,2026-09-17 05:40:13.127+00,6,,,False,group_total,,,,,,7252.1675490299685,116.76967611852979,77.23363532476343,52.21973387492983,962.7108460092197,0.8966892957687378,45496.0,1.2872340425531914,0.7681826988422789,False,,,scale_not_stable;not_all_roi_detections_quality_passing,378706.2594267471,470946.1024678923,1.5119018498549157,0,False,False,not_all_roi_detections_quality_passing,0,,
20260917_054013,2026-09-17 05:40:13.127+00,7,,,False,group_total,,,,,,7278.140778569511,120.39501948499358,76.80260488606463,51.25702302892057,963.673556855229,0.8389032483100891,46683.0,1.306878306878307,0.7498310962562029,False,,,scale_not_stable;not_all_roi_detections_quality_passing,373055.82949486334,473955.80897567206,1.5675903136826879,0,False,False,not_all_roi_detections_quality_passing,0,,
20260917_054019,2026-09-17 05:40:19.564+00,0,,2100.0,True,group_total,,,,,,7235.135232632046,98.43530287370174,87.33946928078846,70.15258296725847,944.7779969168911,0.9528957605361938,46620.0,0.7341269841269841,0.7765626168465829,False,,,not_all_roi_detections_quality_passing,507563.42468655447,603121.8973816377,1.1270426038111268,0,False,False,not_all_roi_detections_quality_passing,0,,
20260917_054019,2026-09-17 05:40:19.564+00,1,,2100.0,True,group_total,,,,,,8302.379187943321,111.6647780183195,88.48618248715148,31.464773679042764,983.4658062051068,0.9508028030395508,47174.0,0.8995633187772926,0.8127237845484033,True,,,mask_clipped_by_roi;not_all_roi_detections_quality_passing,261232.48214623146,310896.8187639497,1.2619459318920627,0,False,False,not_all_roi_detections_quality_passing,0,,
20260917_054019,2026-09-17 05:40:19.564+00,3,,2100.0,True,group_total,,,,,,7010.027546940213,116.52785113981423,74.65065463644349,52.940505658814914,961.9900742253346,0.9065481424331665,42405.0,0.642023346303502,0.7978534219456428,False,,,not_all_roi_detections_quality_passing,371114.4030172368,460523.1255044356,1.5609756097560976,0,False,False,not_all_roi_detections_quality_passing,0,,
20260917_054019,2026-09-17 05:40:19.564+00,4,,2100.0,True,group_total,,,,,,11873.178947522538,142.21055206786232,101.4821108433609,-199.52884904493555,1214.459428929085,0.956530749797821,45666.0,0.686046511627907,0.7873533071222983,True,,,invalid_height_mm;mask_clipped_by_roi;not_all_roi_detections_quality_passing,-2369041.729903731,-2879565.8325311043,1.4013361654190102,0,False,False,not_all_roi_detections_quality_passing,0,,
20260917_054019,2026-09-17 05:40:19.564+00,5,,2100.0,True,group_total,,,,,,7571.055319071492,132.5099570714942,80.50092955196575,59.14227653157934,955.7883033525702,0.8982133865356445,53802.0,1.6065573770491803,0.6880123174162603,False,,,not_all_roi_detections_quality_passing,447769.44731641083,630880.9970504262,1.6460674157303372,0,False,False,not_all_roi_detections_quality_passing,0,,
20260917_054019,2026-09-17 05:40:19.564+00,6,,2100.0,True,group_total,,,,,,7320.489027072778,118.53737183985356,77.84543801360698,42.50519456101233,972.4253853231372,0.8488015532493591,46360.0,1.2842105263157895,0.7458400983045181,False,,,not_all_roi_detections_quality_passing,311158.8103774843,392220.6626519637,1.5227272768268558,0,False,False,not_all_roi_detections_quality_passing,0,,
20260917_054019,2026-09-17 05:40:19.564+00,10,,2100.0,True,group_total,,,,,,7353.914084677257,124.78090793836768,75.83404550767393,42.995575491583736,971.9350043925658,0.8803824782371521,47690.0,1.3210526315789475,0.7290854295861373,False,,,not_all_roi_detections_quality_passing,316185.76818636194,406851.69766177237,1.6454470693606953,0,False,False,not_all_roi_detections_quality_passing,0,,
20260917_054033,2026-09-17 05:40:33.77+00,0,,2100.0,True,group_total,,,,,,7878.0430826871625,103.46973474232388,91.10048655536754,28.318287224585674,986.6122926595639,0.9364869594573975,43710.0,0.7914893617021277,0.8270011959455564,False,,,not_all_roi_detections_quality_passing,223092.68678319542,266932.22995677585,1.1357758740337656,0,False,False,not_all_roi_detections_quality_passing,0,,
20260917_054033,2026-09-17 05:40:33.77+00,1,,2100.0,True,group_total,,,,,,7859.8199900972995,113.58188046726605,85.27447988615073,51.25702302892057,963.673556855229,0.9365122318267822,48024.0,0.8922413793103449,0.7871473218011356,True,,,mask_clipped_by_roi;not_all_roi_detections_quality_passing,402870.9742355875,496456.8562937305,1.3319562971114958,0,False,False,not_all_roi_detections_quality_passing,0,,
20260917_054033,2026-09-17 05:40:33.77+00,3,,2100.0,True,group_total,,,,,,8004.733160350192,125.96817846089256,80.03241413492798,14.101233546121307,1000.8293463380282,0.889754593372345,45390.0,0.6367041198501873,0.7863723795223299,False,,,not_all_roi_detections_quality_passing,112876.61176847975,142162.11375369495,1.5739644970414202,0,False,False,not_all_roi_detections_quality_passing,0,,
20260917_054033,2026-09-17 05:40:33.77+00,4,,2100.0,True,group_total,,,,,,8047.780927657257,118.038388715338,82.79417852462707,31.339299603232007,983.5912802809175,0.9506820440292358,45568.0,0.6953125,0.8153582600395332,True,,,mask_clipped_by_roi;not_all_roi_detections_quality_passing,252211.81763302718,306275.57245373685,1.425684641345014,0,False,False,not_all_roi_detections_quality_passing,0,,
20260917_054033,2026-09-17 05:40:33.77+00,5,,2100.0,True,group_total,,,,,,16539.15823931899,192.27025688185967,118.52276577112221,-376.65578380571185,1391.5863636898614,0.8635162711143494,53619.0,1.6010928961748634,0.7114362670253015,False,,,invalid_height_mm;not_all_roi_detections_quality_passing,-6229569.610117391,-8583383.650953967,1.6222221581729732,0,False,False,not_all_roi_detections_quality_passing,0,,
20260917_054033,2026-09-17 05:40:33.77+00,6,,2100.0,True,group_total,,,,,,7687.140771135114,117.29162289671189,82.67687644105918,22.98662017727463,991.9439597068749,0.9099990725517273,45254.0,1.2941176470588236,0.7710725175099983,False,,,not_all_roi_detections_quality_passing,176701.38515532488,222908.26709546486,1.418675063036879,0,False,False,not_all_roi_detections_quality_passing,0,,
20260917_054033,2026-09-17 05:40:33.77+00,8,,2100.0,True,group_total,,,,,,7781.870494088744,111.77536373078743,95.24261583179859,20.812145990941076,994.1184338932085,0.9239041209220886,61250.0,1.0204081632653061,0.574200133405413,False,,,not_all_roi_detections_quality_passing,161957.4248055717,221561.4864907155,1.173585613484054,0,False,False,not_all_roi_detections_quality_passing,0,,
20260917_054042,2026-09-17 05:40:42.565+00,0,,2100.0,True,group_total,,,,,,7637.237880137944,111.76159521386643,83.07798699360035,70.15258296725847,944.7779969168911,0.9453692436218262,48464.0,0.8927038626609443,0.7885317019245025,True,,,mask_clipped_by_roi;not_all_roi_detections_quality_passing,535771.9640270662,651361.7066682822,1.3452612329482132,0,False,False,not_all_roi_detections_quality_passing,0,,
20260917_054042,2026-09-17 05:40:42.565+00,2,,2100.0,True,group_total,,,,,,7173.989807643399,118.45774475729351,73.86718684485223,63.03670967278617,951.8938702113634,0.8988035321235657,43560.0,0.625,0.8118157279064504,False,,,not_all_roi_detections_quality_passing,452224.7126999441,551580.0577976692,1.603658536585366,0,False,False,not_all_roi_detections_quality_passing,0,,
20260917_054042,2026-09-17 05:40:42.565+00,3,,2100.0,True,group_total,,,,,,7704.656978311192,111.56014028793497,83.32290126919095,43.485462086539656,971.4451177976099,0.9523280262947083,46920.0,0.7215686274509804,0.7771778272545856,True,,,mask_clipped_by_roi;not_all_roi_detections_quality_passing,335040.5689201445,404219.7457471414,1.3388892920029043,0,False,False,not_all_roi_detections_quality_passing,0,,
20260917_054042,2026-09-17 05:40:42.565+00,4,,2100.0,True,group_total,,,,,,7694.1122180597395,132.4695135503521,80.65320722963614,62.68398220111703,952.2465976830325,0.9155681729316711,53985.0,1.6120218579234973,0.7020179038380344,False,,,not_all_roi_detections_quality_passing,482297.5933302538,669721.3781017644,1.6424581005586594,0,False,False,not_all_roi_detections_quality_passing,0,,
20260917_054042,2026-09-17 05:40:42.565+00,6,,2100.0,True,group_total,,,,,,15268.08186986265,151.54873342528902,126.84774271500625,-337.59371043897875,1352.5242903231283,0.938688337802887,47916.0,0.8181818181818182,0.7779925064786227,False,,,invalid_height_mm;not_all_roi_detections_quality_passing,-5154408.409733033,-6489771.430258329,1.194729446355064,0,False,False,not_all_roi_detections_quality_passing,0,,
20260917_054042,2026-09-17 05:40:42.565+00,7,,2100.0,True,group_total,,,,,,7262.837945963972,115.66240673538191,78.7527708032605,52.460111114882125,962.4704687692674,0.9159145951271057,45570.0,1.3172043010752688,0.7684473837575605,False,,,not_all_roi_detections_quality_passing,381009.2856546522,477845.25064540317,1.4686772992956494,0,False,False,not_all_roi_detections_quality_passing,0,,
20260917_054042,2026-09-17 05:40:42.565+00,9,,2100.0,True,group_total,,,,,,8591.445649051473,110.43315689042593,99.3733538407804,-4.560091213685951,1019.4906710978355,0.9282081723213196,49725.0,0.7647058823529411,0.7424831122258849,False,,,invalid_height_mm;not_all_roi_detections_quality_passing,-39177.77581710001,-50042.95706925858,1.1112954592170248,0,False,False,not_all_roi_detections_quality_passing,0,,
20260917_054042,2026-09-17 05:40:42.565+00,11,,2100.0,True,group_total,,,,,,7257.217460670234,117.58664425196531,79.65161424559517,55.09635990882191,959.8342199753276,0.850760281085968,46872.0,1.3548387096774193,0.7506298489040799,False,,,not_all_roi_detections_quality_passing,399846.2651496738,516030.6351940613,1.4762619108936388,0,False,False,not_all_roi_detections_quality_passing,0,,
20260917_054052,2026-09-17 05:40:52.641+00,0,,2100.0,True,group_total,,,,,,6965.379370532582,120.23932329905463,79.8839309860742,57.955846164955005,956.9747337191945,0.9365774989128113,50190.0,0.8786610878661087,0.6768435170959728,True,,,mask_clipped_by_roi;not_all_roi_detections_quality_passing,403684.4552791374,556676.9026793768,1.5051753439626725,0,False,False,not_all_roi_detections_quality_passing,0,,
20260917_054052,2026-09-17 05:40:52.641+00,1,,2100.0,True,group_total,,,,,,9181.821563689986,103.6819615045945,90.65386162967164,-132.2998449435039,1147.2304248276535,0.9169323444366455,32760.0,0.8615384615384616,0.9511418269230769,True,,,invalid_height_mm;mask_clipped_by_roi;not_all_roi_detections_quality_passing,-1214753.5691751055,-1243508.7589635425,1.1437125748502992,0,False,False,not_all_roi_detections_quality_passing,0,,
20260917_054052,2026-09-17 05:40:52.641+00,2,,2100.0,True,group_total,,,,,,12196.67969836598,139.20614014383,100.69980327673441,-195.71459204453015,1210.6451719286797,0.9484002590179443,44322.0,0.714859437751004,0.8385909237880353,True,,,invalid_height_mm;mask_clipped_by_roi;not_all_roi_detections_quality_passing,-2387068.1914635007,-2743533.20422315,1.382387409052586,0,False,False,not_all_roi_detections_quality_passing,0,,
20260917_054052,2026-09-17 05:40:52.641+00,4,,2100.0,True,group_total,,,,,,228862.8254902419,676.0035039994943,372.4396663544384,-4376.250157767481,5391.180737651631,0.9044744372367859,41230.0,1.7161290322580645,0.8530132442662186,False,,,invalid_height_mm;not_all_roi_detections_quality_passing,-1001560976.1587826,-1101810775.6130686,1.815068493150685,0,False,False,not_all_roi_detections_quality_passing,0,,
20260917_054052,2026-09-17 05:40:52.641+00,5,,2100.0,True,group_total,,,,,,8251.504689840094,126.9768199270705,81.81643101641357,-4.560091213685951,1019.4906710978355,0.8620560765266418,48250.0,1.2953367875647668,0.7349045868710533,False,,,invalid_height_mm;not_all_roi_detections_quality_passing,-37627.61403582823,-47373.83104065438,1.5519721203873715,0,False,False,not_all_roi_detections_quality_passing,0,,
20260917_054052,2026-09-17 05:40:52.641+00,7,,2100.0,True,group_total,,,,,,6698.332551597034,114.16507716667991,71.29676238774024,61.27045434706008,953.6601255370895,0.814734935760498,40386.0,0.6259842519685039,0.8145359420719693,False,,,not_all_roi_detections_quality_passing,410409.87880405254,498717.0134696093,1.6012659389188624,0,False,False,not_all_roi_detections_quality_passing,0,,
20260917_054052,2026-09-17 05:40:52.641+00,9,,2100.0,True,group_total,,,,,,12076.587962182053,114.59993985359858,94.3493480722398,42.25981848598758,972.670761398162,0.8979839086532593,51500.0,0.824,1.1070492313718332,True,,,mask_clipped_by_roi;not_all_roi_detections_quality_passing,510354.4152118762,456931.3128930426,1.2146341463414634,0,False,False,not_all_roi_detections_quality_passing,0,,
20260917_054140,2026-09-17 05:41:40.263+00,0,,2100.0,True,group_total,,,,,,7389.365201714251,103.16262738744994,86.7966278880975,70.15258296725847,944.7779969168911,0.9568882584571838,48285.0,0.7088122605363985,0.7657676078177788,True,,,mask_clipped_by_roi;not_all_roi_detections_quality_passing,518383.0553886316,628158.0262419217,1.1885557065702173,0,False,False,not_all_roi_detections_quality_passing,0,,
20260917_054140,2026-09-17 05:41:40.263+00,1,,2100.0,True,group_total,,,,,,10682.075372080531,152.98547162148907,95.97614370624528,-111.1851745479031,1126.1157544320527,0.9457548260688782,52215.0,0.6,0.7205363978534141,True,,,invalid_height_mm;mask_clipped_by_roi;not_all_roi_detections_quality_passing,-1187688.414778631,-1632526.9823004392,1.5939947753030437,0,False,False,not_all_roi_detections_quality_passing,0,,
20260917_054140,2026-09-17 05:41:40.263+00,2,,2100.0,True,group_total,,,,,,8250.997112029117,99.59530271279743,98.66016840016101,-16.01197893396113,1030.9425588181107,0.9551286101341248,47424.0,0.9122807017543859,0.7311406888459858,False,,,invalid_height_mm;not_all_roi_detections_quality_passing,-132114.79194198435,-157335.13547542391,1.0094783368790083,0,False,False,not_all_roi_detections_quality_passing,0,,
20260917_054140,2026-09-17 05:41:40.263+00,3,,2100.0,True,group_total,,,,,,6857.817520387009,116.67812976217687,72.86795077101466,70.15258296725847,944.7779969168911,0.9085645079612732,42968.0,0.6259541984732825,0.7986249643161385,False,,,not_all_roi_detections_quality_passing,481093.61257326836,596444.0101579933,1.6012269938650308,0,False,False,not_all_roi_detections_quality_passing,0,,
20260917_054140,2026-09-17 05:41:40.263+00,7,,2100.0,True,group_total,,,,,,7251.660091735176,94.32598398117003,86.72625905413169,70.15258296725847,944.7779969168911,0.8233656883239746,41340.0,1.087179487179487,0.8777464126121842,True,,,mask_clipped_by_roi;not_all_roi_detections_quality_passing,508722.6862358091,573885.9915846803,1.0876288797640268,0,False,False,not_all_roi_detections_quality_passing,0,,
20260917_054208,2026-09-17 05:42:08.687+00,0,,2100.0,True,group_total,,,,,,7474.743624404277,104.9816917593157,87.21929792096142,70.15258296725847,944.7779969168911,0.9479469060897827,48880.0,0.7230769230769231,0.7651863259691654,True,,,mask_clipped_by_roi;not_all_roi_detections_quality_passing,524372.5722700073,642347.1766611043,1.203652107523849,0,False,False,not_all_roi_detections_quality_passing,0,,
20260917_054208,2026-09-17 05:42:08.687+00,1,,2100.0,True,group_total,,,,,,14888.43931684628,152.4939885976374,108.99842556319254,-331.9227490539762,1346.8533289381257,0.9317257404327393,41480.0,0.6967213114754098,0.8837541300627396,True,,,invalid_height_mm;mask_clipped_by_roi;not_all_roi_detections_quality_passing,-4941811.70717092,-5517088.714093175,1.3990476266946446,0,False,False,not_all_roi_detections_quality_passing,0,,
20260917_054208,2026-09-17 05:42:08.687+00,2,,2100.0,True,group_total,,,,,,15779.770380213726,175.48119152276445,120.96520465135501,-358.8022167733401,1373.7327966574896,0.9493444561958313,53874.0,1.1232876712328768,0.6932319346269769,False,,,invalid_height_mm;not_all_roi_detections_quality_passing,-5661816.592594977,-7616337.082021132,1.4506749443241551,0,False,False,not_all_roi_detections_quality_passing,0,,
20260917_054208,2026-09-17 05:42:08.687+00,3,,2100.0,True,group_total,,,,,,6970.737519000922,116.23105983409235,74.65610769942374,70.15258296725847,944.7779969168911,0.8990541100502014,43848.0,0.6436781609195402,0.7954832457034524,False,,,not_all_roi_detections_quality_passing,489015.2421446936,608739.11358055,1.5568861465702895,0,False,False,not_all_roi_detections_quality_passing,0,,
20260917_054208,2026-09-17 05:42:08.687+00,7,,2100.0,True,group_total,,,,,,8381.752651535475,136.41680301378182,97.52041734754111,6.640172502272549,1008.290407381877,0.868762731552124,74333.0,1.1081081081081081,0.4953857911869074,True,,,mask_clipped_by_roi;not_all_roi_detections_quality_passing,55656.28347757588,88337.0273299228,1.3988537654389093,0,False,False,not_all_roi_detections_quality_passing,0,,
20260917_054217,2026-09-17 05:42:17.791+00,0,,2100.0,True,group_total,,,,,,7635.697609919511,106.5161570334752,87.56195499973256,60.5621155561189,954.3684643280307,0.9462715983390808,49140.0,0.7269230769230769,0.7619790753747663,True,,,mask_clipped_by_roi;not_all_roi_detections_quality_passing,462434.00100352627,564848.4954763915,1.2164661813889437,0,False,False,not_all_roi_detections_quality_passing,0,,
20260917_054217,2026-09-17 05:42:17.791+00,1,,2100.0,True,group_total,,,,,,11153.877851325558,129.47603990404207,98.04967418359408,-161.71600968267455,1176.646589566824,0.9333429336547852,42558.0,0.7032520325203252,0.8455012036566504,True,,,invalid_height_mm;mask_clipped_by_roi;not_all_roi_detections_quality_passing,-1803760.6186043331,-2052998.2506027278,1.320514738902685,0,False,False,not_all_roi_detections_quality_passing,0,,
20260917_054217,2026-09-17 05:42:17.791+00,2,,2100.0,True,group_total,,,,,,7992.9537494414435,122.65355166113622,87.24970615447556,31.590215746160766,983.3403641379888,0.9512953758239746,51863.0,1.1013824884792627,0.7118747179317384,False,,,not_all_roi_detections_quality_passing,252499.13339393982,338062.262324267,1.4057761001965803,0,False,False,not_all_roi_detections_quality_passing,0,,
20260917_054217,2026-09-17 05:42:17.791+00,3,,2100.0,True,group_total,,,,,,6736.635188278422,116.67812976217687,74.65612134208251,70.15258296725847,944.7779969168911,0.899958074092865,44016.0,0.6412213740458015,0.7658338401153797,False,,,not_all_roi_detections_quality_passing,472592.35896585486,611080.6729839564,1.562874251497006,0,False,False,not_all_roi_detections_quality_passing,0,,
20260917_054217,2026-09-17 05:42:17.791+00,6,,2100.0,True,group_total,,,,,,8362.402235121219,134.74726940845213,97.21782018874201,8.745712376732172,1006.1848675074174,0.8580754995346069,70531.0,1.1195219123505975,0.5230667165747113,True,,,mask_clipped_by_roi;not_all_roi_detections_quality_passing,73135.16472691242,114567.39616158888,1.3860346708746314,0,False,False,not_all_roi_detections_quality_passing,0,,
20260917_054217,2026-09-17 05:42:17.791+00,8,,2100.0,True,group_total,,,,,,13052.707516247643,120.98604755745433,119.04387586546244,-216.20778722569264,1231.1383671098422,0.8658497929573059,44100.0,1.1479591836734695,0.872187628973098,True,,,invalid_height_mm;mask_clipped_by_roi;not_all_roi_detections_quality_passing,-2822097.0093920697,-3113964.66008276,1.0163147551931764,0,False,False,not_all_roi_detections_quality_passing,0,,
20260917_054305,2026-09-17 05:43:05.486+00,0,,2100.0,True,group_total,,,,,,7880.040799415218,103.25445999798202,92.2272796937475,57.83704110800659,957.093538776143,0.947775661945343,47918.0,0.7854251012145749,0.80183064640551,True,,,mask_clipped_by_roi;not_all_roi_detections_quality_passing,455758.2436485471,550775.0841466703,1.1195652776581038,0,False,False,not_all_roi_detections_quality_passing,0,,
20260917_054305,2026-09-17 05:43:05.486+00,1,,2100.0,True,group_total,,,,,,6889.347091878232,111.26427648918815,79.99290508972418,60.0893048232341,954.8412750609155,0.9322826862335205,45066.0,0.6718146718146718,0.7489077451622386,True,,,mask_clipped_by_roi;not_all_roi_detections_quality_passing,413976.0774369325,534816.0069699927,1.3909268123765275,0,False,False,not_all_roi_detections_quality_passing,0,,
20260917_054305,2026-09-17 05:43:05.486+00,2,,2100.0,True,group_total,,,,,,7755.4840437511175,116.53038165677766,88.49414365591396,37.32616004623026,977.6044198379193,0.9445996880531311,49742.0,1.138755980861244,0.7286533900056126,False,,,not_all_roi_detections_quality_passing,289482.4386530392,384916.93038353015,1.3168146144209858,0,False,False,not_all_roi_detections_quality_passing,0,,
20260917_054305,2026-09-17 05:43:05.486+00,3,,2100.0,True,group_total,,,,,,6815.525789992288,114.30524941776694,74.70342596376996,63.85872510474769,951.0718547794019,0.9386543035507202,42585.0,0.6549019607843137,0.7902739957169187,False,,,not_all_roi_detections_quality_passing,435230.7878674359,545289.2537318504,1.5301205793855195,0,False,False,not_all_roi_detections_quality_passing,0,,
20260917_054305,2026-09-17 05:43:05.486+00,6,,2100.0,True,group_total,,,,,,8917.043778842413,111.15387150903723,104.26416872955144,44.21936673357891,970.7112131505706,0.9226875305175781,55404.0,1.0657894736842106,0.7628889465993014,True,,,mask_clipped_by_roi;not_all_roi_detections_quality_passing,394306.02903601096,512474.4259810232,1.066079295154185,0,False,False,not_all_roi_detections_quality_passing,0,,
20260917_054305,2026-09-17 05:43:05.486+00,10,,2100.0,True,group_total,,,,,,7318.321597697296,132.04883101983614,82.5400747512363,66.89953526513432,948.0310446190152,0.8120196461677551,54817.0,1.5026178010471205,0.6634569456714001,False,,,not_all_roi_detections_quality_passing,489592.3138067444,729159.46834126,1.599814773827283,0,False,False,not_all_roi_detections_quality_passing,0,,
20260917_054343,2026-09-17 05:43:43.598+00,0,,2100.0,True,group_total,,,,,,7474.74723301874,109.13528849310987,87.59668493577169,61.506333675661836,953.4242462084877,0.9438709616661072,55269.0,0.7752808988764045,0.6645140336001534,True,,,mask_clipped_by_roi;not_all_roi_detections_quality_passing,459744.29745528067,587993.7523519269,1.245883774861239,0,False,False,not_all_roi_detections_quality_passing,0,,
20260917_054343,2026-09-17 05:43:43.598+00,1,,2100.0,True,group_total,,,,,,7749.255847032817,132.31561384304536,81.77840022243777,43.9748550929869,970.9557247911627,0.9481744170188904,52309.0,0.6262975778546713,0.7018533314431403,True,,,mask_clipped_by_roi;not_all_roi_detections_quality_passing,340772.40295174957,475832.5239239693,1.6179775280898874,0,False,False,not_all_roi_detections_quality_passing,0,,
20260917_054343,2026-09-17 05:43:43.598+00,2,,2100.0,True,group_total,,,,,,7111.946099471731,101.2283360281507,81.16506222076949,51.25702302892057,963.673556855229,0.8902080655097961,39917.0,1.2458100558659218,0.8569042864162865,False,,,not_all_roi_detections_quality_passing,364537.1850010643,421138.1674914372,1.247191011235955,0,False,False,not_all_roi_detections_quality_passing,0,,
20260917_054343,2026-09-17 05:43:43.598+00,3,,2100.0,True,group_total,,,,,,7301.234701063531,121.9713585832766,76.54880150070274,70.15258296725847,944.7779969168911,0.936004102230072,51531.0,0.7228464419475655,0.7089732269431018,False,,,not_all_roi_detections_quality_passing,512200.47312978597,654997.9229336854,1.5933803820841907,0,False,False,not_all_roi_detections_quality_passing,0,,
20260917_054343,2026-09-17 05:43:43.598+00,8,,2100.0,True,group_total,,,,,,13349.9662151478,171.26610914673532,109.86020435532974,-282.0728613745704,1297.00344125872,0.9314584732055664,50700.0,0.5633333333333334,0.6991197766636955,True,,,invalid_height_mm;mask_clipped_by_roi;not_all_roi_detections_quality_passing,-3765663.169560584,-5307293.9002893,1.558945845328992,0,False,False,not_all_roi_detections_quality_passing,0,,
20260917_054353,2026-09-17 05:43:53.063+00,0,,2100.0,True,group_total,,,,,,7313.937185663306,106.70805598640135,82.52533414503816,59.734389221055494,955.1961906630941,0.941822350025177,45069.0,0.7269076305220884,0.7944192836202588,True,,,mask_clipped_by_roi;not_all_roi_detections_quality_passing,436893.57058676315,526028.078719565,1.2930339160925066,0,False,False,not_all_roi_detections_quality_passing,0,,
20260917_054353,2026-09-17 05:43:53.063+00,1,,2100.0,True,group_total,,,,,,7147.7613745180815,112.20247680408808,81.11795217975741,55.574127066599544,959.35645281755,0.9246153831481934,49104.0,1.4193548387096775,0.7064066991311947,False,,,not_all_roi_detections_quality_passing,397230.5988692001,505815.42822013085,1.3832015452688864,0,False,False,not_all_roi_detections_quality_passing,0,,
20260917_054353,2026-09-17 05:43:53.063+00,2,,2100.0,True,group_total,,,,,,7354.634753963342,124.61100932741213,78.3715861365978,40.04584861937565,974.8847312647739,0.9378206729888916,49312.0,0.6865671641791045,0.7009121570240593,False,,,not_all_roi_detections_quality_passing,294522.59000801505,391086.2539381229,1.5900023907927716,0,False,False,not_all_roi_detections_quality_passing,0,,
20260917_054353,2026-09-17 05:43:53.063+00,7,,2100.0,True,group_total,,,,,,7493.57040634011,130.49079293512935,78.96475712296206,62.44868529039718,952.4818945937524,0.929095983505249,52020.0,0.5555555555555556,0.7091965645654804,True,,,mask_clipped_by_roi;not_all_roi_detections_quality_passing,467963.6200069672,643482.1049968253,1.6525193983935411,0,False,False,not_all_roi_detections_quality_passing,0,,
20260917_054353,2026-09-17 05:43:53.063+00,10,,2100.0,True,group_total,,,,,,7796.935988545173,133.0627994342656,81.13585331357659,35.08964764700772,979.8409322371418,0.9437834620475769,51216.0,0.6048109965635738,0.7082209886516939,True,,,mask_clipped_by_roi;not_all_roi_detections_quality_passing,273591.73656432395,378833.58285299886,1.64,0,False,False,not_all_roi_detections_quality_passing,0,,
20260917_054353,2026-09-17 05:43:53.063+00,11,,2100.0,True,group_total,,,,,,8130.559309716467,114.921109434223,98.61460642353617,40.29234286242615,974.6382370217234,0.8369787931442261,60610.0,1.38755980861244,0.6307407409990213,False,,,not_all_roi_detections_quality_passing,327599.2833703868,456629.09148323326,1.1653558595635685,0,False,False,not_all_roi_detections_quality_passing,0,,
20260917_054353,2026-09-17 05:43:53.063+00,12,,2100.0,True,group_total,,,,,,9224.710489284964,133.86211471264897,95.7590408618575,-44.63352880769105,1059.5641086918406,0.8125323057174683,51456.0,1.3958333333333333,0.713220605654503,True,,,invalid_height_mm;mask_clipped_by_roi;not_all_roi_detections_quality_passing,-411731.38136611023,-572135.2332629779,1.3979057591623039,0,False,False,not_all_roi_detections_quality_passing,0,,
20260917_054428,2026-09-17 05:44:28.787+00,0,,1850.0,True,group_total,,,,,,7894.345908138036,151.23184004328857,71.2999120770044,32.34219665169587,982.5883832324537,0.9269284605979919,58509.0,0.6632996632996633,0.6241828947013961,False,,,not_all_roi_detections_quality_passing,255320.48779751098,348739.9845850204,2.121066290796504,0,False,False,not_all_roi_detections_quality_passing,0,,
20260917_054428,2026-09-17 05:44:28.787+00,1,,1850.0,True,group_total,,,,,,7612.450687540139,101.37949777879977,88.87649896778113,70.15258296725847,944.7779969168911,0.9493461847305298,48552.0,0.8571428571428571,0.7845478998336,True,,,mask_clipped_by_roi;not_all_roi_detections_quality_passing,534033.0784418234,632092.649496086,1.1406783453019582,0,False,False,not_all_roi_detections_quality_passing,0,,
20260917_054428,2026-09-17 05:44:28.787+00,2,,1850.0,True,group_total,,,,,,9969.056453367708,149.3339511354795,86.51070272676054,-73.35124603931615,1088.2818259234657,0.938774049282074,49179.0,0.5807560137457045,0.7644573235638312,True,,,invalid_height_mm;mask_clipped_by_roi;not_all_roi_detections_quality_passing,-731242.7126908072,-947623.6512517604,1.7261904761904763,0,False,False,not_all_roi_detections_quality_passing,0,,
20260917_054428,2026-09-17 05:44:28.787+00,3,,1850.0,True,group_total,,,,,,8482.295554578053,122.95224791414691,93.43992872335433,43.9748550929869,970.9557247911627,0.9066025018692017,58986.0,1.154867256637168,0.6812825071497617,True,,,mask_clipped_by_roi;not_all_roi_detections_quality_passing,373007.71786845685,505211.68736697064,1.315842698020127,0,False,False,not_all_roi_detections_quality_passing,0,,
20260917_054428,2026-09-17 05:44:28.787+00,6,,1850.0,True,group_total,,,,,,29517.97075234013,204.69918374186815,184.5046454354955,-925.026253241626,1939.9568331257756,0.8678783774375916,46864.0,1.1485148514851484,0.7475231521648121,False,,,invalid_height_mm;not_all_roi_detections_quality_passing,-27304897.888333093,-34936345.574561976,1.1094527363184081,0,False,False,not_all_roi_detections_quality_passing,0,,
20260917_054428,2026-09-17 05:44:28.787+00,9,,1850.0,True,group_total,,,,,,8116.498014847322,106.42077972382272,96.14981133738654,34.21712678125789,980.7134531028917,0.86577308177948,52608.0,1.4270833333333333,0.7164638238231631,True,,,mask_clipped_by_roi;not_all_roi_detections_quality_passing,277723.2415938588,350121.20294739807,1.1068225537166754,0,False,False,not_all_roi_detections_quality_passing,0,,
20260917_054659,2026-09-17 05:46:59.371+00,1,,1600.0,True,group_total,,,,,,7002.032379581678,112.40251289368365,79.51812735322308,48.35730319886477,966.5732766852848,0.9507049918174744,48327.0,1.4751381215469612,0.6926699512919069,False,,,not_all_roi_detections_quality_passing,338599.4027876998,432219.38141631207,1.4135457742155655,0,False,False,not_all_roi_detections_quality_passing,0,,
20260917_054659,2026-09-17 05:46:59.371+00,2,,1600.0,True,group_total,,,,,,9382.604201473312,146.67715770250246,83.63034954996888,-42.018755849581225,1056.9493357337308,0.938313364982605,50396.0,0.5870307167235495,0.7443558841066158,True,,,invalid_height_mm;mask_clipped_by_roi;not_all_roi_detections_quality_passing,-394245.35517496214,-515429.8743923267,1.7538747415477833,0,False,False,not_all_roi_detections_quality_passing,0,,
20260917_054659,2026-09-17 05:46:59.371+00,3,,1600.0,True,group_total,,,,,,8101.007675109753,116.73360216792351,93.20753633316163,62.44868529039718,952.4818945937524,0.9056671857833862,54607.0,1.3251231527093597,0.7303632367743756,True,,,mask_clipped_by_roi;not_all_roi_detections_quality_passing,505897.2788380211,679469.8893781799,1.2524051891112127,0,False,False,not_all_roi_detections_quality_passing,0,,
20260917_054659,2026-09-17 05:46:59.371+00,5,,1600.0,True,group_total,,,,,,11310.937699110811,121.2988432527901,112.39617585808992,-160.99810450295115,1175.9286843871007,0.8583277463912964,45333.0,1.0579710144927537,0.8059049412824105,True,,,invalid_height_mm;mask_clipped_by_roi;not_all_roi_detections_quality_passing,-1821039.5297078122,-2194971.862628859,1.0792079207920793,0,False,False,not_all_roi_detections_quality_passing,0,,
20260917_054710,2026-09-17 05:47:10.37+00,1,,1600.0,True,group_total,,,,,,8003.301723944436,119.45456054249655,84.47136490576567,-14.635185986821512,1029.565765870971,0.9613664746284485,47422.0,1.4475138121546962,0.71111980507573,False,,,invalid_height_mm;not_all_roi_detections_quality_passing,-117129.80923857605,-147676.19452953324,1.4141426585891839,0,False,False,not_all_roi_detections_quality_passing,0,,
20260917_054710,2026-09-17 05:47:10.37+00,2,,1600.0,True,group_total,,,,,,8044.830612730614,119.74035082740455,92.3748091988099,65.26459628697887,949.6659835971707,0.8835689425468445,58176.0,1.4257425742574257,0.6848459942112661,True,,,mask_clipped_by_roi;not_all_roi_detections_quality_passing,525042.6221369924,721891.1813998681,1.2962446349382795,0,False,False,not_all_roi_detections_quality_passing,0,,
20260917_054710,2026-09-17 05:47:10.37+00,5,,1600.0,True,group_total,,,,,,7955.22020863179,119.2957098375257,84.49393272967852,-14.910250311125878,1029.8408301952754,0.8794762492179871,47031.0,1.4043715846994536,0.7123434202186062,False,,,invalid_height_mm;not_all_roi_detections_quality_passing,-118614.32459082702,-150291.79957488738,1.4118849245565186,0,False,False,not_all_roi_detections_quality_passing,0,,
20260917_054710,2026-09-17 05:47:10.37+00,7,,1600.0,True,group_total,,,,,,9449.853527117137,145.5533447776193,82.81483409761097,-45.79980740834242,1060.730387292492,0.8990766406059265,48638.0,0.5665529010238908,0.7712603136526381,True,,,invalid_height_mm;mask_clipped_by_roi;not_all_roi_detections_quality_passing,-432801.47157901013,-552069.7838898421,1.7575757575757576,0,False,False,not_all_roi_detections_quality_passing,0,,
20260917_054747,2026-09-17 05:47:47.04+00,2,,1600.0,True,group_total,,,,,,7218.759565209815,103.78236606773109,87.8532885415668,55.574127066599544,959.35645281755,0.9503584504127502,46025.0,1.502857142857143,0.7611502858441139,False,,,not_all_roi_detections_quality_passing,401176.26134020113,506703.89200242306,1.1813145277837565,0,False,False,not_all_roi_detections_quality_passing,0,,
20260917_054747,2026-09-17 05:47:47.04+00,3,,1600.0,True,group_total,,,,,,8394.943988699892,109.64796358485223,100.43384899788987,41.277074599755565,973.653505284394,0.9325066804885864,52779.0,0.9087136929460581,0.7493926324574949,True,,,mask_clipped_by_roi;not_all_roi_detections_quality_passing,346518.72928233497,454558.2949056591,1.091743119266055,0,False,False,not_all_roi_detections_quality_passing,0,,
20260917_054747,2026-09-17 05:47:47.04+00,5,,1600.0,True,group_total,,,,,,7046.617999014905,112.28477670773917,80.17669545714655,55.69349454859753,959.237085335552,0.8344374299049377,45232.0,1.4602272727272727,0.7562138951621715,False,,,not_all_roi_detections_quality_passing,392450.7811141858,501387.4985817845,1.400466507973679,0,False,False,not_all_roi_detections_quality_passing,0,,
20260917_054747,2026-09-17 05:47:47.04+00,7,,1600.0,True,group_total,,,,,,8226.31899521136,132.5334139117686,86.37522492870437,49.08386792701708,965.8467119571325,0.805177628993988,55290.0,0.6529209621993127,0.7123676384911871,True,,,mask_clipped_by_roi;not_all_roi_detections_quality_passing,403779.5550864663,561892.6551922978,1.5343915343915344,0,False,False,not_all_roi_detections_quality_passing,0,,
20260917_054801,2026-09-17 05:48:01.688+00,2,,1600.0,True,group_total,,,,,,7117.190473865907,114.42546202259646,79.52242445198638,54.378816260696794,960.5517636234528,0.9534114599227905,46200.0,1.5085714285714287,0.7457387369329279,False,,,not_all_roi_detections_quality_passing,387024.3930707357,494814.0655447627,1.438908116938558,0,False,False,not_all_roi_detections_quality_passing,0,,
20260917_054801,2026-09-17 05:48:01.688+00,3,,1600.0,True,group_total,,,,,,8152.962567517458,104.08774751083328,103.62258164739188,62.68398220111703,952.2465976830325,0.9250332117080688,55448.0,0.9707112970711297,0.7242563978587888,True,,,mask_clipped_by_roi;not_all_roi_detections_quality_passing,511060.16046863777,676099.4724726264,1.0044890395128763,0,False,False,not_all_roi_detections_quality_passing,0,,
20260917_054801,2026-09-17 05:48:01.688+00,4,,1600.0,True,group_total,,,,,,7419.721783979797,138.53899822586385,81.43943144216314,51.73861900935799,963.1919608747916,0.9207530617713928,56795.0,0.6026058631921825,0.6289461395293225,True,,,mask_clipped_by_roi;not_all_roi_detections_quality_passing,383886.1585367647,583742.8961373636,1.7011292413583685,0,False,False,not_all_roi_detections_quality_passing,0,,
20260917_054801,2026-09-17 05:48:01.688+00,5,,1600.0,True,group_total,,,,,,7092.348072280599,113.086216612113,79.68483683737547,55.09635990882191,959.8342199753276,0.873183012008667,45408.0,1.4659090909090908,0.757228316514739,False,,,not_all_roi_detections_quality_passing,390762.5619890111,496487.4434369197,1.4191685783696166,0,False,False,not_all_roi_detections_quality_passing,0,,
20260917_054806,2026-09-17 05:48:06.296+00,2,,1600.0,True,group_total,,,,,,7320.187859124042,113.61963225574107,79.4258712200383,55.81283232980377,959.1177475543458,0.9551490545272827,46025.0,1.502857142857143,0.7722291866636095,False,,,not_all_roi_detections_quality_passing,408560.4176039554,503673.8792874479,1.4305116268850702,0,False,False,not_all_roi_detections_quality_passing,0,,
20260917_054806,2026-09-17 05:48:06.296+00,3,,1600.0,True,group_total,,,,,,8310.962162372987,105.46862349531555,101.8782022699431,66.43298455419983,948.4975953299497,0.9228489995002747,55224.0,1.0085470085470085,0.7471582795267051,True,,,mask_clipped_by_roi;not_all_roi_detections_quality_passing,552122.0209634639,713819.3470134505,1.0352422907488987,0,False,False,not_all_roi_detections_quality_passing,0,,
20260917_054806,2026-09-17 05:48:06.296+00,4,,1600.0,True,group_total,,,,,,7875.113396535826,143.896430995562,78.48896236121566,27.56013228657889,987.3704475975707,0.9351354241371155,52221.0,0.5469255663430421,0.6908965438130107,True,,,mask_clipped_by_roi;not_all_roi_detections_quality_passing,217039.16698033697,311271.8937741557,1.833333333333333,0,False,False,not_all_roi_detections_quality_passing,0,,
20260917_054806,2026-09-17 05:48:06.296+00,7,,1600.0,True,group_total,,,,,,7689.566600631189,112.65705840793672,89.21874552716142,70.15258296725847,944.7779969168911,0.8186271786689758,54466.0,1.0663716814159292,0.7064451979596279,True,,,mask_clipped_by_roi;not_all_roi_detections_quality_passing,539442.9589330392,705112.1297469832,1.2627061470354324,0,False,False,not_all_roi_detections_quality_passing,0,,
20260917_054816,2026-09-17 05:48:16.289+00,2,,1850.0,True,group_total,,,,,,21034.133231977874,193.9398324554708,137.1846595352322,-611.5226806310048,1626.4532605151544,0.9570313096046448,46200.0,1.5085714285714287,0.7687074799971148,False,,,invalid_height_mm;not_all_roi_detections_quality_passing,-12862849.538768811,-16269909.41623332,1.4137136988386265,0,False,False,not_all_roi_detections_quality_passing,0,,
20260917_054816,2026-09-17 05:48:16.289+00,3,,1850.0,True,group_total,,,,,,8308.335134471714,109.86342394742266,104.04775723788177,62.91916288713401,952.0114169970155,0.9071899652481079,58539.0,1.0421940928270041,0.6994328580703935,True,,,mask_clipped_by_roi;not_all_roi_detections_quality_passing,522753.4916467242,719231.6479426572,1.055894205352689,0,False,False,not_all_roi_detections_quality_passing,0,,
20260917_054816,2026-09-17 05:48:16.289+00,4,,1850.0,True,group_total,,,,,,9628.03512891308,154.76113041003308,83.25433748130492,-64.51333706374055,1079.44391694789,0.9203924536705017,50184.0,0.5359477124183006,0.7354173341018626,True,,,invalid_height_mm;mask_clipped_by_roi;not_all_roi_detections_quality_passing,-621136.6755331042,-831224.3738889935,1.8588957055214725,0,False,False,not_all_roi_detections_quality_passing,0,,
20260917_054816,2026-09-17 05:48:16.289+00,5,,1850.0,True,group_total,,,,,,7094.805424822773,102.70209766443149,85.80905535281654,69.22542104682964,945.7051588373199,0.8397958278656006,45126.0,1.0531400966183575,0.7851701329924486,True,,,mask_clipped_by_roi;not_all_roi_detections_quality_passing,491140.89277868747,610067.7126854053,1.196867827552194,0,False,False,not_all_roi_detections_quality_passing,0,,
20260917_054816,2026-09-17 05:48:16.289+00,6,,1850.0,True,group_total,,,,,,20961.354204074196,190.61021353713576,138.74884176863395,-611.8658866365998,1626.7964665207494,0.8990048766136169,45666.0,1.4576271186440677,0.7746786028088009,False,,,invalid_height_mm;not_all_roi_detections_quality_passing,-12825537.575179677,-16181984.281892668,1.3737787725463073,0,False,False,not_all_roi_detections_quality_passing,0,,
20260917_054824,2026-09-17 05:48:24.904+00,2,,1850.0,True,group_total,,,,,,7377.857480602263,120.20346629089433,78.02785702149582,34.59125449734495,980.3393253868046,0.9274904727935791,44030.0,1.5235294117647058,0.7787362018336552,False,,,not_all_roi_detections_quality_passing,255209.3457566531,324438.9473070716,1.5405198973717757,0,False,False,not_all_roi_detections_quality_passing,0,,
20260917_054824,2026-09-17 05:48:24.904+00,3,,1850.0,True,group_total,,,,,,8271.30776261956,115.10106775138439,95.09055468156714,61.506333675661836,953.4242462084877,0.937821090221405,62738.0,0.9724409448818898,0.647787798404496,True,,,mask_clipped_by_roi;not_all_roi_detections_quality_passing,508737.81518177065,673188.3214150809,1.21043639020539,0,False,False,not_all_roi_detections_quality_passing,0,,
20260917_054824,2026-09-17 05:48:24.904+00,4,,1850.0,True,group_total,,,,,,7471.989833429022,126.96011054581697,70.63273755717987,70.15258296725847,944.7779969168911,0.9088491797447205,45951.0,0.5501730103806228,0.8136608153416235,True,,,mask_clipped_by_roi;not_all_roi_detections_quality_passing,524179.3867201412,629096.1056768324,1.7974683544303798,0,False,False,not_all_roi_detections_quality_passing,0,,
20260917_054824,2026-09-17 05:48:24.904+00,5,,1850.0,True,group_total,,,,,,7377.857480602263,115.50343488752884,77.93002375283267,34.59125449734495,980.3393253868046,0.902751624584198,42250.0,1.4792899408284024,0.8115444962541027,False,,,not_all_roi_detections_quality_passing,255209.3457566531,311362.2957904064,1.4821429447252084,0,False,False,not_all_roi_detections_quality_passing,0,,
20260917_054824,2026-09-17 05:48:24.904+00,6,,1850.0,True,group_total,,,,,,8744.657632753657,122.21704141608508,82.34114230998952,-79.53115419333938,1094.461734077489,0.8930895328521729,38400.0,0.6666666666666666,0.8491258451342583,True,,,invalid_height_mm;mask_clipped_by_roi;not_all_roi_detections_quality_passing,-695472.7145584931,-800361.0385338963,1.4842767295597485,0,False,False,not_all_roi_detections_quality_passing,0,,
20260917_054830,2026-09-17 05:48:30.083+00,2,,1850.0,True,group_total,,,,,,7046.206534924219,112.58220701662584,78.70910442188152,67.48207861318588,947.4485012709637,0.9192895293235779,45657.0,1.5614035087719298,0.7678889319652155,False,,,not_all_roi_detections_quality_passing,475492.66331450024,597975.21065422,1.4303581249404667,0,False,False,not_all_roi_detections_quality_passing,0,,
20260917_054830,2026-09-17 05:48:30.083+00,3,,1850.0,True,group_total,,,,,,8227.751424589613,112.58517815217547,94.08196945755036,63.85872510474769,951.0718547794019,0.9420461058616638,53286.0,0.8594377510040161,0.7624353422343818,True,,,mask_clipped_by_roi;not_all_roi_detections_quality_passing,525413.7164530642,676406.6417748882,1.196671145399159,0,False,False,not_all_roi_detections_quality_passing,0,,
20260917_054830,2026-09-17 05:48:30.083+00,4,,1850.0,True,group_total,,,,,,7669.775051480179,130.47651800698142,74.36249103195094,50.77494521158428,964.1556346725653,0.9399318695068359,47396.0,0.5674740484429066,0.7775141213531584,True,,,mask_clipped_by_roi;not_all_roi_detections_quality_passing,389432.40802408213,492646.8965685216,1.7546012269938653,0,False,False,not_all_roi_detections_quality_passing,0,,
20260917_054830,2026-09-17 05:48:30.083+00,5,,1850.0,True,group_total,,,,,,22724.035721863293,201.30955468006414,137.96646204366465,-818.8916025235175,1833.822182407667,0.9004049897193909,37600.0,0.6808510638297872,0.8026843801457831,True,,,invalid_height_mm;mask_clipped_by_roi;not_all_roi_detections_quality_passing,-18608522.028078288,-22743868.373557888,1.4591194968553458,0,False,False,not_all_roi_detections_quality_passing,0,,
20260917_054830,2026-09-17 05:48:30.083+00,8,,1850.0,True,group_total,,,,,,9365.406116814078,131.24155805184074,94.42329019873632,-28.288426183757224,1043.2190060679068,0.8005159497261047,54175.0,1.3959390862944163,0.7094770478520132,True,,,invalid_height_mm;mask_clipped_by_roi;not_all_roi_detections_quality_passing,-264932.5996164034,-350557.52439753426,1.3899278215746518,0,False,False,not_all_roi_detections_quality_passing,0,,
20260917_054921,2026-09-17 05:49:21.015+00,1,,1850.0,True,group_total,,,,,,8133.170724961049,107.58407811655474,90.84744115664425,67.24914720537492,947.6814326787746,0.8733308911323547,49396.0,1.099056603773585,0.8188512194966563,True,,,mask_clipped_by_roi;not_all_roi_detections_quality_passing,546948.7953293514,657275.5593678425,1.184227940235017,0,False,False,not_all_roi_detections_quality_passing,0,,
20260917_054921,2026-09-17 05:49:21.015+00,6,,1850.0,True,group_total,,,,,,12427.611457856594,153.20360422543246,112.12434683224191,53.89985751543452,961.030722368715,0.9557834267616272,102712.0,1.1722972972972974,0.5851316300124819,False,,,not_all_roi_detections_quality_passing,669846.4868356519,925883.8860458999,1.3663723228163145,0,False,False,not_all_roi_detections_quality_passing,0,,
20260917_054921,2026-09-17 05:49:21.015+00,10,,1850.0,True,group_total,,,,,,710284.4079721713,1207.2081035180327,778.56174792105,-8228.940469086872,9243.871048971021,0.9170798063278198,49583.0,0.6462093862815884,0.7487784921287483,True,,,invalid_height_mm;mask_clipped_by_roi;not_all_roi_detections_quality_passing,-5844888109.323611,-7734266362.880876,1.550561797752809,0,False,False,not_all_roi_detections_quality_passing,0,,
20260917_054921,2026-09-17 05:49:21.015+00,11,,1850.0,True,group_total,,,,,,6915.652862261852,88.68501060920333,84.44343296116918,70.15258296725847,944.7779969168911,0.8093116283416748,42622.0,1.0445544554455446,0.8118979725361788,True,,,mask_clipped_by_roi;not_all_roi_detections_quality_passing,485150.91119258304,525363.3458725377,1.050229810647142,0,False,False,not_all_roi_detections_quality_passing,0,,
20260917_054931,2026-09-17 05:49:31.99+00,1,,1850.0,True,group_total,,,,,,8273.445868148932,118.4663003332447,99.69050933703234,70.15258296725847,944.7779969168911,0.8928211331367493,62244.0,0.8796992481203008,0.6651062547114858,True,,,mask_clipped_by_roi;not_all_roi_detections_quality_passing,580403.5976904398,828499.6069926101,1.1883408071748878,0,False,False,not_all_roi_detections_quality_passing,0,,
20260917_054931,2026-09-17 05:49:31.99+00,2,,1850.0,True,group_total,,,,,,297877.960977761,857.9785453629205,493.19174886508017,-5152.580183989316,6167.510763873465,0.874292254447937,50490.0,0.5723905723905723,0.6927472436987638,True,,,invalid_height_mm;mask_clipped_by_roi;not_all_roi_detections_quality_passing,-1534840078.981154,-2180303686.8107524,1.7396449704142012,0,False,False,not_all_roi_detections_quality_passing,0,,
20260917_054931,2026-09-17 05:49:31.99+00,3,,1850.0,True,group_total,,,,,,7537.609566182149,110.85963335782881,90.3326202228183,21.836614298444033,993.0939655857055,0.9016198515892029,53064.0,0.7388059701492538,0.6433015605110434,True,,,mask_clipped_by_roi;not_all_roi_detections_quality_passing,164595.87282898164,218677.1216622043,1.2272381016334708,0,False,False,not_all_roi_detections_quality_passing,0,,
20260917_054931,2026-09-17 05:49:31.99+00,5,,1850.0,True,group_total,,,,,,13218.32672601453,175.9529825849843,108.10706040097583,-207.0362064277591,1221.9667863119087,0.8227992653846741,63002.0,1.3256880733944953,0.6275740533528837,True,,,invalid_height_mm;mask_clipped_by_roi;not_all_roi_detections_quality_passing,-2736672.2206767094,-3938192.9711906863,1.6275808622708243,0,False,False,not_all_roi_detections_quality_passing,0,,
20260917_055000,2026-09-17 05:50:00.525+00,4,,1550.0,True,group_total,,,,,,594557.7403154481,1112.8222647142957,701.336898203572,-7475.58533954518,8490.51591942933,0.95509934425354,49932.0,0.5856164383561644,0.7377488673291966,True,,,invalid_height_mm;mask_clipped_by_roi;not_all_roi_detections_quality_passing,-4444667127.015275,-5834420118.556882,1.5867156962149236,0,False,False,not_all_roi_detections_quality_passing,0,,
20260917_055000,2026-09-17 05:50:00.525+00,5,,1550.0,True,group_total,,,,,,10304.27772824346,130.3069971499057,119.16571179073378,-60.59794339177563,1075.5285232759252,0.8165870904922485,60840.0,1.1111111111111112,0.6539523764239731,True,,,invalid_height_mm;mask_clipped_by_roi;not_all_roi_detections_quality_passing,-624418.0384692316,-940972.504369129,1.0934940528760242,0,False,False,not_all_roi_detections_quality_passing,0,,
20260917_055004,2026-09-17 05:50:04.963+00,4,,1550.0,True,group_total,,,,,,317799.74770326156,814.7641503401065,503.2093710902502,-5212.362194624599,6227.292774508749,0.9209001064300537,50808.0,0.5958904109589042,0.7204179356106059,True,,,invalid_height_mm;mask_clipped_by_roi;not_all_roi_detections_quality_passing,-1656487390.3897164,-2137052631.6951444,1.619135487431094,0,False,False,not_all_roi_detections_quality_passing,0,,
20260917_055004,2026-09-17 05:50:04.963+00,5,,1550.0,True,group_total,,,,,,9930.328453958555,146.42930514404497,94.6113116278869,-51.669925766353,1066.6005056505026,0.8012901544570923,57036.0,1.4846938775510203,0.6835536703972122,True,,,invalid_height_mm;mask_clipped_by_roi;not_all_roi_detections_quality_passing,-513099.3340515415,-715828.3631948482,1.5476934271872476,0,False,False,not_all_roi_detections_quality_passing,0,,
20260917_055017,2026-09-17 05:50:17.969+00,5,,1550.0,True,group_total,,,,,,12606.521254668394,153.42819379235064,116.88701483220336,62.91916288713401,952.0114169970155,0.8689881563186646,104400.0,1.2413793103448276,0.5950755208114098,False,,,,793191.7642625977,1128377.3908302402,1.3126196610684584,0,True,True,,1,1550.0,1.0
20260917_055046,2026-09-17 05:50:46.906+00,4,,1550.0,True,group_total,,,,,,10236.416872133019,133.4459859154259,92.22715457726534,-73.96609452853852,1088.896674412688,0.889083981513977,46800.0,0.6923076923076923,0.8239301686409192,True,,,invalid_height_mm;mask_clipped_by_roi;not_all_roi_detections_quality_passing,-757147.7779977175,-910326.137948375,1.4469272800087156,0,False,False,not_all_roi_detections_quality_passing,0,,
20260917_055046,2026-09-17 05:50:46.906+00,5,,1550.0,True,group_total,,,,,,8379.008170311756,108.58352368078397,96.02014077556929,66.66631729597839,948.2642625881712,0.8505503535270691,52974.0,0.897119341563786,0.7856565158544574,True,,,mask_clipped_by_roi;not_all_roi_detections_quality_passing,558597.6173075988,695076.7060385853,1.1308411214953271,0,False,False,not_all_roi_detections_quality_passing,0,,
20260917_055105,2026-09-17 05:51:05.947+00,2,,1550.0,True,group_total,,,,,,8278.169666595551,91.19668520894814,85.72488326148053,51.25702302892057,963.673556855229,0.8635222911834717,37989.0,1.0634920634920635,1.0480408592076509,True,,,mask_clipped_by_roi;not_all_roi_detections_quality_passing,424314.33323799993,400718.4459726962,1.0638297975953768,0,False,False,not_all_roi_detections_quality_passing,0,,
20260917_055105,2026-09-17 05:51:05.947+00,3,,1550.0,True,group_total,,,,,,8041.975596804058,117.27877394853606,81.50648382523741,57.955846164955005,956.9747337191945,0.9665957689285278,47603.0,0.688212927756654,0.8239277333864466,True,,,mask_clipped_by_roi;not_all_roi_detections_quality_passing,466079.5005506982,553998.8028812049,1.4388888888888889,0,False,False,not_all_roi_detections_quality_passing,0,,
20260917_055105,2026-09-17 05:51:05.947+00,5,,1550.0,True,group_total,,,,,,43443.36539085525,279.89188424152144,220.57978241526004,-743.5978085378011,1758.5283884219507,0.9321442246437073,112985.0,1.2983050847457627,0.5553484202644627,False,,,invalid_height_mm;not_all_roi_detections_quality_passing,-32304391.30014692,-45908606.55484982,1.268891832138094,0,False,False,not_all_roi_detections_quality_passing,0,,
20260917_055112,2026-09-17 05:51:12.47+00,2,,1550.0,True,group_total,,,,,,8318.389083963064,134.16552401857206,77.843860309209,-5.910052377745501,1020.840632261895,0.9420793652534485,45220.0,0.6390977443609023,0.7884141561785719,True,,,invalid_height_mm;mask_clipped_by_roi;not_all_roi_detections_quality_passing,-49162.115184688126,-61724.36428337997,1.7235209493162833,0,False,False,not_all_roi_detections_quality_passing,0,,
20260917_055112,2026-09-17 05:51:12.47+00,6,,1550.0,True,group_total,,,,,,8397.435068654855,106.73704924595225,85.1075150375214,21.196569205903643,993.7340106782459,0.8091162443161011,41496.0,1.2527472527472527,0.915296388541156,True,,,mask_clipped_by_roi;not_all_roi_detections_quality_passing,177996.81358482485,192552.28474122143,1.2541436464088398,0,False,False,not_all_roi_detections_quality_passing,0,,
20260917_055112,2026-09-17 05:51:12.47+00,7,,1550.0,True,group_total,,,,,,8464.997200277969,111.99989189637762,88.16055747666671,64.32781109970665,950.6027687844429,0.8448089957237244,49250.0,1.2690355329949239,0.8495404676253421,True,,,mask_clipped_by_roi;not_all_roi_detections_quality_passing,544534.7408590268,635171.0639593959,1.2704081632653064,0,False,False,not_all_roi_detections_quality_passing,0,,
20260917_055144,2026-09-17 05:51:44.132+00,3,,1550.0,True,group_total,,,,,,10640.267904427858,164.19398950096192,94.25729196260473,-100.43233314273573,1115.3629130268853,0.9546277523040771,59214.0,0.7661870503597122,0.6451450973697824,True,,,invalid_height_mm;mask_clipped_by_roi;not_all_roi_detections_quality_passing,-1068626.9309054571,-1554339.0762754374,1.7419765206717759,0,False,False,not_all_roi_detections_quality_passing,0,,
20260917_055144,2026-09-17 05:51:44.132+00,4,,1550.0,True,group_total,,,,,,12268.500001522205,138.45015885070202,123.93331473669825,59.85272373426949,955.0778561498801,0.9067056179046631,104796.0,1.2992957746478873,0.5732325543301302,False,,,not_all_roi_detections_quality_passing,734303.1412249933,1026988.1740963003,1.117134316505981,0,False,False,not_all_roi_detections_quality_passing,0,,
20260917_055207,2026-09-17 05:52:07.679+00,2,,1550.0,True,group_total,,,,,,8607.879314377857,144.80384146359827,84.52047600239798,28.318287224585674,986.6122926595639,0.9556682109832764,60822.0,0.7813620071684588,0.649387709967681,True,,,mask_clipped_by_roi;not_all_roi_detections_quality_passing,243760.39881912176,346584.3912145898,1.713239777062897,0,False,False,not_all_roi_detections_quality_passing,0,,
20260917_055207,2026-09-17 05:52:07.679+00,3,,1550.0,True,group_total,,,,,,9625.720394690958,117.69557328078359,107.24492395975433,-9.4367407166784,1024.367320600828,0.9047116041183472,58232.0,1.081896551724138,0.703593376852487,True,,,invalid_height_mm;mask_clipped_by_roi;not_all_roi_detections_quality_passing,-90835.42757594184,-119112.92699905626,1.097446563764184,0,False,False,not_all_roi_detections_quality_passing,0,,
20260917_055207,2026-09-17 05:52:07.679+00,5,,1550.0,True,group_total,,,,,,40454.959965197486,257.986929897038,219.28073602117038,-693.7104783698024,1708.641058253952,0.9027524590492249,110920.0,1.2745762711864406,0.5579841666388418,False,,,invalid_height_mm;not_all_roi_detections_quality_passing,-28064029.629888356,-39244286.63554027,1.1765143376394485,0,False,False,not_all_roi_detections_quality_passing,0,,
20260917_055233,2026-09-17 05:52:33.64+00,0,,1550.0,True,group_total,,,,,,8704.235669716552,143.38466288792185,92.83491724878945,-13.536396482156647,1028.4669763663062,0.95577472448349,60384.0,0.8161764705882353,0.6086809324346399,True,,,invalid_height_mm;mask_clipped_by_roi;not_all_roi_detections_quality_passing,-117823.98509941355,-180184.3720725196,1.5445122065834722,0,False,False,not_all_roi_detections_quality_passing,0,,
20260917_055233,2026-09-17 05:52:33.64+00,1,,1550.0,True,group_total,,,,,,7241.264462548919,97.23426884085751,86.38021092373853,59.14227653157934,955.7883033525702,0.9109934568405151,41472.0,1.125,0.8536849855272858,True,,,mask_clipped_by_roi;not_all_roi_detections_quality_passing,428264.86528236646,496742.87962334143,1.12565445026178,0,False,False,not_all_roi_detections_quality_passing,0,,
20260917_055233,2026-09-17 05:52:33.64+00,5,,1550.0,True,group_total,,,,,,12543.405112028735,144.4795719308868,121.03607077934117,62.44868529039718,952.4818945937524,0.9365895390510559,108410.0,1.2627986348122866,0.569631875140807,False,,,not_all_roi_detections_quality_passing,783319.1583110417,1092055.12827306,1.1936902032641583,0,False,False,not_all_roi_detections_quality_passing,0,,
20260917_055315,2026-09-17 05:53:15.643+00,0,,1550.0,True,group_total,,,,,,7052.201263781755,112.3123303360059,84.91907903454106,50.05092345838841,964.8796564257611,0.893272340297699,46189.0,0.757085020242915,0.73248962182327,True,,,mask_clipped_by_roi;not_all_roi_detections_quality_passing,352969.18566669064,477358.66324778006,1.3225806451612903,0,False,False,not_all_roi_detections_quality_passing,0,,
20260917_055315,2026-09-17 05:53:15.643+00,1,,1550.0,True,group_total,,,,,,7705.839413015307,103.06394659808952,93.0363799318606,63.85872510474769,951.0718547794019,0.8843483924865723,56376.0,1.2083333333333333,0.674933016173329,True,,,mask_clipped_by_roi;not_all_roi_detections_quality_passing,492085.08077707485,612321.9334578668,1.107781135439417,0,False,False,not_all_roi_detections_quality_passing,0,,
20260917_055315,2026-09-17 05:53:15.643+00,2,,1550.0,True,group_total,,,,,,6910.189977636846,95.8788578982149,83.1222486977988,51.73861900935799,963.1919608747916,0.9384975433349609,39690.0,0.9,0.8381945393072865,False,,,not_all_roi_detections_quality_passing,357523.6865352368,412339.526830949,1.1534680473671295,0,False,False,not_all_roi_detections_quality_passing,0,,
20260917_055315,2026-09-17 05:53:15.643+00,5,,1550.0,True,group_total,,,,,,6623.7152857214005,102.81979419374228,75.55019298495766,70.15258296725847,944.7779969168911,0.9165314435958862,39270.0,1.3588235294117648,0.8440007867660114,False,,,not_all_roi_detections_quality_passing,464670.7361330687,544949.1435073481,1.3609468107409615,0,False,False,not_all_roi_detections_quality_passing,0,,
20260917_055614,2026-09-17 05:56:14.944+00,0,,,False,group_total,,,,,,7380.124502040628,110.6513902852723,78.45364966947585,56.52823592071945,958.4023439634301,0.9126178622245789,42630.0,0.710204081632653,0.8418103448275862,False,,,scale_not_stable;not_all_roi_detections_quality_passing,417185.4189756348,490721.9217822779,1.4104046242774566,0,False,False,not_all_roi_detections_quality_passing,0,,
20260917_055614,2026-09-17 05:56:14.944+00,1,,,False,group_total,,,,,,6958.130793140896,113.22776523547458,78.01437428829696,59.61602538082468,955.3145545033249,0.8879342675209045,43860.0,1.5176470588235293,0.7764130186610607,False,,,scale_not_stable;not_all_roi_detections_quality_passing,414816.1019669854,526611.796602617,1.4513705489330575,0,False,False,not_all_roi_detections_quality_passing,0,,
20260917_055614,2026-09-17 05:56:14.944+00,3,,,False,group_total,,,,,,7549.105042102872,105.44473724082673,90.51991410790785,70.15258296725847,944.7779969168911,0.9256095886230469,55544.0,1.2358490566037736,0.68008064093927,True,,,mask_clipped_by_roi;scale_not_stable;not_all_roi_detections_quality_passing,529589.217794671,669595.7803869768,1.1648788918991588,0,False,False,not_all_roi_detections_quality_passing,0,,
20260917_055614,2026-09-17 05:56:14.944+00,4,,,False,group_total,,,,,,10304.152045953831,144.87459331380626,95.5217098772349,-106.59814499828155,1121.528724882431,0.9244052767753601,49956.0,0.6557971014492754,0.7324288386780855,True,,,invalid_height_mm;mask_clipped_by_roi;scale_not_stable;not_all_roi_detections_quality_passing,-1098403.4938789262,-1475176.430905128,1.5166666666666666,0,False,False,not_all_roi_detections_quality_passing,0,,
20260917_055614,2026-09-17 05:56:14.944+00,8,,,False,group_total,,,,,,11677.734443450916,194.75023054399566,101.22393240114135,-80.15300745133788,1095.0835873354874,0.8002220988273621,92820.0,1.373076923076923,0.4685804099518789,True,,,invalid_height_mm;mask_clipped_by_roi;scale_not_stable;not_all_roi_detections_quality_passing,-936005.5358606663,-1580087.0284047239,1.9239544041049303,0,False,False,not_all_roi_detections_quality_passing,0,,
20260917_055619,2026-09-17 05:56:19.066+00,0,,2050.0,True,group_total,,,,,,7323.821379706281,111.73405101062322,79.16380132331605,58.905225861104896,956.0253540230447,0.9268170595169067,43648.0,0.7096774193548387,0.8199666937774927,False,,,not_all_roi_detections_quality_passing,431411.35253798735,521033.93574702373,1.4114285714285713,0,False,False,not_all_roi_detections_quality_passing,0,,
20260917_055619,2026-09-17 05:56:19.066+00,1,,2050.0,True,group_total,,,,,,6858.105991504803,110.6827976148868,81.03746524651956,55.574127066599544,959.35645281755,0.9110396504402161,44118.0,1.5087719298245614,0.7543797315942273,False,,,not_all_roi_detections_quality_passing,381133.2538080956,498469.54103022564,1.3658225522995422,0,False,False,not_all_roi_detections_quality_passing,0,,
20260917_055619,2026-09-17 05:56:19.066+00,3,,2050.0,True,group_total,,,,,,7582.724782529661,103.912800066372,92.94637705964666,66.66631729597839,948.2642625881712,0.9328869581222534,54390.0,1.2333333333333334,0.6924829814424847,True,,,mask_clipped_by_roi;not_all_roi_detections_quality_passing,505512.3363202011,643884.5120862018,1.1179865569121412,0,False,False,not_all_roi_detections_quality_passing,0,,
20260917_055619,2026-09-17 05:56:19.066+00,4,,2050.0,True,group_total,,,,,,8650.649232656182,131.90907823373115,85.83789282121475,-9.981472075679108,1024.9120519598287,0.922846794128418,49662.0,0.6379928315412187,0.7406498410210052,True,,,invalid_height_mm;mask_clipped_by_roi;not_all_roi_detections_quality_passing,-86346.21375225257,-113018.18526388462,1.536723163841808,0,False,False,not_all_roi_detections_quality_passing,0,,
20260917_055619,2026-09-17 05:56:19.066+00,8,,2050.0,True,group_total,,,,,,11392.169946996462,194.35172717414534,102.96215936780513,-71.51085963696539,1086.441439521115,0.8416681885719299,95944.0,1.335820895522388,0.4493012500248609,True,,,invalid_height_mm;mask_clipped_by_roi;not_all_roi_detections_quality_passing,-814663.8660401196,-1430994.7665515896,1.887603449339821,0,False,False,not_all_roi_detections_quality_passing,0,,
20260917_055701,2026-09-17 05:57:01.304+00,0,,2050.0,True,group_total,,,,,,7897.15584207177,118.18550328333154,83.15027503728464,27.686572349019343,987.2440075351302,0.9333727359771729,45466.0,0.7047244094488189,0.7959697906127656,False,,,not_all_roi_detections_quality_passing,218645.17657300085,272080.2961292643,1.4213483146067416,0,False,False,not_all_roi_detections_quality_passing,0,,
20260917_055701,2026-09-17 05:57:01.304+00,1,,2050.0,True,group_total,,,,,,6855.063697392791,110.14853498951598,78.2014527208207,70.15258296725847,944.7779969168911,0.9035692811012268,43860.0,1.4825581395348837,0.7820688057206724,False,,,not_all_roi_detections_quality_passing,480900.4247771894,604278.5970051708,1.408522874667641,0,False,False,not_all_roi_detections_quality_passing,0,,
20260917_055701,2026-09-17 05:57:01.304+00,2,,2050.0,True,group_total,,,,,,8071.822003829945,110.94500791428557,91.72114066865241,62.68398220111703,952.2465976830325,0.9229218363761902,54587.0,1.1176470588235294,0.7283583901069005,True,,,mask_clipped_by_roi;not_all_roi_detections_quality_passing,505973.9468186611,637872.370708093,1.209590363851671,0,False,False,not_all_roi_detections_quality_passing,0,,
20260917_055701,2026-09-17 05:57:01.304+00,3,,2050.0,True,group_total,,,,,,11505.800571866439,154.066969145887,102.79186757582494,-108.23207379327357,1123.1626536774231,0.8643692135810852,57085.0,0.9510204081632653,0.7136268227470206,True,,,invalid_height_mm;mask_clipped_by_roi;not_all_roi_detections_quality_passing,-1245296.6565449378,-1714053.1145046712,1.4988244963273842,0,False,False,not_all_roi_detections_quality_passing,0,,
20260917_055701,2026-09-17 05:57:01.304+00,10,,2050.0,True,group_total,,,,,,18633.54927849983,203.39095352266267,157.29875901932544,-531.276490882363,1546.2070707665125,0.8160954117774963,60264.0,0.7741935483870968,0.5776489110450638,True,,,invalid_height_mm;mask_clipped_by_roi;not_all_roi_detections_quality_passing,-9899566.673364976,-16997205.587342944,1.2930232558139536,0,False,False,not_all_roi_detections_quality_passing,0,,
20260917_055713,2026-09-17 05:57:13.297+00,0,,2050.0,True,group_total,,,,,,7473.987559500744,111.24606717344463,79.33121183680068,51.37746716801007,963.5531127161395,0.9152286648750305,42875.0,0.7142857142857143,0.8386071428571429,False,,,not_all_roi_detections_quality_passing,383994.5504523652,453420.8068253011,1.4022988505747127,0,False,False,not_all_roi_detections_quality_passing,0,,
20260917_055713,2026-09-17 05:57:13.297+00,1,,2050.0,True,group_total,,,,,,6877.096810844668,110.96875209910807,78.1802724930712,70.15258296725847,944.7779969168911,0.9292306900024414,44807.0,1.4971098265895955,0.7680002601979915,False,,,not_all_roi_detections_quality_passing,482446.1045966492,608613.453210528,1.4193958214835178,0,False,False,not_all_roi_detections_quality_passing,0,,
20260917_055713,2026-09-17 05:57:13.297+00,2,,2050.0,True,group_total,,,,,,7918.1603408058245,115.34925294145668,88.74246666663782,70.15258296725847,944.7779969168911,0.947577714920044,55776.0,1.1116071428571428,0.7103608573775694,True,,,mask_clipped_by_roi;not_all_roi_detections_quality_passing,555479.4002564362,718108.3032048837,1.2998202244565455,0,False,False,not_all_roi_detections_quality_passing,0,,
20260917_055713,2026-09-17 05:57:13.297+00,8,,2050.0,True,group_total,,,,,,10661.202276188234,140.40804363324457,103.87957626962883,-60.59794339177563,1075.5285232759252,0.856073260307312,57288.0,0.9314516129032258,0.7185554616262486,True,,,invalid_height_mm;mask_clipped_by_roi;not_all_roi_detections_quality_passing,-646046.9320207242,-883853.0047776205,1.3516424370927622,0,False,False,not_all_roi_detections_quality_passing,0,,
20260917_055713,2026-09-17 05:57:13.297+00,9,,2050.0,True,group_total,,,,,,14952.361864039287,181.2687381944292,123.05104125607238,-383.2174895467232,1398.1480694308727,0.8229324221611023,51425.0,0.68,0.6643406099385293,True,,,invalid_height_mm;mask_clipped_by_roi;not_all_roi_detections_quality_passing,-5730006.576331298,-8547783.745210612,1.4731182795698925,0,False,False,not_all_roi_detections_quality_passing,0,,
20260917_055741,2026-09-17 05:57:41.837+00,0,,2050.0,True,group_total,,,,,,7475.415804511996,110.25271196090253,79.85381225274918,56.05141883417048,958.8791610499791,0.9254363179206848,43188.0,0.7254098360655737,0.8408260106974159,False,,,not_all_roi_detections_quality_passing,419007.6622182793,493482.2607568894,1.380681884190279,0,False,False,not_all_roi_detections_quality_passing,0,,
20260917_055741,2026-09-17 05:57:41.837+00,1,,2050.0,True,group_total,,,,,,6904.638242683219,111.55225543628045,77.89422686651801,70.15258296725847,944.7779969168911,0.9090312123298645,44548.0,1.505813953488372,0.7755589512142275,False,,,not_all_roi_detections_quality_passing,484378.20717874024,609575.2040908379,1.4320991416660427,0,False,False,not_all_roi_detections_quality_passing,0,,
20260917_055741,2026-09-17 05:57:41.837+00,2,,2050.0,True,group_total,,,,,,8267.936397079564,115.2940547440496,94.19788623659421,70.15258296725847,944.7779969168911,0.941329836845398,60433.0,1.2152466367713004,0.6845813593603192,True,,,mask_clipped_by_roi;not_all_roi_detections_quality_passing,580017.0940641401,761889.0583182882,1.2239558587808301,0,False,False,not_all_roi_detections_quality_passing,0,,
20260917_055741,2026-09-17 05:57:41.837+00,9,,2050.0,True,group_total,,,,,,10242.96978276542,115.82131860091565,114.31060574959935,-49.31409913874279,1064.2446790228923,0.8165380358695984,52668.0,1.013157894736842,0.7669335324228095,True,,,invalid_height_mm;mask_clipped_by_roi;not_all_roi_detections_quality_passing,-505122.8273424406,-652899.197866844,1.013215859030837,0,False,False,not_all_roi_detections_quality_passing,0,,
20260917_055746,2026-09-17 05:57:46.994+00,0,,2050.0,True,group_total,,,,,,7253.328110935781,107.48093953202404,80.70594267259673,68.06390648181207,946.8666734023375,0.9145575165748596,44213.0,0.7246963562753036,0.8172808336914482,False,,,not_all_roi_detections_quality_passing,493689.8462246316,590410.1842355378,1.3317599172101438,0,False,False,not_all_roi_detections_quality_passing,0,,
20260917_055746,2026-09-17 05:57:46.994+00,1,,2050.0,True,group_total,,,,,,6827.52226555424,114.44291654834205,75.55020662761643,70.15258296725847,944.7779969168911,0.9089255332946777,43690.0,1.511764705882353,0.7819575490709245,False,,,not_all_roi_detections_quality_passing,478968.3221950983,606552.2801747742,1.514792899408284,0,False,False,not_all_roi_detections_quality_passing,0,,
20260917_055746,2026-09-17 05:57:46.994+00,2,,2050.0,True,group_total,,,,,,8409.78790446224,117.16750731933044,95.42176161743468,59.85272373426949,955.0778561498801,0.9391443133354187,59891.0,1.2262443438914028,0.6875551884293495,True,,,mask_clipped_by_roi;not_all_roi_detections_quality_passing,503348.7121095796,669173.1999189772,1.2278908430665836,0,False,False,not_all_roi_detections_quality_passing,0,,
20260917_055746,2026-09-17 05:57:46.994+00,10,,2050.0,True,group_total,,,,,,10067.5434707451,113.49807532956824,112.50247817755448,-37.11478786173359,1052.0453677458831,0.8240792751312256,52670.0,1.0043668122270741,0.7713525068472477,True,,,invalid_height_mm;mask_clipped_by_roi;not_all_roi_detections_quality_passing,-373654.7402054855,-473911.85043070646,1.008849557522124,0,False,False,not_all_roi_detections_quality_passing,0,,
20260917_055746,2026-09-17 05:57:46.994+00,12,,2050.0,True,group_total,,,,,,8176.4605789083,129.67252496160904,88.49913199934632,14.7504482232996,1000.18013166085,0.8789526224136353,51700.0,0.6836363636363636,0.7061224101821043,True,,,mask_clipped_by_roi;not_all_roi_detections_quality_passing,120606.45841903715,169274.7558415829,1.46524064171123,0,False,False,not_all_roi_detections_quality_passing,0,,
20260917_055816,2026-09-17 05:58:16.274+00,0,,2050.0,True,group_total,,,,,,7434.607866990736,107.99746240813056,81.63855789955679,61.742096347820166,953.1884835363294,0.9182729721069336,43855.0,0.7306122448979592,0.8333798882681565,False,,,not_all_roi_detections_quality_passing,459028.27523200377,544365.0655909763,1.3228732254311033,0,False,False,not_all_roi_detections_quality_passing,0,,
20260917_055816,2026-09-17 05:58:16.274+00,1,,2050.0,True,group_total,,,,,,6860.571903713092,112.9250343329413,78.66241087553902,70.15258296725847,944.7779969168911,0.9074200987815857,45066.0,1.4885057471264367,0.7617516513195198,False,,,not_all_roi_detections_quality_passing,481286.83967807505,623162.2691186601,1.4355653872802496,0,False,False,not_all_roi_detections_quality_passing,0,,
20260917_055816,2026-09-17 05:58:16.274+00,2,,2050.0,True,group_total,,,,,,7779.933536614278,104.1898232652674,94.87111940555317,58.43077159111829,956.4998082930313,0.8873642086982727,56871.0,1.2535211267605635,0.6678468539517735,True,,,mask_clipped_by_roi;not_all_roi_detections_quality_passing,454587.51947198994,577565.1065968792,1.0982248751580428,0,False,False,not_all_roi_detections_quality_passing,0,,
20260917_055816,2026-09-17 05:58:16.274+00,4,,2050.0,True,group_total,,,,,,8000.494582027651,142.77637527050646,84.84474696586007,50.89550987766813,964.0350700064814,0.8921515941619873,59724.0,0.5981012658227848,0.6437895448901986,True,,,mask_clipped_by_roi;not_all_roi_detections_quality_passing,407189.2510258187,616539.3219576171,1.6827956989247312,0,False,False,not_all_roi_detections_quality_passing,0,,
20260917_055849,2026-09-17 05:58:49.63+00,0,,2050.0,True,group_total,,,,,,6626.469717075929,113.9958739055751,77.33837719868428,70.15258296725847,944.7779969168911,0.9070897102355957,44544.0,1.471264367816092,0.7443806929834957,False,,,not_all_roi_detections_quality_passing,464863.96660719486,618483.1231488113,1.4739884393063583,0,False,False,not_all_roi_detections_quality_passing,0,,
20260917_055849,2026-09-17 05:58:49.63+00,5,,2050.0,True,group_total,,,,,,7253.936908584928,121.07567321355374,82.56157209238488,67.48207861318588,947.4485012709637,0.9544379115104675,58779.0,0.6077170418006431,0.6140475339572657,False,,,not_all_roi_detections_quality_passing,489510.74072021863,674564.2140495599,1.4664894350373112,0,False,False,not_all_roi_detections_quality_passing,0,,
20260917_055849,2026-09-17 05:58:49.63+00,11,,2050.0,True,group_total,,,,,,7395.6669563970045,108.0189172995136,89.41232934310825,55.335302955865814,959.5952769282837,0.9220466613769531,48546.0,0.7126436781609196,0.7389402576937337,False,,,not_all_roi_detections_quality_passing,409241.4715929143,534440.6962111399,1.2080986827331717,0,False,False,not_all_roi_detections_quality_passing,0,,
20260917_055849,2026-09-17 05:58:49.63+00,12,,2050.0,True,group_total,,,,,,6683.332618872407,111.00146163517473,69.01809783760817,64.32781109970665,950.6027687844429,0.8528299927711487,48790.0,0.8613445378151261,0.6770577987605222,True,,,mask_clipped_by_roi;not_all_roi_detections_quality_passing,429924.1582233319,492822.42012085416,1.6082949996151548,0,False,False,not_all_roi_detections_quality_passing,0,,
20260917_055914,2026-09-17 05:59:14.02+00,0,,1750.0,True,group_total,,,,,,7911.332720028135,156.2481876997713,88.6684500750236,2.0034408956024663,1012.9271389885471,0.9380220174789429,68670.0,0.6422018348623854,0.5015195012457144,False,,,not_all_roi_detections_quality_passing,15849.887510022261,27756.240407800135,1.7621621621621621,0,False,False,not_all_roi_detections_quality_passing,0,,
20260917_055914,2026-09-17 05:59:14.02+00,3,,1750.0,True,group_total,,,,,,7722.616558979678,135.45392075838922,93.87895498106184,70.15258296725847,944.7779969168911,0.8633771538734436,64144.0,0.694078947368421,0.6024354632342656,True,,,mask_clipped_by_roi;not_all_roi_detections_quality_passing,541761.4988781459,892079.3636168845,1.4428571428571428,0,False,False,not_all_roi_detections_quality_passing,0,,
20260917_055914,2026-09-17 05:59:14.02+00,5,,1750.0,True,group_total,,,,,,7030.467552694361,85.85889589748724,80.86181649340725,54.857297836598946,960.0732820475506,0.8674194812774658,34010.0,1.0614525139664805,1.001683328432814,False,,,not_all_roi_detections_quality_passing,385672.4524686995,380858.10643476393,1.061797763404034,0,False,False,not_all_roi_detections_quality_passing,0,,
20260917_055914,2026-09-17 05:59:14.02+00,6,,1750.0,True,group_total,,,,,,8159.197264248852,130.3773527874808,83.08437378531536,48.11487197822635,966.8157079059232,0.8741344213485718,55687.0,1.0257510729613735,0.7001125336994907,True,,,mask_clipped_by_roi;not_all_roi_detections_quality_passing,392578.7318144282,521195.7242914643,1.5692162899893476,0,False,False,not_all_roi_detections_quality_passing,0,,
20260917_055924,2026-09-17 05:59:24.125+00,0,,1750.0,True,group_total,,,,,,6879.849785336348,143.9477309709615,69.29160962887897,70.15258296725847,944.7779969168911,0.942915141582489,50388.0,0.48297213622291024,0.6832095550678832,False,,,not_all_roi_detections_quality_passing,482639.2328680835,699727.817666489,2.07741935483871,0,False,False,not_all_roi_detections_quality_passing,0,,
20260917_055924,2026-09-17 05:59:24.125+00,3,,1750.0,True,group_total,,,,,,7812.282121381524,136.39456130032173,81.01287701394949,47.629644521309956,967.3009353628396,0.8892389535903931,54112.0,0.5855263157894737,0.6891642713744143,True,,,mask_clipped_by_roi;not_all_roi_detections_quality_passing,372096.2203415872,526294.0365678358,1.6836158192090394,0,False,False,not_all_roi_detections_quality_passing,0,,
20260917_055924,2026-09-17 05:59:24.125+00,4,,1750.0,True,group_total,,,,,,6579.203013371503,107.48366163814772,82.390692477277,63.38917592934433,951.5414039548052,0.9187622666358948,48945.0,1.2871794871794873,0.6630880652195904,False,,,not_all_roi_detections_quality_passing,417050.2572894786,561352.5657864894,1.3045607265382708,0,False,False,not_all_roi_detections_quality_passing,0,,
20260917_055924,2026-09-17 05:59:24.125+00,5,,1750.0,True,group_total,,,,,,9000.845921835342,134.31777249115217,89.14013659617899,-9.4367407166784,1024.367320600828,0.8527182340621948,54522.0,0.9957264957264957,0.7026867359086233,True,,,invalid_height_mm;mask_clipped_by_roi;not_all_roi_detections_quality_passing,-84938.6491951323,-112987.08356266205,1.5068158701577503,0,False,False,not_all_roi_detections_quality_passing,0,,
20260917_055924,2026-09-17 05:59:24.125+00,12,,1750.0,True,group_total,,,,,,6514.542438376457,108.13483143416916,77.17506641774727,66.66631729597839,948.2642625881712,0.8711609244346619,41866.0,1.3988439306358382,0.7729035792402933,False,,,not_all_roi_detections_quality_passing,434300.5532349216,556351.2709259179,1.4011627906976745,0,False,False,not_all_roi_detections_quality_passing,0,,
20260917_060035,2026-09-17 06:00:35.356+00,2,,1300.0,True,group_total,,,,,,6623.0370136034435,90.21831630010819,87.36079163887469,52.21973387492983,962.7108460092197,0.9381030201911926,40824.0,0.875,0.7818285663432054,True,,,mask_clipped_by_roi;not_all_roi_detections_quality_passing,345853.23029418185,411572.10578058107,1.0327094639096874,0,False,False,not_all_roi_detections_quality_passing,0,,
20260917_060035,2026-09-17 06:00:35.356+00,3,,1300.0,True,group_total,,,,,,7997.355489588929,116.76914100443034,85.475011215243,27.81298003244251,987.117599851707,0.8699089884757996,48694.0,1.2938144329896908,0.7528263235716927,False,,,not_all_roi_detections_quality_passing,222430.2885442814,277597.0047813649,1.3661202185792352,0,False,False,not_all_roi_detections_quality_passing,0,,
20260917_060035,2026-09-17 06:00:35.356+00,7,,1300.0,True,group_total,,,,,,10464.204075069338,139.56621910207426,98.25058745452881,-49.902079624390694,1064.8326595085402,0.8089306950569153,54488.0,0.7050359712230215,0.756491834556211,True,,,invalid_height_mm;mask_clipped_by_roi;not_all_roi_detections_quality_passing,-522185.5449599837,-684280.4212502989,1.4205128205128206,0,False,False,not_all_roi_detections_quality_passing,0,,
20260917_060108,2026-09-17 06:01:08.292+00,3,,1300.0,True,group_total,,,,,,10335.642411215353,131.31497492977812,100.2956895132951,-77.66982471361564,1092.6004045977652,0.8703339099884033,50115.0,0.7587548638132295,0.7716292174909329,True,,,invalid_height_mm;mask_clipped_by_roi;not_all_roi_detections_quality_passing,-802767.5343817081,-1022936.9082686078,1.309278350515464,0,False,False,not_all_roi_detections_quality_passing,0,,
20260917_060108,2026-09-17 06:01:08.292+00,4,,1300.0,True,group_total,,,,,,7263.727072903329,96.91150355357166,84.07336333782897,40.04584861937565,974.8847312647739,0.8252821564674377,39780.0,1.2277777777777779,0.8581235859728507,False,,,not_all_roi_detections_quality_passing,290882.1147739473,326280.6016929961,1.1527016370708956,0,False,False,not_all_roi_detections_quality_passing,0,,
20260917_060108,2026-09-17 06:01:08.292+00,5,,1300.0,True,group_total,,,,,,11370.743102830706,144.81726830925493,99.03234705867095,-154.22144541791783,1169.1520253020674,0.9592188596725464,48495.0,0.690566037735849,0.7661460175589442,True,,,invalid_height_mm;mask_clipped_by_roi;not_all_roi_detections_quality_passing,-1753612.4367943713,-2211781.35246625,1.4623228935840433,0,False,False,not_all_roi_detections_quality_passing,0,,
20260917_060108,2026-09-17 06:01:08.292+00,6,,1300.0,True,group_total,,,,,,8726.521430220619,120.83000924237253,80.88620453415021,-40.28273175584934,1055.213311639999,0.8493024706840515,50544.0,0.8559670781893004,0.6925524429038719,True,,,invalid_height_mm;mask_clipped_by_roi;not_all_roi_detections_quality_passing,-351528.1219352479,-393702.5070567329,1.4938271604938271,0,False,False,not_all_roi_detections_quality_passing,0,,
20260917_060126,2026-09-17 06:01:26.028+00,1,,1300.0,True,group_total,,,,,,6967.982255153336,104.15221128441479,76.84579536092355,70.15258296725847,944.7779969168911,0.9395567774772644,44460.0,1.231578947368421,0.7842231781376519,False,,,not_all_roi_detections_quality_passing,488821.95326902915,561477.3881501738,1.3553404034045131,0,False,False,not_all_roi_detections_quality_passing,0,,
20260917_060126,2026-09-17 06:01:26.028+00,2,,1300.0,True,group_total,,,,,,6386.857659132351,103.76737234433631,73.26326727303301,70.15258296725847,944.7779969168911,0.9538182020187378,40095.0,0.6790123456790124,0.7970748678736146,True,,,mask_clipped_by_roi;not_all_roi_detections_quality_passing,448054.5618323524,533323.5584968561,1.4163628815190905,0,False,False,not_all_roi_detections_quality_passing,0,,
20260917_060126,2026-09-17 06:01:26.028+00,3,,1300.0,True,group_total,,,,,,7836.6700801009,116.83073738627141,83.84323506544183,46.657726977614516,968.272852906535,0.8438704609870911,48128.0,0.734375,0.7757108647455561,True,,,mask_clipped_by_roi;not_all_roi_detections_quality_passing,365641.21301098826,457034.2238565828,1.3934426229508197,0,False,False,not_all_roi_detections_quality_passing,0,,
20260917_060223,2026-09-17 06:02:23.048+00,1,,1300.0,True,group_total,,,,,,6686.229210551138,106.02320505454857,82.40456488238283,68.06390648181207,946.8666734023375,0.9576206207275391,46710.0,0.6407407407407407,0.7131080977795747,True,,,mask_clipped_by_roi;not_all_roi_detections_quality_passing,455090.87970291276,594660.4713367688,1.2866181042989178,0,False,False,not_all_roi_detections_quality_passing,0,,
20260917_060223,2026-09-17 06:02:23.048+00,8,,1300.0,True,group_total,,,,,,9098.41166436202,103.4962539405879,94.49657968488461,-41.729021930794374,1056.659601814944,0.955598771572113,40352.0,1.0721649484536082,0.901969697908406,False,,,invalid_height_mm;not_all_roi_detections_quality_passing,-379667.8198775581,-408111.58741855534,1.0952380952380953,0,False,False,not_all_roi_detections_quality_passing,0,,
20260917_060223,2026-09-17 06:02:23.048+00,9,,1300.0,True,group_total,,,,,,7748.436200464092,107.02047365620636,81.59642925372772,33.09302832507774,981.8375515590718,0.922248363494873,44820.0,1.3833333333333333,0.8009853444744146,True,,,mask_clipped_by_roi;not_all_roi_detections_quality_passing,256419.2186570159,288984.48952344246,1.3115828061963526,0,False,False,not_all_roi_detections_quality_passing,0,,
20260917_060305,2026-09-17 06:03:05.069+00,1,,,False,group_total,,,,,,7622.827604288645,109.6697613916622,81.35338857332319,65.03057312690066,949.9000067572489,0.9525138735771179,44590.0,0.7428571428571429,0.8462223298508481,False,,,scale_not_stable;not_all_roi_detections_quality_passing,495716.8479544497,580203.210004022,1.3480662983425415,0,False,False,not_all_roi_detections_quality_passing,0,,
20260917_060305,2026-09-17 06:03:05.069+00,5,,,False,group_total,,,,,,10171.798309976475,178.51432353113546,100.67173617028394,-63.60725655147314,1078.5378364356227,0.8202422261238098,75278.0,0.9399293286219081,0.5188245697049862,True,,,invalid_height_mm;mask_clipped_by_roi;scale_not_stable;not_all_roi_detections_quality_passing,-647000.1846925146,-1143108.0716443907,1.7732317959549497,0,False,False,not_all_roi_detections_quality_passing,0,,
20260917_060305,2026-09-17 06:03:05.069+00,6,,,False,group_total,,,,,,6231.540682300451,111.86937143789596,66.50211180181323,66.66631729597839,948.2642625881712,0.8610755801200867,42846.0,0.8693693693693694,0.7224171062491385,True,,,mask_clipped_by_roi;scale_not_stable;not_all_roi_detections_quality_passing,415433.86836903956,495967.3639435913,1.6821927666189658,0,False,False,not_all_roi_detections_quality_passing,0,,
20260917_060309,2026-09-17 06:03:09.487+00,1,,1050.0,True,group_total,,,,,,7460.7278643686905,109.8485313937695,82.49848888348404,67.36562722414078,947.5649526600088,0.9490192532539368,45510.0,0.7520325203252033,0.8154888402024774,False,,,not_all_roi_detections_quality_passing,502596.61213182117,610490.0731166274,1.3315217391304346,0,False,False,not_all_roi_detections_quality_passing,0,,
20260917_060309,2026-09-17 06:03:09.487+00,4,,1050.0,True,group_total,,,,,,6268.825227547589,112.10140858661805,67.92363790907406,67.83126110751175,947.0993187766378,0.855844259262085,42510.0,0.8944954128440367,0.7342866723942941,True,,,mask_clipped_by_roi;not_all_roi_detections_quality_passing,425222.32084713725,516489.9785066229,1.6504034830508127,0,False,False,not_all_roi_detections_quality_passing,0,,
20260917_060309,2026-09-17 06:03:09.487+00,6,,1050.0,True,group_total,,,,,,7249.760730937441,107.79007680686271,85.6312322981214,65.03057312690066,949.9000067572489,0.9070441126823425,48165.0,0.7894736842105263,0.7450715223304656,True,,,mask_clipped_by_roi;not_all_roi_detections_quality_passing,471456.09536576003,600245.0079087071,1.258770590052894,0,False,False,not_all_roi_detections_quality_passing,0,,
20260917_060347,2026-09-17 06:03:47.06+00,1,,1050.0,True,group_total,,,,,,7791.403231715982,126.63802560803498,78.59898615489011,46.41444234120593,968.5161375429436,0.9578676223754883,48498.0,0.6459854014598541,0.7649618316578656,False,,,not_all_roi_detections_quality_passing,361633.63605556695,461991.7411375741,1.6111915916889479,0,False,False,not_all_roi_detections_quality_passing,0,,
20260917_060347,2026-09-17 06:03:47.06+00,2,,1050.0,True,group_total,,,,,,5028796.796907217,3371.845088228126,2165.670081327406,-23076.908341496575,24091.838921380724,0.8040316104888916,59349.0,0.8081180811808119,0.6520372645375172,True,,,invalid_height_mm;mask_clipped_by_roi;not_all_roi_detections_quality_passing,-116049082750.23943,-168514600700.0454,1.556952334199223,0,False,False,not_all_roi_detections_quality_passing,0,,
20260917_060400,2026-09-17 06:04:00.174+00,0,,1050.0,True,group_total,,,,,,8601.935743264585,149.67117153169633,85.10713675331753,-18.77664119949634,1033.707221083646,0.9597010612487793,53725.0,0.5700325732899023,0.6692468052966587,True,,,invalid_height_mm;mask_clipped_by_roi;not_all_roi_detections_quality_passing,-161515.46107240196,-239178.4490521267,1.7586206896551722,0,False,False,not_all_roi_detections_quality_passing,0,,
20260917_060400,2026-09-17 06:04:00.174+00,1,,1050.0,True,group_total,,,,,,7429.5434165941015,122.9982450878742,75.44778439783617,68.64502018833127,946.2855596958183,0.9568999409675598,47520.0,0.6518518518518519,0.779835325780541,False,,,not_all_roi_detections_quality_passing,510001.1578221858,637022.0171368241,1.630243300973617,0,False,False,not_all_roi_detections_quality_passing,0,,
20260917_060417,2026-09-17 06:04:17.389+00,1,,1050.0,True,group_total,,,,,,7582.23803152241,125.67117006093765,76.10647765636308,47.3868481017912,967.5437317823583,0.9569627046585083,46956.0,0.63003663003663,0.7704185833871258,False,,,not_all_roi_detections_quality_passing,359298.36187137675,453226.3006792536,1.6512545834583185,0,False,False,not_all_roi_detections_quality_passing,0,,
20260917_060417,2026-09-17 06:04:17.389+00,6,,1050.0,True,group_total,,,,,,11423.688384638443,148.0341746794171,108.70406184946127,-139.51513063424397,1154.4457105183935,0.8124587535858154,55000.0,0.7272727272727273,0.6960785751342773,True,,,invalid_height_mm;mask_clipped_by_roi;not_all_roi_detections_quality_passing,-1593777.377307728,-2245065.774082345,1.3618090452261307,0,False,False,not_all_roi_detections_quality_passing,0,,
20260917_060417,2026-09-17 06:04:17.389+00,7,,1050.0,True,group_total,,,,,,7063.919035782572,111.70768032007437,81.49831585878958,63.85872510474769,951.0718547794019,0.905571460723877,47580.0,0.7038461538461539,0.7330882400762839,True,,,mask_clipped_by_roi;not_all_roi_detections_quality_passing,451092.86386823363,581369.0552081165,1.3706747083415554,0,False,False,not_all_roi_detections_quality_passing,0,,
20260917_060536,2026-09-17 06:05:36.814+00,0,,1050.0,True,group_total,,,,,,7654.1402551500105,131.2942711759374,85.29356452528506,36.8300400666119,978.1005398175377,0.9642369747161865,55748.0,0.5876623376623377,0.6410055126992977,False,,,not_all_roi_detections_quality_passing,281902.2922726419,412443.2805446225,1.5393221271344049,0,False,False,not_all_roi_detections_quality_passing,0,,
20260917_060536,2026-09-17 06:05:36.814+00,3,,1050.0,True,group_total,,,,,,8823.189186255853,138.39093709693856,95.29519677337639,-11.345838492026019,1026.2764183761756,0.9274071455001831,56620.0,0.6375838926174496,0.6608283461635082,True,,,invalid_height_mm;mask_clipped_by_roi;not_all_roi_detections_quality_passing,-100106.47949184939,-149628.82252702795,1.4522341291350613,0,False,False,not_all_roi_detections_quality_passing,0,,
20260917_060536,2026-09-17 06:05:36.814+00,6,,1050.0,True,group_total,,,,,,7218.962727467319,110.16453602652655,82.00129859828841,63.38917592934433,951.5414039548052,0.8372836709022522,46920.0,0.7215686274509804,0.7589672786195565,True,,,mask_clipped_by_roi;not_all_roi_detections_quality_passing,457604.0983588053,572634.6791619416,1.3434486759314075,0,False,False,not_all_roi_detections_quality_passing,0,,
20260917_060614,2026-09-17 06:06:14.06+00,0,,1050.0,True,group_total,,,,,,7885.258035549547,133.54347488000963,82.1240915726782,33.09302832507774,981.8375515590718,0.9585217833518982,52592.0,0.569078947368421,0.6946700635491659,False,,,not_all_roi_detections_quality_passing,260947.067520988,362935.76082439924,1.626118138084076,0,False,False,not_all_roi_detections_quality_passing,0,,
20260917_060614,2026-09-17 06:06:14.06+00,2,,1050.0,True,group_total,,,,,,8237.298146281326,140.26540835902108,84.15924501541265,-7.263593391086715,1022.1941732752363,0.9390645027160645,50925.0,0.6013745704467354,0.691430579116664,True,,,invalid_height_mm;mask_clipped_by_roi;not_all_roi_detections_quality_passing,-59832.384375739886,-85744.03876627515,1.6666666666666665,0,False,False,not_all_roi_detections_quality_passing,0,,
20260917_060614,2026-09-17 06:06:14.06+00,6,,1050.0,True,group_total,,,,,,9749.102254017396,143.2563532805284,89.59675703455727,-25.472720364410748,1040.4033002485603,0.8500804901123047,54604.0,0.6404109589041096,0.7367130489403857,True,,,invalid_height_mm;mask_clipped_by_roi;not_all_roi_detections_quality_passing,-248336.15552063164,-326950.1268682638,1.598901098901099,0,False,False,not_all_roi_detections_quality_passing,0,,
20260917_060705,2026-09-17 06:07:05.061+00,0,,1300.0,True,group_total,,,,,,7489.156339102581,131.56699190316945,77.09364086957649,39.30561723648668,975.6249626476629,0.9500910043716431,48048.0,0.5874125874125874,0.7313973987019146,False,,,not_all_roi_detections_quality_passing,294365.91248897393,398676.0275745729,1.7065868263473054,0,False,False,not_all_roi_detections_quality_passing,0,,
20260917_060705,2026-09-17 06:07:05.061+00,1,,1300.0,True,group_total,,,,,,1691916.3688453366,2101.264698671351,1247.353653941983,-13896.845928513978,14911.776508398127,0.9171413779258728,54534.0,0.6140939597315436,0.6231812863135341,True,,,invalid_height_mm;mask_clipped_by_roi;not_all_roi_detections_quality_passing,-23512301101.77447,-36423913891.963005,1.684578140313914,0,False,False,not_all_roi_detections_quality_passing,0,,
20260917_060705,2026-09-17 06:07:05.061+00,3,,1300.0,True,group_total,,,,,,7278.794969398698,113.54729196563616,92.12025436964193,27.81298003244251,987.117599851707,0.8889679908752441,52076.0,0.6787003610108303,0.6406867087130008,True,,,mask_clipped_by_roi;not_all_roi_detections_quality_passing,202444.979144129,290923.9218539492,1.2325985500432517,0,False,False,not_all_roi_detections_quality_passing,0,,
20260917_060705,2026-09-17 06:07:05.061+00,6,,1300.0,True,group_total,,,,,,6389.589353074948,101.92213665380048,75.10359165693792,63.154227434540644,951.7763524496089,0.9219483733177185,42510.0,0.8944954128440367,0.7410946180388047,True,,,mask_clipped_by_roi;not_all_roi_detections_quality_passing,403529.5792174147,483427.8351204571,1.357087382975846,0,False,False,not_all_roi_detections_quality_passing,0,,
20260917_060716,2026-09-17 06:07:16.316+00,0,,1550.0,True,group_total,,,,,,7111.058941482988,126.97987840598978,77.17505272474659,66.66631729597839,948.2642625881712,0.9483916163444519,49132.0,0.6091549295774648,0.7189069881623996,False,,,not_all_roi_detections_quality_passing,474068.1117033091,653308.4970104138,1.6453487742843227,0,False,False,not_all_roi_detections_quality_passing,0,,
20260917_060716,2026-09-17 06:07:16.316+00,1,,1550.0,True,group_total,,,,,,16465.18887349553,155.78841127265497,118.0861877656629,-488.46030444538076,1503.3908843295303,0.873113214969635,36740.0,0.759090909090909,0.8856158422138877,True,,,invalid_height_mm;mask_clipped_by_roi;not_all_roi_detections_quality_passing,-8042591.169898322,-8985940.249731801,1.3192771671299148,0,False,False,not_all_roi_detections_quality_passing,0,,
20260917_060716,2026-09-17 06:07:16.316+00,4,,1550.0,True,group_total,,,,,,6433.898055679642,108.30744796852092,68.63928451715589,50.53372538804854,964.396854496101,0.9423283338546753,36150.0,0.6224066390041494,0.8547044011666073,False,,,not_all_roi_detections_quality_passing,325128.83752041444,375675.0791399082,1.5779221582860508,0,False,False,not_all_roi_detections_quality_passing,0,,
20260917_060716,2026-09-17 06:07:16.316+00,6,,1550.0,True,group_total,,,,,,15662.21830593183,192.87160513321442,108.8323298519518,-442.4207348307524,1457.351314714902,0.9536685943603516,47530.0,0.7918367346938775,0.6929766187260533,False,,,invalid_height_mm;not_all_roi_detections_quality_passing,-6929290.131990022,-9286705.942198109,1.7721903536897907,0,False,False,not_all_roi_detections_quality_passing,0,,
20260917_060716,2026-09-17 06:07:16.316+00,7,,1550.0,True,group_total,,,,,,311391.8665073921,824.6357723028102,518.2606763430855,-5036.3947378880885,6051.325317772238,0.9096693992614746,52962.0,0.6254295532646048,0.717139299288333,True,,,invalid_height_mm;mask_clipped_by_roi;not_all_roi_detections_quality_passing,-1568292357.8989797,-2152435713.6183915,1.5911602209944755,0,False,False,not_all_roi_detections_quality_passing,0,,
20260917_060815,2026-09-17 06:08:15.367+00,0,,1550.0,True,group_total,,,,,,7573.572380068041,116.19625026148701,87.48761302218749,47.3868481017912,967.5437317823583,0.9535747170448303,50445.0,0.6210526315789474,0.7163134132224181,False,,,not_all_roi_detections_quality_passing,358887.7239622055,481722.0254937179,1.3281451653277911,0,False,False,not_all_roi_detections_quality_passing,0,,
20260917_060815,2026-09-17 06:08:15.367+00,2,,1550.0,True,group_total,,,,,,6810.578795135619,111.45761842524314,71.29677615865756,61.27045434706008,953.6601255370895,0.9490160346031189,39750.0,0.636,0.8414363650915758,False,,,not_all_roi_detections_quality_passing,417287.2571444124,486889.88529019523,1.5632911392405062,0,False,False,not_all_roi_detections_quality_passing,0,,
20260917_060815,2026-09-17 06:08:15.367+00,5,,1550.0,True,group_total,,,,,,8893.169991563014,140.34033028458867,89.30748699246352,-22.113871937458157,1037.0444518216077,0.9294964671134949,53070.0,0.6310344827586207,0.6959441659947854,True,,,invalid_height_mm;mask_clipped_by_roi;not_all_roi_detections_quality_passing,-196662.42231147035,-277162.9362197683,1.5714284995661305,0,False,False,not_all_roi_detections_quality_passing,0,,
20260917_060815,2026-09-17 06:08:15.367+00,8,,1550.0,True,group_total,,,,,,8688.867145151631,138.47483849321063,84.47782328418384,38.56426088189119,976.3663190022584,0.8599019050598145,57682.0,0.6324503311258278,0.7057630296165324,True,,,mask_clipped_by_roi;not_all_roi_detections_quality_passing,335079.7393537206,451126.76521615806,1.639185683411616,0,False,False,not_all_roi_detections_quality_passing,0,,
20260917_060815,2026-09-17 06:08:15.367+00,10,,1550.0,True,group_total,,,,,,7484.293438354548,99.82927931656921,86.80806897092975,-4.29052731334275,1019.2211071974923,0.8785422444343567,38553.0,0.8497652582159625,0.8346750800984907,True,,,invalid_height_mm;mask_clipped_by_roi;not_all_roi_detections_quality_passing,-32111.565418332113,-37181.65376710512,1.15,0,False,False,not_all_roi_detections_quality_passing,0,,
20260917_060912,2026-09-17 06:09:12.848+00,0,,1800.0,True,group_total,,,,,,7085.445042334163,107.31664741873934,87.11058409721939,65.96597441371239,948.9646054704372,0.9519724249839783,46800.0,0.8125,0.7509013567215357,False,,,not_all_roi_detections_quality_passing,467398.2863723807,616677.360110298,1.2319587628865978,0,False,False,not_all_roi_detections_quality_passing,0,,
20260917_060912,2026-09-17 06:09:12.848+00,1,,1800.0,True,group_total,,,,,,7679.400218982254,103.02366914102801,87.11938428279863,12.539674300762272,1002.3909055833873,0.9421323537826538,42449.0,0.8237885462555066,0.8041688374078536,True,,,mask_clipped_by_roi;not_all_roi_detections_quality_passing,96297.17757123994,112548.07385393731,1.182557360674203,0,False,False,not_all_roi_detections_quality_passing,0,,
20260917_060912,2026-09-17 06:09:12.848+00,2,,1800.0,True,group_total,,,,,,6848.953887911939,122.88278415150164,70.79778055530922,52.21973387492983,962.7108460092197,0.9314455389976501,42547.0,0.5793357933579336,0.7757561132905458,False,,,not_all_roi_detections_quality_passing,357650.54934842745,454302.72309450357,1.7356869549816205,0,False,False,not_all_roi_detections_quality_passing,0,,
20260917_060912,2026-09-17 06:09:12.848+00,6,,1800.0,True,group_total,,,,,,7330.2475004381,119.05011108331678,79.47792104131486,66.66631729597839,948.2642625881712,0.9493252038955688,48780.0,0.6642066420664207,0.7464138899048902,True,,,mask_clipped_by_roi;not_all_roi_detections_quality_passing,488680.60572225886,630787.0495477325,1.4979016753776333,0,False,False,not_all_roi_detections_quality_passing,0,,
20260917_060942,2026-09-17 06:09:42.471+00,0,,1800.0,True,group_total,,,,,,7504.635478611128,99.30827361671909,83.83704723949971,12.409324378059637,1002.5212555060899,0.9282193779945374,38976.0,1.0572916666666667,0.8556709618403994,True,,,mask_clipped_by_roi;not_all_roi_detections_quality_passing,93127.45599318032,103316.46617860801,1.1845392566489403,0,False,False,not_all_roi_detections_quality_passing,0,,
20260917_060942,2026-09-17 06:09:42.471+00,1,,1800.0,True,group_total,,,,,,6772.379575060597,116.41731840723288,73.35253795642012,55.81283232980377,959.1177475543458,0.9513791799545288,42276.0,0.5756457564575646,0.7777950672341314,False,,,not_all_roi_detections_quality_passing,377985.68569664477,476614.0035669834,1.587093257446637,0,False,False,not_all_roi_detections_quality_passing,0,,
20260917_060942,2026-09-17 06:09:42.471+00,2,,1800.0,True,group_total,,,,,,6669.662721585738,99.7904188955869,83.27265822479369,65.49850416471213,949.4320757194374,0.8966354131698608,42768.0,1.0909090909090908,0.7727139780149449,True,,,mask_clipped_by_roi;not_all_roi_detections_quality_passing,436852.9315470087,544280.3506532894,1.1983575524418073,0,False,False,not_all_roi_detections_quality_passing,0,,
20260917_060942,2026-09-17 06:09:42.471+00,3,,1800.0,True,group_total,,,,,,8416.178966556176,97.48778263436229,93.16566419244475,0.0031898312490739045,1014.9273900529005,0.9228487014770508,40170.0,0.9466019417475728,0.9084579319629854,True,,,mask_clipped_by_roi;not_all_roi_detections_quality_passing,26.84619066531941,28.971687040443037,1.0463917525773196,0,False,False,not_all_roi_detections_quality_passing,0,,
20260917_060942,2026-09-17 06:09:42.471+00,4,,1800.0,True,group_total,,,,,,8652.012217167825,113.20996576064958,95.06257638191023,-10.254055068221646,1025.1846349523712,0.9502148628234863,47559.0,0.7670682730923695,0.7731110304453046,False,,,invalid_height_mm;not_all_roi_detections_quality_passing,-88718.20972576534,-110354.45869745943,1.1908994061536151,0,False,False,not_all_roi_detections_quality_passing,0,,
20260917_060942,2026-09-17 06:09:42.471+00,6,,1800.0,True,group_total,,,,,,6889.5221368203165,101.1112349519294,86.13949698925686,58.905225861104896,956.0253540230447,0.9304483532905579,46550.0,0.6578947368421053,0.7232563104844631,False,,,not_all_roi_detections_quality_passing,405828.85754448274,513045.1326432026,1.1738080495703358,0,False,False,not_all_roi_detections_quality_passing,0,,
20260917_060942,2026-09-17 06:09:42.471+00,8,,1800.0,True,group_total,,,,,,5593.468593718491,110.004092313509,62.105956056633715,67.36562722414078,947.5649526600088,0.8116577863693237,39216.0,0.7543859649122807,0.7095149791955656,True,,,mask_clipped_by_roi;not_all_roi_detections_quality_passing,376807.5201743788,460235.8567007185,1.7712325724959057,0,False,False,not_all_roi_detections_quality_passing,0,,
20260917_060955,2026-09-17 06:09:55.127+00,1,,1800.0,True,group_total,,,,,,6826.867323099341,118.93247969441784,68.99899585325005,55.574127066599544,959.35645281755,0.9492872953414917,40239.0,0.5817490494296578,0.8233337499040766,False,,,not_all_roi_detections_quality_passing,379397.19208073907,456053.60600598325,1.7236842105263155,0,False,False,not_all_roi_detections_quality_passing,0,,
20260917_060955,2026-09-17 06:09:55.127+00,3,,1800.0,True,group_total,,,,,,7399.031344107592,91.35577634695478,82.72015569724265,54.378816260696794,960.5517636234528,0.9137367010116577,40198.0,0.9851485148514851,0.8910262748740657,True,,,mask_clipped_by_roi;not_all_roi_detections_quality_passing,402350.5659683632,410938.759197268,1.1043956043956042,0,False,False,not_all_roi_detections_quality_passing,0,,
20260917_060955,2026-09-17 06:09:55.127+00,4,,1800.0,True,group_total,,,,,,7674.958897700958,107.04524944090394,93.0371940468665,-31.40335806941073,1046.3339379535603,0.9406811594963074,44280.0,0.7317073170731707,0.7071140382348038,True,,,invalid_height_mm;mask_clipped_by_roi;not_all_roi_detections_quality_passing,-241019.48243251306,-312751.99847259757,1.150564035572494,0,False,False,not_all_roi_detections_quality_passing,0,,
20260917_060955,2026-09-17 06:09:55.127+00,7,,1800.0,True,group_total,,,,,,7252.208111246236,116.91885317428023,83.57396644778598,15.26921385175433,999.6613660323952,0.8871775269508362,45257.0,0.6162361623616236,0.7162098949380198,False,,,not_all_roi_detections_quality_passing,110735.51654804613,149201.17346163382,1.398986528266873,0,False,False,not_all_roi_detections_quality_passing,0,,
20260917_060959,2026-09-17 06:09:59.192+00,1,,1800.0,True,group_total,,,,,,6810.259793238448,117.49955825231642,69.5130974393475,67.13263854632908,947.7979413378205,0.954455554485321,41028.0,0.5931558935361216,0.8253030450625112,False,,,not_all_roi_detections_quality_passing,457190.70910607453,548323.1617854979,1.6903225806451612,0,False,False,not_all_roi_detections_quality_passing,0,,
20260917_060959,2026-09-17 06:09:59.192+00,3,,1800.0,True,group_total,,,,,,6488.4009349614025,98.2029148099591,87.71667661151112,47.7509970411146,967.179582843035,0.9526866674423218,43648.0,0.7096774193548387,0.7097750461695831,True,,,mask_clipped_by_roi;not_all_roi_detections_quality_passing,309827.61384690716,411328.679608472,1.1195466883098015,0,False,False,not_all_roi_detections_quality_passing,0,,
20260917_060959,2026-09-17 06:09:59.192+00,4,,1800.0,True,group_total,,,,,,7297.64671776219,122.74683659024055,76.07503560535821,28.570746869585605,986.359833014564,0.9055264592170715,43296.0,0.6212121212121212,0.7737950379991214,False,,,not_all_roi_detections_quality_passing,208499.21711684574,266792.7761185984,1.6134969325153374,0,False,False,not_all_roi_detections_quality_passing,0,,
20260917_060959,2026-09-17 06:09:59.192+00,7,,1800.0,True,group_total,,,,,,9384.35354431282,125.3451258987901,90.20767242240102,-41.729021930794374,1056.659601814944,0.879819929599762,51552.0,0.6215277777777778,0.7281993243503393,True,,,invalid_height_mm;mask_clipped_by_roi;not_all_roi_detections_quality_passing,-391599.8948569576,-471833.89241266414,1.3895173496092057,0,False,False,not_all_roi_detections_quality_passing,0,,
20260917_060959,2026-09-17 06:09:59.192+00,8,,1800.0,True,group_total,,,,,,7814.246657506865,96.3587764333918,95.26206905590304,-24.0705595824046,1039.0011394665542,0.887365996837616,42020.0,0.8681818181818182,0.7694150144857546,True,,,invalid_height_mm;mask_clipped_by_roi;not_all_roi_detections_quality_passing,-188093.28976112496,-220951.7640979376,1.0115125294711493,0,False,False,not_all_roi_detections_quality_passing,0,,
20260917_061014,2026-09-17 06:10:14.31+00,0,,1800.0,True,group_total,,,,,,6923.76879381018,127.33463346888732,70.15522723169074,61.977742450054166,952.9528374340954,0.9476250410079956,45563.0,0.568904593639576,0.7473930714042125,False,,,not_all_roi_detections_quality_passing,429119.5590864895,553658.9580935398,1.8150412805072822,0,False,False,not_all_roi_detections_quality_passing,0,,
20260917_061014,2026-09-17 06:10:14.31+00,1,,1800.0,True,group_total,,,,,,7815.966373597066,102.27667191528234,87.66571878452771,-14.360268559352676,1029.2908484435022,0.9219608902931213,39246.0,1.1344086021505377,0.8396005162476874,True,,,invalid_height_mm;mask_clipped_by_roi;not_all_roi_detections_quality_passing,-112239.3761757237,-128756.43622737622,1.1666666666666667,0,False,False,not_all_roi_detections_quality_passing,0,,
20260917_061014,2026-09-17 06:10:14.31+00,2,,1800.0,True,group_total,,,,,,8176.643870955083,102.79113638973658,88.66344261511402,-14.635185986821512,1029.565765870971,0.9246525764465332,39432.0,1.1397849462365592,0.8737349896190084,True,,,invalid_height_mm;mask_clipped_by_roi;not_all_roi_detections_quality_passing,-119666.70379943182,-133382.39254091907,1.1593406860587463,0,False,False,not_all_roi_detections_quality_passing,0,,
20260917_061014,2026-09-17 06:10:14.31+00,5,,1800.0,True,group_total,,,,,,6891.314282702854,129.04332926111104,78.42916124703568,51.25702302892057,963.673556855229,0.885586678981781,50799.0,0.6167247386759582,0.6524521195725894,False,,,not_all_roi_detections_quality_passing,353228.2548880294,518760.03241252154,1.6453488372093024,0,False,False,not_all_roi_detections_quality_passing,0,,
20260917_061018,2026-09-17 06:10:18.7+00,0,,1800.0,True,group_total,,,,,,6839.913972787658,126.26889605308344,69.65010280508162,65.26459628697887,949.6659835971707,0.9530028104782104,43992.0,0.5531914893617021,0.7700107806508033,False,,,not_all_roi_detections_quality_passing,446404.2240716523,573978.7329371292,1.8129032258064515,0,False,False,not_all_roi_detections_quality_passing,0,,
20260917_061018,2026-09-17 06:10:18.7+00,1,,1800.0,True,group_total,,,,,,7245.418564207257,95.44370222288318,84.02698976363679,49.809341170850644,965.1212387132989,0.902037501335144,39035.0,1.1405405405405404,0.8900352084195399,True,,,mask_clipped_by_roi;not_all_roi_detections_quality_passing,360889.5251902141,399463.2948472796,1.1358695877522325,0,False,False,not_all_roi_detections_quality_passing,0,,
20260917_061018,2026-09-17 06:10:18.7+00,5,,1800.0,True,group_total,,,,,,7213.065899354493,96.05364819948966,83.34343902673139,50.05092345838841,964.8796564257611,0.8950458765029907,39035.0,1.1405405405405404,0.8865047229577748,True,,,mask_clipped_by_roi;not_all_roi_detections_quality_passing,361020.6092289033,400679.73336105206,1.152504016167147,0,False,False,not_all_roi_detections_quality_passing,0,,
20260917_061040,2026-09-17 06:10:40.478+00,0,,2100.0,True,group_total,,,,,,6986.053472035544,128.05093451859193,69.68142726453412,58.66805757680254,956.262522307347,0.9569189548492432,44485.0,0.5400696864111498,0.7670535371961976,False,,,not_all_roi_detections_quality_passing,409858.18733200256,523481.6943895369,1.8376623376623378,0,False,False,not_all_roi_detections_quality_passing,0,,
20260917_061040,2026-09-17 06:10:40.478+00,1,,2100.0,True,group_total,,,,,,8559.771791389594,127.20247219419349,87.2913389661015,-72.73709151001401,1087.6676713941636,0.9601216912269592,49780.0,0.7251908396946565,0.6491969795579554,True,,,invalid_height_mm;mask_clipped_by_roi;not_all_roi_detections_quality_passing,-622612.9040951414,-807648.960391387,1.457217562484532,0,False,False,not_all_roi_detections_quality_passing,0,,
20260917_061040,2026-09-17 06:10:40.478+00,3,,2100.0,True,group_total,,,,,,6954.21384459945,103.71387947927622,84.93808848306384,70.15258296725847,944.7779969168911,0.9224101305007935,45202.0,1.2010309278350515,0.7698258436716192,False,,,not_all_roi_detections_quality_passing,487856.06370532035,617992.2498768221,1.2210526670841688,0,False,False,not_all_roi_detections_quality_passing,0,,
20260917_061040,2026-09-17 06:10:40.478+00,7,,2100.0,True,group_total,,,,,,7994.842248903271,105.21184628335482,97.05037190660363,31.84100390329877,983.0895759808508,0.8163034915924072,47970.0,0.8760683760683761,0.770221495971298,True,,,mask_clipped_by_roi;not_all_roi_detections_quality_passing,254563.80325358696,325123.67684003955,1.0840952406097462,0,False,False,not_all_roi_detections_quality_passing,0,,
20260917_061040,2026-09-17 06:10:40.478+00,8,,2100.0,True,group_total,,,,,,11336.39792864659,114.52740580131139,102.05412398136659,-183.29578860230242,1198.226368486452,0.873366117477417,41992.0,0.7801724137931034,0.839831991771626,True,,,invalid_height_mm;mask_clipped_by_roi;not_all_roi_detections_quality_passing,-2077913.9982407843,-2142360.0904067247,1.1222222222222222,0,False,False,not_all_roi_detections_quality_passing,0,,
20260917_061057,2026-09-17 06:10:57.39+00,0,,2100.0,True,group_total,,,,,,6849.554386418242,126.51306790305,67.9504817005781,70.15258296725847,944.7779969168911,0.9544843435287476,43452.0,0.5387323943661971,0.7887777361676233,False,,,not_all_roi_detections_quality_passing,480513.93238195486,603075.3717640091,1.8618421052631577,0,False,False,not_all_roi_detections_quality_passing,0,,
20260917_061057,2026-09-17 06:10:57.39+00,3,,2100.0,True,group_total,,,,,,8236.616771813906,128.87312548426118,84.90464211585982,-53.14762111915218,1068.0782010033017,0.9494337439537048,43264.0,0.66015625,0.7453799804110499,True,,,invalid_height_mm;mask_clipped_by_roi;not_all_roi_detections_quality_passing,-437756.58749201975,-581537.3691224726,1.5178572369270755,0,False,False,not_all_roi_detections_quality_passing,0,,
20260917_061057,2026-09-17 06:10:57.39+00,4,,2100.0,True,group_total,,,,,,7800.747104720643,104.8641805680916,95.01823310130301,-30.551987900205063,1045.4825677843546,0.9120572209358215,42175.0,1.3771428571428572,0.7558039419087137,True,,,invalid_height_mm;mask_clipped_by_roi;not_all_roi_detections_quality_passing,-238328.33115598475,-304420.28708597843,1.103621664447195,0,False,False,not_all_roi_detections_quality_passing,0,,
20260917_061057,2026-09-17 06:10:57.39+00,5,,2100.0,True,group_total,,,,,,6644.608278866097,111.91298684024065,83.3605141338471,60.0893048232341,954.8412750609155,0.873024046421051,50840.0,1.2097560975609756,0.6402699361721612,False,,,not_all_roi_detections_quality_passing,399269.8922997698,560580.5830559934,1.3425179535307148,0,False,False,not_all_roi_detections_quality_passing,0,,
20260917_061124,2026-09-17 06:11:24.533+00,0,,,False,group_total,,,,,,6690.053699905959,112.7416095834473,66.74302725833948,61.85993396477363,953.0706459193759,0.9387441277503967,37846.0,0.5866141732283464,0.8692027033871516,False,,,scale_not_stable;not_all_roi_detections_quality_passing,413846.2800969721,465478.4547564132,1.6891893312999275,0,False,False,not_all_roi_detections_quality_passing,0,,
20260917_061124,2026-09-17 06:11:24.533+00,2,,,False,group_total,,,,,,7109.631772428441,109.89309365770413,83.16174027002712,39.55248590112433,975.3780939830252,0.8816869854927063,45431.0,1.3867403314917126,0.7347006999625806,True,,,mask_clipped_by_roi;scale_not_stable;not_all_roi_detections_quality_passing,281203.6104411615,361466.2494828188,1.3214381192707125,0,False,False,not_all_roi_detections_quality_passing,0,,
20260917_061124,2026-09-17 06:11:24.533+00,3,,,False,group_total,,,,,,8717.8695137579,114.97716552321859,88.05260053060437,-18.22252315013509,1033.1531030342846,0.9157477021217346,51250.0,0.82,0.7117848873975801,True,,,invalid_height_mm;mask_clipped_by_roi;scale_not_stable;not_all_roi_detections_quality_passing,-158861.57903431027,-184485.52458986125,1.3057781920166693,0,False,False,not_all_roi_detections_quality_passing,0,,
20260917_061124,2026-09-17 06:11:24.533+00,4,,,False,group_total,,,,,,7543.597668275627,118.81642552806805,91.56063068996457,70.15258296725847,944.7779969168911,0.8694642186164856,57230.0,1.5206185567010309,0.6595638858382569,False,,,scale_not_stable;not_all_roi_detections_quality_passing,529202.8612953235,763183.415926271,1.2976802871792672,0,False,False,not_all_roi_detections_quality_passing,0,,
20260917_061128,2026-09-17 06:11:28.633+00,0,,1850.0,True,group_total,,,,,,7063.075765705355,111.94799851971031,69.69856750487924,60.325768734839016,954.6048111493105,0.9490342736244202,39321.0,0.5953307392996109,0.8804074525560277,False,,,not_all_roi_detections_quality_passing,426085.4751985872,470698.7559716715,1.606173591901633,0,False,False,not_all_roi_detections_quality_passing,0,,
20260917_061128,2026-09-17 06:11:28.633+00,2,,1850.0,True,group_total,,,,,,6901.0654646933035,112.01608148184376,79.88032040098693,44.70802075479742,970.2225591293521,0.9140325784683228,43855.0,1.3687150837988826,0.7466480446927374,True,,,mask_clipped_by_roi;not_all_roi_detections_quality_passing,308532.9780257239,400042.0261591007,1.4022988505747127,0,False,False,not_all_roi_detections_quality_passing,0,,
20260917_061128,2026-09-17 06:11:28.633+00,3,,1850.0,True,group_total,,,,,,8003.9706438652975,103.87818275960598,85.12122600691443,22.731293546719485,992.1992863374301,0.8951850533485413,48312.0,0.8114754098360656,0.7516476204308833,True,,,mask_clipped_by_roi;not_all_roi_detections_quality_passing,181940.60624502745,200995.51376786872,1.2203558105609043,0,False,False,not_all_roi_detections_quality_passing,0,,
20260917_061128,2026-09-17 06:11:28.633+00,4,,1850.0,True,group_total,,,,,,7560.12220718912,109.52544747790549,86.2792300540235,70.15258296725847,944.7779969168911,0.9221389889717102,54320.0,1.443298969072165,0.6964198653230962,False,,,not_all_roi_detections_quality_passing,530362.1003824479,662925.8637218982,1.2694300518134716,0,False,False,not_all_roi_detections_quality_passing,0,,
20260917_061128,2026-09-17 06:11:28.633+00,5,,1850.0,True,group_total,,,,,,7342.9223063048985,109.72932218286647,86.28656856941818,61.506333675661836,953.4242462084877,0.8410409688949585,47200.0,1.18,0.7643920951778606,True,,,mask_clipped_by_roi;not_all_roi_detections_quality_passing,451636.22952604946,582352.2192772526,1.2716848520240833,0,False,False,not_all_roi_detections_quality_passing,0,,
20260917_061128,2026-09-17 06:11:28.633+00,6,,1850.0,True,group_total,,,,,,11576.426660630437,134.0172234628483,111.39093794579777,-213.07012971155484,1228.0007095957044,0.9479190707206726,47256.0,0.678030303030303,0.7255744285060404,True,,,invalid_height_mm;mask_clipped_by_roi;not_all_roi_detections_quality_passing,-2466590.730176829,-3180775.717044208,1.203125011193104,0,False,False,not_all_roi_detections_quality_passing,0,,
20260917_061155,2026-09-17 06:11:55.554+00,0,,1850.0,True,group_total,,,,,,7178.444600382644,112.90206496794092,78.22154919246236,31.590215746160766,983.3403641379888,0.9476017951965332,42021.0,0.6168582375478927,0.7890742548342528,False,,,not_all_roi_detections_quality_passing,226768.61364795052,278985.02354156284,1.443362681173035,0,False,False,not_all_roi_detections_quality_passing,0,,
20260917_061155,2026-09-17 06:11:55.554+00,1,,1850.0,True,group_total,,,,,,11307.904117206172,125.90166546309148,115.75989639936537,-171.8595147651473,1186.7900946492969,0.9338476657867432,48640.0,1.3473684210526315,0.7372289182324159,True,,,invalid_height_mm;mask_clipped_by_roi;not_all_roi_detections_quality_passing,-1943370.914593864,-2504743.082174265,1.087610384763455,0,False,False,not_all_roi_detections_quality_passing,0,,
20260917_061155,2026-09-17 06:11:55.554+00,2,,1850.0,True,group_total,,,,,,8061.99638499205,114.07700954323523,89.36189268570155,-8.62072851226992,1023.5513083964195,0.9308655261993408,45568.0,0.6953125,0.7542668709091926,True,,,invalid_height_mm;mask_clipped_by_roi;not_all_roi_detections_quality_passing,-69500.28210191798,-87880.89167242475,1.2765733369643395,0,False,False,not_all_roi_detections_quality_passing,0,,
20260917_061155,2026-09-17 06:11:55.554+00,4,,1850.0,True,group_total,,,,,,9124.517185736757,96.69052555194487,81.45165283673444,-98.8210027280769,1113.7515826122265,0.9137399792671204,31416.0,1.1130952380952381,1.045788770053476,True,,,invalid_height_mm;mask_clipped_by_roi;not_all_roi_detections_quality_passing,-901693.9377040766,-778274.9973927793,1.1870910188373458,0,False,False,not_all_roi_detections_quality_passing,0,,
20260917_061155,2026-09-17 06:11:55.554+00,5,,1850.0,True,group_total,,,,,,10247.841700614745,101.60131041508279,96.1680843725174,-133.32507320519096,1148.2556530893405,0.8651170134544373,38982.0,0.8127853881278538,0.890538590090521,True,,,invalid_height_mm;mask_clipped_by_roi;not_all_roi_detections_quality_passing,-1366294.2449296694,-1302693.0775593936,1.0564971848822444,0,False,False,not_all_roi_detections_quality_passing,0,,
20260917_061216,2026-09-17 06:12:16.82+00,0,,1850.0,True,group_total,,,,,,6945.762077352416,120.41417672138476,70.88532667372084,54.618116650239244,960.3124632339103,0.9561265707015991,41762.0,0.5902255639097744,0.8055177599721174,False,,,not_all_roi_detections_quality_passing,379364.44336564234,466198.30106425413,1.6987179487179487,0,False,False,not_all_roi_detections_quality_passing,0,,
20260917_061216,2026-09-17 06:12:16.82+00,1,,1850.0,True,group_total,,,,,,15386.711191048978,169.5842160790492,116.56118969941328,-468.21456340977727,1483.1451432939268,0.8740876913070679,44528.0,1.4375,0.7016280486435501,True,,,invalid_height_mm;mask_clipped_by_roi;not_all_roi_detections_quality_passing,-7204282.262629331,-9255168.236448785,1.4548943479074907,0,False,False,not_all_roi_detections_quality_passing,0,,
20260917_061216,2026-09-17 06:12:16.82+00,2,,1850.0,True,group_total,,,,,,7564.617814613847,112.88626183329528,86.01625978537699,19.657089716084556,995.273490168065,0.9061488509178162,45312.0,0.69140625,0.7527495829735772,True,,,mask_clipped_by_roi;not_all_roi_detections_quality_passing,148698.3710497559,190871.403098834,1.312382822910027,0,False,False,not_all_roi_detections_quality_passing,0,,
20260917_061216,2026-09-17 06:12:16.82+00,3,,1850.0,True,group_total,,,,,,7012.105693897634,87.55119110837038,84.8788931904093,55.335302955865814,959.5952769282837,0.9371485710144043,53074.0,1.0672645739910314,0.640843623107733,True,,,mask_clipped_by_roi;not_all_roi_detections_quality_passing,388016.99293037725,411210.37041975005,1.0314836565077055,0,False,False,not_all_roi_detections_quality_passing,0,,
20260917_061216,2026-09-17 06:12:16.82+00,4,,1850.0,True,group_total,,,,,,7365.662982678748,107.71076039784677,77.68519444623462,7.694042800032548,1007.236537084117,0.8201777338981628,39044.0,1.319767441860465,0.8305317398319845,True,,,mask_clipped_by_roi;not_all_roi_detections_quality_passing,56671.72623934569,64380.144456452595,1.3865030674846626,0,False,False,not_all_roi_detections_quality_passing,0,,
20260917_061221,2026-09-17 06:12:21.133+00,0,,1850.0,True,group_total,,,,,,7044.51048562107,112.24111823955445,77.01114412836293,47.02242485064903,967.9081550335005,0.9556313157081604,41652.0,0.5842696629213483,0.806321609813588,False,,,not_all_roi_detections_quality_passing,331249.9649197259,406453.23219590256,1.4574659227561904,0,False,False,not_all_roi_detections_quality_passing,0,,
20260917_061221,2026-09-17 06:12:21.133+00,2,,1850.0,True,group_total,,,,,,6884.161723229535,107.2347841071663,81.91600318098034,66.43298455419983,948.4975953299497,0.9134626388549805,45312.0,0.69140625,0.7542702894089586,True,,,mask_clipped_by_roi;not_all_roi_detections_quality_passing,457335.4094279214,583563.6068272201,1.309082229881848,0,False,False,not_all_roi_detections_quality_passing,0,,
20260917_061221,2026-09-17 06:12:21.133+00,3,,1850.0,True,group_total,,,,,,6819.260380325059,102.53192727224253,79.76453988607523,70.15258296725847,944.7779969168911,0.941994309425354,46995.0,0.8091286307053942,0.7260854195680931,True,,,mask_clipped_by_roi;not_all_roi_detections_quality_passing,478388.7296060922,573736.7265460109,1.2854324417677971,0,False,False,not_all_roi_detections_quality_passing,0,,
20260917_061221,2026-09-17 06:12:21.133+00,4,,1850.0,True,group_total,,,,,,7906.444853015821,116.73259590148226,86.97640238112204,49.809341170850644,965.1212387132989,0.8552770018577576,49504.0,1.1442307692307692,0.7658414096314443,True,,,mask_clipped_by_roi;not_all_roi_detections_quality_passing,393814.8091323811,505713.30609192053,1.342118007939343,0,False,False,not_all_roi_detections_quality_passing,0,,
20260917_061221,2026-09-17 06:12:21.133+00,5,,1850.0,True,group_total,,,,,,10515.634318749348,109.2061811976526,94.41195105159964,-114.6501461000015,1129.580725984151,0.813876748085022,44121.0,0.8268398268398268,0.8342903460394139,True,,,invalid_height_mm;mask_clipped_by_roi;not_all_roi_detections_quality_passing,-1205619.0109788026,-1182085.2702060184,1.156698701607886,0,False,False,not_all_roi_detections_quality_passing,0,,
20260917_061238,2026-09-17 06:12:38.6+00,0,,1600.0,True,group_total,,,,,,6254.402381030559,114.82172460336719,67.89062288056235,51.97923653643136,962.9513433477182,0.9134714007377625,37950.0,0.5928853754940712,0.7938290513833992,False,,,not_all_roi_detections_quality_passing,325099.06075760693,405194.69917455746,1.691275167785235,0,False,False,not_all_roi_detections_quality_passing,0,,
20260917_061238,2026-09-17 06:12:38.6+00,1,,1600.0,True,group_total,,,,,,11273.711078664126,123.60856507210836,100.26027654489152,-148.5750728236427,1163.5056527077923,0.8127975463867188,51168.0,0.8455284552845529,0.7269308504423102,True,,,invalid_height_mm;mask_clipped_by_roi;not_all_roi_detections_quality_passing,-1674992.44450523,-1841295.1739151687,1.2328767616830045,0,False,False,not_all_roi_detections_quality_passing,0,,
20260917_061238,2026-09-17 06:12:38.6+00,4,,1600.0,True,group_total,,,,,,8194.199915630783,122.83524570197508,79.09163908433557,-17.807324314354332,1032.7379041985039,0.8205686807632446,43769.0,1.4624277456647399,0.7840095158673948,True,,,invalid_height_mm;mask_clipped_by_roi;not_all_roi_detections_quality_passing,-145916.77539429226,-173002.44585267946,1.5530749788987888,0,False,False,not_all_roi_detections_quality_passing,0,,
20260917_061238,2026-09-17 06:12:38.6+00,5,,1600.0,True,group_total,,,,,,7543.200100444509,107.02911687402832,89.27313435114804,-27.442115470343538,1042.372695354493,0.8292976021766663,39676.0,1.1978021978021978,0.7815258198417065,False,,,invalid_height_mm;not_all_roi_detections_quality_passing,-207001.3681723052,-262204.60354448966,1.1988950276243093,0,False,False,not_all_roi_detections_quality_passing,0,,
20260917_061306,2026-09-17 06:13:06.148+00,0,,1600.0,True,group_total,,,,,,6766.497956556283,115.41585240464804,71.33971979342418,54.618116650239244,960.3124632339103,0.9102625250816345,40290.0,0.6196078431372549,0.8133981757259866,False,,,not_all_roi_detections_quality_passing,369573.37470479653,449711.0752259392,1.6178343949044587,0,False,False,not_all_roi_detections_quality_passing,0,,
20260917_061306,2026-09-17 06:13:06.148+00,1,,1600.0,True,group_total,,,,,,8190.023128747642,94.49063665399235,93.5433684689253,-2.1391371134535575,1017.0697169976031,0.9011620283126831,46020.0,0.826271186440678,0.7684200779244673,True,,,invalid_height_mm;mask_clipped_by_roi;not_all_roi_detections_quality_passing,-17519.582434747103,-18907.773994165724,1.010126513515298,0,False,False,not_all_roi_detections_quality_passing,0,,
20260917_061306,2026-09-17 06:13:06.148+00,3,,1600.0,True,group_total,,,,,,8516.70490409805,111.02206849934271,94.6952937200276,29.075278753480575,985.855301130669,0.8352077603340149,49980.0,0.8326530612244898,0.7830881150830694,True,,,mask_clipped_by_roi;not_all_roi_detections_quality_passing,247625.56914778583,305676.1798563805,1.1724137931034482,0,False,False,not_all_roi_detections_quality_passing,0,,
20260917_061348,2026-09-17 06:13:48.024+00,0,,1600.0,True,group_total,,,,,,6884.148393032521,118.36070846088553,72.10479940720613,56.52823592071945,958.4023439634301,0.8480310440063477,41920.0,0.6106870229007634,0.7985366471851145,False,,,not_all_roi_detections_quality_passing,389148.7644745841,482433.171421462,1.6415094339622642,0,False,False,not_all_roi_detections_quality_passing,0,,
20260917_061348,2026-09-17 06:13:48.024+00,1,,1600.0,True,group_total,,,,,,8125.836351548678,119.96193740581673,79.92212324221161,5.584094568382056,1009.3464853157675,0.8085560202598572,44460.0,1.3722222222222222,0.801271508097166,True,,,mask_clipped_by_roi;not_all_roi_detections_quality_passing,45375.43863424444,53538.13625713768,1.5009853659951031,0,False,False,not_all_roi_detections_quality_passing,0,,
20260917_061359,2026-09-17 06:13:59.971+00,0,,1600.0,True,group_total,,,,,,6814.500292291709,118.57833831567515,71.50907425143768,58.43077159111829,956.4998082930313,0.8905988931655884,41817.0,0.6045627376425855,0.7955601190903221,False,,,not_all_roi_detections_quality_passing,398176.5100865057,495459.4739015903,1.658227848101266,0,False,False,not_all_roi_detections_quality_passing,0,,
20260917_061359,2026-09-17 06:13:59.971+00,1,,1600.0,True,group_total,,,,,,12385.382089910048,151.37081075217017,123.61645859176213,70.15258296725847,944.7779969168911,0.8017770051956177,125881.0,1.0699708454810495,0.49232435563193583,True,,,mask_clipped_by_roi;not_all_roi_detections_quality_passing,868866.5446436118,1312689.7699740962,1.224519877665041,0,False,False,not_all_roi_detections_quality_passing,0,,
20260917_061359,2026-09-17 06:13:59.971+00,2,,1600.0,True,group_total,,,,,,8001.144243509534,120.44935476272211,80.80299695726424,5.319729328645167,1009.6108505555044,0.8376226425170898,45201.0,1.349726775956284,0.7756354947899383,True,,,mask_clipped_by_roi;not_all_roi_detections_quality_passing,42563.921694918114,51775.163908167524,1.49065454622217,0,False,False,not_all_roi_detections_quality_passing,0,,
20260917_061417,2026-09-17 06:14:17.835+00,0,,1600.0,True,group_total,,,,,,8311.888733036372,113.5056310883743,91.35819087600858,39.79922966383185,975.1313502203177,0.9217740893363953,49153.0,0.805668016194332,0.7943009647826267,True,,,mask_clipped_by_roi;not_all_roi_detections_quality_passing,330806.76862633094,412704.8424656783,1.2424242424242424,0,False,False,not_all_roi_detections_quality_passing,0,,
20260917_061417,2026-09-17 06:14:17.835+00,3,,1600.0,True,group_total,,,,,,9644.574444286785,126.21632616642053,101.58198572647186,-42.018755849581225,1056.9493357337308,0.871303915977478,61857.0,1.1012658227848102,0.6233723184996384,True,,,invalid_height_mm;mask_clipped_by_roi;not_all_roi_detections_quality_passing,-405253.01884759695,-538735.2862783951,1.2425069786121445,0,False,False,not_all_roi_detections_quality_passing,0,,
20260917_061520,2026-09-17 06:15:20.066+00,0,,1600.0,True,group_total,,,,,,10261.571124954959,117.34405746836741,88.1247054922036,-79.22049233297105,1094.1510722171206,0.8802244067192078,45760.0,1.0576923076923077,0.8366328257780808,True,,,invalid_height_mm;mask_clipped_by_roi;not_all_roi_detections_quality_passing,-812926.7166287313,-819212.0214295852,1.3315682227017354,0,False,False,not_all_roi_detections_quality_passing,0,,
20260917_061520,2026-09-17 06:15:20.066+00,1,,1600.0,True,group_total,,,,,,7304.612825370673,133.29544664962876,72.40517096412304,53.66019898117804,961.2703809029715,0.9179589152336121,48720.0,0.5793103448275863,0.7247036309077822,False,,,not_all_roi_detections_quality_passing,391966.97768985544,517889.58394172485,1.8409658436643566,0,False,False,not_all_roi_detections_quality_passing,0,,
20260917_061520,2026-09-17 06:15:20.066+00,2,,1600.0,True,group_total,,,,,,11820.782465058568,144.11894633859836,123.30147688594536,70.15258296725847,944.7779969168911,0.9290925860404968,113568.0,1.1666666666666667,0.5208256251713228,True,,,mask_clipped_by_roi;not_all_roi_detections_quality_passing,829258.4226179352,1246616.936527362,1.1688339018997258,0,False,False,not_all_roi_detections_quality_passing,0,,
20260917_061520,2026-09-17 06:15:20.066+00,4,,1600.0,True,group_total,,,,,,11630.408843977295,118.02603106385303,115.1473473793688,-201.8289615997254,1216.759541483875,0.8138585686683655,41406.0,1.0248756218905473,0.8473909469535948,True,,,invalid_height_mm;mask_clipped_by_roi;not_all_roi_detections_quality_passing,-2347353.3399602002,-2742933.1709342934,1.0250000000000001,0,False,False,not_all_roi_detections_quality_passing,0,,
20260917_061538,2026-09-17 06:15:38.925+00,0,,1600.0,True,group_total,,,,,,6726.474235873037,120.81127809489487,68.32398305478085,58.66805757680254,956.262522307347,0.8469505310058594,40736.0,0.5671641791044776,0.8065224626545633,False,,,not_all_roi_detections_quality_passing,394629.1777590782,484264.20042001357,1.7682118736846872,0,False,False,not_all_roi_detections_quality_passing,0,,
20260917_061538,2026-09-17 06:15:38.925+00,1,,1600.0,True,group_total,,,,,,7747.457604941879,109.50783367748951,87.5165036720833,66.43298455419983,948.4975953299497,0.9103202819824219,48020.0,0.8,0.8009883902858367,True,,,mask_clipped_by_roi;not_all_roi_detections_quality_passing,514686.7314034219,636676.6326311387,1.251282090607799,0,False,False,not_all_roi_detections_quality_passing,0,,
20260917_061538,2026-09-17 06:15:38.925+00,3,,1600.0,True,group_total,,,,,,6640.240416985723,92.09077076733521,67.05638277238539,70.15258296725847,944.7779969168911,0.8722394108772278,31257.0,1.3708609271523178,1.06301307733142,False,,,not_all_roi_detections_quality_passing,465830.0167751339,433211.41983313474,1.37333340928821,0,False,False,not_all_roi_detections_quality_passing,0,,
20260917_061538,2026-09-17 06:15:38.925+00,4,,1600.0,True,group_total,,,,,,7505.768330512978,129.40592057410066,73.76290470575329,6.9038467719854,1008.0267331121642,0.8681168556213379,47671.0,0.7813765182186235,0.6920833968948166,True,,,mask_clipped_by_roi;not_all_roi_detections_quality_passing,51818.67445988226,65899.67926521899,1.7543495757157648,0,False,False,not_all_roi_detections_quality_passing,0,,
20260917_061555,2026-09-17 06:15:55.341+00,0,,1600.0,True,group_total,,,,,,8512.094043438025,114.46116318682235,92.12727768695457,31.590215746160766,983.3403641379888,0.8973297476768494,49153.0,0.805668016194332,0.7999084556784011,True,,,mask_clipped_by_roi;not_all_roi_detections_quality_passing,268898.88728381717,333118.6786315934,1.2424242424242424,0,False,False,not_all_roi_detections_quality_passing,0,,
20260917_061555,2026-09-17 06:15:55.341+00,1,,1600.0,True,group_total,,,,,,6794.8052172344505,123.69632728069428,74.10993338997899,59.61602538082468,955.3145545033249,0.8919506072998047,48500.0,0.776,0.6856525905648457,True,,,mask_clipped_by_roi;not_all_roi_detections_quality_passing,405079.280288409,546507.6505857329,1.6690924093776107,0,False,False,not_all_roi_detections_quality_passing,0,,
20260917_061555,2026-09-17 06:15:55.341+00,3,,1600.0,True,group_total,,,,,,7122.213851336902,130.475158210852,68.40885031193976,57.48044888044467,957.4501310037049,0.9306027889251709,43928.0,0.5259515570934256,0.7899559783796604,False,,,not_all_roi_detections_quality_passing,409388.04919736576,513050.68857057847,1.9072847682119205,0,False,False,not_all_roi_detections_quality_passing,0,,
20260917_061555,2026-09-17 06:15:55.341+00,4,,1600.0,True,group_total,,,,,,8083.5325784160605,136.437369087845,83.1279040466537,-0.2641073481169087,1015.1946872322665,0.9132075905799866,51888.0,1.4680851063829787,0.67514526480111,True,,,invalid_height_mm;mask_clipped_by_roi;not_all_roi_detections_quality_passing,-2134.920352702103,-2995.440182616937,1.6412944684768254,0,False,False,not_all_roi_detections_quality_passing,0,,
20260917_061614,2026-09-17 06:16:14.704+00,0,,,False,group_total,,,,,,8402.259762421285,136.1757399679104,83.18695325756956,-38.264564219925774,1053.1951441040753,0.9074273705482483,47808.0,0.7710843373493976,0.7076841504219545,True,,,invalid_height_mm;mask_clipped_by_roi;scale_not_stable;not_all_roi_detections_quality_passing,-321508.8082716675,-433462.70215632947,1.6369843423195591,0,False,False,not_all_roi_detections_quality_passing,0,,
20260917_061614,2026-09-17 06:16:14.704+00,1,,,False,group_total,,,,,,7081.291733921348,131.18572790720944,68.75941600653736,58.905225861104896,956.0253540230447,0.925130307674408,44523.0,0.5257731958762887,0.7772323775987051,False,,,scale_not_stable;not_all_roi_detections_quality_passing,417125.0889750121,531340.1015090527,1.907894736842105,0,False,False,not_all_roi_detections_quality_passing,0,,
20260917_061614,2026-09-17 06:16:14.704+00,2,,,False,group_total,,,,,,7967.359108564618,110.77437424636948,91.33234121537402,59.37920967569244,955.5513702084571,0.8943672776222229,49938.0,0.8252032520325203,0.7804351209892356,True,,,mask_clipped_by_roi;scale_not_stable;not_all_roi_detections_quality_passing,473095.4870689964,600756.2654338131,1.2128712871287128,0,False,False,not_all_roi_detections_quality_passing,0,,
20260917_061614,2026-09-17 06:16:14.704+00,3,,,False,group_total,,,,,,6707.556470600339,125.72661622279085,77.23206425114296,65.96597441371239,948.9646054704372,0.8461196422576904,49456.0,1.5965909090909092,0.6726775878997575,False,,,scale_not_stable;not_all_roi_detections_quality_passing,442470.4985181529,640537.9300114729,1.6279069767441858,0,False,False,not_all_roi_detections_quality_passing,0,,
20260917_061619,2026-09-17 06:16:19.825+00,0,,1850.0,True,group_total,,,,,,6940.567900067189,125.02894322887705,75.10318943398103,57.71820654893327,957.2123733352163,0.9014211297035217,47864.0,0.7782258064516129,0.706856159587658,True,,,mask_clipped_by_roi;not_all_roi_detections_quality_passing,400597.13162297406,541978.1387572006,1.6647620982699134,0,False,False,not_all_roi_detections_quality_passing,0,,
20260917_061619,2026-09-17 06:16:19.825+00,1,,1850.0,True,group_total,,,,,,7196.519374551465,133.82874152908667,70.82345771642387,42.995575491583736,971.9350043925658,0.9341068267822266,45260.0,0.5308219178082192,0.7517875671386719,False,,,not_all_roi_detections_quality_passing,309418.4920451725,407521.27488930814,1.8896103896103895,0,False,False,not_all_roi_detections_quality_passing,0,,
20260917_061619,2026-09-17 06:16:19.825+00,2,,1850.0,True,group_total,,,,,,7875.474508589396,111.25409365046953,91.80723988229802,59.14227653157934,955.7883033525702,0.908835768699646,50388.0,0.8259109311740891,0.7641661985342376,True,,,mask_clipped_by_roi;not_all_roi_detections_quality_passing,465773.4912043979,604075.1472697047,1.2118226600985222,0,False,False,not_all_roi_detections_quality_passing,0,,
20260917_061619,2026-09-17 06:16:19.825+00,3,,1850.0,True,group_total,,,,,,6549.353595861614,128.30123847411784,77.78541984145124,70.15258296725847,944.7779969168911,0.8280124068260193,51264.0,1.6179775280898876,0.6392754765039079,False,,,not_all_roi_detections_quality_passing,459454.07151559443,700120.3718418981,1.6494252873563215,0,False,False,not_all_roi_detections_quality_passing,0,,
20260917_061645,2026-09-17 06:16:45.185+00,0,,1550.0,True,group_total,,,,,,7547.289866016416,126.12803295539169,76.4827499300873,40.29234286242615,974.6382370217234,0.9003931283950806,46413.0,0.7860082304526749,0.7645856364034865,True,,,mask_clipped_by_roi;not_all_roi_detections_quality_passing,304097.9909636478,388684.8723018492,1.649104315295737,0,False,False,not_all_roi_detections_quality_passing,0,,
20260917_061645,2026-09-17 06:16:45.185+00,1,,1550.0,True,group_total,,,,,,7271.83560631135,136.87624646001387,70.99005324875296,34.34186774451189,980.5887121396377,0.91230708360672,45584.0,0.5202702702702703,0.741002167179192,False,,,not_all_roi_detections_quality_passing,249728.4166517768,333694.84712475294,1.9281045751633987,0,False,False,not_all_roi_detections_quality_passing,0,,
20260917_061645,2026-09-17 06:16:45.185+00,3,,1550.0,True,group_total,,,,,,7007.500928645198,99.03841171352866,87.67845233674316,60.0893048232341,954.8412750609155,0.8582419753074646,44368.0,1.2553191489361701,0.7737356022381843,True,,,mask_clipped_by_roi;not_all_roi_detections_quality_passing,421075.8593504573,521787.5611838238,1.1295638674500748,0,False,False,not_all_roi_detections_quality_passing,0,,
20260917_061708,2026-09-17 06:17:08.47+00,0,,1800.0,True,group_total,,,,,,7358.445788863185,135.38283685635346,70.02560576179485,28.318287224585674,986.6122926595639,0.9396178126335144,43941.0,0.5189003436426117,0.7683953906176659,False,,,not_all_roi_detections_quality_passing,208378.5813755706,268464.871783568,1.9333333197699627,0,False,False,not_all_roi_detections_quality_passing,0,,
20260917_061708,2026-09-17 06:17:08.47+00,1,,1800.0,True,group_total,,,,,,22166.154447412307,188.8367557994624,138.93469201123065,-656.662753776265,1671.5933336604146,0.9401589035987854,42365.0,1.2378378378378379,0.8363412551582738,False,,,invalid_height_mm;not_all_roi_detections_quality_passing,-14555688.02006777,-17228188.581357554,1.3591764091879799,0,False,False,not_all_roi_detections_quality_passing,0,,
20260917_061708,2026-09-17 06:17:08.47+00,5,,1800.0,True,group_total,,,,,,9196.816861446028,122.14058306149676,90.4032662029976,-1.3347054891474954,1016.265285373297,0.842983067035675,53109.0,0.6725978647686833,0.7488879968922993,True,,,invalid_height_mm;mask_clipped_by_roi;not_all_roi_detections_quality_passing,-12275.041947656255,-14737.694744037886,1.351063829787234,0,False,False,not_all_roi_detections_quality_passing,0,,
20260917_061708,2026-09-17 06:17:08.47+00,6,,1800.0,True,group_total,,,,,,7036.169197100137,122.51023450981673,74.52972186490538,58.905225861104896,956.0253540230447,0.9276590347290039,46656.0,0.7901234567901234,0.7369730200296567,True,,,mask_clipped_by_roi;not_all_roi_detections_quality_passing,414467.1357521327,537843.2186713273,1.643776891209686,0,False,False,not_all_roi_detections_quality_passing,0,,
20260917_061708,2026-09-17 06:17:08.47+00,7,,1800.0,True,group_total,,,,,,7326.87164826378,135.59106475205664,82.28975269316885,26.800811255357985,988.1297686287916,0.803084135055542,51507.0,1.6440677966101696,0.6507077796727625,False,,,not_all_roi_detections_quality_passing,196366.10413735124,299036.89076946257,1.6477272116448165,0,False,False,not_all_roi_detections_quality_passing,0,,
20260917_061735,2026-09-17 06:17:35.518+00,0,,1800.0,True,group_total,,,,,,7116.551399511238,128.49170759405936,73.91150624479583,58.43077159111829,956.4998082930313,0.9564110636711121,47571.0,0.5181518151815182,0.7303300525438908,False,,,not_all_roi_detections_quality_passing,415825.5893412943,554917.9521397512,1.7384533765080261,0,False,False,not_all_roi_detections_quality_passing,0,,
20260917_061735,2026-09-17 06:17:35.518+00,3,,1800.0,True,group_total,,,,,,6868.713579844627,108.66371830684066,82.62034780354828,65.96597441371239,948.9646054704372,0.9451518058776855,44955.0,0.7613168724279835,0.7578076991073919,True,,,mask_clipped_by_roi;not_all_roi_detections_quality_passing,453101.38426314946,592231.5811368536,1.3152173913043477,0,False,False,not_all_roi_detections_quality_passing,0,,
20260917_061735,2026-09-17 06:17:35.518+00,7,,1800.0,True,group_total,,,,,,7756.013492406993,109.87640264618035,85.12979653863832,23.241815433180705,991.6887644509688,0.9481310248374939,49128.0,0.6891385767790262,0.7170019270911354,False,,,not_all_roi_detections_quality_passing,180263.83408778263,217398.26594938376,1.2906926495038686,0,False,False,not_all_roi_detections_quality_passing,0,,
20260917_061735,2026-09-17 06:17:35.518+00,8,,1800.0,True,group_total,,,,,,7816.7083305855585,110.6288423508277,87.97516872179794,-4.021105926296059,1018.9516858104456,0.8963961601257324,46980.0,1.5517241379310345,0.7157565770934825,True,,,invalid_height_mm;mask_clipped_by_roi;not_all_roi_detections_quality_passing,-31431.81219224536,-39135.77963506578,1.257500769343984,0,False,False,not_all_roi_detections_quality_passing,0,,
20260917_061830,2026-09-17 06:18:30.441+00,0,,2050.0,True,group_total,,,,,,7387.469835169279,138.38302321768927,67.14979446426717,56.05141883417048,958.8791610499791,0.9575542211532593,45594.0,0.4869281045751634,0.7870854823145996,False,,,not_all_roi_detections_quality_passing,414078.16585587355,520851.73166005826,2.0608108233499935,0,False,False,not_all_roi_detections_quality_passing,0,,
20260917_061830,2026-09-17 06:18:30.441+00,2,,2050.0,True,group_total,,,,,,8017.447926129613,119.45631579163901,82.44828070324888,24.8973893304277,990.0331905537219,0.9444345235824585,45312.0,0.69140625,0.8062784353555259,False,,,not_all_roi_detections_quality_passing,199613.52245327912,245213.58721780774,1.4488636363636365,0,False,False,not_all_roi_detections_quality_passing,0,,
20260917_061830,2026-09-17 06:18:30.441+00,4,,2050.0,True,group_total,,,,,,10610.434494149651,143.68339991805573,85.08311132402517,-175.8924746172146,1190.8230545013641,0.9321104288101196,40128.0,0.5757575757575758,0.8328232149188028,True,,,invalid_height_mm;mask_clipped_by_roi;not_all_roi_detections_quality_passing,-1866295.5799398357,-2150290.903966331,1.6887417218543044,0,False,False,not_all_roi_detections_quality_passing,0,,
20260917_061830,2026-09-17 06:18:30.441+00,5,,2050.0,True,group_total,,,,,,9211.333177298487,103.46292181371497,89.06344300458969,-112.17299538512418,1127.1035752692737,0.907717227935791,33345.0,1.1403508771929824,0.9712381916329285,True,,,invalid_height_mm;mask_clipped_by_roi;not_all_roi_detections_quality_passing,-1033262.8339879445,-1033647.6841388776,1.1616766467065869,0,False,False,not_all_roi_detections_quality_passing,0,,
20260917_061830,2026-09-17 06:18:30.441+00,6,,2050.0,True,group_total,,,,,,7340.934180403688,111.42498484478574,83.83215509237725,33.09302832507774,981.8375515590718,0.9122648239135742,51250.0,1.2195121951219512,0.6636511038431308,True,,,mask_clipped_by_roi;not_all_roi_detections_quality_passing,242933.74276463056,309121.86542148533,1.3291437482670354,0,False,False,not_all_roi_detections_quality_passing,0,,
20260917_061929,2026-09-17 06:19:29.242+00,0,,2050.0,True,group_total,,,,,,7984.380730865175,150.98263011269117,67.95010853812727,10.319105445547507,1004.611474438602,0.9418557286262512,45965.0,0.45741324921135645,0.7687397567100032,False,,,not_all_roi_detections_quality_passing,82391.6666791954,105866.65509835894,2.221963045547952,0,False,False,not_all_roi_detections_quality_passing,0,,
20260917_061929,2026-09-17 06:19:29.242+00,2,,2050.0,True,group_total,,,,,,8110.955308919788,122.47601976277824,91.05674523567535,46.171035420486305,968.7595444636632,0.9418740272521973,55385.0,0.7886792452830189,0.6969626368582652,False,,,not_all_roi_detections_quality_passing,374491.20486211695,514911.7483352751,1.3450515878398985,0,False,False,not_all_roi_detections_quality_passing,0,,
20260917_061929,2026-09-17 06:19:29.242+00,4,,2050.0,True,group_total,,,,,,9830.487786042086,146.89767703281294,81.36711478769192,-139.16948820594496,1154.1000680900945,0.9240450859069824,40500.0,0.5555555555555556,0.813944416752568,True,,,invalid_height_mm;mask_clipped_by_roi;not_all_roi_detections_quality_passing,-1368103.95399827,-1663442.812270401,1.8053691275167787,0,False,False,not_all_roi_detections_quality_passing,0,,
20260917_061929,2026-09-17 06:19:29.242+00,9,,2050.0,True,group_total,,,,,,7730.401569105826,104.54831335299919,83.45481824982063,31.590215746160766,983.3403641379888,0.9048852920532227,43844.0,1.1649484536082475,0.8144150484153122,True,,,mask_clipped_by_roi;not_all_roi_detections_quality_passing,244205.05337251275,275626.543252126,1.2527534724242706,0,False,False,not_all_roi_detections_quality_passing,0,,
20260917_061929,2026-09-17 06:19:29.242+00,10,,2050.0,True,group_total,,,,,,6549.405911993873,95.64592904559015,89.6332428464735,55.09635990882191,959.8342199753276,0.8910171985626221,50112.0,1.359375,0.6336206896551724,True,,,mask_clipped_by_roi;not_all_roi_detections_quality_passing,360848.4253161804,472344.11197554576,1.0670809847794458,0,False,False,not_all_roi_detections_quality_passing,0,,
20260917_062019,2026-09-17 06:20:19.927+00,0,,,False,group_total,,,,,,6402.677098485672,119.2341593195225,66.67782490125528,60.0893048232341,954.8412750609155,0.9514879584312439,46898.0,0.683206106870229,0.6688158343639388,False,,,scale_not_stable;not_all_roi_detections_quality_passing,384732.4158556456,477726.4616910483,1.7882130902755018,0,False,False,not_all_roi_detections_quality_passing,0,,
20260917_062019,2026-09-17 06:20:19.927+00,1,,,False,group_total,,,,,,7259.313168641477,114.96793362111804,82.22789981370283,40.53871248755809,974.3918673965915,0.9472248554229736,50303.0,0.6951672862453532,0.6788846385945118,False,,,scale_not_stable;not_all_roi_detections_quality_passing,294283.2094007011,383235.62624510576,1.3981621065549732,0,False,False,not_all_roi_detections_quality_passing,0,,
20260917_062019,2026-09-17 06:20:19.927+00,4,,,False,group_total,,,,,,9358.809445252577,108.77132529477295,78.55706826844713,-49.31409913874279,1064.2446790228923,0.8689521551132202,35796.0,0.6885964912280702,1.031014486243171,True,,,invalid_height_mm;mask_clipped_by_roi;scale_not_stable;not_all_roi_detections_quality_passing,-461521.25680378795,-421376.965549151,1.3846153846153848,0,False,False,not_all_roi_detections_quality_passing,0,,
20260917_062019,2026-09-17 06:20:19.927+00,5,,,False,group_total,,,,,,6693.765441533501,114.70427481227144,68.91324020341999,56.766466679845394,958.1641132043042,0.9445071220397949,38862.0,0.6023622047244095,0.8379675052555067,True,,,mask_clipped_by_roi;scale_not_stable;not_all_roi_detections_quality_passing,379981.4128995121,448718.66724128,1.6644736842105263,0,False,False,not_all_roi_detections_quality_passing,0,,
20260917_062019,2026-09-17 06:20:19.927+00,7,,,False,group_total,,,,,,15657.534411403425,169.53021103064188,116.09851027779365,-379.1722148431255,1394.102794727275,0.844480574131012,46182.0,1.441340782122905,0.7791528782318579,True,,,invalid_height_mm;mask_clipped_by_roi;scale_not_stable;not_all_roi_detections_quality_passing,-5936902.00175429,-7462945.243029953,1.460227272727273,0,False,False,not_all_roi_detections_quality_passing,0,,
20260917_062024,2026-09-17 06:20:24.146+00,0,,2050.0,True,group_total,,,,,,6769.540830179835,122.88037602870668,68.97412028085468,55.81283232980377,959.1177475543458,0.9460893273353577,44173.0,0.6014760147601476,0.7440808016208996,False,,,not_all_roi_detections_quality_passing,377827.24730458774,473045.33492501086,1.7815432154604065,0,False,False,not_all_roi_detections_quality_passing,0,,
20260917_062024,2026-09-17 06:20:24.146+00,1,,2050.0,True,group_total,,,,,,6959.719185222497,98.62534511044929,88.19704681143823,70.15258296725847,944.7779969168911,0.9509994983673096,45499.0,0.6577946768060836,0.7654061747654739,False,,,not_all_roi_detections_quality_passing,488242.2775701417,610219.7300401379,1.1182386335599914,0,False,False,not_all_roi_detections_quality_passing,0,,
20260917_062024,2026-09-17 06:20:24.146+00,4,,2050.0,True,group_total,,,,,,9255.508557934247,110.75809465445398,93.74108915960554,-33.680472189004945,1048.6110520731545,0.9041522741317749,45276.0,0.8484848484848485,0.8303573056364325,True,,,invalid_height_mm;mask_clipped_by_roi;not_all_roi_detections_quality_passing,-311729.8985806017,-349690.3460149814,1.181531979705025,0,False,False,not_all_roi_detections_quality_passing,0,,
20260917_062024,2026-09-17 06:20:24.146+00,5,,2050.0,True,group_total,,,,,,6539.613887143219,113.79986036655791,68.54873478772977,68.06390648181207,946.8666734023375,0.9485467672348022,39270.0,0.6039215686274509,0.8296122974252956,True,,,mask_clipped_by_roi;not_all_roi_detections_quality_passing,445111.6680416755,530955.4024185829,1.6601307189542482,0,False,False,not_all_roi_detections_quality_passing,0,,
20260917_062024,2026-09-17 06:20:24.146+00,8,,2050.0,True,group_total,,,,,,10463.825991317035,144.0346775358701,96.8948580249009,-125.17419013090978,1140.1047700150593,0.8038725852966309,48508.0,1.4806629834254144,0.7412236225401528,True,,,invalid_height_mm;mask_clipped_by_roi;not_all_roi_detections_quality_passing,-1309800.944133874,-1746958.4895370067,1.4865048617838397,0,False,False,not_all_roi_detections_quality_passing,0,,
20260917_062038,2026-09-17 06:20:38.112+00,0,,2050.0,True,group_total,,,,,,6837.083557551997,114.95761188342665,70.15129320689292,58.43077159111829,956.4998082930313,0.94404536485672,39780.0,0.611764705882353,0.8390695701357466,False,,,not_all_roi_detections_quality_passing,399496.06770071114,471210.5832286883,1.6387098031733955,0,False,False,not_all_roi_detections_quality_passing,0,,
20260917_062038,2026-09-17 06:20:38.112+00,1,,2050.0,True,group_total,,,,,,9212.661442508412,124.6622500994087,97.77249798655792,1.4708119280786605,1013.4597679560709,0.9031563401222229,62872.0,0.8560885608856088,0.637200997582312,True,,,mask_clipped_by_roi;not_all_roi_detections_quality_passing,13550.09233899173,17927.04942489754,1.2750236791183105,0,False,False,not_all_roi_detections_quality_passing,0,,
20260917_062038,2026-09-17 06:20:38.112+00,2,,2050.0,True,group_total,,,,,,6711.90875652671,116.38307500978154,68.75139180114508,65.26459628697887,949.6659835971707,0.8778751492500305,40348.0,0.5877862595419847,0.8238419540055836,True,,,mask_clipped_by_roi;not_all_roi_detections_quality_passing,438050.0153097541,522214.5620502725,1.6928104575163399,0,False,False,not_all_roi_detections_quality_passing,0,,
20260917_062038,2026-09-17 06:20:38.112+00,6,,2050.0,True,group_total,,,,,,15040.99583407891,151.8805233698283,129.85283679082292,-444.07556221309335,1459.006142097243,0.9188976287841797,46540.0,1.452513966480447,0.6781060337251894,False,,,invalid_height_mm;not_all_roi_detections_quality_passing,-6679338.681263387,-8758110.111697368,1.1696357748001247,0,False,False,not_all_roi_detections_quality_passing,0,,
20260917_062042,2026-09-17 06:20:42.199+00,0,,2050.0,True,group_total,,,,,,6731.843324121178,116.74994607714191,75.41047100702552,54.857297836598946,960.0732820475506,0.9429513216018677,43086.0,0.6472868217054264,0.7570955472775379,False,,,not_all_roi_detections_quality_passing,369290.7342206357,482972.8894237033,1.5481927710843373,0,False,False,not_all_roi_detections_quality_passing,0,,
20260917_062042,2026-09-17 06:20:42.199+00,1,,2050.0,True,group_total,,,,,,9799.894123036409,125.68017218245983,95.62901293753022,-25.332334006260794,1040.2629138904103,0.9137638211250305,54471.0,0.7416974169741697,0.7425598112596791,True,,,invalid_height_mm;mask_clipped_by_roi;not_all_roi_detections_quality_passing,-248254.19115075053,-304460.98331144475,1.3142473013348006,0,False,False,not_all_roi_detections_quality_passing,0,,
20260917_062042,2026-09-17 06:20:42.199+00,2,,2050.0,True,group_total,,,,,,9967.289590244094,142.41748270744878,84.68066856837179,-147.1719909391594,1162.102570823309,0.9147290587425232,40610.0,0.5916030534351145,0.8117397251988655,True,,,invalid_height_mm;mask_clipped_by_roi;not_all_roi_detections_quality_passing,-1466905.8532633816,-1774895.3368114692,1.681818118765322,0,False,False,not_all_roi_detections_quality_passing,0,,
20260917_062042,2026-09-17 06:20:42.199+00,6,,2050.0,True,group_total,,,,,,18483.926649114732,195.71380092638285,129.48366270545625,-557.7720832822787,1572.7026631664282,0.9005119204521179,46200.0,1.5085714285714287,0.7224713897705078,False,,,invalid_height_mm;not_all_roi_detections_quality_passing,-10309818.274313552,-14134914.994409285,1.5114941671953164,0,False,False,not_all_roi_detections_quality_passing,0,,
20260917_062042,2026-09-17 06:20:42.199+00,10,,2050.0,True,group_total,,,,,,15059.050886121575,163.84602789159197,112.07068307784891,-370.15538038207967,1385.0859602662292,0.8620697855949402,43172.0,1.4593023255813953,0.8120889763543595,True,,,invalid_height_mm;mask_clipped_by_roi;not_all_roi_detections_quality_passing,-5574188.708945425,-6796917.565023904,1.4619883040935673,0,False,False,not_all_roi_detections_quality_passing,0,,
20260917_062124,2026-09-17 06:21:24.626+00,0,,2050.0,True,group_total,,,,,,7420.801656306862,113.26774836475458,81.10169408394405,59.37920967569244,955.5513702084571,0.944782555103302,45936.0,0.6590909090909091,0.790225803291536,False,,,not_all_roi_detections_quality_passing,440641.3375115709,545469.668673191,1.39661383950275,0,False,False,not_all_roi_detections_quality_passing,0,,
20260917_062124,2026-09-17 06:21:24.626+00,2,,2050.0,True,group_total,,,,,,8106.804355379786,130.92313663824967,87.83988879389037,6.37636025544316,1008.5542196287064,0.9121896028518677,54760.0,1.6,0.6500539300387754,False,,,not_all_roi_detections_quality_passing,51691.90509029717,73329.88854815991,1.49047475396344,0,False,False,not_all_roi_detections_quality_passing,0,,
20260917_062124,2026-09-17 06:21:24.626+00,3,,2050.0,True,group_total,,,,,,10109.097085030002,144.0224527959773,90.93388442957692,-95.93230986251217,1110.8628897466617,0.9437258243560791,47850.0,0.6327272727272727,0.7646648815956235,True,,,invalid_height_mm;mask_clipped_by_roi;not_all_roi_detections_quality_passing,-969789.0339913167,-1256379.518157736,1.5838150289017339,0,False,False,not_all_roi_detections_quality_passing,0,,
20260917_062124,2026-09-17 06:21:24.626+00,5,,2050.0,True,group_total,,,,,,13533.947708854741,153.05023534104006,111.4408320857887,-300.21586413526904,1315.1464440194186,0.8579246401786804,45318.0,1.3681318681318682,0.7712002578325245,True,,,invalid_height_mm;mask_clipped_by_roi;not_all_roi_detections_quality_passing,-4063105.8065753705,-5120495.461729047,1.3733766383152979,0,False,False,not_all_roi_detections_quality_passing,0,,
20260917_062124,2026-09-17 06:21:24.626+00,9,,2050.0,True,group_total,,,,,,6802.697831162782,116.59436475671914,68.69125611405126,59.85272373426949,955.0778561498801,0.8326297998428345,39627.0,0.5907335907335908,0.840570357847795,True,,,mask_clipped_by_roi;not_all_roi_detections_quality_passing,407159.9939363002,479361.2646760738,1.6973683602922058,0,False,False,not_all_roi_detections_quality_passing,0,,
20260917_062124,2026-09-17 06:21:24.626+00,10,,2050.0,True,group_total,,,,,,7614.525980496615,118.1495697158997,81.68935093638378,39.55248590112433,975.3780939830252,0.820107102394104,45746.0,0.6926070038910506,0.7814575458487085,True,,,mask_clipped_by_roi;not_all_roi_detections_quality_passing,301173.4314873373,381743.2566196085,1.4463276836158192,0,False,False,not_all_roi_detections_quality_passing,0,,
20260917_062140,2026-09-17 06:21:40.837+00,0,,2050.0,True,group_total,,,,,,7311.855588637768,105.83568807045305,76.8103359859175,39.18213603630352,975.748443847846,0.9212426543235779,43848.0,0.8146551724137931,0.7822826867816092,False,,,not_all_roi_detections_quality_passing,286494.1203518112,318522.34952250536,1.3778834151937194,0,False,False,not_all_roi_detections_quality_passing,0,,
20260917_062140,2026-09-17 06:21:40.837+00,2,,2050.0,True,group_total,,,,,,6535.450504780971,97.64609026040472,80.20550869627088,58.19336781641164,956.7372120677379,0.9107117652893066,42000.0,1.3714285714285714,0.7592810211181641,False,,,not_all_roi_detections_quality_passing,380319.87507067213,455756.1610448846,1.2174486746313065,0,False,False,not_all_roi_detections_quality_passing,0,,
20260917_062140,2026-09-17 06:21:40.837+00,3,,2050.0,True,group_total,,,,,,96111.62687367418,430.99645913800754,311.7814101896122,-2429.8363793838716,3444.7669592680213,0.9454580545425415,52268.0,0.613013698630137,0.692120940626703,True,,,invalid_height_mm;mask_clipped_by_roi;not_all_roi_detections_quality_passing,-233535527.45942208,-326513354.87897,1.3823674056637751,0,False,False,not_all_roi_detections_quality_passing,0,,
20260917_062140,2026-09-17 06:21:40.837+00,9,,2050.0,True,group_total,,,,,,15312.748128366797,159.44773744451155,124.48047686967823,-370.65325455902655,1385.583834443176,0.8143219351768494,47946.0,1.4316939890710383,0.7430136280444101,True,,,invalid_height_mm;mask_clipped_by_roi;not_all_roi_detections_quality_passing,-5675719.930021795,-7356774.127034402,1.280905580169342,0,False,False,not_all_roi_detections_quality_passing,0,,
20260917_062152,2026-09-17 06:21:52.621+00,0,,2050.0,True,group_total,,,,,,6808.241950489742,106.86137728545192,74.15351897145091,70.15258296725847,944.7779969168911,0.9362045526504517,40098.0,0.6626016260162602,0.8495997306598833,False,,,not_all_roi_detections_quality_passing,477615.7582929012,555899.391637513,1.4410830229998057,0,False,False,not_all_roi_detections_quality_passing,0,,
20260917_062152,2026-09-17 06:21:52.621+00,2,,2050.0,True,group_total,,,,,,6952.8633531958985,101.12558102247178,80.28729700253648,27.686572349019343,987.2440075351302,0.9007629156112671,40775.0,1.3314285714285714,0.7814160889719689,False,,,not_all_roi_detections_quality_passing,192500.95426110347,224790.03732437218,1.2595464637360623,0,False,False,not_all_roi_detections_quality_passing,0,,
20260917_062152,2026-09-17 06:21:52.621+00,3,,2050.0,True,group_total,,,,,,7669.968628756661,120.69622643725904,88.96849215461012,37.32616004623026,977.6044198379193,0.9366265535354614,51381.0,0.5824915824915825,0.697631945743406,True,,,mask_clipped_by_roi;not_all_roi_detections_quality_passing,286290.47658653633,400814.3263481911,1.3566176464754762,0,False,False,not_all_roi_detections_quality_passing,0,,
20260917_062152,2026-09-17 06:21:52.621+00,8,,2050.0,True,group_total,,,,,,53609.692038575726,344.73819240077404,221.26813058347554,-1568.6446395668663,2583.575219451016,0.8070924878120422,51506.0,0.6431095406360424,0.6964739949588511,True,,,invalid_height_mm;mask_clipped_by_roi;not_all_roi_detections_quality_passing,-84094556.04514232,-119655547.01767874,1.558011049723757,0,False,False,not_all_roi_detections_quality_passing,0,,
20260917_062202,2026-09-17 06:22:02.966+00,1,,2050.0,True,group_total,,,,,,7026.374263736721,115.76901594826091,86.94115822201412,47.872319116232916,967.0582607679166,0.8350058197975159,48514.0,0.7519685039370079,0.6917044250403989,False,,,not_all_roi_detections_quality_passing,336368.83098369045,481839.31208845746,1.331578947368421,0,False,False,not_all_roi_detections_quality_passing,0,,
20260917_062202,2026-09-17 06:22:02.966+00,5,,2050.0,True,group_total,,,,,,14032.562945967906,178.76209329711287,115.46100526900881,36.33341628401854,978.597163600131,0.8164317607879639,125849.0,0.7984886649874056,0.5200450438206707,True,,,mask_clipped_by_roi;not_all_roi_detections_quality_passing,509850.9510475455,749923.5649638369,1.5482464653812855,0,False,False,not_all_roi_detections_quality_passing,0,,
20260917_062237,2026-09-17 06:22:37.808+00,1,,2050.0,True,group_total,,,,,,421383.50596486183,894.2539884725257,613.9922554276006,-6064.397661476577,7079.328241360727,0.932643711566925,50600.0,0.6690909090909091,0.7421719795347673,True,,,invalid_height_mm;mask_clipped_by_roi;not_all_roi_detections_quality_passing,-2555437148.158109,-3329748643.3438187,1.4564580913968423,0,False,False,not_all_roi_detections_quality_passing,0,,
20260917_062237,2026-09-17 06:22:37.808+00,4,,2050.0,True,group_total,,,,,,9864.384630038914,134.59782264026816,97.30016417737772,-137.78898573215304,1152.7195656163026,0.9008516669273376,45649.0,0.799163179916318,0.7263618687679401,True,,,invalid_height_mm;mask_clipped_by_roi;not_all_roi_detections_quality_passing,-1359203.5530449017,-1804538.3280344573,1.383325750559855,0,False,False,not_all_roi_detections_quality_passing,0,,
20260917_062309,2026-09-17 06:23:09.595+00,1,,2050.0,True,group_total,,,,,,8573.916462896263,117.60774984366171,77.56028330207,-56.41300750354242,1071.343587387692,0.9398083686828613,35882.0,0.6609442060085837,0.9298367226816833,True,,,invalid_height_mm;mask_clipped_by_roi;not_all_roi_detections_quality_passing,-483680.41375611274,-514581.98877673066,1.5163398692810457,0,False,False,not_all_roi_detections_quality_passing,0,,
20260917_062309,2026-09-17 06:23:09.595+00,4,,2050.0,True,group_total,,,,,,6504.190077443232,80.61337848532521,68.9041726718143,63.154227434540644,951.7763524496089,0.8656340837478638,27720.0,0.8555555555555555,1.1568893288121078,False,,,not_all_roi_detections_quality_passing,410767.0994283324,350796.3549238074,1.1699346405228757,0,False,False,not_all_roi_detections_quality_passing,0,,
20260917_062309,2026-09-17 06:23:09.595+00,5,,2050.0,True,group_total,,,,,,7200.476815510285,111.76533937486047,83.35121601360738,42.13708400505402,972.7934958790955,0.9403911828994751,45180.0,0.7171314741035857,0.7522035008565996,False,,,not_all_roi_detections_quality_passing,303407.0964516007,392539.67570668145,1.340896326654843,0,False,False,not_all_roi_detections_quality_passing,0,,
20260917_062309,2026-09-17 06:23:09.595+00,6,,2050.0,True,group_total,,,,,,6743.826782706119,109.66051478309431,84.99341247486402,50.53372538804854,964.396854496101,0.8955028057098389,48260.0,0.7480314960629921,0.6710720576046415,False,,,not_all_roi_detections_quality_passing,340790.6907018379,470995.6137681717,1.2902236960485067,0,False,False,not_all_roi_detections_quality_passing,0,,
20260917_062309,2026-09-17 06:23:09.595+00,7,,2050.0,True,group_total,,,,,,6568.169149904936,90.97713063502184,90.87067679734713,66.19953695505387,948.7310429290957,0.8771125674247742,41580.0,0.6547619047619048,0.7838541435472893,True,,,mask_clipped_by_roi;not_all_roi_detections_quality_passing,434809.7563661766,547281.7292595771,1.0011714872324777,0,False,False,not_all_roi_detections_quality_passing,0,,
20260917_062314,2026-09-17 06:23:14.436+00,3,,2050.0,True,group_total,,,,,,6661.703135919607,93.26935137728873,79.3014774995305,62.68398220111703,952.2465976830325,0.8985925912857056,36816.0,1.1751412429378532,0.8912744397756485,False,,,not_all_roi_detections_quality_passing,417582.0808011102,463635.64107101964,1.1761363636363638,0,False,False,not_all_roi_detections_quality_passing,0,,
20260917_062314,2026-09-17 06:23:14.436+00,4,,2050.0,True,group_total,,,,,,7290.092920197027,116.46456267788692,84.09174510561321,28.06569831197453,986.864881572175,0.9527806639671326,47244.0,0.7322834645669292,0.7076730405978512,False,,,not_all_roi_detections_quality_passing,204601.54856451115,274867.26302377565,1.3849702195098432,0,False,False,not_all_roi_detections_quality_passing,0,,
20260917_062314,2026-09-17 06:23:14.436+00,5,,2050.0,True,group_total,,,,,,6047.427954806756,88.44843491825011,83.77009194906285,64.56218061863774,950.3683992655118,0.9367222189903259,38212.0,0.703862660944206,0.7826157736301572,False,,,not_all_roi_detections_quality_passing,390435.1358964328,478362.7293598179,1.0558474135617755,0,False,False,not_all_roi_detections_quality_passing,0,,
20260917_062314,2026-09-17 06:23:14.436+00,8,,2050.0,True,group_total,,,,,,6805.787213953493,105.39294743150555,74.50191111537461,54.857297836598946,960.0732820475506,0.9319208264350891,38445.0,0.7081545064377682,0.8578105252281186,True,,,mask_clipped_by_roi;not_all_roi_detections_quality_passing,373347.0962083637,430738.1861326957,1.4146341463414633,0,False,False,not_all_roi_detections_quality_passing,0,,
20260917_062314,2026-09-17 06:23:14.436+00,9,,2050.0,True,group_total,,,,,,6642.716835547698,93.44765914499341,90.79792251600936,42.995575491583736,971.9350043925658,0.8094421625137329,41580.0,0.6547619047619048,0.7553503672281902,True,,,mask_clipped_by_roi;not_all_roi_detections_quality_passing,285607.4331720053,364811.15121213126,1.029182789160367,0,False,False,not_all_roi_detections_quality_passing,0,,
20260917_062314,2026-09-17 06:23:14.436+00,10,,2050.0,True,group_total,,,,,,6855.852996531084,107.7842798554632,75.1223768689592,28.823077346181776,986.1075025379678,0.8753418326377869,38070.0,1.4506172839506173,0.827164202510512,False,,,not_all_roi_detections_quality_passing,197606.78119306752,233380.7827379422,1.4347826086956523,0,False,False,not_all_roi_detections_quality_passing,0,,
20260917_062334,2026-09-17 06:23:34.944+00,0,,1800.0,True,group_total,,,,,,7934.171730559059,115.3317492956031,91.41184408264358,62.213272068797096,952.7173078153525,0.9566872715950012,56070.0,0.7865168539325843,0.6963131022364013,True,,,mask_clipped_by_roi;not_all_roi_detections_quality_passing,493610.78451382945,655895.1096878545,1.2616718375283407,0,False,False,not_all_roi_detections_quality_passing,0,,
20260917_062334,2026-09-17 06:23:34.944+00,1,,1800.0,True,group_total,,,,,,7804.220159375319,105.21178916449666,92.3594369356781,3.199811532203171,1011.7307683519464,0.9405421614646912,42903.0,0.8325991189427313,0.7937314205757847,False,,,not_all_roi_detections_quality_passing,24972.033665821615,31093.533741505362,1.1391558096848222,0,False,False,not_all_roi_detections_quality_passing,0,,
20260917_062334,2026-09-17 06:23:34.944+00,2,,1800.0,True,group_total,,,,,,7466.125337511014,109.25189733055888,88.63685893977032,23.751812226418565,991.178767657731,0.9010253548622131,53268.0,1.4300518134715026,0.6372158087489572,False,,,not_all_roi_detections_quality_passing,177334.00707546753,230006.4931875791,1.2325786206480611,0,False,False,not_all_roi_detections_quality_passing,0,,
20260917_062334,2026-09-17 06:23:34.944+00,9,,1800.0,True,group_total,,,,,,6251.334048697398,127.0199102243792,63.283940987965416,59.61602538082468,955.3145545033249,0.8178837299346924,39762.0,0.5,0.7694374738963495,True,,,mask_clipped_by_roi;not_all_roi_detections_quality_passing,372679.6893111576,479212.71912225254,2.0071428586998765,0,False,False,not_all_roi_detections_quality_passing,0,,
20260917_062334,2026-09-17 06:23:34.944+00,10,,1800.0,True,group_total,,,,,,6643.647978483093,118.99123437605682,69.5986488487884,65.96597441371239,948.9646054704372,0.9511539340019226,41762.0,0.5902255639097744,0.7890180382519171,False,,,not_all_roi_detections_quality_passing,438254.71256232774,546305.7357831044,1.709677362193911,0,False,False,not_all_roi_detections_quality_passing,0,,
20260917_062456,2026-09-17 06:24:56.814+00,0,,1550.0,True,group_total,,,,,,8599.656434494464,140.7891240679673,85.30324699925588,30.3343532121404,984.5962266720092,0.9307822585105896,67014.0,0.7156862745098039,0.5912359898386438,True,,,mask_clipped_by_roi;not_all_roi_detections_quality_passing,260865.01578701098,364308.5877397349,1.6504544553760707,0,False,False,not_all_roi_detections_quality_passing,0,,
20260917_062456,2026-09-17 06:24:56.814+00,1,,1550.0,True,group_total,,,,,,7733.446570228144,129.9301424534582,86.53104402928535,52.70036834622749,962.2302115379221,0.920181155204773,56635.0,1.025531914893617,0.658706341596381,False,,,not_all_roi_detections_quality_passing,407555.4828368928,592509.7605507539,1.5015436819355255,0,False,False,not_all_roi_detections_quality_passing,0,,
20260917_062456,2026-09-17 06:24:56.814+00,3,,1550.0,True,group_total,,,,,,7289.605019220771,132.23521373046714,75.69326027330187,51.25702302892057,963.673556855229,0.9356542229652405,49470.0,0.584192439862543,0.7087022956029222,False,,,not_all_roi_detections_quality_passing,373643.4523419341,513047.66127740126,1.746987951807229,0,False,False,not_all_roi_detections_quality_passing,0,,
20260917_062456,2026-09-17 06:24:56.814+00,4,,1550.0,True,group_total,,,,,,6573.691703657944,110.28015868247724,76.69690048287512,55.81283232980377,959.1177475543458,0.9181339740753174,41480.0,1.4352941176470588,0.7694641088450771,True,,,mask_clipped_by_roi;not_all_roi_detections_quality_passing,366896.3528440829,472073.1043719393,1.437869822485207,0,False,False,not_all_roi_detections_quality_passing,0,,
20260917_062456,2026-09-17 06:24:56.814+00,5,,1550.0,True,group_total,,,,,,13656.771649247687,144.6317922411809,111.95347934986806,-263.99915714999645,1278.929737034146,0.9096356630325317,45600.0,1.263157894736842,0.8178082195081209,False,,,invalid_height_mm;not_all_roi_detections_quality_passing,-3605376.2047913563,-4274682.89717143,1.291891891891892,0,False,False,not_all_roi_detections_quality_passing,0,,
20260917_062456,2026-09-17 06:24:56.814+00,6,,1550.0,True,group_total,,,,,,13775.221953238073,147.53516859450272,111.86067664460617,-262.9392120670906,1277.8697919512401,0.8984236121177673,47988.0,1.3870967741935485,0.7851531626612402,False,,,invalid_height_mm;not_all_roi_detections_quality_passing,-3622046.0064337077,-4339386.729619949,1.318918971527755,0,False,False,not_all_roi_detections_quality_passing,0,,
20260917_062456,2026-09-17 06:24:56.814+00,8,,1550.0,True,group_total,,,,,,11566.028390290076,152.19601887789602,103.71550828766264,-147.52244406666944,1162.453023950819,0.8502976298332214,55726.0,1.5935828877005347,0.6860206636040628,True,,,invalid_height_mm;mask_clipped_by_roi;not_all_roi_detections_quality_passing,-1706248.7762800783,-2328654.681504028,1.4674374294707122,0,False,False,not_all_roi_detections_quality_passing,0,,
20260917_062503,2026-09-17 06:25:03.712+00,0,,1550.0,True,group_total,,,,,,8410.02985152784,137.2360183026647,85.87461721233488,39.55248590112433,975.3780939830252,0.9362369179725647,56588.0,0.6245847176079734,0.6977323100803985,True,,,mask_clipped_by_roi;not_all_roi_detections_quality_passing,332637.5871305896,466129.62740650616,1.5980975841013978,0,False,False,not_all_roi_detections_quality_passing,0,,
20260917_062503,2026-09-17 06:25:03.712+00,1,,1550.0,True,group_total,,,,,,7732.808629784516,107.16951766094822,104.43327465683889,51.136548775032,963.7940311091176,0.923629879951477,54752.0,1.0172413793103448,0.6790948656830155,False,,,not_all_roi_detections_quality_passing,395429.1456649642,572323.5098936553,1.0262008733624455,0,False,False,not_all_roi_detections_quality_passing,0,,
20260917_062503,2026-09-17 06:25:03.712+00,3,,1550.0,True,group_total,,,,,,9587.61624656868,148.52547786401223,85.31221219870598,-71.20473356214973,1086.1353134462993,0.9393729567527771,49224.0,0.5733788395904437,0.7374413900407915,False,,,invalid_height_mm;not_all_roi_detections_quality_passing,-682683.6603330608,-902237.8195542967,1.7409638554216869,0,False,False,not_all_roi_detections_quality_passing,0,,
20260917_062503,2026-09-17 06:25:03.712+00,4,,1550.0,True,group_total,,,,,,6743.754888822496,118.77207659823677,79.6417412848642,42.01431854621012,972.9162613379394,0.9246519207954407,45066.0,1.4885057471264367,0.7060955541776033,True,,,mask_clipped_by_roi;not_all_roi_detections_quality_passing,283334.26609655016,397422.4720517555,1.491329479768786,0,False,False,not_all_roi_detections_quality_passing,0,,
20260917_062503,2026-09-17 06:25:03.712+00,6,,1550.0,True,group_total,,,,,,14425.140638743731,173.9106067281011,112.89158630468995,-278.157050917902,1293.0876308020515,0.8273130059242249,54708.0,1.547872340425532,0.7043279776266725,True,,,invalid_height_mm;mask_clipped_by_roi;not_all_roi_detections_quality_passing,-4012454.579148937,-5461069.694335122,1.5405099035345575,0,False,False,not_all_roi_detections_quality_passing,0,,
20260917_062503,2026-09-17 06:25:03.712+00,8,,1550.0,True,group_total,,,,,,8064.793130672279,112.17817204375501,85.86477366312111,39.30561723648668,975.6249626476629,0.9110909104347229,45628.0,1.304812834224599,0.8293877726444764,False,,,not_all_roi_detections_quality_passing,316991.6718856517,378597.7328357085,1.306451612903226,0,False,False,not_all_roi_detections_quality_passing,0,,
20260917_062503,2026-09-17 06:25:03.712+00,9,,1550.0,True,group_total,,,,,,8328.986580101782,118.72634563321469,86.64056350948375,22.731293546719485,992.1992863374301,0.883395254611969,48323.0,1.324607329842932,0.7819916042096345,False,,,not_all_roi_detections_quality_passing,189328.63889898083,233825.8486178199,1.3703321033942581,0,False,False,not_all_roi_detections_quality_passing,0,,
20260917_062525,2026-09-17 06:25:25.546+00,0,,1550.0,True,group_total,,,,,,8097.179903908113,132.7151570091379,91.41813311905085,70.15258296725847,944.7779969168911,0.9523280262947083,65076.0,0.6394984326018809,0.6226084841236338,True,,,mask_clipped_by_roi;not_all_roi_detections_quality_passing,568038.0850097318,851131.2561459077,1.451737773252351,0,False,False,not_all_roi_detections_quality_passing,0,,
20260917_062525,2026-09-17 06:25:25.546+00,4,,1550.0,True,group_total,,,,,,7063.922029628847,113.54170707726604,75.84586032761372,55.09635990882191,959.8342199753276,0.9195524454116821,42168.0,0.6693227091633466,0.8121421897553828,False,,,not_all_roi_detections_quality_passing,389196.3905122867,474471.58468602085,1.497005988023952,0,False,False,not_all_roi_detections_quality_passing,0,,
20260917_062603,2026-09-17 06:26:03.23+00,0,,,False,group_total,,,,,,8099.93404709197,138.49928962096894,85.54131910482609,70.15258296725847,944.7779969168911,0.9554766416549683,62720.0,0.6125,0.6462157360145024,True,,,mask_clipped_by_roi;scale_not_stable;not_all_roi_detections_quality_passing,568231.2952679411,831126.5483146319,1.6190922827744312,0,False,False,not_all_roi_detections_quality_passing,0,,
20260917_062603,2026-09-17 06:26:03.23+00,2,,,False,group_total,,,,,,6629.2208184582305,93.87895498106184,69.29160962887897,70.15258296725847,944.7779969168911,0.8969374895095825,33696.0,0.7222222222222222,0.9844331557934101,False,,,scale_not_stable;not_all_roi_detections_quality_passing,465056.9634751681,456344.2289129276,1.3548387096774195,0,False,False,not_all_roi_detections_quality_passing,0,,
20260917_062603,2026-09-17 06:26:03.23+00,5,,,False,group_total,,,,,,8965.061030130857,111.197136712299,100.98762570197657,-48.14008404881122,1063.0706639329608,0.9176658391952515,46260.0,0.7003891050583657,0.7659227890727122,True,,,invalid_height_mm;mask_clipped_by_roi;scale_not_stable;not_all_roi_detections_quality_passing,-431578.79149322154,-540590.750132845,1.1010966535687412,0,False,False,not_all_roi_detections_quality_passing,0,,
20260917_062607,2026-09-17 06:26:07.367+00,0,,1300.0,True,group_total,,,,,,8872.564783610605,146.2216740836729,89.90540599997809,15.528394916320735,999.4021849678288,0.9500725865364075,62720.0,0.6125,0.6325927019119263,True,,,mask_clipped_by_roi;not_all_roi_detections_quality_passing,137776.6898805453,204138.12705280387,1.626394680690375,0,False,False,not_all_roi_detections_quality_passing,0,,
20260917_062607,2026-09-17 06:26:07.367+00,1,,1300.0,True,group_total,,,,,,8926.48268695636,136.55378757789526,82.99382142543458,-4.8297977404313315,1019.7603776245809,0.9093258380889893,49132.0,1.6416184971098267,0.7803353720589432,True,,,invalid_height_mm;mask_clipped_by_roi;not_all_roi_detections_quality_passing,-43113.10591146123,-54736.68056153111,1.6453488372093024,0,False,False,not_all_roi_detections_quality_passing,0,,
20260917_062607,2026-09-17 06:26:07.367+00,4,,1300.0,True,group_total,,,,,,88702.74963033324,344.32351945310256,307.43167573819574,-2417.5665059759713,3432.497085860121,0.936860978603363,42066.0,0.6951219512195121,0.7993687156467223,True,,,invalid_height_mm;mask_clipped_by_roi;not_all_roi_detections_quality_passing,-214444796.49426612,-255913815.08957914,1.1200001386529974,0,False,False,not_all_roi_detections_quality_passing,0,,
20260917_062607,2026-09-17 06:26:07.367+00,6,,1300.0,True,group_total,,,,,,7776.091624596093,120.54528624599324,81.64853002464469,-25.75360678456434,1040.684186668714,0.8722885251045227,51324.0,1.452127659574468,0.6248339217540285,False,,,invalid_height_mm;not_all_roi_detections_quality_passing,-200262.40602059188,-253475.89387172315,1.4763926087782353,0,False,False,not_all_roi_detections_quality_passing,0,,
20260917_062607,2026-09-17 06:26:07.367+00,8,,1300.0,True,group_total,,,,,,6933.092829974265,96.42337366369598,82.90607636263965,62.68398220111703,952.2465976830325,0.9338123202323914,40145.0,0.8525345622119815,0.8506645422139787,False,,,not_all_roi_detections_quality_passing,434593.867552799,501100.9928495887,1.1630435053026789,0,False,False,not_all_roi_detections_quality_passing,0,,
20260917_062637,2026-09-17 06:26:37.385+00,0,,1300.0,True,group_total,,,,,,7770.223662152126,105.55172078138442,97.57670079622072,23.49687941580703,991.4337004683425,0.872202455997467,48590.0,0.9513274336283186,0.7266426809483237,True,,,mask_clipped_by_roi;not_all_roi_detections_quality_passing,182576.008423439,242003.49380496406,1.081730781222238,0,False,False,not_all_roi_detections_quality_passing,0,,
20260917_062637,2026-09-17 06:26:37.385+00,3,,1300.0,True,group_total,,,,,,8288.816063491291,126.49414666931742,86.03462181552838,32.091664172544256,982.8389157116053,0.917503833770752,50778.0,1.467741935483871,0.7547686618650324,False,,,not_all_roi_detections_quality_passing,266001.90149755275,349249.6040882372,1.4702702702702704,0,False,False,not_all_roi_detections_quality_passing,0,,
20260917_062804,2026-09-17 06:28:04.814+00,1,,1300.0,True,group_total,,,,,,8394.058908365618,115.58456212987053,85.36951061874255,1.337567151855069,1013.5930127322945,0.8830096125602722,43318.0,1.3519553072625698,0.8424381712444096,False,,,not_all_roi_detections_quality_passing,11227.617466566267,13198.306775792476,1.353932584269663,0,False,False,not_all_roi_detections_quality_passing,0,,
20260917_062804,2026-09-17 06:28:04.814+00,5,,1300.0,True,group_total,,,,,,11113.73327572733,159.41428259698083,88.50425053879202,-111.84352927133602,1126.7741091554856,0.9253516793251038,50100.0,0.5566666666666666,0.7803872447670577,True,,,invalid_height_mm;mask_clipped_by_roi;not_all_roi_detections_quality_passing,-1242999.152937631,-1577982.6391928361,1.8012048192771086,0,False,False,not_all_roi_detections_quality_passing,0,,
20260917_062804,2026-09-17 06:28:04.814+00,6,,1300.0,True,group_total,,,,,,7067.3715207416735,128.92445156264262,74.03455716223137,66.43298455419983,948.4975953299497,0.8202682733535767,52510.0,1.6573033707865168,0.668197847815655,False,,,not_all_roi_detections_quality_passing,469506.5830762234,634093.8477802286,1.7414091000791891,0,False,False,not_all_roi_detections_quality_passing,0,,
