"id","tenant_id","farm_id","barn_id","device_id","session_id","bucket","object_key","etag","mime_type","size_bytes","captured_at","created_at"
"4b8a25a8-5860-5b6e-be37-fadb1dc011c5","t-001","f-001","b-001","wv-001","20260919_000122","farmiq-media","tenants/t-001/farms/f-001/barns/b-001/devices/wv-001/images/2026/09/19/c286cd87-499b-4232-80df-114a55edf2e7.jpg","47d142eef437739d6f86a0b97213b4aa","image/jpeg","2438939","2026-09-19 00:01:22.665793+00","2026-09-19 00:01:27.235773+00"
"cfa7b2cc-96a1-5998-b8b7-e867c1449e05","t-001","f-001","b-001","wv-001","20260919_000122","farmiq-media","tenants/t-001/farms/f-001/barns/b-001/devices/wv-001/images/2026/09/19/2c7b6361-416a-40f0-bcd1-998d3061a105.jpg","44fe30d26b0728e33bdcf53bf1a2ac36","image/jpeg","2459027","2026-09-19 00:01:22.665793+00","2026-09-19 00:01:54.134045+00"
"9c1f8a57-3c85-5ba5-adc8-b03eb51e3c39","t-001","f-001","b-001","wv-001","20260919_000537","farmiq-media","tenants/t-001/farms/f-001/barns/b-001/devices/wv-001/images/2026/09/19/2953fa93-2923-450d-a2d1-b9a69371088e.jpg","e43bcc7a0afa9db495e32d282738e247","image/jpeg","2110916","2026-09-19 00:05:37.302736+00","2026-09-19 00:05:39.604268+00"
"5f99a7b4-6df0-5991-95d9-ddd83cef41fb","t-001","f-001","b-001","wv-001","20260919_000537","farmiq-media","tenants/t-001/farms/f-001/barns/b-001/devices/wv-001/images/2026/09/19/02f10a41-714e-4a81-ba49-9b45f2d3f5f4.jpg","9f4cc90671903e56a3ca32a1c2cbe55d","image/jpeg","2128231","2026-09-19 00:05:37.302736+00","2026-09-19 00:05:39.937572+00"
"dd4252f1-3dad-57ed-b9b3-70fc327cc2c5","t-001","f-001","b-001","wv-001","20260919_000541","farmiq-media","tenants/t-001/farms/f-001/barns/b-001/devices/wv-001/images/2026/09/19/3e9c020c-3279-4ac2-ad0e-28c5dc0dd2ab.jpg","0da69bbe4f137e7e7041452821c1365d","image/jpeg","1907288","2026-09-19 00:05:41.593856+00","2026-09-19 00:05:45.438262+00"
"0258a12c-1caf-5bfb-9423-9e896adb2407","t-001","f-001","b-001","wv-001","20260919_000541","farmiq-media","tenants/t-001/farms/f-001/barns/b-001/devices/wv-001/images/2026/09/19/02299dd4-c8c2-4516-8f44-cc7c8c30bfc8.jpg","b71f4c87fafb9c71092dcfc68f972e32","image/jpeg","1934696","2026-09-19 00:05:41.593856+00","2026-09-19 00:05:45.740612+00"
"8c6ace01-fd79-55c6-8166-92d79e63176a","t-001","f-001","b-001","wv-001","20260919_000740","farmiq-media","tenants/t-001/farms/f-001/barns/b-001/devices/wv-001/images/2026/09/19/57e76512-9a6a-43c5-973b-b0779750ee2b.jpg","20f57e250b4318aad72748b1f4d38401","image/jpeg","2337408","2026-09-19 00:07:40.739794+00","2026-09-19 00:07:42.336952+00"
"9574ab7f-6bff-5397-9c4a-06800e5b61c5","t-001","f-001","b-001","wv-001","20260919_000740","farmiq-media","tenants/t-001/farms/f-001/barns/b-001/devices/wv-001/images/2026/09/19/3e3a8fa2-1f46-4ddd-8a1a-6663017a97b2.jpg","78bc7cde8852c2b8147288ae6963ccdd","image/jpeg","2351904","2026-09-19 00:07:40.739794+00","2026-09-19 00:07:42.699696+00"
"e9a0ff52-b52d-5e85-932d-5ffe92126ef8","t-001","f-001","b-001","wv-001","20260919_000932","farmiq-media","tenants/t-001/farms/f-001/barns/b-001/devices/wv-001/images/2026/09/19/218b34a1-52c6-45ef-9d9b-f450612de6b0.jpg","e47e0924ac6380e9c4634b131de39b8e","image/jpeg","2526439","2026-09-19 00:09:32.321542+00","2026-09-19 00:09:33.151108+00"
"1827ed76-9a4d-583d-975d-fd331d883ed8","t-001","f-001","b-001","wv-001","20260919_000932","farmiq-media","tenants/t-001/farms/f-001/barns/b-001/devices/wv-001/images/2026/09/19/5a40429e-423e-4d6c-8ae0-afa8f0fd57f2.jpg","a414603a8033a56180faa1659ff36946","image/jpeg","2540865","2026-09-19 00:09:32.321542+00","2026-09-19 00:09:33.557526+00"
"827d2fc8-1d22-53b0-800b-097bb1274147","t-001","f-001","b-001","wv-001","20260919_001226","farmiq-media","tenants/t-001/farms/f-001/barns/b-001/devices/wv-001/images/2026/09/19/32d72fe3-cc5c-4a5c-bd3b-f2da49b9927e.jpg","80878308a1e677d600f97c8e127b6fb3","image/jpeg","2593819","2026-09-19 00:12:26.271027+00","2026-09-19 00:12:30.77832+00"
"9f6972d0-364a-5194-a3ae-b4b19559cae7","t-001","f-001","b-001","wv-001","20260919_001226","farmiq-media","tenants/t-001/farms/f-001/barns/b-001/devices/wv-001/images/2026/09/19/e82e0832-c405-459f-874b-306b463c9cf0.jpg","c05db2175205317f1d2ff9db811e058b","image/jpeg","2608187","2026-09-19 00:12:26.271027+00","2026-09-19 00:12:32.846888+00"
"da69b903-7e55-5244-8288-59f74ea1f53a","t-001","f-001","b-001","wv-001","20260919_001508","farmiq-media","tenants/t-001/farms/f-001/barns/b-001/devices/wv-001/images/2026/09/19/1c43c565-9bf5-414c-bb2e-08e1e8af1895.jpg","ffa182196df58d9dbdb64a191b7f94b6","image/jpeg","2384187","2026-09-19 00:15:08.325993+00","2026-09-19 00:15:09.78751+00"
"2c5fe2cb-6458-5761-b0ef-5737664d1639","t-001","f-001","b-001","wv-001","20260919_001508","farmiq-media","tenants/t-001/farms/f-001/barns/b-001/devices/wv-001/images/2026/09/19/782021f1-b1f0-48d1-baa7-6f83094a6e8c.jpg","4f132af96e1c7e610d124bd381d342ba","image/jpeg","2397892","2026-09-19 00:15:08.325993+00","2026-09-19 00:15:10.150361+00"
"9ba920a2-2ddf-5cb0-af7e-9ca984229d54","t-001","f-001","b-001","wv-001","20260919_001512","farmiq-media","tenants/t-001/farms/f-001/barns/b-001/devices/wv-001/images/2026/09/19/c3c953d2-44fc-4e97-9c36-13079720dd97.jpg","5aad6a7aa16b2cf9717e55118606ba48","image/jpeg","2146389","2026-09-19 00:15:12.461015+00","2026-09-19 00:15:15.621232+00"
"ede9455f-15d9-5f2b-856c-3594f89427f9","t-001","f-001","b-001","wv-001","20260919_001512","farmiq-media","tenants/t-001/farms/f-001/barns/b-001/devices/wv-001/images/2026/09/19/5e8547a3-2337-49b7-980b-ad9091a6440f.jpg","20785b810682d787162f9836ffdf6eec","image/jpeg","2161098","2026-09-19 00:15:12.461015+00","2026-09-19 00:15:15.930996+00"
"5f277a36-ccae-5435-ac35-896ed4589bf9","t-001","f-001","b-001","wv-001","20260919_001526","farmiq-media","tenants/t-001/farms/f-001/barns/b-001/devices/wv-001/images/2026/09/19/d52a3fc7-addb-4613-b7b0-655eef30e262.jpg","b8eaf7d3acffab89d1ebc10f34524486","image/jpeg","2314824","2026-09-19 00:15:26.000883+00","2026-09-19 00:15:27.517111+00"
"d6404e6c-0a53-5f9a-bc27-703c52e2acae","t-001","f-001","b-001","wv-001","20260919_001526","farmiq-media","tenants/t-001/farms/f-001/barns/b-001/devices/wv-001/images/2026/09/19/e4e661e0-3b30-4b39-8245-8127ad79f025.jpg","2b5722bd190389f2855847bbc4267c0c","image/jpeg","2329289","2026-09-19 00:15:26.000883+00","2026-09-19 00:15:27.853957+00"
"d7ae47e2-b9cb-5018-8943-d19c5c04c8e8","t-001","f-001","b-001","wv-001","20260919_001529","farmiq-media","tenants/t-001/farms/f-001/barns/b-001/devices/wv-001/images/2026/09/19/414acf2d-b1ee-4bec-a5a7-d8ad306385f7.jpg","2aeb0b92f92e613bde31c66596dbdf38","image/jpeg","1314825","2026-09-19 00:15:29.961345+00","2026-09-19 00:15:33.225843+00"
"eba5247b-d763-5532-9f0d-f73e3a66cb69","t-001","f-001","b-001","wv-001","20260919_001529","farmiq-media","tenants/t-001/farms/f-001/barns/b-001/devices/wv-001/images/2026/09/19/3c871df5-5de0-482f-b1a4-094482982f94.jpg","1ab04fa5978e9dcb071eef100a56e488","image/jpeg","1334569","2026-09-19 00:15:29.961345+00","2026-09-19 00:15:33.452258+00"
"632215f9-4ee3-5849-b73e-da2f60605b8c","t-001","f-001","b-001","wv-001","20260919_001534","farmiq-media","tenants/t-001/farms/f-001/barns/b-001/devices/wv-001/images/2026/09/19/496f545d-04f4-447a-8327-dbfccf74177f.jpg","e762a1a3bdfaab944b329785af4e1b33","image/jpeg","1770539","2026-09-19 00:15:34.668248+00","2026-09-19 00:15:39.018331+00"
"ad1174de-4de4-5cdd-b3de-9ff2a458cc28","t-001","f-001","b-001","wv-001","20260919_001534","farmiq-media","tenants/t-001/farms/f-001/barns/b-001/devices/wv-001/images/2026/09/19/44d320a9-7ec8-4deb-875c-61b8e5f622d8.jpg","738633a1465d9733451f19255efa41bc","image/jpeg","1794804","2026-09-19 00:15:34.668248+00","2026-09-19 00:15:39.344768+00"
"2e60edcf-6317-5747-a025-d7e961636ca3","t-001","f-001","b-001","wv-001","20260919_001539","farmiq-media","tenants/t-001/farms/f-001/barns/b-001/devices/wv-001/images/2026/09/19/1eac62bf-2fd4-4358-84de-7072bbb52fc8.jpg","a69188bfe2b16bf4c3523844d2269e05","image/jpeg","1689987","2026-09-19 00:15:39.045285+00","2026-09-19 00:15:44.754114+00"
"8c1acdd7-a8ca-5d83-a35d-0852f4271c02","t-001","f-001","b-001","wv-001","20260919_001539","farmiq-media","tenants/t-001/farms/f-001/barns/b-001/devices/wv-001/images/2026/09/19/c1bf9b2a-7af7-433e-837e-8225eb10ce79.jpg","820a8271cca656456f5d085f03e5ad58","image/jpeg","1715756","2026-09-19 00:15:39.045285+00","2026-09-19 00:15:45.013966+00"
"219b61cb-da90-5d0c-bc5a-9866bfe17eb7","t-001","f-001","b-001","wv-001","20260919_001749","farmiq-media","tenants/t-001/farms/f-001/barns/b-001/devices/wv-001/images/2026/09/19/bd91d7cf-3f65-4c88-9a69-5a56e6c62e03.jpg","0b4155b2946052391c61d73a92fc6d9b","image/jpeg","2114482","2026-09-19 00:17:49.090033+00","2026-09-19 00:17:49.600051+00"
"c5953676-53f4-5646-9d34-4bd59b6deab0","t-001","f-001","b-001","wv-001","20260919_001749","farmiq-media","tenants/t-001/farms/f-001/barns/b-001/devices/wv-001/images/2026/09/19/39e46d9b-113b-41df-831b-36a52dcf60dd.jpg","db61a90dbaa925dbd3d73ed6a77d4a8d","image/jpeg","2137566","2026-09-19 00:17:49.090033+00","2026-09-19 00:17:49.937596+00"
"50c04387-114d-5648-b7fe-8c0dd55b85be","t-001","f-001","b-001","wv-001","20260919_001857","farmiq-media","tenants/t-001/farms/f-001/barns/b-001/devices/wv-001/images/2026/09/19/3bd03b8a-b9f1-44c3-b46c-7c24870f0ca6.jpg","79a80de21a60a6aca2316133d2a7606e","image/jpeg","2372262","2026-09-19 00:18:57.770122+00","2026-09-19 00:19:00.116783+00"
"836b965c-4abe-5a61-931f-f5f7b8165fbc","t-001","f-001","b-001","wv-001","20260919_001857","farmiq-media","tenants/t-001/farms/f-001/barns/b-001/devices/wv-001/images/2026/09/19/92bd1b93-efb2-4796-ab25-18de75639386.jpg","a982d7f8e10631a86d61b787b05140df","image/jpeg","2392239","2026-09-19 00:18:57.770122+00","2026-09-19 00:19:00.582261+00"
"3e78fc15-51b3-5c4e-9aaf-f95383a82ae1","t-001","f-001","b-001","wv-001","20260919_002033","farmiq-media","tenants/t-001/farms/f-001/barns/b-001/devices/wv-001/images/2026/09/19/452a1e88-172c-438e-8c90-7bf2be082bd7.jpg","12c0bbd3f9aef5280be11dbe8afb7d97","image/jpeg","2071958","2026-09-19 00:20:33.331149+00","2026-09-19 00:20:34.919617+00"
"2694128a-87fa-5968-af83-3bfeae9f8e80","t-001","f-001","b-001","wv-001","20260919_002033","farmiq-media","tenants/t-001/farms/f-001/barns/b-001/devices/wv-001/images/2026/09/19/a9cc16a7-594c-462c-b1c9-cc45f417ff4a.jpg","e2249f49122ca5b10924157f67ad6b13","image/jpeg","2103533","2026-09-19 00:20:33.331149+00","2026-09-19 00:20:35.257738+00"
"9af13860-5931-53ae-8160-ee7cff320bcc","t-001","f-001","b-001","wv-001","20260919_002039","farmiq-media","tenants/t-001/farms/f-001/barns/b-001/devices/wv-001/images/2026/09/19/b69c859f-b805-4d34-be63-a1ca1458c319.jpg","d042593d80daa95fe6d5a90c71485c0c","image/jpeg","2011379","2026-09-19 00:20:39.365755+00","2026-09-19 00:20:40.77562+00"
"83d37a1f-3a6f-55c2-a519-5134397c4aaf","t-001","f-001","b-001","wv-001","20260919_002039","farmiq-media","tenants/t-001/farms/f-001/barns/b-001/devices/wv-001/images/2026/09/19/a93d5b12-6b24-45c3-b019-ffe2d56c0c77.jpg","0eb55769152d64fbcfecc1780199e36f","image/jpeg","2043248","2026-09-19 00:20:39.365755+00","2026-09-19 00:20:41.100464+00"
"fb446f09-c32a-5bca-962b-b6de68286937","t-001","f-001","b-001","wv-001","20260919_002113","farmiq-media","tenants/t-001/farms/f-001/barns/b-001/devices/wv-001/images/2026/09/19/254d5f39-b79a-41f8-9f61-a3b3caecae0d.jpg","22b7b67b33009a31e34e92b6a4509af9","image/jpeg","2116328","2026-09-19 00:21:13.062847+00","2026-09-19 00:21:14.932933+00"
"b5fc339d-7609-59af-8ef5-483b62de776f","t-001","f-001","b-001","wv-001","20260919_002113","farmiq-media","tenants/t-001/farms/f-001/barns/b-001/devices/wv-001/images/2026/09/19/80f50874-b8e8-4a8a-aa50-1020d075da88.jpg","fd785352a931ada07dc886f58c249531","image/jpeg","2140211","2026-09-19 00:21:13.062847+00","2026-09-19 00:21:15.328605+00"
"6f89bf99-45ff-564a-ad49-7534d36df29c","t-001","f-001","b-001","wv-001","20260919_002148","farmiq-media","tenants/t-001/farms/f-001/barns/b-001/devices/wv-001/images/2026/09/19/d65e722c-96ac-4583-8235-98f98c316424.jpg","ba4d887b2a8893091f149d94d3d10432","image/jpeg","2406741","2026-09-19 00:21:48.71431+00","2026-09-19 00:21:51.280833+00"
"666a65d3-c19d-593d-a2c2-c5a8abb4f222","t-001","f-001","b-001","wv-001","20260919_002148","farmiq-media","tenants/t-001/farms/f-001/barns/b-001/devices/wv-001/images/2026/09/19/dd319e0c-9273-42ad-b630-58fc8ff67210.jpg","c09af077c4ff884e39af95b712c24a74","image/jpeg","2439628","2026-09-19 00:21:48.71431+00","2026-09-19 00:21:51.681458+00"
"33c1d11d-85f1-5b31-9532-818f7061a0da","t-001","f-001","b-001","wv-001","20260919_002206","farmiq-media","tenants/t-001/farms/f-001/barns/b-001/devices/wv-001/images/2026/09/19/a08126c6-ffd6-4e48-934b-bb0d35e9cbf0.jpg","61054f37d3ca6b841793eed787581756","image/jpeg","2333240","2026-09-19 00:22:06.594714+00","2026-09-19 00:22:07.408154+00"
"9540612f-a5ff-5f55-9c85-66827a845f2e","t-001","f-001","b-001","wv-001","20260919_002206","farmiq-media","tenants/t-001/farms/f-001/barns/b-001/devices/wv-001/images/2026/09/19/4d94a4c8-1f8f-43b6-b1de-f1006f32bbaa.jpg","b78e1d62e779f63c47736389ae33b14c","image/jpeg","2358586","2026-09-19 00:22:06.594714+00","2026-09-19 00:22:07.840932+00"
"0f32d9db-1320-5ea7-ac3c-1780b212d6bb","t-001","f-001","b-001","wv-001","20260919_002313","farmiq-media","tenants/t-001/farms/f-001/barns/b-001/devices/wv-001/images/2026/09/19/8e304cf4-e0a5-42d2-9bb8-2ade049cc269.jpg","55841e67ff4930d50f6f750aeaea6a8b","image/jpeg","2368466","2026-09-19 00:23:13.673183+00","2026-09-19 00:23:16.029492+00"
"0a323112-581a-5fef-bf9a-15bf7e0aad14","t-001","f-001","b-001","wv-001","20260919_002313","farmiq-media","tenants/t-001/farms/f-001/barns/b-001/devices/wv-001/images/2026/09/19/4ca1dbf1-1758-4f84-9930-5a4cec357033.jpg","9212b21ce4af1ecce4d7d05353479b4b","image/jpeg","2398983","2026-09-19 00:23:13.673183+00","2026-09-19 00:23:16.455365+00"
"177ca649-5437-549a-a5b5-4130e692478f","t-001","f-001","b-001","wv-001","20260919_002400","farmiq-media","tenants/t-001/farms/f-001/barns/b-001/devices/wv-001/images/2026/09/19/a3925c25-07ca-4198-822c-6f90757fe99c.jpg","5e2b4defd7aeba516efbb60217dffb42","image/jpeg","2130268","2026-09-19 00:24:00.072069+00","2026-09-19 00:24:02.313275+00"
"337db5f7-f6b4-52b0-ad58-47e3d79565d9","t-001","f-001","b-001","wv-001","20260919_002400","farmiq-media","tenants/t-001/farms/f-001/barns/b-001/devices/wv-001/images/2026/09/19/e44ca1cc-656e-4250-83d7-3b62b1511731.jpg","871b66fce608c6b98b94aeaeb8e292cb","image/jpeg","2168074","2026-09-19 00:24:00.072069+00","2026-09-19 00:24:02.648108+00"
"e625329d-759b-59e0-89ca-821ed794b7e8","t-001","f-001","b-001","wv-001","20260919_002422","farmiq-media","tenants/t-001/farms/f-001/barns/b-001/devices/wv-001/images/2026/09/19/614bd554-d7ef-4552-8c84-70891804cf75.jpg","4fda332b521e43e24d46eab0c1834247","image/jpeg","2388597","2026-09-19 00:24:22.324128+00","2026-09-19 00:24:24.346442+00"
"91f82dc3-fd40-58be-8bc1-92c6561aa89c","t-001","f-001","b-001","wv-001","20260919_002422","farmiq-media","tenants/t-001/farms/f-001/barns/b-001/devices/wv-001/images/2026/09/19/ca1754b0-9ab9-4e1e-b55f-3000a5abdbee.jpg","f2679a98ebc8a9e6914ccb6a9b1bdbf6","image/jpeg","2409797","2026-09-19 00:24:22.324128+00","2026-09-19 00:24:24.751045+00"
"77289dc5-476d-5e2e-a9d2-980391a88cb4","t-001","f-001","b-001","wv-001","20260919_002518","farmiq-media","tenants/t-001/farms/f-001/barns/b-001/devices/wv-001/images/2026/09/19/d5b88ac6-27dd-4c1f-bfa8-9fe648077249.jpg","d54661e72359bc55484f18d39d4191fe","image/jpeg","2410792","2026-09-19 00:25:18.003857+00","2026-09-19 00:25:18.782458+00"
"df32b488-e030-5ad9-a909-efbdb7832d51","t-001","f-001","b-001","wv-001","20260919_002518","farmiq-media","tenants/t-001/farms/f-001/barns/b-001/devices/wv-001/images/2026/09/19/3747bce3-fd5d-40ee-9eba-dfc7800fcc1c.jpg","efa699c4bd0d2b5d7895363a61b3b27d","image/jpeg","2442804","2026-09-19 00:25:18.003857+00","2026-09-19 00:25:19.182383+00"
"34ddf459-c451-5318-a3a6-ddec3051485d","t-001","f-001","b-001","wv-001","20260919_002552","farmiq-media","tenants/t-001/farms/f-001/barns/b-001/devices/wv-001/images/2026/09/19/14f754e6-b71d-4772-b156-11c9cf73ec09.jpg","747f056406a1a46ee3254c4980b015e3","image/jpeg","2392806","2026-09-19 00:25:52.440779+00","2026-09-19 00:25:52.967793+00"
"7c4a19e4-b277-546e-9672-ba6e21f717c1","t-001","f-001","b-001","wv-001","20260919_002552","farmiq-media","tenants/t-001/farms/f-001/barns/b-001/devices/wv-001/images/2026/09/19/f67df231-5dfb-4f30-9243-77105526d347.jpg","86142c51f06344700cfb404c220f1332","image/jpeg","2426127","2026-09-19 00:25:52.440779+00","2026-09-19 00:25:53.334445+00"
"3c8c4145-1bd9-5c11-af04-1a4c01ebf8d3","t-001","f-001","b-001","wv-001","20260919_002926","farmiq-media","tenants/t-001/farms/f-001/barns/b-001/devices/wv-001/images/2026/09/19/b62ac3f5-07bc-42c8-9c4b-b5235879e8c1.jpg","bcaeed02b4d8711a0c42d0dd98aab07f","image/jpeg","2399449","2026-09-19 00:29:26.306206+00","2026-09-19 00:29:28.599533+00"
"3c2468af-1153-5696-98ae-b0344f8cf8e1","t-001","f-001","b-001","wv-001","20260919_002926","farmiq-media","tenants/t-001/farms/f-001/barns/b-001/devices/wv-001/images/2026/09/19/2c03ffd0-5c08-42b0-9b8b-19c9f689fbf4.jpg","ac40e9646302701e2b3e6e09aa9389c4","image/jpeg","2430947","2026-09-19 00:29:26.306206+00","2026-09-19 00:29:29.051029+00"
"2f9bad06-24ed-5715-bd17-d3a23df22f0d","t-001","f-001","b-001","wv-001","20260919_002943","farmiq-media","tenants/t-001/farms/f-001/barns/b-001/devices/wv-001/images/2026/09/19/3375888c-4b2c-4a5d-8c66-823872a0b8b3.jpg","9966e31e0cae44058600d7e718c18f30","image/jpeg","2436451","2026-09-19 00:29:43.067955+00","2026-09-19 00:29:44.694477+00"
"4fbc4113-6f8a-5747-844f-60d57d394726","t-001","f-001","b-001","wv-001","20260919_002943","farmiq-media","tenants/t-001/farms/f-001/barns/b-001/devices/wv-001/images/2026/09/19/8c0d0348-bbdd-42ef-89c0-e11aed279bf3.jpg","6f8858bbfbcbad52092c6a1892b113ce","image/jpeg","2466704","2026-09-19 00:29:43.067955+00","2026-09-19 00:29:45.059397+00"
"3b48c3f2-c5ea-5109-816a-a741d1307f92","t-001","f-001","b-001","wv-001","20260919_002947","farmiq-media","tenants/t-001/farms/f-001/barns/b-001/devices/wv-001/images/2026/09/19/ca864c69-36ba-4b85-9d1a-e6942aa7aec7.jpg","26136cb6414517dd95be0f0582ec1772","image/jpeg","2181835","2026-09-19 00:29:47.034261+00","2026-09-19 00:29:50.572171+00"
"15cf6048-0d7d-5148-a364-a49f7a6b74f3","t-001","f-001","b-001","wv-001","20260919_002947","farmiq-media","tenants/t-001/farms/f-001/barns/b-001/devices/wv-001/images/2026/09/19/b7c11775-c610-4fc5-81e4-c23e6dd9ae97.jpg","c9eecaba69025fc081f0651a3d210ee2","image/jpeg","2219553","2026-09-19 00:29:47.034261+00","2026-09-19 00:29:50.936597+00"
"472172c2-1cc7-55da-8f22-1e632a71aa36","t-001","f-001","b-001","wv-001","20260919_003020","farmiq-media","tenants/t-001/farms/f-001/barns/b-001/devices/wv-001/images/2026/09/19/0f8d30e3-cc50-479b-9da1-dd8b5c7c9a10.jpg","db66223bdf07828c055459478b60be5a","image/jpeg","2438133","2026-09-19 00:30:20.192542+00","2026-09-19 00:30:22.694262+00"
"110506e8-6a69-504b-836a-1d978400ba33","t-001","f-001","b-001","wv-001","20260919_003020","farmiq-media","tenants/t-001/farms/f-001/barns/b-001/devices/wv-001/images/2026/09/19/1cefd7dd-bea8-477d-89c9-1f442d441cdb.jpg","df6f4756caf41fcabd9c539c6db7ecc3","image/jpeg","2480590","2026-09-19 00:30:20.192542+00","2026-09-19 00:30:23.037392+00"
"4801f2ea-2b5e-5195-a344-c9502283b907","t-001","f-001","b-001","wv-001","20260919_003224","farmiq-media","tenants/t-001/farms/f-001/barns/b-001/devices/wv-001/images/2026/09/19/7f534193-4280-424f-8ee8-55a15a56ca6f.jpg","c2d0adaee91ee9f025219fdb56e3f0fc","image/jpeg","2247875","2026-09-19 00:32:24.447413+00","2026-09-19 00:32:25.584497+00"
"d1afe378-45c2-5d26-a70c-b2aa0e50c561","t-001","f-001","b-001","wv-001","20260919_003224","farmiq-media","tenants/t-001/farms/f-001/barns/b-001/devices/wv-001/images/2026/09/19/e650540b-6f50-45a2-af02-12c681e133a6.jpg","71b0011d4d7060bc348a1dd2b7446799","image/jpeg","2292621","2026-09-19 00:32:24.447413+00","2026-09-19 00:32:26.101553+00"
"953701ad-ac8b-584d-a403-f9099f0489fb","t-001","f-001","b-001","wv-001","20260919_003241","farmiq-media","tenants/t-001/farms/f-001/barns/b-001/devices/wv-001/images/2026/09/19/0cee36c7-26a5-4985-a9f7-271fc4e37a89.jpg","0e238cf5cc5f261ece025bb93d96ef22","image/jpeg","2211219","2026-09-19 00:32:41.70356+00","2026-09-19 00:32:43.777892+00"
"9e7c948d-023f-5370-8c3e-fd0617e3ac1f","t-001","f-001","b-001","wv-001","20260919_003241","farmiq-media","tenants/t-001/farms/f-001/barns/b-001/devices/wv-001/images/2026/09/19/795b38ae-2c91-42fd-9f7f-b1eff0d01127.jpg","9d9b39969c3e9318106c766e1077200e","image/jpeg","2251260","2026-09-19 00:32:41.70356+00","2026-09-19 00:32:44.180925+00"
"dd6521d6-d056-52f9-ba4a-2f2c653485a7","t-001","f-001","b-001","wv-001","20260919_003257","farmiq-media","tenants/t-001/farms/f-001/barns/b-001/devices/wv-001/images/2026/09/19/43e4ca38-49ce-4e93-99ac-36d87f9c653c.jpg","1386a85056aff3a129e9c89f2cd4f415","image/jpeg","2335769","2026-09-19 00:32:57.378841+00","2026-09-19 00:32:59.817482+00"
"618dec5d-b1a5-5738-9fcb-f81630998e8f","t-001","f-001","b-001","wv-001","20260919_003257","farmiq-media","tenants/t-001/farms/f-001/barns/b-001/devices/wv-001/images/2026/09/19/854b34ef-0987-4095-90b4-5a2fcfc43c05.jpg","dcf1aae245ec2df12a3537b1e87904b8","image/jpeg","2373166","2026-09-19 00:32:57.378841+00","2026-09-19 00:33:00.234166+00"
"2be84b88-9668-52e4-b5c0-0164dfdaa30d","t-001","f-001","b-001","wv-001","20260919_003341","farmiq-media","tenants/t-001/farms/f-001/barns/b-001/devices/wv-001/images/2026/09/19/8cf2ad4b-c09c-4123-8178-0c8a05f19be0.jpg","1e12caf139a7035d11a51855da0d975c","image/jpeg","2312434","2026-09-19 00:33:41.968952+00","2026-09-19 00:33:44.201038+00"
"66884e3f-ac2f-5d4a-bfc7-be04a10069e7","t-001","f-001","b-001","wv-001","20260919_003341","farmiq-media","tenants/t-001/farms/f-001/barns/b-001/devices/wv-001/images/2026/09/19/311a6fe3-1811-4924-a88a-802766f91eae.jpg","02f1a3768bc5470e9b1d54fa60d2ad14","image/jpeg","2345691","2026-09-19 00:33:41.968952+00","2026-09-19 00:33:44.628546+00"
"d6aa250d-9069-54e5-89bf-bd7cb3881549","t-001","f-001","b-001","wv-001","20260919_003413","farmiq-media","tenants/t-001/farms/f-001/barns/b-001/devices/wv-001/images/2026/09/19/b9fa58e1-ba7c-40d2-83ab-7564b5946e98.jpg","09fccb0a2b4cdc08ec5f181d645a422b","image/jpeg","2436170","2026-09-19 00:34:13.801953+00","2026-09-19 00:34:14.518504+00"
"c34ca009-67a9-5173-830c-279e2a1501da","t-001","f-001","b-001","wv-001","20260919_003413","farmiq-media","tenants/t-001/farms/f-001/barns/b-001/devices/wv-001/images/2026/09/19/ca4ead1f-a96a-447b-a9bb-b3178dddf5a8.jpg","1b35f08c201ca9a51ca7f34a45036242","image/jpeg","2465970","2026-09-19 00:34:13.801953+00","2026-09-19 00:34:14.984691+00"
"92223ce2-6b78-5c35-a330-71f502fbf932","t-001","f-001","b-001","wv-001","20260919_003506","farmiq-media","tenants/t-001/farms/f-001/barns/b-001/devices/wv-001/images/2026/09/19/e038c9a4-57a5-4b89-8510-54d4fb44a6a3.jpg","7c01850216e5590764d9ca9140b95e8a","image/jpeg","2171047","2026-09-19 00:35:06.166707+00","2026-09-19 00:35:06.966039+00"
"88847e1a-8ee8-586a-a637-7a33d89db9a6","t-001","f-001","b-001","wv-001","20260919_003506","farmiq-media","tenants/t-001/farms/f-001/barns/b-001/devices/wv-001/images/2026/09/19/5a407d19-f4d7-4c69-8355-5e131d6cd839.jpg","50514bab292c941939730fb5ccb20371","image/jpeg","2216885","2026-09-19 00:35:06.166707+00","2026-09-19 00:35:07.365518+00"
"e4348e13-eb39-55b2-a4b8-e2eec3b50197","t-001","f-001","b-001","wv-001","20260919_003510","farmiq-media","tenants/t-001/farms/f-001/barns/b-001/devices/wv-001/images/2026/09/19/9861e276-b8fd-4b80-8593-33d15ebb8d9a.jpg","b164f2e5ef1da8e7a87ba56f07d2f07a","image/jpeg","2097440","2026-09-19 00:35:10.52681+00","2026-09-19 00:35:12.959236+00"
"2099c55b-295c-51cc-80f2-a9c0ae4bd199","t-001","f-001","b-001","wv-001","20260919_003510","farmiq-media","tenants/t-001/farms/f-001/barns/b-001/devices/wv-001/images/2026/09/19/f349fb1d-d8f4-4560-bd41-c2ee01527db3.jpg","28614f2e0dfd54ec19e8c059d1ece0d3","image/jpeg","2145489","2026-09-19 00:35:10.52681+00","2026-09-19 00:35:13.322146+00"
"97badb22-f335-5ff5-9a63-204a4b270c3b","t-001","f-001","b-001","wv-001","20260919_003522","farmiq-media","tenants/t-001/farms/f-001/barns/b-001/devices/wv-001/images/2026/09/19/25498f67-0593-47d1-b8f9-1857c8210ecf.jpg","88c5718b626aec9bc5354e13ac8231b7","image/jpeg","2002233","2026-09-19 00:35:22.037498+00","2026-09-19 00:35:22.935136+00"
"e8d7c569-1697-5ea0-aa7f-a8326afd1b87","t-001","f-001","b-001","wv-001","20260919_003522","farmiq-media","tenants/t-001/farms/f-001/barns/b-001/devices/wv-001/images/2026/09/19/00699b78-8c38-47d4-96ac-589d07cc09c1.jpg","48af65fc19bd9e3766f553d136e8c378","image/jpeg","2051737","2026-09-19 00:35:22.037498+00","2026-09-19 00:35:23.294613+00"
"45e25e89-3900-538e-9f08-ec690c13ba43","t-001","f-001","b-001","wv-001","20260919_003526","farmiq-media","tenants/t-001/farms/f-001/barns/b-001/devices/wv-001/images/2026/09/19/765764ac-6491-45b3-87f7-e75f5fb78ab3.jpg","8ec64d0e5fbb5d24078893ec2af5862a","image/jpeg","1822402","2026-09-19 00:35:26.070452+00","2026-09-19 00:35:28.727761+00"
"5da4aea5-0bdd-5be9-b96e-94ec2c6dca3e","t-001","f-001","b-001","wv-001","20260919_003526","farmiq-media","tenants/t-001/farms/f-001/barns/b-001/devices/wv-001/images/2026/09/19/30173715-21a0-43f8-8dbf-d444f1e2bb37.jpg","b50632d21afba5d2756ba26da41a8904","image/jpeg","1874279","2026-09-19 00:35:26.070452+00","2026-09-19 00:35:29.00194+00"
"767cb3b7-12bb-52c0-9144-635e35bb13d1","t-001","f-001","b-001","wv-001","20260919_003530","farmiq-media","tenants/t-001/farms/f-001/barns/b-001/devices/wv-001/images/2026/09/19/ff2c2cb2-779f-4bff-95ed-f988215ebb7c.jpg","f31f009095cd9f11eeb7efa6c8d1559d","image/jpeg","1526802","2026-09-19 00:35:30.568013+00","2026-09-19 00:35:34.42007+00"
"8cd6fc90-4253-5c8d-a4f7-7caa183c2fa3","t-001","f-001","b-001","wv-001","20260919_003530","farmiq-media","tenants/t-001/farms/f-001/barns/b-001/devices/wv-001/images/2026/09/19/ff0192db-2f11-4382-acc3-337d0c396fa7.jpg","a19b30538d090784bcb7f3be7213d6dc","image/jpeg","1590109","2026-09-19 00:35:30.568013+00","2026-09-19 00:35:34.677371+00"
"4b6e4e78-5022-5507-ba2c-35a4a93cdd5f","t-001","f-001","b-001","wv-001","20260919_003535","farmiq-media","tenants/t-001/farms/f-001/barns/b-001/devices/wv-001/images/2026/09/19/c349551b-62ab-4901-87a3-c107e7fb8e9a.jpg","aaa860645398b7e67bb5a54652e615fb","image/jpeg","1441358","2026-09-19 00:35:35.048516+00","2026-09-19 00:35:40.082241+00"
"08056e46-b1f7-5f9a-bc97-2ac0dbb76fa5","t-001","f-001","b-001","wv-001","20260919_003535","farmiq-media","tenants/t-001/farms/f-001/barns/b-001/devices/wv-001/images/2026/09/19/f7ff75e3-8a52-4d71-b11c-427d791179ce.jpg","e4b82651d173a260757375d8c9e3707f","image/jpeg","1501710","2026-09-19 00:35:35.048516+00","2026-09-19 00:35:40.34835+00"
"ede7df37-600a-5a48-ab41-e4756f682c42","t-001","f-001","b-001","wv-001","20260919_003634","farmiq-media","tenants/t-001/farms/f-001/barns/b-001/devices/wv-001/images/2026/09/19/9adbab03-723a-4c1b-a846-6fc12cc211e3.jpg","f6eb4a5c8b8e73c2be19d8a69eb89990","image/jpeg","2429988","2026-09-19 00:36:34.039811+00","2026-09-19 00:36:36.550168+00"
"f2b956b6-b7dd-57ed-aa50-3e0327092c08","t-001","f-001","b-001","wv-001","20260919_003634","farmiq-media","tenants/t-001/farms/f-001/barns/b-001/devices/wv-001/images/2026/09/19/f5763c0f-69d1-4cf7-b54c-51225f5dc26d.jpg","abe3fbb5bf9256757a41d4b4b28fd6f2","image/jpeg","2446588","2026-09-19 00:36:34.039811+00","2026-09-19 00:36:36.982518+00"
"89d3e641-51eb-51b4-96cc-ccceff874548","t-001","f-001","b-001","wv-001","20260919_003649","farmiq-media","tenants/t-001/farms/f-001/barns/b-001/devices/wv-001/images/2026/09/19/ea547917-1aba-4c3c-890d-40a95c4d9950.jpg","8488de81be9c468daec5309f504b3439","image/jpeg","2024470","2026-09-19 00:36:49.231021+00","2026-09-19 00:36:50.64605+00"
"a9242650-f7eb-50b8-bcb6-5ee0b1585933","t-001","f-001","b-001","wv-001","20260919_003649","farmiq-media","tenants/t-001/farms/f-001/barns/b-001/devices/wv-001/images/2026/09/19/585e0ad7-e48d-4a24-a5c7-c742e9298fad.jpg","5eb5307cdc690bd1b8a7ab2a8199f117","image/jpeg","2042798","2026-09-19 00:36:49.231021+00","2026-09-19 00:36:51.009787+00"
"fa3cd54a-a574-567a-94d3-a23477e64e15","t-001","f-001","b-001","wv-001","20260919_003713","farmiq-media","tenants/t-001/farms/f-001/barns/b-001/devices/wv-001/images/2026/09/19/f8bbf9ba-2b45-4da2-859e-b0586b7b7ac5.jpg","54d24ff3bc1f29c74b01dc9b0f6524f5","image/jpeg","2554309","2026-09-19 00:37:13.426755+00","2026-09-19 00:37:14.800676+00"
"307bc130-62b2-56a8-aab2-cb75dff12395","t-001","f-001","b-001","wv-001","20260919_003713","farmiq-media","tenants/t-001/farms/f-001/barns/b-001/devices/wv-001/images/2026/09/19/81826a47-22f3-42f5-9f3b-dde58fda9eff.jpg","60afb5df763ed76592215ee4d4f186c0","image/jpeg","2579429","2026-09-19 00:37:13.426755+00","2026-09-19 00:37:15.229432+00"
"57d5eec0-3686-5168-93e3-e6a78b56bc3e","t-001","f-001","b-001","wv-001","20260919_004117","farmiq-media","tenants/t-001/farms/f-001/barns/b-001/devices/wv-001/images/2026/09/19/313e2519-80fb-43d3-8534-5e5d5f1ae741.jpg","b9be7209d929ec570804122da6dc1190","image/jpeg","2203702","2026-09-19 00:41:17.281435+00","2026-09-19 00:41:18.908619+00"
"c8680471-9c9e-57ba-b03b-bdc9ee3ae440","t-001","f-001","b-001","wv-001","20260919_004117","farmiq-media","tenants/t-001/farms/f-001/barns/b-001/devices/wv-001/images/2026/09/19/447865cb-e864-4269-8986-b3413aa388e4.jpg","c95ac7b75ff24c679438f07d94bf1f04","image/jpeg","2226398","2026-09-19 00:41:17.281435+00","2026-09-19 00:41:19.233706+00"
"cf9cfc13-3025-5fbd-b2e9-b8d259a8b9e9","t-001","f-001","b-001","wv-001","20260919_004137","farmiq-media","tenants/t-001/farms/f-001/barns/b-001/devices/wv-001/images/2026/09/19/96f0d89e-ba59-4d11-b1f8-de369cef8080.jpg","c30561cb7a8f6b27936b88703b56a5ad","image/jpeg","2474640","2026-09-19 00:41:37.381217+00","2026-09-19 00:41:38.888198+00"
"27cf6ff7-ddeb-5844-b74f-aaa3c49d4640","t-001","f-001","b-001","wv-001","20260919_004137","farmiq-media","tenants/t-001/farms/f-001/barns/b-001/devices/wv-001/images/2026/09/19/43b61ba3-d0cc-472c-8568-7d2e21433ad8.jpg","f2a7450e0da265dd08e815bc6bc2f098","image/jpeg","2502651","2026-09-19 00:41:37.381217+00","2026-09-19 00:41:39.213133+00"
"38ddd2d8-3396-5443-9c10-6d5246bbadb2","t-001","f-001","b-001","wv-001","20260919_004158","farmiq-media","tenants/t-001/farms/f-001/barns/b-001/devices/wv-001/images/2026/09/19/1a98abc8-9492-4800-a886-a0ac495b2e4a.jpg","bdb10143c69dac6eee25342c04377765","image/jpeg","2589682","2026-09-19 00:41:58.02628+00","2026-09-19 00:41:58.862276+00"
"67247875-c8b3-53ac-bbb2-b95d056a539d","t-001","f-001","b-001","wv-001","20260919_004158","farmiq-media","tenants/t-001/farms/f-001/barns/b-001/devices/wv-001/images/2026/09/19/d9d1d399-c53c-41b1-ae38-2f044166893d.jpg","9bcf9dbd42f5fdd0b3591fc216cc81ba","image/jpeg","2609438","2026-09-19 00:41:58.02628+00","2026-09-19 00:41:59.280958+00"
"bb3f6e7c-4edd-55a4-a2ba-75a0ec28cadf","t-001","f-001","b-001","wv-001","20260919_004242","farmiq-media","tenants/t-001/farms/f-001/barns/b-001/devices/wv-001/images/2026/09/19/1291de5f-92b4-41da-a9e6-735993d1a58a.jpg","1c1d9c796896967c14621c13d87055c8","image/jpeg","2549983","2026-09-19 00:42:42.034154+00","2026-09-19 00:42:43.224679+00"
"e415cae0-f75e-5652-a275-229544a42cd8","t-001","f-001","b-001","wv-001","20260919_004242","farmiq-media","tenants/t-001/farms/f-001/barns/b-001/devices/wv-001/images/2026/09/19/5a9ebc3e-9757-480a-8826-aff3ec8c3005.jpg","83096bd1270b87663c7a5c52a7833480","image/jpeg","2576110","2026-09-19 00:42:42.034154+00","2026-09-19 00:42:43.668746+00"
"f55b0313-64ff-51b6-a340-96d46ac2414f","t-001","f-001","b-001","wv-001","20260919_004933","farmiq-media","tenants/t-001/farms/f-001/barns/b-001/devices/wv-001/images/2026/09/19/a3179e94-cf24-4b5c-9abc-6dc5ada6dbde.jpg","bb0a4e2df072bb8e458d2b5f70e8c2d6","image/jpeg","2396947","2026-09-19 00:49:33.864347+00","2026-09-19 00:49:34.567739+00"
"29c50c7e-a354-5fbd-b152-773be90c19fc","t-001","f-001","b-001","wv-001","20260919_004933","farmiq-media","tenants/t-001/farms/f-001/barns/b-001/devices/wv-001/images/2026/09/19/c9875077-ba57-4166-867c-6ed72ee1a336.jpg","fb08d7a3000254514281e3f5f9a8151c","image/jpeg","2414897","2026-09-19 00:49:33.864347+00","2026-09-19 00:49:34.966847+00"
"34a36e8b-caec-5c31-be16-44195028bd1e","t-001","f-001","b-001","wv-001","20260919_004938","farmiq-media","tenants/t-001/farms/f-001/barns/b-001/devices/wv-001/images/2026/09/19/c5cd2bca-8c8f-445e-acf4-22ce05422894.jpg","b840730f13be458db07b7d4b772f5394","image/jpeg","2220961","2026-09-19 00:49:38.200411+00","2026-09-19 00:49:40.534196+00"
"c9bf9fe4-dd01-5c35-b2ae-12aadc6b16cb","t-001","f-001","b-001","wv-001","20260919_004938","farmiq-media","tenants/t-001/farms/f-001/barns/b-001/devices/wv-001/images/2026/09/19/c902d018-4406-4cb2-baf0-94a54c2ae376.jpg","f7e8df1f410e309322044e7119def1a5","image/jpeg","2253128","2026-09-19 00:49:38.200411+00","2026-09-19 00:49:40.892504+00"
"42eab190-1b91-540a-85bf-701447ec4f1b","t-001","f-001","b-001","wv-001","20260919_005007","farmiq-media","tenants/t-001/farms/f-001/barns/b-001/devices/wv-001/images/2026/09/19/b78cde0d-0b03-4bbc-8019-08fbda42a7f2.jpg","2024248a0945ce100e099252d30053bf","image/jpeg","2230613","2026-09-19 00:50:07.33077+00","2026-09-19 00:50:08.652794+00"
"0009ef27-a740-598d-9fca-48a064042e1d","t-001","f-001","b-001","wv-001","20260919_005007","farmiq-media","tenants/t-001/farms/f-001/barns/b-001/devices/wv-001/images/2026/09/19/1c90f7f0-4ae0-482b-9a8e-679b9599ec1c.jpg","3166c58626825b74c7a5c3c94b9301e1","image/jpeg","2252370","2026-09-19 00:50:07.33077+00","2026-09-19 00:50:09.014523+00"
"4dbce691-1cb9-51f4-bcc5-5434d25818d0","t-001","f-001","b-001","wv-001","20260919_005011","farmiq-media","tenants/t-001/farms/f-001/barns/b-001/devices/wv-001/images/2026/09/19/1da01c0d-2f01-4059-bde4-109f5dc8cb9b.jpg","a4d769ab4901f86cfd102aa1ab597ef5","image/jpeg","2106962","2026-09-19 00:50:11.626796+00","2026-09-19 00:50:14.541021+00"
"375a0b6e-6951-56a7-9db6-cc386504f0f0","t-001","f-001","b-001","wv-001","20260919_005011","farmiq-media","tenants/t-001/farms/f-001/barns/b-001/devices/wv-001/images/2026/09/19/c2188e47-9835-469c-a2e8-b717a65d16c7.jpg","b8e5e57f8f5b58f4863b162aea3ab635","image/jpeg","2128686","2026-09-19 00:50:11.626796+00","2026-09-19 00:50:14.886571+00"
"d981c895-d62a-5862-a411-0f765e20e22a","t-001","f-001","b-001","wv-001","20260919_005225","farmiq-media","tenants/t-001/farms/f-001/barns/b-001/devices/wv-001/images/2026/09/19/aa50a1d8-65fe-49c4-b3be-5a9ae4c46cd5.jpg","e4b44f1549a1f825ed79d833d6db3229","image/jpeg","2477058","2026-09-19 00:52:25.258804+00","2026-09-19 00:52:27.609078+00"
"9c1befb9-9d24-54ca-ba26-85768ca32845","t-001","f-001","b-001","wv-001","20260919_005225","farmiq-media","tenants/t-001/farms/f-001/barns/b-001/devices/wv-001/images/2026/09/19/52fe1b99-c371-4e44-a183-3d995cdd9e97.jpg","2fc456f7cbbacfec0848754e02db6805","image/jpeg","2491482","2026-09-19 00:52:25.258804+00","2026-09-19 00:52:27.997338+00"
"b164a91f-1e88-5ac2-ac7b-6e5ea51f109a","t-001","f-001","b-001","wv-001","20260919_005258","farmiq-media","tenants/t-001/farms/f-001/barns/b-001/devices/wv-001/images/2026/09/19/268ab769-8b7b-4dea-af1a-e562fb038693.jpg","caa52039436f1a2532ad9a76db65ceca","image/jpeg","2381250","2026-09-19 00:52:58.50301+00","2026-09-19 00:52:59.786428+00"
"ceec8aa5-033d-5f04-b792-c5645e10da35","t-001","f-001","b-001","wv-001","20260919_005258","farmiq-media","tenants/t-001/farms/f-001/barns/b-001/devices/wv-001/images/2026/09/19/d8948896-6fb5-4b7e-bea5-42c2c6325dfd.jpg","d1b6a01fc28468275ca74314e081baff","image/jpeg","2394691","2026-09-19 00:52:58.50301+00","2026-09-19 00:53:00.165535+00"
"8c48d1af-a66b-51ad-90ae-ed7dad530d3d","t-001","f-001","b-001","wv-001","20260919_005302","farmiq-media","tenants/t-001/farms/f-001/barns/b-001/devices/wv-001/images/2026/09/19/0e84a2c2-e7e8-4e4c-a9b0-8f4b7d16d1ea.jpg","48f0254a919f70608247b0c7704250d6","image/jpeg","2211385","2026-09-19 00:53:02.575097+00","2026-09-19 00:53:05.656705+00"
"84a37412-d966-5fb4-b872-137af96f8a8c","t-001","f-001","b-001","wv-001","20260919_005302","farmiq-media","tenants/t-001/farms/f-001/barns/b-001/devices/wv-001/images/2026/09/19/7aad1568-5151-40fa-8ad3-0185a180a50f.jpg","126f28ddcf59abc79ca36990f531fb28","image/jpeg","2227041","2026-09-19 00:53:02.575097+00","2026-09-19 00:53:05.9617+00"
"b5595322-6dba-5158-9228-a19637fb2f7f","t-001","f-001","b-001","wv-001","20260919_005308","farmiq-media","tenants/t-001/farms/f-001/barns/b-001/devices/wv-001/images/2026/09/19/4f1d9922-fcff-4237-8ed9-3bc7a4135674.jpg","5b749312796bb404a2a405a7ab4af066","image/jpeg","2149136","2026-09-19 00:53:08.780109+00","2026-09-19 00:53:11.549985+00"
"fb9eb911-adcf-589e-a830-480be4845df5","t-001","f-001","b-001","wv-001","20260919_005308","farmiq-media","tenants/t-001/farms/f-001/barns/b-001/devices/wv-001/images/2026/09/19/9c2d516c-f3fd-4b8b-adbd-11a63f3ea58c.jpg","0f69096b9768e364e33c603781bdeedc","image/jpeg","2170850","2026-09-19 00:53:08.780109+00","2026-09-19 00:53:11.879301+00"
"67f59576-af72-5dc0-bd2f-0959e8923991","t-001","f-001","b-001","wv-001","20260919_005351","farmiq-media","tenants/t-001/farms/f-001/barns/b-001/devices/wv-001/images/2026/09/19/d8d7610b-7f0e-482e-9e22-85d6466ba150.jpg","dee5257c5d14414e234fc380e2e289f5","image/jpeg","2386182","2026-09-19 00:53:51.096147+00","2026-09-19 00:53:51.706135+00"
"1507afed-4996-5413-80c3-e81622aa9d9d","t-001","f-001","b-001","wv-001","20260919_005351","farmiq-media","tenants/t-001/farms/f-001/barns/b-001/devices/wv-001/images/2026/09/19/85970d0c-2a05-44bd-98bd-31138272be65.jpg","0f35c153cb4d97a8dad30fe1c21b4e32","image/jpeg","2407950","2026-09-19 00:53:51.096147+00","2026-09-19 00:53:52.08381+00"
"22164bcb-d202-5bae-b5a4-f5067f35725a","t-001","f-001","b-001","wv-001","20260919_005419","farmiq-media","tenants/t-001/farms/f-001/barns/b-001/devices/wv-001/images/2026/09/19/53784838-2707-415b-b00b-0ebd5aa0807f.jpg","3cdfde625923a396069f21b1c40c33c5","image/jpeg","2470074","2026-09-19 00:54:19.449861+00","2026-09-19 00:54:21.849537+00"
"94e581c3-7fe9-5c3e-a44f-ffd30f52946a","t-001","f-001","b-001","wv-001","20260919_005419","farmiq-media","tenants/t-001/farms/f-001/barns/b-001/devices/wv-001/images/2026/09/19/a8725223-45d9-4c94-9360-a707729a4366.jpg","b424f92de670c60ba63b701bf65ef9dc","image/jpeg","2489435","2026-09-19 00:54:19.449861+00","2026-09-19 00:54:22.189401+00"
"067b8af9-9348-5df8-a03c-f5f5260533d2","t-001","f-001","b-001","wv-001","20260919_005822","farmiq-media","tenants/t-001/farms/f-001/barns/b-001/devices/wv-001/images/2026/09/19/b43633de-e93c-4dfd-a4eb-b398871ccfda.jpg","2588fe0eff1f264ca8954f994d2d6d42","image/jpeg","2446071","2026-09-19 00:58:22.25901+00","2026-09-19 00:58:23.748508+00"
"7fbf28ba-dd12-5863-b6e2-4ba369a17978","t-001","f-001","b-001","wv-001","20260919_005822","farmiq-media","tenants/t-001/farms/f-001/barns/b-001/devices/wv-001/images/2026/09/19/f0662239-2347-46ba-8979-5bad34e66975.jpg","e903c5f436c1f2c25c53472ce5d16bb4","image/jpeg","2463850","2026-09-19 00:58:22.25901+00","2026-09-19 00:58:24.167801+00"
"339784e1-4521-53a9-bd26-c36ba12cf4c8","t-001","f-001","b-001","wv-001","20260919_010149","farmiq-media","tenants/t-001/farms/f-001/barns/b-001/devices/wv-001/images/2026/09/19/9354f898-4d35-412b-8b02-d1e565df4363.jpg","74bf9d954515c37ae113fb6c73515e83","image/jpeg","2526744","2026-09-19 01:01:49.452953+00","2026-09-19 01:01:51.606418+00"
"270303eb-7721-50a6-b80e-70e955b84086","t-001","f-001","b-001","wv-001","20260919_010149","farmiq-media","tenants/t-001/farms/f-001/barns/b-001/devices/wv-001/images/2026/09/19/240364bc-a226-47f6-81e5-a08981572a80.jpg","d08e5db52debf2b36e1ea368d82a1038","image/jpeg","2545168","2026-09-19 01:01:49.452953+00","2026-09-19 01:01:53.519978+00"
"c9938319-55cb-572b-aa9c-de006655cbd5","t-001","f-001","b-001","wv-001","20260919_010212","farmiq-media","tenants/t-001/farms/f-001/barns/b-001/devices/wv-001/images/2026/09/19/7928d773-1d2f-4ea6-9ac7-1ab9b5a4eb7e.jpg","f268be8da812dbfc890d83001ce9d3f9","image/jpeg","2509154","2026-09-19 01:02:12.210952+00","2026-09-19 01:02:26.765997+00"
"3695fbf3-0e56-52d3-8d35-68262209948c","t-001","f-001","b-001","wv-001","20260919_010212","farmiq-media","tenants/t-001/farms/f-001/barns/b-001/devices/wv-001/images/2026/09/19/2e1b6e4f-78a0-4469-810e-091139d854fa.jpg","23ec76dfc17b12d9eb8061b2a14958bb","image/jpeg","2531265","2026-09-19 01:02:12.210952+00","2026-09-19 01:02:28.265071+00"
"11237d1a-2f4f-530c-b80c-8a46c15740d7","t-001","f-001","b-001","wv-001","20260919_010227","farmiq-media","tenants/t-001/farms/f-001/barns/b-001/devices/wv-001/images/2026/09/19/5dd83816-974c-4b5c-9276-bcbb0085fc08.jpg","31022710ec0ea937ffbf00b845cf9856","image/jpeg","2397821","2026-09-19 01:02:27.537644+00","2026-09-19 01:02:33.99786+00"
"1ad5138b-a6f3-5400-95ae-076badae58d5","t-001","f-001","b-001","wv-001","20260919_010227","farmiq-media","tenants/t-001/farms/f-001/barns/b-001/devices/wv-001/images/2026/09/19/33ad9879-0a27-4c10-ae68-f86f5e34f22a.jpg","838a3ae1361bedb26e12990b03b712e2","image/jpeg","2415993","2026-09-19 01:02:27.537644+00","2026-09-19 01:02:34.393403+00"
"d8dbf391-4d72-597f-a79e-244728e58f9a","t-001","f-001","b-001","wv-001","20260919_010232","farmiq-media","tenants/t-001/farms/f-001/barns/b-001/devices/wv-001/images/2026/09/19/cc11fe38-11a9-462a-af29-e03cd67f1df6.jpg","ef6c8548dbbaa33072320a9aa98d77aa","image/jpeg","2138342","2026-09-19 01:02:32.883064+00","2026-09-19 01:02:37.920007+00"
"8e530f26-8227-5e5f-883b-293aa47d0438","t-001","f-001","b-001","wv-001","20260919_010232","farmiq-media","tenants/t-001/farms/f-001/barns/b-001/devices/wv-001/images/2026/09/19/c95ef332-dfbb-43c0-a27f-70f2bc313093.jpg","81ad902fcf075acc021e44bb8cc6be36","image/jpeg","2163113","2026-09-19 01:02:32.883064+00","2026-09-19 01:02:38.399351+00"
"f0e5dfbe-cfce-5305-836d-24bdd9dcf07d","t-001","f-001","b-001","wv-001","20260919_010928","farmiq-media","tenants/t-001/farms/f-001/barns/b-001/devices/wv-001/images/2026/09/19/dd8f3021-955a-4eff-95f9-2733d895649f.jpg","641d1786ba8ed2ebcefa2a27c86373a7","image/jpeg","2533792","2026-09-19 01:09:28.842221+00","2026-09-19 01:09:29.460563+00"
"dc76e6f0-6a35-5238-8c69-32f3f6a95e7b","t-001","f-001","b-001","wv-001","20260919_010928","farmiq-media","tenants/t-001/farms/f-001/barns/b-001/devices/wv-001/images/2026/09/19/5961bb7a-5c0a-45bf-92ed-9d1dd0ee5edd.jpg","a9d564e3f3696488d8cb877d9c08ef18","image/jpeg","2545747","2026-09-19 01:09:28.842221+00","2026-09-19 01:09:29.898814+00"
"9cdf3f24-b004-56a2-8c49-4e35fb9b26d7","t-001","f-001","b-001","wv-001","20260919_011015","farmiq-media","tenants/t-001/farms/f-001/barns/b-001/devices/wv-001/images/2026/09/19/384d5bc2-5b9b-4eac-ba38-3e2f398f568b.jpg","4dd9d28f18bc7ba8de6cf9a88a2fba7e","image/jpeg","2162532","2026-09-19 01:10:15.315414+00","2026-09-19 01:10:15.879988+00"
"2c50fab7-e765-5f80-94ff-8e7d7c74fa83","t-001","f-001","b-001","wv-001","20260919_011015","farmiq-media","tenants/t-001/farms/f-001/barns/b-001/devices/wv-001/images/2026/09/19/0e0be61a-8558-4467-bbe1-4a30ca93d53d.jpg","344a12371e674cd6db8b0ba9aa2775a4","image/jpeg","2179330","2026-09-19 01:10:15.315414+00","2026-09-19 01:10:16.334743+00"
"c20538d8-c344-52a7-abb3-96f8896415be","t-001","f-001","b-001","wv-001","20260919_011029","farmiq-media","tenants/t-001/farms/f-001/barns/b-001/devices/wv-001/images/2026/09/19/0b73a7c0-2ecf-432a-a02b-8667e4494878.jpg","1f5561bdd3f4c9f400f326a66bca6111","image/jpeg","2284236","2026-09-19 01:10:29.097895+00","2026-09-19 01:10:29.990318+00"
"64341d54-711d-5267-8a17-7aab0fdd08ef","t-001","f-001","b-001","wv-001","20260919_011029","farmiq-media","tenants/t-001/farms/f-001/barns/b-001/devices/wv-001/images/2026/09/19/5970686d-ef37-45db-b2c5-c42b294926c8.jpg","25f5dd973c0c5b993b3db7bac5b5e6f1","image/jpeg","2302942","2026-09-19 01:10:29.097895+00","2026-09-19 01:10:30.429706+00"
"08f38f09-916e-5d96-b83f-f146c4a67ca6","t-001","f-001","b-001","wv-001","20260919_011711","farmiq-media","tenants/t-001/farms/f-001/barns/b-001/devices/wv-001/images/2026/09/19/a6d51cbd-bf83-43fb-83c8-e8ddea16c87d.jpg","4a7d90098cb54a7b7ff9d980f219db3b","image/jpeg","2562029","2026-09-19 01:17:11.020635+00","2026-09-19 01:17:13.327969+00"
"d7ee8baa-b22d-5895-803b-92d65d2d91d0","t-001","f-001","b-001","wv-001","20260919_011711","farmiq-media","tenants/t-001/farms/f-001/barns/b-001/devices/wv-001/images/2026/09/19/9ab04909-2f4f-481f-9358-2275e44378f8.jpg","e8c264d5c31f1cda0c832543cc9e654a","image/jpeg","2574593","2026-09-19 01:17:11.020635+00","2026-09-19 01:17:13.732506+00"
"b757dd2b-e548-5930-b21f-988fde092581","t-001","f-001","b-001","wv-001","20260919_011742","farmiq-media","tenants/t-001/farms/f-001/barns/b-001/devices/wv-001/images/2026/09/19/23382faa-1da9-454d-bb01-c7b3bfa43b4b.jpg","d1e25f7617cfc5e4d3aa12d476c9a23f","image/jpeg","2576741","2026-09-19 01:17:42.875246+00","2026-09-19 01:17:43.526183+00"
"f369c1ab-69f3-5fbd-abe3-b8db189dcba4","t-001","f-001","b-001","wv-001","20260919_011742","farmiq-media","tenants/t-001/farms/f-001/barns/b-001/devices/wv-001/images/2026/09/19/091b46c1-46fb-4805-9faa-8cb1c41bdb66.jpg","101d19c77448f6438a9046cd717d22e4","image/jpeg","2596148","2026-09-19 01:17:42.875246+00","2026-09-19 01:17:43.94869+00"
"dd0bd8b2-a909-5895-91ff-9c29b88de32c","t-001","f-001","b-001","wv-001","20260919_011803","farmiq-media","tenants/t-001/farms/f-001/barns/b-001/devices/wv-001/images/2026/09/19/50569665-2c0e-4e35-9f0d-9d2bb04eeca9.jpg","9c07bf3f083a953de42c0fb78c984f0f","image/jpeg","2368992","2026-09-19 01:18:03.265649+00","2026-09-19 01:18:05.654797+00"
"e231cdae-8413-579d-bd03-99ad237df8c3","t-001","f-001","b-001","wv-001","20260919_011803","farmiq-media","tenants/t-001/farms/f-001/barns/b-001/devices/wv-001/images/2026/09/19/abdde545-74a6-4dc8-8f94-f5ce5b2645b2.jpg","3356d967667480ce0db345ef8225ba67","image/jpeg","2394248","2026-09-19 01:18:03.265649+00","2026-09-19 01:18:06.048863+00"
"ac5bf038-ad43-59cf-8c96-9380ef059450","t-001","f-001","b-001","wv-001","20260919_011807","farmiq-media","tenants/t-001/farms/f-001/barns/b-001/devices/wv-001/images/2026/09/19/b6c5f395-2dbc-4a2b-8bf2-82d90d9655a5.jpg","079516b776cb87795de500cc6caa81eb","image/jpeg","2133087","2026-09-19 01:18:07.238369+00","2026-09-19 01:18:11.575659+00"
"a8183e50-15ce-5e31-aa1e-9594a382e7ed","t-001","f-001","b-001","wv-001","20260919_011807","farmiq-media","tenants/t-001/farms/f-001/barns/b-001/devices/wv-001/images/2026/09/19/761795f5-bddb-4c46-8686-c0a0270bd5f3.jpg","ec29681d3fc30b2b42d8d1a038ebd5e2","image/jpeg","2161739","2026-09-19 01:18:07.238369+00","2026-09-19 01:18:11.945476+00"
"7b04c6a6-6376-5274-9814-69f45866e71d","t-001","f-001","b-001","wv-001","20260919_011958","farmiq-media","tenants/t-001/farms/f-001/barns/b-001/devices/wv-001/images/2026/09/19/e1cd544f-f235-45de-a657-f8d7a7b69269.jpg","8ddd9cd695cbaec2a2585d7500c56ea1","image/jpeg","2585648","2026-09-19 01:19:58.124277+00","2026-09-19 01:20:00.433897+00"
"431390df-5bb7-57e0-802c-017c85bb2444","t-001","f-001","b-001","wv-001","20260919_011958","farmiq-media","tenants/t-001/farms/f-001/barns/b-001/devices/wv-001/images/2026/09/19/4b42f0e6-76b5-4d84-a148-95dcc9fcd458.jpg","0fc2efd2b4d19107639add61d83647af","image/jpeg","2602677","2026-09-19 01:19:58.124277+00","2026-09-19 01:20:00.853338+00"
"7896ce59-4749-59c1-be5d-67581c3f3429","t-001","f-001","b-001","wv-001","20260919_012122","farmiq-media","tenants/t-001/farms/f-001/barns/b-001/devices/wv-001/images/2026/09/19/1c2a540f-ffa0-420a-b44d-c4ee668ccd40.jpg","2ae226cd1f467472885f5572c057de17","image/jpeg","2614567","2026-09-19 01:21:22.303685+00","2026-09-19 01:21:23.021928+00"
"134caf21-904f-58b9-bd90-da2742d0d7a5","t-001","f-001","b-001","wv-001","20260919_012122","farmiq-media","tenants/t-001/farms/f-001/barns/b-001/devices/wv-001/images/2026/09/19/d16cf1da-0221-4d8e-8567-b9664d0e2089.jpg","fa0aaf7bb61e29a51930520ec6c59951","image/jpeg","2626927","2026-09-19 01:21:22.303685+00","2026-09-19 01:21:23.447879+00"
"edea9cd1-dff5-5910-ab2b-bbd818e7da29","t-001","f-001","b-001","wv-001","20260919_012349","farmiq-media","tenants/t-001/farms/f-001/barns/b-001/devices/wv-001/images/2026/09/19/a4040065-5087-41ca-bdbc-9cffd9e2de70.jpg","fc5b0b7bfa8bdff63957e5297533dc8f","image/jpeg","2497269","2026-09-19 01:23:49.204899+00","2026-09-19 01:23:50.163564+00"
"e9eae2d5-c6b7-5d7c-8797-0981b57cd794","t-001","f-001","b-001","wv-001","20260919_012349","farmiq-media","tenants/t-001/farms/f-001/barns/b-001/devices/wv-001/images/2026/09/19/e597b1ca-b940-4878-80eb-31396a0c947a.jpg","3e464b6b13ed20e21ba16ae2014b9058","image/jpeg","2522285","2026-09-19 01:23:49.204899+00","2026-09-19 01:23:50.593315+00"
"fc5ee1bf-dd1c-5fb6-9632-3684a1befbad","t-001","f-001","b-001","wv-001","20260919_012426","farmiq-media","tenants/t-001/farms/f-001/barns/b-001/devices/wv-001/images/2026/09/19/1fc7d18d-5ccf-4837-b0d4-bd7910f02a89.jpg","3c254fc84bde0881ff6f0b1ec10dd21c","image/jpeg","2272044","2026-09-19 01:24:26.481553+00","2026-09-19 01:24:28.404752+00"
"cd761fdf-1b54-5597-b84c-17005f0155bf","t-001","f-001","b-001","wv-001","20260919_012426","farmiq-media","tenants/t-001/farms/f-001/barns/b-001/devices/wv-001/images/2026/09/19/c22bcebd-c78e-4c4e-a914-3c9ca4370f25.jpg","a2502ddf58812f19d544cc37ea7c881b","image/jpeg","2292714","2026-09-19 01:24:26.481553+00","2026-09-19 01:24:28.816028+00"
"3decb3ae-2614-5c04-80e6-e32f69ba957b","t-001","f-001","b-001","wv-001","20260919_012538","farmiq-media","tenants/t-001/farms/f-001/barns/b-001/devices/wv-001/images/2026/09/19/39785651-8031-4970-87c4-595e8f3fe154.jpg","3d27afb52ba02253dd4dc81079954802","image/jpeg","2538789","2026-09-19 01:25:38.036496+00","2026-09-19 01:25:39.051526+00"
"e72649f8-fbd1-5d41-a2d2-c75b6318e724","t-001","f-001","b-001","wv-001","20260919_012538","farmiq-media","tenants/t-001/farms/f-001/barns/b-001/devices/wv-001/images/2026/09/19/9872cb23-5db1-484e-a494-2810529144f2.jpg","d7e33b7033f31129a7d186135145f8af","image/jpeg","2554390","2026-09-19 01:25:38.036496+00","2026-09-19 01:25:39.506083+00"
"2d2a2a3e-4033-578d-8ee2-1cfbec7585f5","t-001","f-001","b-001","wv-001","20260919_012544","farmiq-media","tenants/t-001/farms/f-001/barns/b-001/devices/wv-001/images/2026/09/19/6afc53ea-e1f6-4c84-998f-37d34c72c7df.jpg","09b90df1e9b41c8630f1a7c73efdd363","image/jpeg","2368244","2026-09-19 01:25:44.927124+00","2026-09-19 01:25:47.119833+00"
"53ca17af-1c35-5d40-89e3-760e79cfa093","t-001","f-001","b-001","wv-001","20260919_012544","farmiq-media","tenants/t-001/farms/f-001/barns/b-001/devices/wv-001/images/2026/09/19/359c45f5-6085-4fed-972f-206d4b284237.jpg","5ac3e03ce869c550b770294107d69a48","image/jpeg","2390954","2026-09-19 01:25:44.927124+00","2026-09-19 01:25:47.492318+00"
"3fc94c02-8e4a-52ed-9c51-2d7ff4f57458","t-001","f-001","b-001","wv-001","20260919_012638","farmiq-media","tenants/t-001/farms/f-001/barns/b-001/devices/wv-001/images/2026/09/19/ce7e4db9-6fff-495b-8a27-b5c092f1a623.jpg","12c7205881d30c3e90409abc8d9cd7ed","image/jpeg","2371543","2026-09-19 01:26:38.667229+00","2026-09-19 01:26:39.508148+00"
"bd1123b9-3eb5-59b1-89e8-e833252bf72c","t-001","f-001","b-001","wv-001","20260919_012638","farmiq-media","tenants/t-001/farms/f-001/barns/b-001/devices/wv-001/images/2026/09/19/604ea151-c531-4d3c-9d1c-64924576ac1a.jpg","bbcd97195948c3d56e7d16cf2691f6fc","image/jpeg","2392683","2026-09-19 01:26:38.667229+00","2026-09-19 01:26:39.869644+00"
"a4978831-dbfc-518c-91b5-23ba20fd90cb","t-001","f-001","b-001","wv-001","20260919_012658","farmiq-media","tenants/t-001/farms/f-001/barns/b-001/devices/wv-001/images/2026/09/19/0b4f893a-2873-407b-85d9-6c1783238680.jpg","44dc3e94e8522c65558b7af79095e1d9","image/jpeg","2420036","2026-09-19 01:26:58.041617+00","2026-09-19 01:26:59.620862+00"
"3fec302b-bcab-5f44-b68e-8aa03a1c632d","t-001","f-001","b-001","wv-001","20260919_012658","farmiq-media","tenants/t-001/farms/f-001/barns/b-001/devices/wv-001/images/2026/09/19/97b324aa-0a78-4a41-9af8-305af45eb1f5.jpg","474701c2440256823f0e4c26f4f1b14d","image/jpeg","2441471","2026-09-19 01:26:58.041617+00","2026-09-19 01:27:00.025546+00"
"6e879c74-124c-5d26-8d5c-7febbb042ec6","t-001","f-001","b-001","wv-001","20260919_012708","farmiq-media","tenants/t-001/farms/f-001/barns/b-001/devices/wv-001/images/2026/09/19/4ebb54e5-077e-455f-bbcb-bfe911fd6b6c.jpg","91eb95878c268cb16ba71a6285c4ca08","image/jpeg","2531565","2026-09-19 01:27:08.685972+00","2026-09-19 01:27:09.6532+00"
"c13273d1-7527-5f6b-b4c2-287bfca6bd47","t-001","f-001","b-001","wv-001","20260919_012708","farmiq-media","tenants/t-001/farms/f-001/barns/b-001/devices/wv-001/images/2026/09/19/19a9d737-e0f2-4da0-8527-6985218cb81d.jpg","c17ccff5cc5d85835ebeebb0a298de79","image/jpeg","2554983","2026-09-19 01:27:08.685972+00","2026-09-19 01:27:10.089975+00"
"90ad9f12-2f4e-5e60-9458-ebe630bdc2a1","t-001","f-001","b-001","wv-001","20260919_013016","farmiq-media","tenants/t-001/farms/f-001/barns/b-001/devices/wv-001/images/2026/09/19/3c6d4062-3d83-41a5-9460-08c353a86bf5.jpg","ea4a732c712f74d843089e6abb3f94ad","image/jpeg","2374128","2026-09-19 01:30:16.413752+00","2026-09-19 01:30:17.084877+00"
"0d298f22-d794-5db0-9b0c-1ea5a5d69d1f","t-001","f-001","b-001","wv-001","20260919_013016","farmiq-media","tenants/t-001/farms/f-001/barns/b-001/devices/wv-001/images/2026/09/19/935fc2cb-1482-416d-931f-e1f157fdfac1.jpg","1779393c9acf5c0e53069ccb503d60ca","image/jpeg","2394271","2026-09-19 01:30:16.413752+00","2026-09-19 01:30:17.576193+00"
"f1c9eca7-0fb4-5f22-80f0-df9ec1b537dd","t-001","f-001","b-001","wv-001","20260919_013052","farmiq-media","tenants/t-001/farms/f-001/barns/b-001/devices/wv-001/images/2026/09/19/d77bc732-71b8-42d6-9378-22a4511fe81f.jpg","e8b4992b72a63940d19178148df64fe6","image/jpeg","2104636","2026-09-19 01:30:52.323781+00","2026-09-19 01:30:53.486582+00"
"b71361d5-c7af-5d14-92ae-b10193cdcfd8","t-001","f-001","b-001","wv-001","20260919_013052","farmiq-media","tenants/t-001/farms/f-001/barns/b-001/devices/wv-001/images/2026/09/19/1b72b4a7-a2c5-428c-986e-09b9904014cb.jpg","a4a2967dcd23d5de24bed0d11c72ef73","image/jpeg","2127113","2026-09-19 01:30:52.323781+00","2026-09-19 01:30:53.846022+00"
"45b61239-47e5-56dc-8961-db69649be00a","t-001","f-001","b-001","wv-001","20260919_013253","farmiq-media","tenants/t-001/farms/f-001/barns/b-001/devices/wv-001/images/2026/09/19/09b7e19c-eb9a-4ab6-a843-41b7eecd8046.jpg","6e1b86d8317577c7f24018a6a12f802d","image/jpeg","2531076","2026-09-19 01:32:53.888789+00","2026-09-19 01:32:56.41717+00"
"b2dfb415-ee5c-5ca9-b673-31651da2eba7","t-001","f-001","b-001","wv-001","20260919_013253","farmiq-media","tenants/t-001/farms/f-001/barns/b-001/devices/wv-001/images/2026/09/19/dcd4f4e9-4c24-4a03-a3a4-867150c04035.jpg","b4addd4e25bb0c70aee7aff6a810c8f2","image/jpeg","2549741","2026-09-19 01:32:53.888789+00","2026-09-19 01:32:56.811951+00"
"73140341-30ef-57cf-babf-99f4c86f8f31","t-001","f-001","b-001","wv-001","20260919_013700","farmiq-media","tenants/t-001/farms/f-001/barns/b-001/devices/wv-001/images/2026/09/19/219c4ba1-16ac-4ccf-9eb6-67656154c0bb.jpg","d8c08c81269dd88b0d00ef848b0fc50d","image/jpeg","2445096","2026-09-19 01:37:00.557423+00","2026-09-19 01:37:02.362345+00"
"ab9e0b43-dcfb-5545-9d09-ee698af45584","t-001","f-001","b-001","wv-001","20260919_013700","farmiq-media","tenants/t-001/farms/f-001/barns/b-001/devices/wv-001/images/2026/09/19/6e3069b8-ace9-42ab-88c4-f841736503e0.jpg","d26eec3141c54e94220626ac09a7e64a","image/jpeg","2472190","2026-09-19 01:37:00.557423+00","2026-09-19 01:37:02.729478+00"
"4cb13b8e-f665-55d2-9b9c-fa60591490c5","t-001","f-001","b-001","wv-001","20260919_013704","farmiq-media","tenants/t-001/farms/f-001/barns/b-001/devices/wv-001/images/2026/09/19/0a370438-94c9-44ab-be45-50abccb3625b.jpg","e5d402b0dcde55b4d09c041affd7cf17","image/jpeg","2279843","2026-09-19 01:37:04.591836+00","2026-09-19 01:37:08.308627+00"
"8608ff2d-a211-510e-b27c-05d716d7c16f","t-001","f-001","b-001","wv-001","20260919_013704","farmiq-media","tenants/t-001/farms/f-001/barns/b-001/devices/wv-001/images/2026/09/19/792be959-8d77-4338-8da7-f6bb260e1f38.jpg","d3ddd99f416c04915b88e3fc49d14127","image/jpeg","2309972","2026-09-19 01:37:04.591836+00","2026-09-19 01:37:08.636396+00"
"719b48ed-570e-5fee-892c-70adecfa6bb6","t-001","f-001","b-001","wv-001","20260919_013709","farmiq-media","tenants/t-001/farms/f-001/barns/b-001/devices/wv-001/images/2026/09/19/93e5540b-064b-41eb-897e-0b98ca39bfbb.jpg","de7371418cf97ff384626851e64f834d","image/jpeg","2211408","2026-09-19 01:37:09.347866+00","2026-09-19 01:37:14.176751+00"
"18d9c5c9-7dad-575a-b29c-968260bab1e7","t-001","f-001","b-001","wv-001","20260919_013709","farmiq-media","tenants/t-001/farms/f-001/barns/b-001/devices/wv-001/images/2026/09/19/5a507d49-d0f2-48ae-984b-25dc86a2dfe1.jpg","07bfe5f3ff50604b63d1780e60c33ead","image/jpeg","2241918","2026-09-19 01:37:09.347866+00","2026-09-19 01:37:14.527988+00"
"12813cfc-baaf-5b0a-9df5-6004c7ddd97f","t-001","f-001","b-001","wv-001","20260919_014241","farmiq-media","tenants/t-001/farms/f-001/barns/b-001/devices/wv-001/images/2026/09/19/bea7a2ad-1f74-4974-b465-db0f54c4e26b.jpg","be56dabd815ce858e027ab76765bc12f","image/jpeg","2605695","2026-09-19 01:42:41.02558+00","2026-09-19 01:42:42.850387+00"
"381e061a-46fa-5544-b1b4-7843ee95ff89","t-001","f-001","b-001","wv-001","20260919_014241","farmiq-media","tenants/t-001/farms/f-001/barns/b-001/devices/wv-001/images/2026/09/19/b1e8b50e-5a3a-475d-ab00-a7533b6458b7.jpg","8f3ae6aed10f0f43694a7ed855641578","image/jpeg","2625668","2026-09-19 01:42:41.02558+00","2026-09-19 01:42:43.294844+00"
"4495ef5f-4e79-51b6-abab-8143e04f0b8b","t-001","f-001","b-001","wv-001","20260919_014527","farmiq-media","tenants/t-001/farms/f-001/barns/b-001/devices/wv-001/images/2026/09/19/f6799a0d-cb0c-4a56-bf76-a0bf396307db.jpg","346594aec3f6ce3f78d47d59f8a44ec7","image/jpeg","2433968","2026-09-19 01:45:27.092882+00","2026-09-19 01:45:28.120661+00"
"81f5bace-c624-5776-8516-108051a70d4b","t-001","f-001","b-001","wv-001","20260919_014527","farmiq-media","tenants/t-001/farms/f-001/barns/b-001/devices/wv-001/images/2026/09/19/08df2c8e-1fa1-44a7-882d-c5111f02817c.jpg","159946b873f9bcfc2b5d8011cd631332","image/jpeg","2455524","2026-09-19 01:45:27.092882+00","2026-09-19 01:45:28.564717+00"
"57d95bf2-6e9a-5128-9cb2-056591753836","t-001","f-001","b-001","wv-001","20260919_014618","farmiq-media","tenants/t-001/farms/f-001/barns/b-001/devices/wv-001/images/2026/09/19/13836550-d5aa-43ff-86bf-dc9c9f882f3e.jpg","4a392ebb2ef06ecdc29962e613165e54","image/jpeg","2464478","2026-09-19 01:46:18.773292+00","2026-09-19 01:46:20.564444+00"
"0df1e29f-cc0c-5b32-9157-0c746c53d710","t-001","f-001","b-001","wv-001","20260919_014618","farmiq-media","tenants/t-001/farms/f-001/barns/b-001/devices/wv-001/images/2026/09/19/e9d93e23-6eb0-4c81-9c68-0e6605b555a5.jpg","da1be130aceafe3c0a907354cb3ab5ba","image/jpeg","2483534","2026-09-19 01:46:18.773292+00","2026-09-19 01:46:20.922302+00"
"1a01e56e-997b-593e-8e45-de142a3f100f","t-001","f-001","b-001","wv-001","20260919_014656","farmiq-media","tenants/t-001/farms/f-001/barns/b-001/devices/wv-001/images/2026/09/19/2b5312e6-7b85-421f-8136-5df0f57687c4.jpg","214e014853d53d3f3152bb22ef530e4e","image/jpeg","2528383","2026-09-19 01:46:56.233986+00","2026-09-19 01:46:56.812009+00"
"413c43b7-a370-5ee4-9eaf-71557be57b9c","t-001","f-001","b-001","wv-001","20260919_014656","farmiq-media","tenants/t-001/farms/f-001/barns/b-001/devices/wv-001/images/2026/09/19/1bfa2f00-196f-420d-bdf3-3370c50170c5.jpg","d325026b7cbb58e2cf76f5b1c8b1e889","image/jpeg","2547486","2026-09-19 01:46:56.233986+00","2026-09-19 01:46:57.189894+00"
"f1a84249-233f-50de-90d7-4bc60fe66798","t-001","f-001","b-001","wv-001","20260919_015508","farmiq-media","tenants/t-001/farms/f-001/barns/b-001/devices/wv-001/images/2026/09/19/5f82c3c9-6065-4e0e-8b60-b78de47c6ac6.jpg","fb647b20731373914056b602efafe04c","image/jpeg","2633992","2026-09-19 01:55:08.705223+00","2026-09-19 01:55:09.202336+00"
"2c9fbddd-3e0d-5c63-b0cf-fdd1ee502755","t-001","f-001","b-001","wv-001","20260919_015508","farmiq-media","tenants/t-001/farms/f-001/barns/b-001/devices/wv-001/images/2026/09/19/99d447f2-2251-4331-ba1a-0f242d3351cf.jpg","3d36127067efdc974ea833be302f39fd","image/jpeg","2646000","2026-09-19 01:55:08.705223+00","2026-09-19 01:55:09.618986+00"
"39fb7952-153d-5355-8f1d-6947058dcc15","t-001","f-001","b-001","wv-001","20260919_015836","farmiq-media","tenants/t-001/farms/f-001/barns/b-001/devices/wv-001/images/2026/09/19/7f5ff1f4-f5e2-410a-80d5-649221e2afc5.jpg","9f59cce55d012762a2fff2991e56f05f","image/jpeg","2643375","2026-09-19 01:58:36.020458+00","2026-09-19 01:58:36.877884+00"
"9e7fa2ee-4efb-5278-836d-c6c45811c7e8","t-001","f-001","b-001","wv-001","20260919_015836","farmiq-media","tenants/t-001/farms/f-001/barns/b-001/devices/wv-001/images/2026/09/19/73fd5715-d022-42a0-9ee1-cdebf010109e.jpg","f6fd392252ded5ecbe72f8867767166d","image/jpeg","2659727","2026-09-19 01:58:36.020458+00","2026-09-19 01:58:37.276355+00"
"ceed82f0-039a-5957-9935-1488ed1595fc","t-001","f-001","b-001","wv-001","20260919_015941","farmiq-media","tenants/t-001/farms/f-001/barns/b-001/devices/wv-001/images/2026/09/19/8c0e5cf9-d1df-4817-9f06-e47a42bf6bab.jpg","264fedd46d0ff3c161df78d05278b9e8","image/jpeg","2481579","2026-09-19 01:59:41.335288+00","2026-09-19 01:59:43.440458+00"
"4b16566a-2d3d-5b69-b49e-d5c8cf0b16ed","t-001","f-001","b-001","wv-001","20260919_015941","farmiq-media","tenants/t-001/farms/f-001/barns/b-001/devices/wv-001/images/2026/09/19/c49aede0-6eec-49ac-8183-66a318a43a21.jpg","ed7458f9b7257104b7ce0f8ee9c0081c","image/jpeg","2500498","2026-09-19 01:59:41.335288+00","2026-09-19 01:59:43.826756+00"
"0a0af908-139a-5afe-885f-0defcb948d04","t-001","f-001","b-001","wv-001","20260919_015945","farmiq-media","tenants/t-001/farms/f-001/barns/b-001/devices/wv-001/images/2026/09/19/6bf2834f-560e-4ba7-8582-511b1365ed3f.jpg","c1fcb070d17d90d1b11fc8a88b3cdfac","image/jpeg","2260589","2026-09-19 01:59:45.449173+00","2026-09-19 01:59:49.388019+00"
"5352bfc0-2eab-5328-87e2-d8c98e74c77b","t-001","f-001","b-001","wv-001","20260919_015945","farmiq-media","tenants/t-001/farms/f-001/barns/b-001/devices/wv-001/images/2026/09/19/ff7c49c9-bfff-42ab-8fb0-3fe3bd7ea39e.jpg","b5e682ec6487f2d7d502e9227206272a","image/jpeg","2282891","2026-09-19 01:59:45.449173+00","2026-09-19 01:59:49.688813+00"
"6c7f79dd-bd17-5635-862e-24193a90ea88","t-001","f-001","b-001","wv-001","20260919_020007","farmiq-media","tenants/t-001/farms/f-001/barns/b-001/devices/wv-001/images/2026/09/19/75a3a4a4-2a27-492c-9577-cf8223236535.jpg","f8fe60947a2ea1eebe9acfc066fbfcf7","image/jpeg","2568374","2026-09-19 02:00:07.566891+00","2026-09-19 02:00:09.369455+00"
"1528f63b-a062-54d4-8c63-a9cb18d2cbc5","t-001","f-001","b-001","wv-001","20260919_020007","farmiq-media","tenants/t-001/farms/f-001/barns/b-001/devices/wv-001/images/2026/09/19/ca79f84a-0e89-428d-aff8-b721674f4632.jpg","12be5cb94052939eec92f595d6ad0fb5","image/jpeg","2590503","2026-09-19 02:00:07.566891+00","2026-09-19 02:00:09.76115+00"
"f1e6e193-7758-5f02-a23b-dab1f6d607da","t-001","f-001","b-001","wv-001","20260919_020011","farmiq-media","tenants/t-001/farms/f-001/barns/b-001/devices/wv-001/images/2026/09/19/c6807bf8-7db5-4d8c-b32d-4856aba32709.jpg","2862d93b5b8885371a9ce7422790bb02","image/jpeg","2352790","2026-09-19 02:00:11.951321+00","2026-09-19 02:00:15.328484+00"
"6e06dff1-f590-5d37-8e6e-961a131e0f8b","t-001","f-001","b-001","wv-001","20260919_020011","farmiq-media","tenants/t-001/farms/f-001/barns/b-001/devices/wv-001/images/2026/09/19/064316d1-61f6-4a82-af76-99d5d5b00286.jpg","c0c5982c913a3837622a1b28d2f0f290","image/jpeg","2378369","2026-09-19 02:00:11.951321+00","2026-09-19 02:00:15.683535+00"
"5a607a5e-cc97-553f-9d14-0e7f66f5ca5f","t-001","f-001","b-001","wv-001","20260919_020021","farmiq-media","tenants/t-001/farms/f-001/barns/b-001/devices/wv-001/images/2026/09/19/840b96d5-1a72-4a29-ba6a-33d485562cfb.jpg","c47d4e9a74d35ba38e6277103a9ffe03","image/jpeg","2576510","2026-09-19 02:00:21.802785+00","2026-09-19 02:00:23.247861+00"
"b7bb9483-2495-5791-945b-e2eb0c9c4925","t-001","f-001","b-001","wv-001","20260919_020021","farmiq-media","tenants/t-001/farms/f-001/barns/b-001/devices/wv-001/images/2026/09/19/eae02c0e-f900-493b-800c-2a8087b5fb97.jpg","20ca5242044509155452d30cce2abb09","image/jpeg","2606091","2026-09-19 02:00:21.802785+00","2026-09-19 02:00:23.670336+00"
"934a0688-e19a-59ca-8667-3ec1c82c6e79","t-001","f-001","b-001","wv-001","20260919_020026","farmiq-media","tenants/t-001/farms/f-001/barns/b-001/devices/wv-001/images/2026/09/19/13a00d40-34c9-47e0-a863-41f9c1bda280.jpg","29172c9e7d7798053888f1ca7f0d4c62","image/jpeg","2203519","2026-09-19 02:00:26.057643+00","2026-09-19 02:00:29.216652+00"
"bdb9b250-d955-5fc5-b6b8-15475bd9232e","t-001","f-001","b-001","wv-001","20260919_020026","farmiq-media","tenants/t-001/farms/f-001/barns/b-001/devices/wv-001/images/2026/09/19/4c59ce82-0fd8-4d83-90d8-c842c8e12bf5.jpg","c1e59f6b6d49ccf876dd3a994ac500f8","image/jpeg","2238930","2026-09-19 02:00:26.057643+00","2026-09-19 02:00:29.519783+00"
"bdcd291e-f4a9-5c43-8c68-f09e28de7f76","t-001","f-001","b-001","wv-001","20260919_020628","farmiq-media","tenants/t-001/farms/f-001/barns/b-001/devices/wv-001/images/2026/09/19/978ce4e2-9c73-4a70-99b9-13c2d571effd.jpg","e2a5e421737f60f7c63830802563fae1","image/jpeg","1370068","2026-09-19 02:06:28.567665+00","2026-09-19 02:06:30.03089+00"
"9b7d13f7-25c6-500e-a024-c3b0b402ebc0","t-001","f-001","b-001","wv-001","20260919_020628","farmiq-media","tenants/t-001/farms/f-001/barns/b-001/devices/wv-001/images/2026/09/19/6d8eca12-0476-4a08-8b57-09f143750af0.jpg","466e042a4b02519933e2ba7f0fb643d7","image/jpeg","1388355","2026-09-19 02:06:28.567665+00","2026-09-19 02:06:30.260605+00"
"5f70a6eb-186f-5614-bb6d-ae06dce0c119","t-001","f-001","b-001","wv-001","20260919_020635","farmiq-media","tenants/t-001/farms/f-001/barns/b-001/devices/wv-001/images/2026/09/19/7696b01d-d3d0-4927-95a3-89ab193b0037.jpg","69bb8e75a709c2b9792ef1871d0a9dbe","image/jpeg","2453011","2026-09-19 02:06:35.707547+00","2026-09-19 02:06:37.761227+00"
"ee230078-942c-5523-8822-61834c243c0c","t-001","f-001","b-001","wv-001","20260919_020635","farmiq-media","tenants/t-001/farms/f-001/barns/b-001/devices/wv-001/images/2026/09/19/1120ed78-f6a2-48be-8158-b8e9746823fe.jpg","831bfb7fc7d815d92469608ff60974a6","image/jpeg","2474169","2026-09-19 02:06:35.707547+00","2026-09-19 02:06:38.172532+00"
"1ba2c3c2-4de3-53e4-a2b0-73928e28535f","t-001","f-001","b-001","wv-001","20260919_020702","farmiq-media","tenants/t-001/farms/f-001/barns/b-001/devices/wv-001/images/2026/09/19/f3a70f04-cacb-472d-b5fe-71a64380271d.jpg","fce125fa9122d8e6f4b96dd76ae726c6","image/jpeg","2519261","2026-09-19 02:07:02.175812+00","2026-09-19 02:07:03.896459+00"
"3a5b679a-54b3-5a06-91a0-124e5c608b2b","t-001","f-001","b-001","wv-001","20260919_020702","farmiq-media","tenants/t-001/farms/f-001/barns/b-001/devices/wv-001/images/2026/09/19/cf5e45c8-a9f2-451e-baac-1a765f55e3e2.jpg","49dae6c6d9d7267e40b0a67332a44d56","image/jpeg","2541920","2026-09-19 02:07:02.175812+00","2026-09-19 02:07:04.251866+00"
"20716671-10e9-5c62-b67d-a1a9af408a8e","t-001","f-001","b-001","wv-001","20260919_020720","farmiq-media","tenants/t-001/farms/f-001/barns/b-001/devices/wv-001/images/2026/09/19/4d0503f3-b39f-4077-936c-05eba03a3eaf.jpg","5fc1e47111c4fb7eb01eca84ba2ccd0b","image/jpeg","2461777","2026-09-19 02:07:20.037694+00","2026-09-19 02:07:21.901248+00"
"fabff19b-e890-5ef2-b902-07dd6a3b9ed2","t-001","f-001","b-001","wv-001","20260919_020720","farmiq-media","tenants/t-001/farms/f-001/barns/b-001/devices/wv-001/images/2026/09/19/bb6a03b5-40e6-46f6-8343-9905e4607295.jpg","aea87e4fc4f7dc64ad4a07f75a95343f","image/jpeg","2483945","2026-09-19 02:07:20.037694+00","2026-09-19 02:07:22.257262+00"
"c6daffff-6a6b-54e5-95ac-0a864fcfd61e","t-001","f-001","b-001","wv-001","20260919_020749","farmiq-media","tenants/t-001/farms/f-001/barns/b-001/devices/wv-001/images/2026/09/19/e74361eb-2cfd-4f55-927f-1972a2566aec.jpg","80f20c940f094e9866a59c269bd3781e","image/jpeg","2564641","2026-09-19 02:07:49.36523+00","2026-09-19 02:07:49.993413+00"
"7f417855-2f86-5e83-8fc9-c5a616e01e75","t-001","f-001","b-001","wv-001","20260919_020749","farmiq-media","tenants/t-001/farms/f-001/barns/b-001/devices/wv-001/images/2026/09/19/c67fd6fc-aa09-4227-a365-1b7a3f4679f1.jpg","fe18ba693bab3d6955dbadbb75b11f26","image/jpeg","2586261","2026-09-19 02:07:49.36523+00","2026-09-19 02:07:50.375298+00"
"0dac175b-70be-5d19-ab0c-cd00a9452838","t-001","f-001","b-001","wv-001","20260919_020803","farmiq-media","tenants/t-001/farms/f-001/barns/b-001/devices/wv-001/images/2026/09/19/3ca19b9c-4f9f-48af-9958-d52dd1a51bc4.jpg","a7ac6379c99f3b982de2930326f10fdd","image/jpeg","2418701","2026-09-19 02:08:03.610511+00","2026-09-19 02:08:07.219448+00"
"2515f1c3-0a60-512d-9f06-b9132921944d","t-001","f-001","b-001","wv-001","20260919_020803","farmiq-media","tenants/t-001/farms/f-001/barns/b-001/devices/wv-001/images/2026/09/19/927087f4-3bd2-4050-a021-ae2cf1c1d59c.jpg","15a713511e069f8511ed2a57caef6862","image/jpeg","2452186","2026-09-19 02:08:03.610511+00","2026-09-19 02:08:09.361361+00"
"89cf3875-7c8c-58ff-84a1-930ef025fe8b","t-001","f-001","b-001","wv-001","20260919_020831","farmiq-media","tenants/t-001/farms/f-001/barns/b-001/devices/wv-001/images/2026/09/19/5755bc7d-c4b3-4794-9b9b-813ee23beb60.jpg","2a8bc9890cbe88503b5aaccf042b7c12","image/jpeg","2579206","2026-09-19 02:08:31.285075+00","2026-09-19 02:08:32.432066+00"
"afae4c6f-adf2-56e1-b380-fd9490aa6a3f","t-001","f-001","b-001","wv-001","20260919_020831","farmiq-media","tenants/t-001/farms/f-001/barns/b-001/devices/wv-001/images/2026/09/19/d74e9c35-2f3b-4e85-aa52-fccbefa20879.jpg","1024c660af64ca9108df8b3f1992ed0f","image/jpeg","2598094","2026-09-19 02:08:31.285075+00","2026-09-19 02:08:32.817226+00"
"f011ee6e-c8c9-5187-9593-98ba462679a8","t-001","f-001","b-001","wv-001","20260919_021105","farmiq-media","tenants/t-001/farms/f-001/barns/b-001/devices/wv-001/images/2026/09/19/edb2b6ba-4d1c-4a46-b566-66a4d9d0c175.jpg","45d2bdd9fdd0b13ff50acf5f9ef4cac9","image/jpeg","2267741","2026-09-19 02:11:05.167145+00","2026-09-19 02:11:05.64436+00"
"0eea4aa2-2d66-5497-9e64-02078c65a985","t-001","f-001","b-001","wv-001","20260919_021105","farmiq-media","tenants/t-001/farms/f-001/barns/b-001/devices/wv-001/images/2026/09/19/6ef839b5-9bae-4b3e-aeb1-6ee29cd5a295.jpg","c6975d5119fb0a53c4d4945262798ad6","image/jpeg","2283561","2026-09-19 02:11:05.167145+00","2026-09-19 02:11:06.089549+00"
"2deee4c9-5120-58d4-8f7f-4a891ab91e42","t-001","f-001","b-001","wv-001","20260919_021210","farmiq-media","tenants/t-001/farms/f-001/barns/b-001/devices/wv-001/images/2026/09/19/e5c72aca-43e1-434a-8111-7b941f6dc3f9.jpg","7ba2973c2a48527584e049e18821925e","image/jpeg","2349010","2026-09-19 02:12:10.996822+00","2026-09-19 02:12:12.137416+00"
"b3276a9f-ef62-5329-b993-7952d9ee2e0a","t-001","f-001","b-001","wv-001","20260919_021210","farmiq-media","tenants/t-001/farms/f-001/barns/b-001/devices/wv-001/images/2026/09/19/ddc55b1f-ed3d-44be-b3ab-bd0f5bc15f93.jpg","0542576abfedd91e16badca54e3cec03","image/jpeg","2375210","2026-09-19 02:12:10.996822+00","2026-09-19 02:12:12.556611+00"
"16c26658-ff2f-5d5a-977e-92b04204e0e8","t-001","f-001","b-001","wv-001","20260919_021214","farmiq-media","tenants/t-001/farms/f-001/barns/b-001/devices/wv-001/images/2026/09/19/4cdecf92-2d84-4551-b5c5-bbf3342c910d.jpg","f06ba0faa8f8f671e38473e349343b6a","image/jpeg","2132121","2026-09-19 02:12:14.993148+00","2026-09-19 02:12:18.062408+00"
"385388f1-6a74-57f3-8699-dafa75a9288d","t-001","f-001","b-001","wv-001","20260919_021214","farmiq-media","tenants/t-001/farms/f-001/barns/b-001/devices/wv-001/images/2026/09/19/20bb2c52-aafa-4750-9db4-525772f44598.jpg","c1dd31f05a22567c359937aaddd0e9da","image/jpeg","2161235","2026-09-19 02:12:14.993148+00","2026-09-19 02:12:18.445921+00"
"e3cc5ccc-f413-5b99-9a50-abeb8ad7ed60","t-001","f-001","b-001","wv-001","20260919_021219","farmiq-media","tenants/t-001/farms/f-001/barns/b-001/devices/wv-001/images/2026/09/19/38afbd54-e98c-40a3-a22e-f12128ed853e.jpg","87e026cf73f52b3308207113b2ae72f4","image/jpeg","2095933","2026-09-19 02:12:19.440364+00","2026-09-19 02:12:24.055841+00"
"e9779012-23a4-5834-b4bc-2612a7bc7d19","t-001","f-001","b-001","wv-001","20260919_021219","farmiq-media","tenants/t-001/farms/f-001/barns/b-001/devices/wv-001/images/2026/09/19/1675b3e2-58cf-41d5-9f5f-cd0ce2d3f265.jpg","fb3bd1dec4a4e5a967cfda243c640b0a","image/jpeg","2119609","2026-09-19 02:12:19.440364+00","2026-09-19 02:12:24.402893+00"
"0365d8d1-7cf6-51d6-8351-efc23c562857","t-001","f-001","b-001","wv-001","20260919_021223","farmiq-media","tenants/t-001/farms/f-001/barns/b-001/devices/wv-001/images/2026/09/19/7cbd28f8-a34e-4327-849f-b72670bd7440.jpg","6ead4d2d6a5f1579473ea542e617fc71","image/jpeg","2047764","2026-09-19 02:12:23.871683+00","2026-09-19 02:12:29.899352+00"
"16b17fcf-155a-5352-8303-722ec3e999ad","t-001","f-001","b-001","wv-001","20260919_021223","farmiq-media","tenants/t-001/farms/f-001/barns/b-001/devices/wv-001/images/2026/09/19/cbc84c5d-47e3-471f-8649-ba4aca03e87e.jpg","b6d90f75ffe584b0334d5ef9f0ef7e1d","image/jpeg","2075769","2026-09-19 02:12:23.871683+00","2026-09-19 02:12:30.240549+00"
"1f4a5a7a-d240-52d5-baf5-664232ab6a4e","t-001","f-001","b-001","wv-001","20260919_021233","farmiq-media","tenants/t-001/farms/f-001/barns/b-001/devices/wv-001/images/2026/09/19/8b6e7e5b-2556-425d-b964-72f4e657b806.jpg","000aa1ed434f82b85bdf4c15e59a2241","image/jpeg","2219364","2026-09-19 02:12:33.094193+00","2026-09-19 02:12:35.827282+00"
"a0c6dcda-1241-5125-b1ae-55da6699db8c","t-001","f-001","b-001","wv-001","20260919_021233","farmiq-media","tenants/t-001/farms/f-001/barns/b-001/devices/wv-001/images/2026/09/19/42f43450-252d-4565-b5ad-c92786a83644.jpg","61b4d16f827107d67640aa1c8ddc4b3c","image/jpeg","2240915","2026-09-19 02:12:33.094193+00","2026-09-19 02:12:36.162626+00"
"2fed8ca7-f253-5813-99e6-65735c7ef9c8","t-001","f-001","b-001","wv-001","20260919_021237","farmiq-media","tenants/t-001/farms/f-001/barns/b-001/devices/wv-001/images/2026/09/19/c22ddbbb-3884-4008-a9f5-166e62c84f19.jpg","75ff32c9d064a00aae51bb40ee6fb19d","image/jpeg","2038770","2026-09-19 02:12:37.095901+00","2026-09-19 02:12:41.653766+00"
"424a02dd-67e8-54ce-bf8a-acda0d0d131e","t-001","f-001","b-001","wv-001","20260919_021237","farmiq-media","tenants/t-001/farms/f-001/barns/b-001/devices/wv-001/images/2026/09/19/2e3d8dc1-87d0-4ae1-8b8d-2d126e812d9e.jpg","e714b003d78dec1a8ca2c0d8662cf433","image/jpeg","2062637","2026-09-19 02:12:37.095901+00","2026-09-19 02:12:42.004305+00"
"405c3a8e-8ff0-580c-9927-6b328100fdf5","t-001","f-001","b-001","wv-001","20260919_021242","farmiq-media","tenants/t-001/farms/f-001/barns/b-001/devices/wv-001/images/2026/09/19/a723e233-5ce4-44f9-84fe-4b33cad3c602.jpg","28fbc8379a3641e42614ab24e3f99f30","image/jpeg","2000717","2026-09-19 02:12:42.812749+00","2026-09-19 02:12:47.507777+00"
"8aa9ab39-37b3-58c3-893a-b2fcd9f52995","t-001","f-001","b-001","wv-001","20260919_021242","farmiq-media","tenants/t-001/farms/f-001/barns/b-001/devices/wv-001/images/2026/09/19/e5fc6307-1548-4a6a-996d-8096bbb4035a.jpg","4af80df53ed2d62a4837df14c4ea69b7","image/jpeg","2030134","2026-09-19 02:12:42.812749+00","2026-09-19 02:12:47.817226+00"
"a993bee4-a573-5f84-b15b-29634e54cddc","t-001","f-001","b-001","wv-001","20260919_021252","farmiq-media","tenants/t-001/farms/f-001/barns/b-001/devices/wv-001/images/2026/09/19/4252ba92-e4a6-4902-9f4a-89c064de7e1e.jpg","481447fb7386d61e02e0532fdeca53c0","image/jpeg","2275052","2026-09-19 02:12:52.268917+00","2026-09-19 02:12:53.426739+00"
"3678e71f-e38e-5f25-b12e-70ae40370d66","t-001","f-001","b-001","wv-001","20260919_021252","farmiq-media","tenants/t-001/farms/f-001/barns/b-001/devices/wv-001/images/2026/09/19/3cba7050-d80a-4352-92f9-47334d3d00c5.jpg","049eb5d8763254c01b9ade26432d5617","image/jpeg","2298965","2026-09-19 02:12:52.268917+00","2026-09-19 02:12:53.873867+00"
"74b15e3c-faea-57b5-8d3d-7060559a4208","t-001","f-001","b-001","wv-001","20260919_021256","farmiq-media","tenants/t-001/farms/f-001/barns/b-001/devices/wv-001/images/2026/09/19/056adf08-b6ba-4224-813b-e7c320d58182.jpg","7aeceff73651fd620a7a7d59332ea95c","image/jpeg","1991253","2026-09-19 02:12:56.301924+00","2026-09-19 02:12:59.466119+00"
"bb117e46-8a8b-5061-a602-ca08f1ee3ac8","t-001","f-001","b-001","wv-001","20260919_021256","farmiq-media","tenants/t-001/farms/f-001/barns/b-001/devices/wv-001/images/2026/09/19/f27c9b6f-bfd8-4820-b4ca-99ed337173d9.jpg","44cb3e28e4ff8d390fa72b6a0a1603a5","image/jpeg","2020695","2026-09-19 02:12:56.301924+00","2026-09-19 02:12:59.774383+00"
"c874f5f6-c216-583c-be00-ebaec4cd11de","t-001","f-001","b-001","wv-001","20260919_021315","farmiq-media","tenants/t-001/farms/f-001/barns/b-001/devices/wv-001/images/2026/09/19/5a4504b4-a97d-496e-b9b0-6cdaf40e9ac5.jpg","f273f0c0da215a89816539aef57c5416","image/jpeg","2351599","2026-09-19 02:13:15.252484+00","2026-09-19 02:13:17.380431+00"
"b0bac939-7d76-58c9-8186-9ebc5debb105","t-001","f-001","b-001","wv-001","20260919_021315","farmiq-media","tenants/t-001/farms/f-001/barns/b-001/devices/wv-001/images/2026/09/19/479521c0-d4e0-4572-82bd-72df2b3885ab.jpg","45c4f0d2b58d0ffb3e214f76e1fd9f66","image/jpeg","2379651","2026-09-19 02:13:15.252484+00","2026-09-19 02:13:17.751876+00"
"a1d542e8-51d6-5b26-a104-60bc39783747","t-001","f-001","b-001","wv-001","20260919_021333","farmiq-media","tenants/t-001/farms/f-001/barns/b-001/devices/wv-001/images/2026/09/19/c4933acf-2912-4a8c-b9a7-164b8d2827dc.jpg","5628f78b343e9f37c324577d65a57f6e","image/jpeg","2052227","2026-09-19 02:13:33.34136+00","2026-09-19 02:13:37.182681+00"
"08110a26-285d-5d4f-ae7c-ecec6752712b","t-001","f-001","b-001","wv-001","20260919_021333","farmiq-media","tenants/t-001/farms/f-001/barns/b-001/devices/wv-001/images/2026/09/19/4d693517-5ac0-42ca-b511-5774123a1d25.jpg","7fd48d1baac364adf452c8322539d591","image/jpeg","2087756","2026-09-19 02:13:33.34136+00","2026-09-19 02:13:39.141784+00"
"42f5a311-32a3-54fc-ba2c-a44b2e903719","t-001","f-001","b-001","wv-001","20260919_021337","farmiq-media","tenants/t-001/farms/f-001/barns/b-001/devices/wv-001/images/2026/09/19/84d3d7b1-31f2-43c5-88f5-589d78a746c2.jpg","6db529ae131e46c666f0b834e0ca1213","image/jpeg","2017227","2026-09-19 02:13:37.641931+00","2026-09-19 02:13:45.537198+00"
"35c45056-bc97-53ec-9f10-185d9ec31987","t-001","f-001","b-001","wv-001","20260919_021337","farmiq-media","tenants/t-001/farms/f-001/barns/b-001/devices/wv-001/images/2026/09/19/390d2e31-4d01-4a69-b247-d14110bfb292.jpg","dd971671f118ac11f3cf6d12f090be7f","image/jpeg","2051660","2026-09-19 02:13:37.641931+00","2026-09-19 02:13:51.088489+00"
"1a58ce5c-b3d3-5b58-af34-933cb14d1bfd","t-001","f-001","b-001","wv-001","20260919_021342","farmiq-media","tenants/t-001/farms/f-001/barns/b-001/devices/wv-001/images/2026/09/19/5d11256c-3d88-4df3-94de-de2c303183e1.jpg","604127ab28be29b91d781671754dd00e","image/jpeg","1998817","2026-09-19 02:13:42.059541+00","2026-09-19 02:13:55.317622+00"
"ecd589c3-e70d-5561-a04b-927e259945a9","t-001","f-001","b-001","wv-001","20260919_021342","farmiq-media","tenants/t-001/farms/f-001/barns/b-001/devices/wv-001/images/2026/09/19/0a12d659-3449-43ab-b1d5-326744d07638.jpg","0003eb2ab579083aa530274d31e4cdd0","image/jpeg","2032523","2026-09-19 02:13:42.059541+00","2026-09-19 02:13:55.670585+00"
"09568ba4-0c67-51ba-a6ac-80ad6b45cb19","t-001","f-001","b-001","wv-001","20260919_021352","farmiq-media","tenants/t-001/farms/f-001/barns/b-001/devices/wv-001/images/2026/09/19/40002cbf-6109-4e22-938a-d27f309e62de.jpg","90beca491b177de4bcb1a79acf825358","image/jpeg","2197465","2026-09-19 02:13:52.887048+00","2026-09-19 02:14:01.235758+00"
"c3cb1017-9831-5cca-ac86-c8975cdf3db9","t-001","f-001","b-001","wv-001","20260919_021352","farmiq-media","tenants/t-001/farms/f-001/barns/b-001/devices/wv-001/images/2026/09/19/d4f5bf18-5ada-481d-8654-58fc2db6d2bb.jpg","96389f4b63857700e34864fe327b4590","image/jpeg","2219706","2026-09-19 02:13:52.887048+00","2026-09-19 02:14:01.567305+00"
"db31a150-68d6-50ea-999f-e521f0344e3d","t-001","f-001","b-001","wv-001","20260919_021356","farmiq-media","tenants/t-001/farms/f-001/barns/b-001/devices/wv-001/images/2026/09/19/167d7fc0-49fd-4a51-b13a-ba0cc00edb7b.jpg","c8e77580c5df3970a562263d2f1f8829","image/jpeg","1951249","2026-09-19 02:13:56.927366+00","2026-09-19 02:14:05.028299+00"
"6663840d-e58d-5544-b821-534a03d5dadc","t-001","f-001","b-001","wv-001","20260919_021356","farmiq-media","tenants/t-001/farms/f-001/barns/b-001/devices/wv-001/images/2026/09/19/8fc353a8-1af5-4136-9e4b-bd6a45dfe9d7.jpg","69815c9a8ee0bd902ca79eb94757af66","image/jpeg","1982339","2026-09-19 02:13:56.927366+00","2026-09-19 02:14:05.331293+00"
"c0416631-9f74-53ef-a901-4145bd8ff12a","t-001","f-001","b-001","wv-001","20260919_021401","farmiq-media","tenants/t-001/farms/f-001/barns/b-001/devices/wv-001/images/2026/09/19/08de093b-f80f-4fb4-ac9a-118881f7601e.jpg","71deee93a93e056cfc76038e11807e4d","image/jpeg","1919493","2026-09-19 02:14:01.358567+00","2026-09-19 02:14:10.811862+00"
"b0e86502-d3b3-5ed2-a342-627f7551e155","t-001","f-001","b-001","wv-001","20260919_021401","farmiq-media","tenants/t-001/farms/f-001/barns/b-001/devices/wv-001/images/2026/09/19/188c443a-e723-477a-a14f-bb298743fccd.jpg","b278cdca0f31f0545913ab43c2e2525b","image/jpeg","1952405","2026-09-19 02:14:01.358567+00","2026-09-19 02:14:11.140235+00"
"ad36df2f-8c80-5fe5-8a5e-d5c4bc3a2d45","t-001","f-001","b-001","wv-001","20260919_021405","farmiq-media","tenants/t-001/farms/f-001/barns/b-001/devices/wv-001/images/2026/09/19/d07f0dc7-1a60-4366-a2b9-74687bb7ed5a.jpg","68258db201d15a8d0a73f215a96085a7","image/jpeg","1885665","2026-09-19 02:14:05.685035+00","2026-09-19 02:14:14.85518+00"
"a29ed7c8-c8e6-50c1-bade-837270bcca10","t-001","f-001","b-001","wv-001","20260919_021405","farmiq-media","tenants/t-001/farms/f-001/barns/b-001/devices/wv-001/images/2026/09/19/8ed7e8af-b8f8-4782-a25a-a4a60a76d1c8.jpg","f41d9d162cf0da01645cf6c8a4632f65","image/jpeg","1924038","2026-09-19 02:14:05.685035+00","2026-09-19 02:14:15.166074+00"
"85b5e967-b479-5aaf-b374-efe39519f04d","t-001","f-001","b-001","wv-001","20260919_021410","farmiq-media","tenants/t-001/farms/f-001/barns/b-001/devices/wv-001/images/2026/09/19/2e4cb7fb-50af-416a-a6cc-83a4d528a0fc.jpg","20d8936476ff168d1dd67d8fa40a355c","image/jpeg","1867825","2026-09-19 02:14:10.754529+00","2026-09-19 02:14:20.665915+00"
"1d3ef371-0f8d-5c13-9fab-c5434c12da97","t-001","f-001","b-001","wv-001","20260919_021410","farmiq-media","tenants/t-001/farms/f-001/barns/b-001/devices/wv-001/images/2026/09/19/6b66fbb2-c608-4e1f-8872-9e1e8a2d79cb.jpg","b7d7d07146a18a6b7dc8d220c681cc0d","image/jpeg","1900148","2026-09-19 02:14:10.754529+00","2026-09-19 02:14:20.974519+00"
"32350abf-4bb5-5fd0-bb17-4f86a4c99b05","t-001","f-001","b-001","wv-001","20260919_021419","farmiq-media","tenants/t-001/farms/f-001/barns/b-001/devices/wv-001/images/2026/09/19/d6eaa2b2-86ee-49c1-a578-1b2b5f5f29e4.jpg","db393f9c20150a79ad0560dc899d6bbd","image/jpeg","1883607","2026-09-19 02:14:19.468716+00","2026-09-19 02:14:24.549408+00"
"083bab61-6429-569d-ad0f-99ac4459d65f","t-001","f-001","b-001","wv-001","20260919_021419","farmiq-media","tenants/t-001/farms/f-001/barns/b-001/devices/wv-001/images/2026/09/19/a31de27c-d3b6-4c36-a858-8611dca5ead6.jpg","3b43e8543b3c79d1ea18a4aa6d64fb07","image/jpeg","1921596","2026-09-19 02:14:19.468716+00","2026-09-19 02:14:24.880138+00"
"a09aed3d-9b1a-5171-ac39-451dca364be8","t-001","f-001","b-001","wv-001","20260919_021430","farmiq-media","tenants/t-001/farms/f-001/barns/b-001/devices/wv-001/images/2026/09/19/440de577-4a68-433e-900d-91a0b100114c.jpg","44be608fc3d237247367b4eef059481d","image/jpeg","2121079","2026-09-19 02:14:30.006911+00","2026-09-19 02:14:30.499476+00"
"74fbf960-a517-5ec1-a72a-31acd27c6dfb","t-001","f-001","b-001","wv-001","20260919_021430","farmiq-media","tenants/t-001/farms/f-001/barns/b-001/devices/wv-001/images/2026/09/19/e514b0ca-0979-48e5-9b1c-159061067913.jpg","0b94f0cbbe48d27b017e5a57b48c6d12","image/jpeg","2157386","2026-09-19 02:14:30.006911+00","2026-09-19 02:14:30.852436+00"
"8145bcc3-e420-561d-9081-07dc19ed4d78","t-001","f-001","b-001","wv-001","20260919_021434","farmiq-media","tenants/t-001/farms/f-001/barns/b-001/devices/wv-001/images/2026/09/19/97086bf5-482d-46c9-811e-08d6fb17234a.jpg","c86561629d709b11db7600ab6b875eca","image/jpeg","1955495","2026-09-19 02:14:34.062013+00","2026-09-19 02:14:36.348773+00"
"4ca4b289-13c7-5e0f-b52e-42ff897cdca9","t-001","f-001","b-001","wv-001","20260919_021434","farmiq-media","tenants/t-001/farms/f-001/barns/b-001/devices/wv-001/images/2026/09/19/df687a04-1696-42ff-bd6d-2a33387dc52d.jpg","6ca5c49e4df991a87c3e011a46703191","image/jpeg","1980105","2026-09-19 02:14:34.062013+00","2026-09-19 02:14:36.678687+00"
"3d7ffe3f-a102-5dd3-adbc-b6cab4ed2c52","t-001","f-001","b-001","wv-001","20260919_021442","farmiq-media","tenants/t-001/farms/f-001/barns/b-001/devices/wv-001/images/2026/09/19/27a62f2f-435b-4f6c-bb87-43947e7c849c.jpg","1346565847c19ac41de9195436e83a6c","image/jpeg","1854306","2026-09-19 02:14:42.374836+00","2026-09-19 02:14:44.204387+00"
"4fc7bfdb-d68a-5cc5-a879-b95786178784","t-001","f-001","b-001","wv-001","20260919_021442","farmiq-media","tenants/t-001/farms/f-001/barns/b-001/devices/wv-001/images/2026/09/19/56c74b83-ece3-4ab1-a235-b4a64270dad4.jpg","ebc909259d502fcab42fee427417206c","image/jpeg","1899839","2026-09-19 02:14:42.374836+00","2026-09-19 02:14:44.596653+00"
"d5c7f928-c284-5069-9811-f6d3b38f42a6","t-001","f-001","b-001","wv-001","20260919_021452","farmiq-media","tenants/t-001/farms/f-001/barns/b-001/devices/wv-001/images/2026/09/19/61ecc3e1-9533-4dd9-af5c-3b5083f90942.jpg","67525a249ee792b9992c50b4e26ebc03","image/jpeg","2245742","2026-09-19 02:14:52.630128+00","2026-09-19 02:14:54.19431+00"
"f6b70195-a981-5f78-bb0e-730515be0ed2","t-001","f-001","b-001","wv-001","20260919_021452","farmiq-media","tenants/t-001/farms/f-001/barns/b-001/devices/wv-001/images/2026/09/19/b11fdd21-387f-41d8-9658-a872a297f865.jpg","18479dd41e8b0eb5ec74cb6c504618a1","image/jpeg","2273356","2026-09-19 02:14:52.630128+00","2026-09-19 02:14:54.594587+00"
"aaaa2b6f-5848-5a78-b043-f3192dde38a4","t-001","f-001","b-001","wv-001","20260919_021509","farmiq-media","tenants/t-001/farms/f-001/barns/b-001/devices/wv-001/images/2026/09/19/606f6f8b-ffa1-4c4e-8aba-e71f80252d33.jpg","25ff63d71145d4c897ee8ee330a613e5","image/jpeg","2153074","2026-09-19 02:15:09.009726+00","2026-09-19 02:15:10.27394+00"
"6be02739-b712-5577-9343-607a9788608e","t-001","f-001","b-001","wv-001","20260919_021509","farmiq-media","tenants/t-001/farms/f-001/barns/b-001/devices/wv-001/images/2026/09/19/2f178166-1eae-4653-97f6-84ce7d4cd72c.jpg","3b9084eccd7786aa8b0ee4100a8cac30","image/jpeg","2186766","2026-09-19 02:15:09.009726+00","2026-09-19 02:15:10.60721+00"
"bbc7d70b-4713-5b3b-85b5-db12b4647cf9","t-001","f-001","b-001","wv-001","20260919_021645","farmiq-media","tenants/t-001/farms/f-001/barns/b-001/devices/wv-001/images/2026/09/19/cf077584-cce8-4087-acb1-82faf2d6279a.jpg","072a5ba3160d67d2d7de2795b9384a49","image/jpeg","2338748","2026-09-19 02:16:45.431092+00","2026-09-19 02:16:47.16224+00"
"9cf9f669-162d-5e7a-af8b-d18464955902","t-001","f-001","b-001","wv-001","20260919_021645","farmiq-media","tenants/t-001/farms/f-001/barns/b-001/devices/wv-001/images/2026/09/19/17bbd416-0e0a-4942-b543-14b88688c8ab.jpg","ea54eadb388e5879f00eb673a0112261","image/jpeg","2365006","2026-09-19 02:16:45.431092+00","2026-09-19 02:16:47.574364+00"
"b8105bb9-09f7-5e0f-ab2a-bc1628de4eea","t-001","f-001","b-001","wv-001","20260919_021649","farmiq-media","tenants/t-001/farms/f-001/barns/b-001/devices/wv-001/images/2026/09/19/c0aeeb2c-9923-4f7d-8283-a63ad5acf138.jpg","83a8f532fbb02def7d286002f523b616","image/jpeg","2171386","2026-09-19 02:16:49.510797+00","2026-09-19 02:16:53.077686+00"
"3b862f4d-e3fc-5099-acc5-8734a2cab3d7","t-001","f-001","b-001","wv-001","20260919_021649","farmiq-media","tenants/t-001/farms/f-001/barns/b-001/devices/wv-001/images/2026/09/19/9adae454-5d6f-449b-b073-fe9f9fb46da9.jpg","9806dd10def52e3aa5e8ba5de5afd4bc","image/jpeg","2199627","2026-09-19 02:16:49.510797+00","2026-09-19 02:16:53.421207+00"
"f6218fa7-96d6-52b1-97ab-27d4c4dc6515","t-001","f-001","b-001","wv-001","20260919_021712","farmiq-media","tenants/t-001/farms/f-001/barns/b-001/devices/wv-001/images/2026/09/19/8f303ec0-c124-46f4-801a-c6536fc9fb19.jpg","a15d9d7a6cb5216c32310f1255b37929","image/jpeg","2399027","2026-09-19 02:17:12.212308+00","2026-09-19 02:17:13.090985+00"
"be9e8f3d-0d69-546e-a7b6-c39f1de209d4","t-001","f-001","b-001","wv-001","20260919_021712","farmiq-media","tenants/t-001/farms/f-001/barns/b-001/devices/wv-001/images/2026/09/19/04d35254-2802-4709-98ca-d6af6e2eecb3.jpg","35a041a21352a7c923ff3a5a85aa755c","image/jpeg","2423412","2026-09-19 02:17:12.212308+00","2026-09-19 02:17:13.424296+00"
"8bc9fe3f-d365-5dd4-8c19-e0b997e7dc2d","t-001","f-001","b-001","wv-001","20260919_021729","farmiq-media","tenants/t-001/farms/f-001/barns/b-001/devices/wv-001/images/2026/09/19/343a884d-fe63-438c-8560-e719eb818ed2.jpg","e68fd6db27c7670b83e65c771d922eac","image/jpeg","2494674","2026-09-19 02:17:29.075747+00","2026-09-19 02:17:31.066428+00"
"75a2d538-9417-53ae-bc23-8031eb151cf8","t-001","f-001","b-001","wv-001","20260919_021729","farmiq-media","tenants/t-001/farms/f-001/barns/b-001/devices/wv-001/images/2026/09/19/ca9565d8-20a3-4f1d-9205-956ac7caf7e6.jpg","ae7f7e7c06578edb1c9d5a8c6935fbba","image/jpeg","2518020","2026-09-19 02:17:29.075747+00","2026-09-19 02:17:31.43971+00"
"df2b4501-dbbc-5c90-95d1-64bcef5032f6","t-001","f-001","b-001","wv-001","20260919_021824","farmiq-media","tenants/t-001/farms/f-001/barns/b-001/devices/wv-001/images/2026/09/19/926e274c-f25b-4836-8c5f-672329a10feb.jpg","8fb4104d18a34dce0895158bfd5da457","image/jpeg","2405544","2026-09-19 02:18:24.003459+00","2026-09-19 02:18:25.520698+00"
"0687e419-0728-5710-9bfa-d015dfc2f972","t-001","f-001","b-001","wv-001","20260919_021824","farmiq-media","tenants/t-001/farms/f-001/barns/b-001/devices/wv-001/images/2026/09/19/afaf497b-0a56-4350-addb-eaf65a1a5dbd.jpg","53931b2a70094268dff9b3185e71e058","image/jpeg","2422733","2026-09-19 02:18:24.003459+00","2026-09-19 02:18:25.883908+00"
"7565293c-1bd9-58cf-aa8a-3e4f70e4ea97","t-001","f-001","b-001","wv-001","20260919_022029","farmiq-media","tenants/t-001/farms/f-001/barns/b-001/devices/wv-001/images/2026/09/19/9758aa3e-e3ae-4519-a624-fd586cfab2d5.jpg","65512953bf8f27fd1fb71adc2e213fb1","image/jpeg","2403326","2026-09-19 02:20:29.238977+00","2026-09-19 02:20:30.341309+00"
"62860057-9b43-5450-b0c2-6a3f497b6f21","t-001","f-001","b-001","wv-001","20260919_022029","farmiq-media","tenants/t-001/farms/f-001/barns/b-001/devices/wv-001/images/2026/09/19/a25ea81a-d776-4143-a63d-ce8616e570f6.jpg","261959ccb9d6426360bd0c042467d367","image/jpeg","2423217","2026-09-19 02:20:29.238977+00","2026-09-19 02:20:30.670256+00"
"8774736b-8e25-5bbe-8722-f912685ba467","t-001","f-001","b-001","wv-001","20260919_022118","farmiq-media","tenants/t-001/farms/f-001/barns/b-001/devices/wv-001/images/2026/09/19/71561bab-8e85-45c8-a27c-172eb4b4a5ef.jpg","dde1538b23548f9e600838e2c96f5925","image/jpeg","2551677","2026-09-19 02:21:18.330334+00","2026-09-19 02:21:20.702717+00"
"a51ae8d3-99d4-5bfe-9110-d6425131b125","t-001","f-001","b-001","wv-001","20260919_022118","farmiq-media","tenants/t-001/farms/f-001/barns/b-001/devices/wv-001/images/2026/09/19/39e49d5c-9f65-494b-90c4-5bf5b1423129.jpg","22e365218f22321b1b810406bacd54a8","image/jpeg","2574503","2026-09-19 02:21:18.330334+00","2026-09-19 02:21:21.130436+00"
"617a0fc2-af5e-5373-bd1d-d4921534743d","t-001","f-001","b-001","wv-001","20260919_022144","farmiq-media","tenants/t-001/farms/f-001/barns/b-001/devices/wv-001/images/2026/09/19/bd80741d-f746-4a94-a751-9fcda3f52f7e.jpg","e7fe0eba045c83f7ebd59a57e696842e","image/jpeg","2452755","2026-09-19 02:21:44.66743+00","2026-09-19 02:21:46.84197+00"
"a09829fa-6bb1-57bb-a804-14c8f459c6d6","t-001","f-001","b-001","wv-001","20260919_022144","farmiq-media","tenants/t-001/farms/f-001/barns/b-001/devices/wv-001/images/2026/09/19/a1ec6cca-0d58-447c-9e14-626816c9e3d2.jpg","70c21968e9be046bea2388bf2112370c","image/jpeg","2473651","2026-09-19 02:21:44.66743+00","2026-09-19 02:21:47.149537+00"
"22118569-ca85-5636-95f0-1fbbf2244697","t-001","f-001","b-001","wv-001","20260919_022216","farmiq-media","tenants/t-001/farms/f-001/barns/b-001/devices/wv-001/images/2026/09/19/c2238b2e-ab72-4bbb-ad06-2e84a70c7c3f.jpg","f496a7716ec27d76765830f956d423c5","image/jpeg","2394764","2026-09-19 02:22:16.310174+00","2026-09-19 02:22:16.911484+00"
"adbc7039-4e2b-577b-aa69-6da7d5dfa916","t-001","f-001","b-001","wv-001","20260919_022216","farmiq-media","tenants/t-001/farms/f-001/barns/b-001/devices/wv-001/images/2026/09/19/ab9f14a5-eb5c-49f0-a7ed-34f495755770.jpg","a0d0918175bceaac0118b4561b473301","image/jpeg","2417329","2026-09-19 02:22:16.310174+00","2026-09-19 02:22:17.236893+00"
"ef333b9f-dbdc-56f9-a9d2-6d2016f3dbe1","t-001","f-001","b-001","wv-001","20260919_022220","farmiq-media","tenants/t-001/farms/f-001/barns/b-001/devices/wv-001/images/2026/09/19/7052b255-927c-4bbb-88fa-581a35bda89d.jpg","e83ad5e428b2cc82c11ea51b68579830","image/jpeg","2169910","2026-09-19 02:22:20.376348+00","2026-09-19 02:22:22.706479+00"
"b03ac26d-0ccf-53a5-92ab-d7771f8b71c2","t-001","f-001","b-001","wv-001","20260919_022220","farmiq-media","tenants/t-001/farms/f-001/barns/b-001/devices/wv-001/images/2026/09/19/b2a0791c-375a-44dc-b9b5-ab634593196a.jpg","a4bdef9901de9a485ad7eae81e347df1","image/jpeg","2199324","2026-09-19 02:22:20.376348+00","2026-09-19 02:22:23.014283+00"
"aa96ee53-cd13-544d-b7ab-6f132d52e8de","t-001","f-001","b-001","wv-001","20260919_022227","farmiq-media","tenants/t-001/farms/f-001/barns/b-001/devices/wv-001/images/2026/09/19/dd377636-328d-436a-ad48-b37475c91f38.jpg","74769379a4e7024ff22eed856ce9ab8a","image/jpeg","2045770","2026-09-19 02:22:27.925347+00","2026-09-19 02:22:28.49958+00"
"64f104eb-6a34-529e-bfcd-1d211b236a7a","t-001","f-001","b-001","wv-001","20260919_022227","farmiq-media","tenants/t-001/farms/f-001/barns/b-001/devices/wv-001/images/2026/09/19/e3de608e-278c-4ce4-96d6-1cbaae18d7f7.jpg","2a68437e77c0a94a03e8dc195f00c800","image/jpeg","2074278","2026-09-19 02:22:27.925347+00","2026-09-19 02:22:28.784714+00"
"7a20f1f6-e5d1-58b6-9e81-f184e709269e","t-001","f-001","b-001","wv-001","20260919_022244","farmiq-media","tenants/t-001/farms/f-001/barns/b-001/devices/wv-001/images/2026/09/19/2241da7a-681f-463d-a619-e3cd2ca38931.jpg","a20cbe99e2019e9c06f4fea348a3b68d","image/jpeg","2584257","2026-09-19 02:22:44.31167+00","2026-09-19 02:22:46.402127+00"
"7eba2aa2-6bc0-5530-b0de-7399ae8d34b4","t-001","f-001","b-001","wv-001","20260919_022244","farmiq-media","tenants/t-001/farms/f-001/barns/b-001/devices/wv-001/images/2026/09/19/e971f0dd-5ea3-4ef7-aabd-fd277e04eb9c.jpg","bbd2b243fdb85ba368fa6b222ea69679","image/jpeg","2605351","2026-09-19 02:22:44.31167+00","2026-09-19 02:22:46.746048+00"
"1ab61983-895a-5b5e-ae44-e36b8069ade7","t-001","f-001","b-001","wv-001","20260919_022341","farmiq-media","tenants/t-001/farms/f-001/barns/b-001/devices/wv-001/images/2026/09/19/23d470a7-47d2-44fc-9c47-9551fc4f976a.jpg","83bfd9a1c7b6dbdacb06244719f5dfe9","image/jpeg","2322154","2026-09-19 02:23:41.478191+00","2026-09-19 02:23:42.773837+00"
"3a1d55b8-fb77-5df8-b0b1-3fc667fd9b55","t-001","f-001","b-001","wv-001","20260919_022341","farmiq-media","tenants/t-001/farms/f-001/barns/b-001/devices/wv-001/images/2026/09/19/53380e5c-ebf8-4e0a-b4aa-f7b6fca6d123.jpg","1187a0551ab6f87f1c26696f49fd4b9a","image/jpeg","2344140","2026-09-19 02:23:41.478191+00","2026-09-19 02:23:43.135965+00"
"bce38a77-99c5-5db6-a854-19bc87baa230","t-001","f-001","b-001","wv-001","20260919_022426","farmiq-media","tenants/t-001/farms/f-001/barns/b-001/devices/wv-001/images/2026/09/19/07076e02-576d-4552-973b-5e1948ed2ef7.jpg","86251c4cfa860b8e38da4d0ac1ec2089","image/jpeg","2717975","2026-09-19 02:24:26.93531+00","2026-09-19 02:24:34.677195+00"
"47b1ffbf-0980-5c16-86b0-7d2b8b76a22c","t-001","f-001","b-001","wv-001","20260919_022426","farmiq-media","tenants/t-001/farms/f-001/barns/b-001/devices/wv-001/images/2026/09/19/5bf3435a-9aa8-45c1-97fe-cbf5d33f520a.jpg","ee74691c2ceef81b319c0d139761730e","image/jpeg","2739456","2026-09-19 02:24:26.93531+00","2026-09-19 02:24:47.126007+00"
"161b6528-ce09-51f1-8da9-37110e48edf2","t-001","f-001","b-001","wv-001","20260919_022515","farmiq-media","tenants/t-001/farms/f-001/barns/b-001/devices/wv-001/images/2026/09/19/b8fbdbb9-9be7-431a-8f61-c82ac90978d8.jpg","1deb5f05375b11c765177ef2e9af9873","image/jpeg","2477660","2026-09-19 02:25:15.809742+00","2026-09-19 02:25:17.259423+00"
"cf4e5f30-f3c8-5e42-af42-0b09ce63af53","t-001","f-001","b-001","wv-001","20260919_022515","farmiq-media","tenants/t-001/farms/f-001/barns/b-001/devices/wv-001/images/2026/09/19/4a461e63-31e8-4bf5-9e34-9167293482db.jpg","155ced4b20d037d80c142b1fa2b8f4eb","image/jpeg","2495031","2026-09-19 02:25:15.809742+00","2026-09-19 02:25:17.743582+00"
"90921f0b-4fab-5505-82cb-60b95decac39","t-001","f-001","b-001","wv-001","20260919_022859","farmiq-media","tenants/t-001/farms/f-001/barns/b-001/devices/wv-001/images/2026/09/19/b1678fac-0d92-46de-8622-3ff90e6b5f0e.jpg","147b96e29f050a34cc866853fb74c33c","image/jpeg","2609691","2026-09-19 02:28:59.553228+00","2026-09-19 02:29:01.091079+00"
"3c533911-d445-5dc2-9226-21a5b53c3fb9","t-001","f-001","b-001","wv-001","20260919_022859","farmiq-media","tenants/t-001/farms/f-001/barns/b-001/devices/wv-001/images/2026/09/19/dd141bc2-4cad-4973-b7fe-fae4a4518252.jpg","386dd4380adf4931cf6527cb32b6e704","image/jpeg","2626206","2026-09-19 02:28:59.553228+00","2026-09-19 02:29:01.515881+00"
"cda797dc-9db1-5306-96c4-42e48a3a2cd8","t-001","f-001","b-001","wv-001","20260919_022905","farmiq-media","tenants/t-001/farms/f-001/barns/b-001/devices/wv-001/images/2026/09/19/db9f781b-5518-4dc7-b646-b4a4e645f526.jpg","98062f54b248702b9f46d16696ca42cd","image/jpeg","2488026","2026-09-19 02:29:05.259241+00","2026-09-19 02:29:07.020338+00"
"2ad1ef55-9832-5cea-b77f-05cafa399a09","t-001","f-001","b-001","wv-001","20260919_022905","farmiq-media","tenants/t-001/farms/f-001/barns/b-001/devices/wv-001/images/2026/09/19/bced12c7-e499-4e29-9c8d-4a8cb49905b6.jpg","e1c30af9b0511d9b6f9ac00d3d64b51c","image/jpeg","2506616","2026-09-19 02:29:05.259241+00","2026-09-19 02:29:07.347132+00"
"d46207be-0f52-5107-a3a1-8d3a7ed32681","t-001","f-001","b-001","wv-001","20260919_022909","farmiq-media","tenants/t-001/farms/f-001/barns/b-001/devices/wv-001/images/2026/09/19/39089659-a35f-40f7-af3f-d16b690da2b2.jpg","bb48712e8c5ca8861abb32f19802a43f","image/jpeg","2453205","2026-09-19 02:29:09.647027+00","2026-09-19 02:29:12.893842+00"
"c15c9c21-3c4e-5dbe-b3a6-8644515fe04a","t-001","f-001","b-001","wv-001","20260919_022909","farmiq-media","tenants/t-001/farms/f-001/barns/b-001/devices/wv-001/images/2026/09/19/1bd4a755-dcf2-4560-9ee5-290e55806aed.jpg","6816c5c4c5dad67c16ccee2aadaddf0c","image/jpeg","2466810","2026-09-19 02:29:09.647027+00","2026-09-19 02:29:13.219736+00"
"a1bf7cd8-f75d-5413-b4e3-ca5c990f9e51","t-001","f-001","b-001","wv-001","20260919_022925","farmiq-media","tenants/t-001/farms/f-001/barns/b-001/devices/wv-001/images/2026/09/19/b30f7e85-b29f-4f6a-bed7-2a8070a0d081.jpg","cdb7c14f1697d9e405d5998d6145f43b","image/jpeg","2450824","2026-09-19 02:29:25.788324+00","2026-09-19 02:29:26.813188+00"
"eda62a0b-d93a-52a1-a313-cc23e9a388a2","t-001","f-001","b-001","wv-001","20260919_022925","farmiq-media","tenants/t-001/farms/f-001/barns/b-001/devices/wv-001/images/2026/09/19/f0c3ea60-b82a-4d4a-8256-37c14fa40a44.jpg","ead0a5cbb7e982497618457974fc8f2f","image/jpeg","2470832","2026-09-19 02:29:25.788324+00","2026-09-19 02:29:27.195814+00"
"64eb7ae8-3fbb-51ce-8d87-923994ef06f4","t-001","f-001","b-001","wv-001","20260919_023123","farmiq-media","tenants/t-001/farms/f-001/barns/b-001/devices/wv-001/images/2026/09/19/24f2d81a-cea1-4aff-944e-ab57093480da.jpg","1f11a5ad158cb313e15ad990ba5d9aa2","image/jpeg","2652843","2026-09-19 02:31:23.180001+00","2026-09-19 02:31:23.733813+00"
"3e73b161-b7d2-5fbb-8020-be4f8847bb72","t-001","f-001","b-001","wv-001","20260919_023123","farmiq-media","tenants/t-001/farms/f-001/barns/b-001/devices/wv-001/images/2026/09/19/5617b182-2fee-4852-b770-e3bb74befaaa.jpg","781f4787c929d409d0b7c0f2c2925d05","image/jpeg","2670827","2026-09-19 02:31:23.180001+00","2026-09-19 02:31:24.220563+00"
"8a57e8a5-98f3-5efa-833f-e49d67577dd8","t-001","f-001","b-001","wv-001","20260919_023437","farmiq-media","tenants/t-001/farms/f-001/barns/b-001/devices/wv-001/images/2026/09/19/501e721c-1ae4-444b-8e25-6633aa224bd7.jpg","6b7b45e0c124a4cdaebf2ce1a75eb966","image/jpeg","2604741","2026-09-19 02:34:37.78405+00","2026-09-19 02:34:39.689554+00"
"4b2ccbc7-3168-5940-aa9c-6657154a8dae","t-001","f-001","b-001","wv-001","20260919_023437","farmiq-media","tenants/t-001/farms/f-001/barns/b-001/devices/wv-001/images/2026/09/19/9656777e-a594-47db-8665-8c5b47838557.jpg","f1d38606eaa95a5873acc9a569839a43","image/jpeg","2622895","2026-09-19 02:34:37.78405+00","2026-09-19 02:34:40.089532+00"
"eba4df2d-2868-5f64-b06d-b6cab5ed55d4","t-001","f-001","b-001","wv-001","20260919_023702","farmiq-media","tenants/t-001/farms/f-001/barns/b-001/devices/wv-001/images/2026/09/19/85846fb9-5ebe-4167-833d-fdbee0946346.jpg","8c1672f6112a4de1f439bac280fc4a3d","image/jpeg","2598098","2026-09-19 02:37:02.970451+00","2026-09-19 02:37:04.878541+00"
"6bae6df0-2043-5dfb-85f9-59867bef332e","t-001","f-001","b-001","wv-001","20260919_023702","farmiq-media","tenants/t-001/farms/f-001/barns/b-001/devices/wv-001/images/2026/09/19/6c62f216-e603-477c-a3f3-3f0bd1ba04b0.jpg","c11800ce474ef1169b05f2b4ac87ce5d","image/jpeg","2610987","2026-09-19 02:37:02.970451+00","2026-09-19 02:37:05.324347+00"
"14437fdb-cb49-5e3e-82f5-5739464358ec","t-001","f-001","b-001","wv-001","20260919_024734","farmiq-media","tenants/t-001/farms/f-001/barns/b-001/devices/wv-001/images/2026/09/19/0eac2002-d214-4d81-a793-856a45a550f8.jpg","4564ecc7a6cddb6a1901bdac731ef91d","image/jpeg","2681462","2026-09-19 02:47:34.511685+00","2026-09-19 02:47:37.063316+00"
"c2be9e9d-419a-5f4b-a327-b40b23c76b7c","t-001","f-001","b-001","wv-001","20260919_024734","farmiq-media","tenants/t-001/farms/f-001/barns/b-001/devices/wv-001/images/2026/09/19/a1767278-15cb-4428-8f39-91cbcdbfe9f2.jpg","baffd5d60b2189a30b01e2595c500add","image/jpeg","2695764","2026-09-19 02:47:34.511685+00","2026-09-19 02:47:38.138805+00"
"4b88c7ef-3143-5342-b230-ad668337fc8c","t-001","f-001","b-001","wv-001","20260919_024750","farmiq-media","tenants/t-001/farms/f-001/barns/b-001/devices/wv-001/images/2026/09/19/527c1db7-7623-453b-bd17-f3e101577be2.jpg","7d74e575ecfd3e0281f7b342c3b7f713","image/jpeg","2636734","2026-09-19 02:47:50.031322+00","2026-09-19 02:47:56.738623+00"
"51bed84d-9950-5b8c-b261-34f7a0cef1e4","t-001","f-001","b-001","wv-001","20260919_024750","farmiq-media","tenants/t-001/farms/f-001/barns/b-001/devices/wv-001/images/2026/09/19/276ffc2d-40d8-4b75-9a0e-e8dc3e3f133f.jpg","7d3eeb58f466b0d2f43ce44d81ec0666","image/jpeg","2651742","2026-09-19 02:47:50.031322+00","2026-09-19 02:47:59.684033+00"
"3cf88767-d4ec-5759-bd16-03ae8d63cbda","t-001","f-001","b-001","wv-001","20260919_024841","farmiq-media","tenants/t-001/farms/f-001/barns/b-001/devices/wv-001/images/2026/09/19/caebdd36-6371-4d95-875c-b94d279b776d.jpg","5f871e9842c0e3b99f184c615ef0d01c","image/jpeg","2654143","2026-09-19 02:48:41.535217+00","2026-09-19 02:48:44.363012+00"
"f6e364cb-bf8b-5324-8970-8edfa34d8692","t-001","f-001","b-001","wv-001","20260919_024841","farmiq-media","tenants/t-001/farms/f-001/barns/b-001/devices/wv-001/images/2026/09/19/00c99bbf-f486-410d-a55e-4952ce6e172f.jpg","e64d1a82d57cca2709446950bf26d99e","image/jpeg","2669252","2026-09-19 02:48:41.535217+00","2026-09-19 02:48:44.813632+00"
"8eb1709a-603f-58b1-baf1-52c27617a22d","t-001","f-001","b-001","wv-001","20260919_025041","farmiq-media","tenants/t-001/farms/f-001/barns/b-001/devices/wv-001/images/2026/09/19/c0f375b0-6f74-4984-8dc5-2e770118faef.jpg","88e422d3f258384f3853fcec7c240f58","image/jpeg","2541128","2026-09-19 02:50:41.154785+00","2026-09-19 02:51:35.15799+00"
"12392e15-76a8-57d1-8f29-f9fd1b7c22d4","t-001","f-001","b-001","wv-001","20260919_025041","farmiq-media","tenants/t-001/farms/f-001/barns/b-001/devices/wv-001/images/2026/09/19/18afe07e-f493-4821-a73f-4c61eea5301e.jpg","5e4031612792350d728669a810bda0a7","image/jpeg","2556055","2026-09-19 02:50:41.154785+00","2026-09-19 02:51:50.902193+00"
"9e09c99b-3dce-509b-a30e-938754e8c155","t-001","f-001","b-001","wv-001","20260919_025136","farmiq-media","tenants/t-001/farms/f-001/barns/b-001/devices/wv-001/images/2026/09/19/2439a37f-c032-4506-b2e7-07bd3290d51d.jpg","489a7c3ce8285e0f14959e1863ef6559","image/jpeg","2609586","2026-09-19 02:51:36.633895+00","2026-09-19 02:52:50.872479+00"
"89d6b3e7-42dc-5f88-8b7f-c83b0218fac5","t-001","f-001","b-001","wv-001","20260919_025136","farmiq-media","tenants/t-001/farms/f-001/barns/b-001/devices/wv-001/images/2026/09/19/44887590-64a9-43b2-9097-51a812cdbae2.jpg","9d12b4b98b8414d8b71e1fea285349a9","image/jpeg","2627008","2026-09-19 02:51:36.633895+00","2026-09-19 02:53:03.696625+00"
"a7ecba9e-4b23-523f-be9c-5c28312eccfa","t-001","f-001","b-001","wv-001","20260919_025140","farmiq-media","tenants/t-001/farms/f-001/barns/b-001/devices/wv-001/images/2026/09/19/0a2deed9-100e-4d94-a74f-e3da5cfc3182.jpg","9c8ebd2dde9e5113272ce491dd957048","image/jpeg","2236476","2026-09-19 02:51:40.773099+00","2026-09-19 02:53:18.367461+00"
"89786b29-4a87-5841-a830-10458f4abda0","t-001","f-001","b-001","wv-001","20260919_025140","farmiq-media","tenants/t-001/farms/f-001/barns/b-001/devices/wv-001/images/2026/09/19/50acc1bc-ce68-4386-bd02-a30c59a7c431.jpg","6668c30e179e8534d80d30547861cdec","image/jpeg","2256640","2026-09-19 02:51:40.773099+00","2026-09-19 02:53:29.501762+00"
"a4004792-0cb9-5987-9ff9-693bbe356802","t-001","f-001","b-001","wv-001","20260919_025145","farmiq-media","tenants/t-001/farms/f-001/barns/b-001/devices/wv-001/images/2026/09/19/8f7e35ed-a20b-4543-b4a8-87647fa0a4f6.jpg","4385022232de71a431f67670be231cea","image/jpeg","2160915","2026-09-19 02:51:45.006423+00","2026-09-19 02:53:38.758379+00"
"5f767251-d72a-5570-b1af-4aa0e120e6d2","t-001","f-001","b-001","wv-001","20260919_025145","farmiq-media","tenants/t-001/farms/f-001/barns/b-001/devices/wv-001/images/2026/09/19/50767759-1691-4f79-bb17-9fcb89ea5f71.jpg","1097170370f5ed19b212aa53df48e70c","image/jpeg","2184438","2026-09-19 02:51:45.006423+00","2026-09-19 02:53:39.458211+00"
"28fb1ed8-ef14-5b48-8e67-70372595ec46","t-001","f-001","b-001","wv-001","20260919_025157","farmiq-media","tenants/t-001/farms/f-001/barns/b-001/devices/wv-001/images/2026/09/19/c6515c9a-a9a8-42ed-83c1-833ab1d8bc3d.jpg","0f864ab3d6e4e4aa86bb3411817631b6","image/jpeg","2524781","2026-09-19 02:51:57.339599+00","2026-09-19 02:53:45.121025+00"
"145ba018-7f77-5413-8496-7f5baed7d656","t-001","f-001","b-001","wv-001","20260919_025157","farmiq-media","tenants/t-001/farms/f-001/barns/b-001/devices/wv-001/images/2026/09/19/30a292ed-1eda-4f71-941a-46a471a967b2.jpg","3884a62b3beba36e62700da7a1fea402","image/jpeg","2547607","2026-09-19 02:51:57.339599+00","2026-09-19 02:53:45.726521+00"
"db20e2d5-010e-56ab-82fa-fcda329351a8","t-001","f-001","b-001","wv-001","20260919_025408","farmiq-media","tenants/t-001/farms/f-001/barns/b-001/devices/wv-001/images/2026/09/19/9731cd5d-da85-40fc-8848-bca6decaacc0.jpg","5b78211f86752b07bd30e3ff8b1ee5ed","image/jpeg","2578749","2026-09-19 02:54:08.880625+00","2026-09-19 02:54:10.666116+00"
"f1fbc37e-30f5-51bc-aac6-2bddb7e75b8f","t-001","f-001","b-001","wv-001","20260919_025408","farmiq-media","tenants/t-001/farms/f-001/barns/b-001/devices/wv-001/images/2026/09/19/4b605ae9-76f9-4b2d-b7b3-8b8e4dc2c980.jpg","194a93f2cbc565dfc5d1076c78712c12","image/jpeg","2598710","2026-09-19 02:54:08.880625+00","2026-09-19 02:54:12.208533+00"
"29360bb2-00ff-56d3-91cb-e97b7f7fb35a","t-001","f-001","b-001","wv-001","20260919_030115","farmiq-media","tenants/t-001/farms/f-001/barns/b-001/devices/wv-001/images/2026/09/19/92963508-a8c4-4e1e-9361-b5a9597db5a4.jpg","6dd4d67cbe936e9757c1184a094cb5b2","image/jpeg","2594024","2026-09-19 03:01:15.121421+00","2026-09-19 03:01:18.818261+00"
"9be2d9e7-89fa-572d-b932-88665eabbd3c","t-001","f-001","b-001","wv-001","20260919_030115","farmiq-media","tenants/t-001/farms/f-001/barns/b-001/devices/wv-001/images/2026/09/19/d4a7ce99-b9d9-4621-8f65-c7fcce27ccac.jpg","0bf8a7b45dbc0558659d08ccf5e73142","image/jpeg","2608247","2026-09-19 03:01:15.121421+00","2026-09-19 03:01:20.044924+00"
"4254cbf5-7ef8-5273-9e0c-5b4b3b3a3e34","t-001","f-001","b-001","wv-001","20260919_030602","farmiq-media","tenants/t-001/farms/f-001/barns/b-001/devices/wv-001/images/2026/09/19/1d03513f-478a-4a0d-b88d-1c48dfc331be.jpg","afa682972343c46f6a49c8c785438085","image/jpeg","2304474","2026-09-19 03:06:02.784017+00","2026-09-19 03:06:04.903999+00"
"2eb8e063-e7a5-59fa-81a1-6ec11a6f3b38","t-001","f-001","b-001","wv-001","20260919_030602","farmiq-media","tenants/t-001/farms/f-001/barns/b-001/devices/wv-001/images/2026/09/19/e4a6fe37-26eb-49c4-98c9-eb92153f8587.jpg","8726cbf18e4ed6131ab06f0cbf02775b","image/jpeg","2327177","2026-09-19 03:06:02.784017+00","2026-09-19 03:06:05.727121+00"
"03fc4b0e-3df6-5d43-8bac-e5082ff7b6a4","t-001","f-001","b-001","wv-001","20260919_030838","farmiq-media","tenants/t-001/farms/f-001/barns/b-001/devices/wv-001/images/2026/09/19/1e564d47-15af-49d2-a0c0-b6d3fdb7404d.jpg","3a8b9a230f969bac668fd6c06095dc0c","image/jpeg","1885135","2026-09-19 03:08:38.103346+00","2026-09-19 03:08:40.413924+00"
"f445cc8b-6ff6-58fb-920a-da351faa12f9","t-001","f-001","b-001","wv-001","20260919_030838","farmiq-media","tenants/t-001/farms/f-001/barns/b-001/devices/wv-001/images/2026/09/19/5f914f74-fdb7-4f74-9bb8-d6960f59010e.jpg","32ee2eceb1bd35c071705e8cdbb0830f","image/jpeg","1903994","2026-09-19 03:08:38.103346+00","2026-09-19 03:08:43.756165+00"
"ca4a6ad1-33ef-5f9d-b776-fb7e514546cc","t-001","f-001","b-001","wv-001","20260919_030910","farmiq-media","tenants/t-001/farms/f-001/barns/b-001/devices/wv-001/images/2026/09/19/11bb28dc-7aa8-40fe-b7d0-da832c12a5c4.jpg","7842b8c99436c1fad99b127a22d2cc3e","image/jpeg","2635341","2026-09-19 03:09:10.380719+00","2026-09-19 03:09:12.349077+00"
"ae93957c-93c0-536a-bce7-7607c627c91d","t-001","f-001","b-001","wv-001","20260919_030910","farmiq-media","tenants/t-001/farms/f-001/barns/b-001/devices/wv-001/images/2026/09/19/7773de32-24c6-4823-8067-29a0c17a560a.jpg","c7ac7db94c670ec947457e0cad87bec2","image/jpeg","2650101","2026-09-19 03:09:10.380719+00","2026-09-19 03:09:14.379884+00"
"3e529bb7-dcc0-5438-854a-480e9965542c","t-001","f-001","b-001","wv-001","20260919_031031","farmiq-media","tenants/t-001/farms/f-001/barns/b-001/devices/wv-001/images/2026/09/19/15bc475b-e733-469f-818a-5dd2b5834bf9.jpg","569a79ec84cdb4f98193cb9d008e2f9f","image/jpeg","2590144","2026-09-19 03:10:31.09181+00","2026-09-19 03:10:33.205946+00"
"814fd659-15ce-5dcc-a309-c0186ef56db5","t-001","f-001","b-001","wv-001","20260919_031031","farmiq-media","tenants/t-001/farms/f-001/barns/b-001/devices/wv-001/images/2026/09/19/1cc93339-aaf9-42df-8d23-419f0d3c6acc.jpg","813bc4513cbefcb7372194d9f1bca0fe","image/jpeg","2607713","2026-09-19 03:10:31.09181+00","2026-09-19 03:10:34.130562+00"
"2d77a6d9-be03-5e09-90e3-291dd28b6468","t-001","f-001","b-001","wv-001","20260919_031126","farmiq-media","tenants/t-001/farms/f-001/barns/b-001/devices/wv-001/images/2026/09/19/2dbdd483-a908-430a-8d67-661261e6ba67.jpg","c86f34cf7e71bfbfd69ba8c49b0320e2","image/jpeg","2698566","2026-09-19 03:11:26.474206+00","2026-09-19 03:11:29.5683+00"
"dfbce039-d4ed-5ec3-9ab4-422456b276fa","t-001","f-001","b-001","wv-001","20260919_031126","farmiq-media","tenants/t-001/farms/f-001/barns/b-001/devices/wv-001/images/2026/09/19/126e9933-508e-4884-bbf1-ba14c2cf81fb.jpg","86d42d60e1e227ae19536a77150d8dff","image/jpeg","2715102","2026-09-19 03:11:26.474206+00","2026-09-19 03:11:31.434092+00"
"1009474f-82be-550c-bfdc-d5db61229a0c","t-001","f-001","b-001","wv-001","20260919_031850","farmiq-media","tenants/t-001/farms/f-001/barns/b-001/devices/wv-001/images/2026/09/19/db059288-7e4e-4fe4-b3b3-30cb5321c2d3.jpg","9351ecdc51b2472488d2adb479084aa2","image/jpeg","2375305","2026-09-19 03:18:50.809992+00","2026-09-19 03:18:52.856577+00"
"06273470-df75-5f4c-b6ce-b7b1dd21f500","t-001","f-001","b-001","wv-001","20260919_031850","farmiq-media","tenants/t-001/farms/f-001/barns/b-001/devices/wv-001/images/2026/09/19/dd307fe7-2417-4fba-84a4-42c35a2e4809.jpg","cd505b7d7a32665c4cfaf9b90208bcc0","image/jpeg","2389841","2026-09-19 03:18:50.809992+00","2026-09-19 03:18:53.238588+00"
"e3294de2-8e26-546f-8252-825cffecd256","t-001","f-001","b-001","wv-001","20260919_032744","farmiq-media","tenants/t-001/farms/f-001/barns/b-001/devices/wv-001/images/2026/09/19/18aa4a0d-baef-42f4-8818-df5d17e8ae1c.jpg","13802286987e89a38c99ea678ca87b12","image/jpeg","2204504","2026-09-19 03:27:44.71905+00","2026-09-19 03:27:45.452746+00"
"9e0bc37f-11d5-5acc-ae89-8ae1e0e79541","t-001","f-001","b-001","wv-001","20260919_032744","farmiq-media","tenants/t-001/farms/f-001/barns/b-001/devices/wv-001/images/2026/09/19/418e8833-1d58-4ba4-b8fc-7f3eef0f8d67.jpg","1398e1bb143cbfc213eeb6f994b5175b","image/jpeg","2220813","2026-09-19 03:27:44.71905+00","2026-09-19 03:27:45.739739+00"
"b8434a75-82c2-5a9e-990f-eff00b29826e","t-001","f-001","b-001","wv-001","20260919_032917","farmiq-media","tenants/t-001/farms/f-001/barns/b-001/devices/wv-001/images/2026/09/19/e1d95340-01c1-480b-9ebd-807eaf3279b1.jpg","2698d539939b3e21915735be3ac8c81e","image/jpeg","2654436","2026-09-19 03:29:17.060457+00","2026-09-19 03:29:18.158925+00"
"0441ee2a-ce74-5e87-ba9c-7948d7e792b0","t-001","f-001","b-001","wv-001","20260919_032917","farmiq-media","tenants/t-001/farms/f-001/barns/b-001/devices/wv-001/images/2026/09/19/6bb1eaf1-14da-4759-8787-17e920eb4740.jpg","5c90a4eb4e16ad5df92cc32fdb331bf4","image/jpeg","2669274","2026-09-19 03:29:17.060457+00","2026-09-19 03:29:18.634939+00"
"fce6d264-9eb8-5181-8ced-7f604dedc496","t-001","f-001","b-001","wv-001","20260919_032943","farmiq-media","tenants/t-001/farms/f-001/barns/b-001/devices/wv-001/images/2026/09/19/31da52a1-63d4-4880-99b0-db4085dc6eb1.jpg","b42d5fd3318e65fb3a3e0e3c975dfb85","image/jpeg","2621168","2026-09-19 03:29:43.810515+00","2026-09-19 03:29:44.442962+00"
"3b797ae2-cb94-5865-9e77-db6c670af1f8","t-001","f-001","b-001","wv-001","20260919_032943","farmiq-media","tenants/t-001/farms/f-001/barns/b-001/devices/wv-001/images/2026/09/19/7bdb3f44-4641-422d-b312-ab53017eb193.jpg","8b818b12a9d096c8005338ab0dfe97cd","image/jpeg","2636355","2026-09-19 03:29:43.810515+00","2026-09-19 03:29:44.811365+00"
"c1d09c9d-ceba-5af4-9838-b55fd9254d9c","t-001","f-001","b-001","wv-001","20260919_032948","farmiq-media","tenants/t-001/farms/f-001/barns/b-001/devices/wv-001/images/2026/09/19/65d8f52a-2e59-4d02-891d-31c509a664a3.jpg","3406c2a0dcc44b24eeb88576e9ec7461","image/jpeg","2358314","2026-09-19 03:29:48.303587+00","2026-09-19 03:29:50.319378+00"
"10f72743-5463-537a-b9ed-8fa224decb61","t-001","f-001","b-001","wv-001","20260919_032948","farmiq-media","tenants/t-001/farms/f-001/barns/b-001/devices/wv-001/images/2026/09/19/606f2e72-d86c-4be6-8168-f6194596c7b5.jpg","cb28ee5d7f014b33f209e03d40c6b01d","image/jpeg","2375694","2026-09-19 03:29:48.303587+00","2026-09-19 03:29:50.654341+00"
"5f2e8918-e776-5018-a04d-7de801de81bd","t-001","f-001","b-001","wv-001","20260919_033101","farmiq-media","tenants/t-001/farms/f-001/barns/b-001/devices/wv-001/images/2026/09/19/de6b67e2-9f18-4e13-9e84-a98dd437a5a8.jpg","44a3d65da38328490304e11589bd21c0","image/jpeg","2585739","2026-09-19 03:31:01.789898+00","2026-09-19 03:31:02.777409+00"
"d009303d-8b2b-5aba-bc9c-6a87f092f84e","t-001","f-001","b-001","wv-001","20260919_033101","farmiq-media","tenants/t-001/farms/f-001/barns/b-001/devices/wv-001/images/2026/09/19/57be4e52-ad9d-4e1d-bb0b-d2cc793fe28c.jpg","0363b531f1493a40d529e57272568798","image/jpeg","2603924","2026-09-19 03:31:01.789898+00","2026-09-19 03:31:03.139806+00"
"d65497f0-1f52-5e60-94e7-67702d4772cf","t-001","f-001","b-001","wv-001","20260919_033105","farmiq-media","tenants/t-001/farms/f-001/barns/b-001/devices/wv-001/images/2026/09/19/0c48c290-ea0d-4ec3-b904-539b3512e493.jpg","a26e24e46dea9cc4fe7b4d004eff773b","image/jpeg","2405650","2026-09-19 03:31:05.774495+00","2026-09-19 03:31:08.637641+00"
"437232d7-a4f0-5de8-95db-ac38d172226c","t-001","f-001","b-001","wv-001","20260919_033105","farmiq-media","tenants/t-001/farms/f-001/barns/b-001/devices/wv-001/images/2026/09/19/6f9cc4dd-6179-4699-b184-1175bb3b7044.jpg","eb61de1250b01864b06c0d80fda91645","image/jpeg","2426209","2026-09-19 03:31:05.774495+00","2026-09-19 03:31:08.967792+00"
"6db3eb2a-717a-5c28-8600-f5cc1a3c2ae1","t-001","f-001","b-001","wv-001","20260919_033358","farmiq-media","tenants/t-001/farms/f-001/barns/b-001/devices/wv-001/images/2026/09/19/51c75f92-846c-42e8-bed1-b728848e5ae2.jpg","c6b685f4d05fcf2a8c6f46dfc93252f1","image/jpeg","2562380","2026-09-19 03:33:58.585012+00","2026-09-19 03:33:59.926741+00"
"0caee3da-5cfd-548b-9357-413a997de228","t-001","f-001","b-001","wv-001","20260919_033358","farmiq-media","tenants/t-001/farms/f-001/barns/b-001/devices/wv-001/images/2026/09/19/e6edd18a-eb98-4041-ad7c-0469c8979f0c.jpg","64f9ee14edcde0a86a5f47b4b2011365","image/jpeg","2576770","2026-09-19 03:33:58.585012+00","2026-09-19 03:34:00.366154+00"
"f2a3350d-1726-5990-a4e0-fe846abb8a4d","t-001","f-001","b-001","wv-001","20260919_033520","farmiq-media","tenants/t-001/farms/f-001/barns/b-001/devices/wv-001/images/2026/09/19/ff62b892-e716-419a-933b-a1457d83c2d5.jpg","2c8b51430f86ac87c7c5d4e11e199f1a","image/jpeg","2281646","2026-09-19 03:35:20.981793+00","2026-09-19 03:35:22.362828+00"
"6afa70f7-fece-5411-8f46-498542c245fd","t-001","f-001","b-001","wv-001","20260919_033520","farmiq-media","tenants/t-001/farms/f-001/barns/b-001/devices/wv-001/images/2026/09/19/8f81591f-63df-45c2-8a99-e38315ac6502.jpg","480ef3f83e5ca07f17e0a4a89200cb8e","image/jpeg","2299254","2026-09-19 03:35:20.981793+00","2026-09-19 03:35:22.684171+00"
"06912588-81af-5e73-8d7f-ffe331de9b4d","t-001","f-001","b-001","wv-001","20260919_033722","farmiq-media","tenants/t-001/farms/f-001/barns/b-001/devices/wv-001/images/2026/09/19/52da5875-4213-4a37-9695-50e17d213c2e.jpg","ce2b47ae2490e1c409ed6aed99a22459","image/jpeg","2411506","2026-09-19 03:37:22.077612+00","2026-09-19 03:37:23.308281+00"
"7d148007-1912-51e0-ac0b-bc28a801d9ec","t-001","f-001","b-001","wv-001","20260919_033722","farmiq-media","tenants/t-001/farms/f-001/barns/b-001/devices/wv-001/images/2026/09/19/36de3432-0d5d-4cba-be60-f76292dd613b.jpg","a870de9a9a35fbffa26845581b949f8a","image/jpeg","2428257","2026-09-19 03:37:22.077612+00","2026-09-19 03:37:23.643314+00"
"c90cc232-4e45-545d-8e88-a8e638bee531","t-001","f-001","b-001","wv-001","20260919_033741","farmiq-media","tenants/t-001/farms/f-001/barns/b-001/devices/wv-001/images/2026/09/19/a9aeeb77-89cb-4992-9009-cd81ef608a9e.jpg","7999913975ebb3bb9611531257ced4bc","image/jpeg","2592658","2026-09-19 03:37:41.211129+00","2026-09-19 03:37:43.376706+00"
"497b6c4e-efa7-5ad9-a731-2fbf52d669d7","t-001","f-001","b-001","wv-001","20260919_033741","farmiq-media","tenants/t-001/farms/f-001/barns/b-001/devices/wv-001/images/2026/09/19/7da7ee8f-c102-48ba-8800-96e6e83dc4cf.jpg","6e3efdfc2164bf022669201b55ef1409","image/jpeg","2607473","2026-09-19 03:37:41.211129+00","2026-09-19 03:37:43.759808+00"
"2bf87bd2-5969-5d20-8850-d8f6f501151e","t-001","f-001","b-001","wv-001","20260919_033811","farmiq-media","tenants/t-001/farms/f-001/barns/b-001/devices/wv-001/images/2026/09/19/86b91755-0987-40b9-a1b4-7086ece74226.jpg","fab0b87752fdc949676d7a7968b5bad5","image/jpeg","2390464","2026-09-19 03:38:11.746501+00","2026-09-19 03:38:13.491632+00"
"661148da-c1b2-544e-906b-2352ece37ec9","t-001","f-001","b-001","wv-001","20260919_033811","farmiq-media","tenants/t-001/farms/f-001/barns/b-001/devices/wv-001/images/2026/09/19/8ca8a0af-cb6b-428b-8bc2-6be40b2fc911.jpg","a087a748633179e1bc86a598097b06e1","image/jpeg","2410616","2026-09-19 03:38:11.746501+00","2026-09-19 03:38:13.86247+00"
"3c9e077a-0cee-57fa-90e9-3eacd2234bf4","t-001","f-001","b-001","wv-001","20260919_033815","farmiq-media","tenants/t-001/farms/f-001/barns/b-001/devices/wv-001/images/2026/09/19/26b290ed-9654-4936-8d01-2ea607aa2e7c.jpg","2bfb04b6caa12f350bccd646fed5a210","image/jpeg","2215786","2026-09-19 03:38:15.81303+00","2026-09-19 03:38:19.359633+00"
"417e3723-195f-573e-9c65-d32b0ba56ab7","t-001","f-001","b-001","wv-001","20260919_033815","farmiq-media","tenants/t-001/farms/f-001/barns/b-001/devices/wv-001/images/2026/09/19/a7680d20-6bf0-4131-8490-b80479af8033.jpg","fd770f97a4736685929f2e48b9319ba0","image/jpeg","2236214","2026-09-19 03:38:15.81303+00","2026-09-19 03:38:19.655951+00"
"f99af155-7fa9-5b04-b72e-b746feb44493","t-001","f-001","b-001","wv-001","20260919_033849","farmiq-media","tenants/t-001/farms/f-001/barns/b-001/devices/wv-001/images/2026/09/19/8f6a2a55-76d6-4582-b6e4-c993b7edc9ea.jpg","0c021e0073c539bf6c0f4e259170bf90","image/jpeg","2518452","2026-09-19 03:38:49.43317+00","2026-09-19 03:38:51.425199+00"
"7ea51b05-671b-5dc5-8c95-779a3ce02e3e","t-001","f-001","b-001","wv-001","20260919_033849","farmiq-media","tenants/t-001/farms/f-001/barns/b-001/devices/wv-001/images/2026/09/19/4b03db80-2477-4102-bcc4-f7dc1bb3f4a7.jpg","3efeac65f468d6aca816315f0726ce8f","image/jpeg","2544728","2026-09-19 03:38:49.43317+00","2026-09-19 03:38:51.797914+00"
"e2c61b27-fa3a-543b-b355-989ef379fe66","t-001","f-001","b-001","wv-001","20260919_033853","farmiq-media","tenants/t-001/farms/f-001/barns/b-001/devices/wv-001/images/2026/09/19/2b097330-393e-4d5e-858e-95172afecae2.jpg","7cb99d4d20ecdba1e496c5afd828d6be","image/jpeg","2241911","2026-09-19 03:38:53.523047+00","2026-09-19 03:38:57.264115+00"
"8829760c-1c21-5776-872c-c77160308505","t-001","f-001","b-001","wv-001","20260919_033853","farmiq-media","tenants/t-001/farms/f-001/barns/b-001/devices/wv-001/images/2026/09/19/597fb594-9a04-4323-b528-f208673ffefa.jpg","e234031fb58ddb2f783b9da03fb5ac4a","image/jpeg","2268667","2026-09-19 03:38:53.523047+00","2026-09-19 03:38:57.568922+00"
"e9496514-c85e-528a-9da8-4154829ac88b","t-001","f-001","b-001","wv-001","20260919_034027","farmiq-media","tenants/t-001/farms/f-001/barns/b-001/devices/wv-001/images/2026/09/19/a368bc11-d2c9-4177-99cc-f0f6a3f24bb2.jpg","0ffba6558a72ef7b090b09a2363aaa4f","image/jpeg","2260830","2026-09-19 03:40:27.766709+00","2026-09-19 03:40:29.867901+00"
"6d58879a-b9ed-5134-b3aa-f7084d6fdf96","t-001","f-001","b-001","wv-001","20260919_034027","farmiq-media","tenants/t-001/farms/f-001/barns/b-001/devices/wv-001/images/2026/09/19/a8cf9110-1fe8-407e-a108-939a1964f0b1.jpg","6b8f7f5775198c6dbebb4520cc237760","image/jpeg","2287880","2026-09-19 03:40:27.766709+00","2026-09-19 03:40:30.210174+00"
"8b0c1ac0-1095-56a0-8249-9d5f7d61f8a3","t-001","f-001","b-001","wv-001","20260919_034041","farmiq-media","tenants/t-001/farms/f-001/barns/b-001/devices/wv-001/images/2026/09/19/90951de1-94b2-4fb5-a329-7bfbe8c5a282.jpg","a24b16322862e2fbb6d9ef03d8d2258c","image/jpeg","2423669","2026-09-19 03:40:41.139924+00","2026-09-19 03:40:41.759817+00"
"6b5db257-bb43-5dde-9d49-7ce9ba434f02","t-001","f-001","b-001","wv-001","20260919_034041","farmiq-media","tenants/t-001/farms/f-001/barns/b-001/devices/wv-001/images/2026/09/19/9de40ec5-7055-4083-9d93-9ee661cba726.jpg","1d2a1cc7a61b421ab9a34339ccf064e9","image/jpeg","2445978","2026-09-19 03:40:41.139924+00","2026-09-19 03:40:42.113649+00"
"7366ae97-a30a-5ad7-8eff-f94723989ad9","t-001","f-001","b-001","wv-001","20260919_034045","farmiq-media","tenants/t-001/farms/f-001/barns/b-001/devices/wv-001/images/2026/09/19/febbc2ef-2cca-4edf-a3a3-25bc3aef7820.jpg","049ff0676c81aff04b8909e5d379ebc7","image/jpeg","2275744","2026-09-19 03:40:45.168115+00","2026-09-19 03:40:47.555919+00"
"44db6054-bc47-5c3f-88c2-134c3804fb0a","t-001","f-001","b-001","wv-001","20260919_034045","farmiq-media","tenants/t-001/farms/f-001/barns/b-001/devices/wv-001/images/2026/09/19/39eb3476-a930-48b3-aa4d-e43c3a745f55.jpg","250b3ede5d4bfcb6b88017010b166e7c","image/jpeg","2300891","2026-09-19 03:40:45.168115+00","2026-09-19 03:40:47.852654+00"
"5f058736-370e-5a49-b404-c1a53b7e9f5b","t-001","f-001","b-001","wv-001","20260919_034053","farmiq-media","tenants/t-001/farms/f-001/barns/b-001/devices/wv-001/images/2026/09/19/942ec0b8-b35d-414f-a594-06c6bf82c0ba.jpg","0238b2e34b177089474332f985bf8674","image/jpeg","2164759","2026-09-19 03:40:53.051988+00","2026-09-19 03:40:55.328024+00"
"541758e5-fba2-5a9d-9350-2411ee4c60dd","t-001","f-001","b-001","wv-001","20260919_034053","farmiq-media","tenants/t-001/farms/f-001/barns/b-001/devices/wv-001/images/2026/09/19/eb9abe61-cc8f-4925-be98-5cc26611a779.jpg","2bfd2fdc4463fdf09689aea69cba69f4","image/jpeg","2193231","2026-09-19 03:40:53.051988+00","2026-09-19 03:40:55.627942+00"
"31199c0c-2430-5ec9-b0bc-42cf549d3660","t-001","f-001","b-001","wv-001","20260919_034102","farmiq-media","tenants/t-001/farms/f-001/barns/b-001/devices/wv-001/images/2026/09/19/40f02522-2794-4a94-b6fb-ef8e79782d73.jpg","ecceba009527564e962302c2c6773049","image/jpeg","2601536","2026-09-19 03:41:02.429881+00","2026-09-19 03:41:03.248676+00"
"4c511695-1027-5642-bf08-b7128575c854","t-001","f-001","b-001","wv-001","20260919_034102","farmiq-media","tenants/t-001/farms/f-001/barns/b-001/devices/wv-001/images/2026/09/19/a85096fd-f988-45c2-8f04-6bd283fb1618.jpg","b4f4d4d1ea96c1ac681dd8d774e7a1da","image/jpeg","2622209","2026-09-19 03:41:02.429881+00","2026-09-19 03:41:03.632095+00"
"9a5014f2-c591-52bd-aaca-18da7a75e324","t-001","f-001","b-001","wv-001","20260919_034135","farmiq-media","tenants/t-001/farms/f-001/barns/b-001/devices/wv-001/images/2026/09/19/07b8ab95-b3f2-4a30-919e-7412ec7a548d.jpg","9ad1e87f38353b30485f154a76d2319a","image/jpeg","2565996","2026-09-19 03:41:35.065785+00","2026-09-19 03:41:38.552995+00"
"c86c817e-3392-5fd3-a719-72b2e3caf0be","t-001","f-001","b-001","wv-001","20260919_034135","farmiq-media","tenants/t-001/farms/f-001/barns/b-001/devices/wv-001/images/2026/09/19/40cbd3cf-f482-4c04-821c-cb84fdf98284.jpg","f20092d7f7384da85e1540681ca2a9d6","image/jpeg","2584539","2026-09-19 03:41:35.065785+00","2026-09-19 03:41:40.578597+00"
"96795936-4389-567e-bd22-5139d7b55cb8","t-001","f-001","b-001","wv-001","20260919_034149","farmiq-media","tenants/t-001/farms/f-001/barns/b-001/devices/wv-001/images/2026/09/19/1cd92e7c-451c-40d3-a27f-3399758a8c1a.jpg","9d2bb7f39a5f55c22b52fd960b690cb3","image/jpeg","2535701","2026-09-19 03:41:49.915682+00","2026-09-19 03:41:52.641146+00"
"ccfce598-a474-52a7-a5e0-9eed05f1aa8e","t-001","f-001","b-001","wv-001","20260919_034149","farmiq-media","tenants/t-001/farms/f-001/barns/b-001/devices/wv-001/images/2026/09/19/868c537e-4729-4bbf-96f5-9cd4aca58541.jpg","087fe03d5a2fb771b2edf1e329429334","image/jpeg","2555337","2026-09-19 03:41:49.915682+00","2026-09-19 03:41:52.961459+00"
"53bf400d-da1a-5579-b4a9-78ca880936a6","t-001","f-001","b-001","wv-001","20260919_034200","farmiq-media","tenants/t-001/farms/f-001/barns/b-001/devices/wv-001/images/2026/09/19/63141867-231f-4f26-a61d-bcd387c270a5.jpg","52bc75193491c38b713c20b438ab8d9a","image/jpeg","2188556","2026-09-19 03:42:00.041705+00","2026-09-19 03:42:02.466627+00"
"df38add5-1a92-5905-8930-d089c2fef5c7","t-001","f-001","b-001","wv-001","20260919_034200","farmiq-media","tenants/t-001/farms/f-001/barns/b-001/devices/wv-001/images/2026/09/19/cd9c0abf-093f-4e66-849e-6e660f934bc5.jpg","a447a3189335b49b2104a911f122bed2","image/jpeg","2216415","2026-09-19 03:42:00.041705+00","2026-09-19 03:42:02.85246+00"
"daae579a-caa9-5de0-b61d-90276c0df1eb","t-001","f-001","b-001","wv-001","20260919_034219","farmiq-media","tenants/t-001/farms/f-001/barns/b-001/devices/wv-001/images/2026/09/19/6da796af-acaf-43b0-9eb8-3382e97dd474.jpg","f620164982bcf03edacd613ce1b226b9","image/jpeg","2421825","2026-09-19 03:42:19.027243+00","2026-09-19 03:42:20.485617+00"
"a43e7ef5-4317-59a1-b7ee-f10ad9c59094","t-001","f-001","b-001","wv-001","20260919_034219","farmiq-media","tenants/t-001/farms/f-001/barns/b-001/devices/wv-001/images/2026/09/19/9e0f145b-a142-4474-b76d-32e04ce56bf0.jpg","e70299107982053994815e3959e3eeb0","image/jpeg","2443166","2026-09-19 03:42:19.027243+00","2026-09-19 03:42:20.810107+00"
"bbb0aeb0-916c-57f9-898b-7211041b2833","t-001","f-001","b-001","wv-001","20260919_034308","farmiq-media","tenants/t-001/farms/f-001/barns/b-001/devices/wv-001/images/2026/09/19/4fcc43a1-78e0-4b31-a051-5eba535c518b.jpg","4d5363aaebc88d1726439b999f3e0af4","image/jpeg","2603563","2026-09-19 03:43:08.996122+00","2026-09-19 03:43:10.7455+00"
"a6fe163e-54c8-57d7-a75a-addbc4c5e8a2","t-001","f-001","b-001","wv-001","20260919_034308","farmiq-media","tenants/t-001/farms/f-001/barns/b-001/devices/wv-001/images/2026/09/19/5f7ac047-02db-431a-aed4-1c08d290500b.jpg","ffb2310e74c8b1fdfb370e1cabfaace4","image/jpeg","2618834","2026-09-19 03:43:08.996122+00","2026-09-19 03:43:11.132772+00"
"bc99cefe-e4a4-585b-a738-1d3b94047bbe","t-001","f-001","b-001","wv-001","20260919_034654","farmiq-media","tenants/t-001/farms/f-001/barns/b-001/devices/wv-001/images/2026/09/19/1a43bd0b-dbfa-4431-a694-22f04b903e73.jpg","d36b465e25c73e4a8ab426b698e750b9","image/jpeg","2526857","2026-09-19 03:46:54.777993+00","2026-09-19 03:46:58.357139+00"
"ebaa9647-78e3-5da6-b7d6-8f6eb0ac6126","t-001","f-001","b-001","wv-001","20260919_034654","farmiq-media","tenants/t-001/farms/f-001/barns/b-001/devices/wv-001/images/2026/09/19/0ffae5d9-eb92-4cb3-9f14-0843e7594410.jpg","99acf1245a08915513e9539c0c59c9ef","image/jpeg","2541587","2026-09-19 03:46:54.777993+00","2026-09-19 03:46:58.993119+00"
"c30c9e8b-317d-55b7-86e8-f0eb9b243a15","t-001","f-001","b-001","wv-001","20260919_035138","farmiq-media","tenants/t-001/farms/f-001/barns/b-001/devices/wv-001/images/2026/09/19/7eb53d24-d722-4104-8ce0-8c024d402e84.jpg","797615bda1b27fc6c469bd56c54fc03b","image/jpeg","2543498","2026-09-19 03:51:38.09391+00","2026-09-19 03:51:40.135246+00"
"bdc742f2-154b-5f49-98f9-c10575a5a7e0","t-001","f-001","b-001","wv-001","20260919_035138","farmiq-media","tenants/t-001/farms/f-001/barns/b-001/devices/wv-001/images/2026/09/19/58e280bb-0110-4094-80b5-38069eb7af09.jpg","789dfa2eeb2681284c56cc8125a23494","image/jpeg","2559187","2026-09-19 03:51:38.09391+00","2026-09-19 03:51:40.503849+00"
"fbfa6313-b6e6-5bb6-a3cb-23d4ea340f7b","t-001","f-001","b-001","wv-001","20260919_035154","farmiq-media","tenants/t-001/farms/f-001/barns/b-001/devices/wv-001/images/2026/09/19/a2afa97f-8006-4cfd-9d18-279093f3263f.jpg","08afc5952aa54359bbd09c61585e2f3b","image/jpeg","2626198","2026-09-19 03:51:54.685031+00","2026-09-19 03:51:56.129544+00"
"6d735151-1964-5897-9ff7-9b4bc4928120","t-001","f-001","b-001","wv-001","20260919_035154","farmiq-media","tenants/t-001/farms/f-001/barns/b-001/devices/wv-001/images/2026/09/19/059613ea-8b13-42a1-85ef-a318083f4e55.jpg","2b490849b69a0cf474c381f07aabba3e","image/jpeg","2641552","2026-09-19 03:51:54.685031+00","2026-09-19 03:51:56.533765+00"
"2a8c273d-701e-5ca5-906b-c72aa90c5ceb","t-001","f-001","b-001","wv-001","20260919_035848","farmiq-media","tenants/t-001/farms/f-001/barns/b-001/devices/wv-001/images/2026/09/19/873a6f3c-6560-4c80-b0f9-262dc1e2d046.jpg","75f1b996bd64d03c1ff7d30ad2ec5a9e","image/jpeg","2706523","2026-09-19 03:58:48.403918+00","2026-09-19 03:58:49.573439+00"
"c895343f-a920-5c8e-a74e-b25d01e76fba","t-001","f-001","b-001","wv-001","20260919_035848","farmiq-media","tenants/t-001/farms/f-001/barns/b-001/devices/wv-001/images/2026/09/19/212971a9-1d95-46d8-a065-9214691a657f.jpg","d37ffcdb733544dd00984a01dbd7fc14","image/jpeg","2723383","2026-09-19 03:58:48.403918+00","2026-09-19 03:58:49.983359+00"
"46075433-9959-5cd3-b10b-30f0587a8b25","t-001","f-001","b-001","wv-001","20260919_040540","farmiq-media","tenants/t-001/farms/f-001/barns/b-001/devices/wv-001/images/2026/09/19/1a5eb54e-85d2-4da4-83b9-e7d7f98bda67.jpg","3b01a7850621231c50a87fc38d54823a","image/jpeg","2713301","2026-09-19 04:05:40.456611+00","2026-09-19 04:05:41.050822+00"
"eb6a38d9-fc81-53dc-b140-e342ed5029fc","t-001","f-001","b-001","wv-001","20260919_040540","farmiq-media","tenants/t-001/farms/f-001/barns/b-001/devices/wv-001/images/2026/09/19/3685b2f2-b7b0-4463-a0c3-1444ca613b18.jpg","c9afb70e4a18a3f34d43f686f2bacfd1","image/jpeg","2733675","2026-09-19 04:05:40.456611+00","2026-09-19 04:05:41.39155+00"
"8ceaed9e-eb2c-5761-b3a8-fd85f77e7a65","t-001","f-001","b-001","wv-001","20260919_040623","farmiq-media","tenants/t-001/farms/f-001/barns/b-001/devices/wv-001/images/2026/09/19/c2f934d2-7119-4467-ac0f-412265e1ca59.jpg","ee61f5ab778777646dafad06d4ba23a4","image/jpeg","2606558","2026-09-19 04:06:23.764221+00","2026-09-19 04:06:25.256545+00"
"6224c000-646c-50b9-8cde-480a4abae198","t-001","f-001","b-001","wv-001","20260919_040623","farmiq-media","tenants/t-001/farms/f-001/barns/b-001/devices/wv-001/images/2026/09/19/e15e9c62-8f85-43e2-aad4-93c5fb014ce2.jpg","134e7ee378fa88a4e000f901fd917f6d","image/jpeg","2629336","2026-09-19 04:06:23.764221+00","2026-09-19 04:06:25.587608+00"
"82bee159-33b5-5220-953e-dbf005c75d94","t-001","f-001","b-001","wv-001","20260919_040627","farmiq-media","tenants/t-001/farms/f-001/barns/b-001/devices/wv-001/images/2026/09/19/8d709905-a574-4d9b-85f2-dadad427667c.jpg","c67eb7ba3454cc930de5b02ed3c88e37","image/jpeg","2352839","2026-09-19 04:06:27.91641+00","2026-09-19 04:06:31.130234+00"
"a18b73ef-ffd6-5383-bac4-f79e9864e4d9","t-001","f-001","b-001","wv-001","20260919_040627","farmiq-media","tenants/t-001/farms/f-001/barns/b-001/devices/wv-001/images/2026/09/19/82af4a61-622e-431f-9e40-bff4362a5eb7.jpg","d0f15b2fe2b19888db6e6fdb4b0e6aaf","image/jpeg","2378348","2026-09-19 04:06:27.91641+00","2026-09-19 04:06:31.480394+00"
"d61ff784-a959-5fdd-8cfa-a4ce11f82e9a","t-001","f-001","b-001","wv-001","20260919_040723","farmiq-media","tenants/t-001/farms/f-001/barns/b-001/devices/wv-001/images/2026/09/19/f75f5d14-debf-43ac-843e-963bde0c066a.jpg","15441bc1194cf8dace1f6e87e3dee921","image/jpeg","2495950","2026-09-19 04:07:23.610282+00","2026-09-19 04:07:25.382285+00"
"47634106-88ea-55f4-8b28-f9da6a31847d","t-001","f-001","b-001","wv-001","20260919_040723","farmiq-media","tenants/t-001/farms/f-001/barns/b-001/devices/wv-001/images/2026/09/19/1ecf00c1-a784-47c6-ba21-0d3e91784e4d.jpg","9f38ff38c98c8b75f6c7fc4ce53545f5","image/jpeg","2528721","2026-09-19 04:07:23.610282+00","2026-09-19 04:07:25.704094+00"
"6f44ad75-d340-52b7-ba2d-1f1a0affaf57","t-001","f-001","b-001","wv-001","20260919_040807","farmiq-media","tenants/t-001/farms/f-001/barns/b-001/devices/wv-001/images/2026/09/19/3fdafca0-7c02-492c-b396-f34b9d5a8713.jpg","94b3d4e2f5d7ac5251f111db0ef0f6de","image/jpeg","2666014","2026-09-19 04:08:07.864042+00","2026-09-19 04:08:09.652368+00"
"480fe180-3894-517c-a74c-79f8c30190f5","t-001","f-001","b-001","wv-001","20260919_040807","farmiq-media","tenants/t-001/farms/f-001/barns/b-001/devices/wv-001/images/2026/09/19/cdfc65b7-7fb3-47c6-9ceb-cff212d85017.jpg","0ae0f1558bb4daa6d601f46852f5600b","image/jpeg","2687651","2026-09-19 04:08:07.864042+00","2026-09-19 04:08:10.019106+00"
"b4cffab0-484b-5ea1-841e-68e669743cc4","t-001","f-001","b-001","wv-001","20260919_040847","farmiq-media","tenants/t-001/farms/f-001/barns/b-001/devices/wv-001/images/2026/09/19/83f964d9-d8b7-4156-ad14-21507a292681.jpg","0898ba25065aa3e23e154540fd57bc28","image/jpeg","2367394","2026-09-19 04:08:47.845419+00","2026-09-19 04:08:49.810706+00"
"8da65cd0-0876-5037-930b-58533ae19cbc","t-001","f-001","b-001","wv-001","20260919_040847","farmiq-media","tenants/t-001/farms/f-001/barns/b-001/devices/wv-001/images/2026/09/19/ab8e733a-d2fd-4668-8017-3e85676c50f5.jpg","9fea12f7166b55878bf34b0c2809220f","image/jpeg","2391742","2026-09-19 04:08:47.845419+00","2026-09-19 04:08:50.147109+00"
"43d38d93-432d-52c0-8afd-e6d7d9a87d6c","t-001","f-001","b-001","wv-001","20260919_040901","farmiq-media","tenants/t-001/farms/f-001/barns/b-001/devices/wv-001/images/2026/09/19/b69fdf0a-a95e-4407-8fdf-a097337a44a7.jpg","226036224f1f589f0c3a48d0cea86667","image/jpeg","2624956","2026-09-19 04:09:01.056283+00","2026-09-19 04:09:04.077546+00"
"bcb4fe44-b811-5fd1-9235-beeacc3198c7","t-001","f-001","b-001","wv-001","20260919_040901","farmiq-media","tenants/t-001/farms/f-001/barns/b-001/devices/wv-001/images/2026/09/19/f143632f-27fe-4904-8624-45eed5ee1bee.jpg","caa523e6f69e775cd8e66dca61d79a72","image/jpeg","2642793","2026-09-19 04:09:01.056283+00","2026-09-19 04:09:18.031528+00"
"206a66ef-066a-5665-85cd-00bf3924db66","t-001","f-001","b-001","wv-001","20260919_040906","farmiq-media","tenants/t-001/farms/f-001/barns/b-001/devices/wv-001/images/2026/09/19/73ad9b12-36cb-4802-b57f-6d647e82a50b.jpg","1a5bb33e01ecb84fbd58ac5859b7ef80","image/jpeg","2336186","2026-09-19 04:09:06.996431+00","2026-09-19 04:09:29.4181+00"
"cd4ca044-dd6b-5842-a236-43f5cab2d287","t-001","f-001","b-001","wv-001","20260919_040906","farmiq-media","tenants/t-001/farms/f-001/barns/b-001/devices/wv-001/images/2026/09/19/174a7f05-5f9e-4e58-87d8-95f7f480cc3b.jpg","840f6dbfc5450832b504a38bc31c515c","image/jpeg","2367104","2026-09-19 04:09:06.996431+00","2026-09-19 04:09:29.761356+00"
"f73e8edc-90c3-5fa4-954d-06e4a9086555","t-001","f-001","b-001","wv-001","20260919_040936","farmiq-media","tenants/t-001/farms/f-001/barns/b-001/devices/wv-001/images/2026/09/19/7aea479e-31af-4eac-a824-5f339f9bab7c.jpg","c21c1bb06ae8f3fc7225cf8c3daf9a0f","image/jpeg","2559742","2026-09-19 04:09:36.749377+00","2026-09-19 04:09:37.387807+00"
"5cf33c38-f273-5c57-a072-bf28709687b5","t-001","f-001","b-001","wv-001","20260919_040936","farmiq-media","tenants/t-001/farms/f-001/barns/b-001/devices/wv-001/images/2026/09/19/e544bf29-d3d5-465c-bee7-c5158a510512.jpg","2e096c330586484e544fb5a9d79b5e11","image/jpeg","2588741","2026-09-19 04:09:36.749377+00","2026-09-19 04:09:37.701495+00"
"61e2b7fe-4fac-5281-bb59-fa4e8bbde377","t-001","f-001","b-001","wv-001","20260919_040940","farmiq-media","tenants/t-001/farms/f-001/barns/b-001/devices/wv-001/images/2026/09/19/a33daa46-f309-489c-ab88-b30f0ac0e618.jpg","5d0a13044505a1f072f48e97c4a2bad8","image/jpeg","2335040","2026-09-19 04:09:40.783177+00","2026-09-19 04:09:43.186041+00"
"34fc772e-8811-5538-814c-76ecdc3c91d8","t-001","f-001","b-001","wv-001","20260919_040940","farmiq-media","tenants/t-001/farms/f-001/barns/b-001/devices/wv-001/images/2026/09/19/6be34f22-f4e6-427a-acf8-c93e5bd126e7.jpg","2924ae26eec9290fabadbc7db5662280","image/jpeg","2365276","2026-09-19 04:09:40.783177+00","2026-09-19 04:09:43.461115+00"
"08d6c635-ec35-530d-9ae4-55a9caa8256d","t-001","f-001","b-001","wv-001","20260919_040957","farmiq-media","tenants/t-001/farms/f-001/barns/b-001/devices/wv-001/images/2026/09/19/cc29430c-4ff4-4008-bf27-8d383107c563.jpg","b6734ab6000f5e8acfcbd4e87267abb7","image/jpeg","2635113","2026-09-19 04:09:57.936122+00","2026-09-19 04:09:59.055694+00"
"fe743e9b-9f9a-5c85-9222-0a9e2c0a9450","t-001","f-001","b-001","wv-001","20260919_040957","farmiq-media","tenants/t-001/farms/f-001/barns/b-001/devices/wv-001/images/2026/09/19/8a21cf20-6390-4f67-9086-d96878aafca9.jpg","dd0e3c4e813d4992ab09e06d53c2af50","image/jpeg","2657744","2026-09-19 04:09:57.936122+00","2026-09-19 04:09:59.491173+00"
"164324cc-ae9e-5d12-b41a-cd092cb18c27","t-001","f-001","b-001","wv-001","20260919_041128","farmiq-media","tenants/t-001/farms/f-001/barns/b-001/devices/wv-001/images/2026/09/19/2a8f6728-7124-490a-8c99-0dcfc0e4c47f.jpg","3ce2a9da4a4850d2d778b6c9e8de13b8","image/jpeg","2232355","2026-09-19 04:11:28.975567+00","2026-09-19 04:11:29.764902+00"
"35e0fbfb-9665-57d1-afbc-8fcbc682b04f","t-001","f-001","b-001","wv-001","20260919_041128","farmiq-media","tenants/t-001/farms/f-001/barns/b-001/devices/wv-001/images/2026/09/19/96fdd62b-5993-4d97-a3d8-b7e6780e8ac8.jpg","cf83edc80eead15f78bda6677b26bbb5","image/jpeg","2264249","2026-09-19 04:11:28.975567+00","2026-09-19 04:11:30.054184+00"
"bb8005f4-9698-56d8-9bea-13f3497994b7","t-001","f-001","b-001","wv-001","20260919_041155","farmiq-media","tenants/t-001/farms/f-001/barns/b-001/devices/wv-001/images/2026/09/19/64095705-f065-4d7a-9cb4-3021e0f4922f.jpg","17e11507935f806705fbe885be605450","image/jpeg","2113211","2026-09-19 04:11:55.757709+00","2026-09-19 04:11:57.698118+00"
"dc6f8959-ebd3-533a-861e-c1c655b6718d","t-001","f-001","b-001","wv-001","20260919_041155","farmiq-media","tenants/t-001/farms/f-001/barns/b-001/devices/wv-001/images/2026/09/19/e493b754-bdc1-469e-901c-1f251855c6a8.jpg","512a01735d857421607d12561fdcc74c","image/jpeg","2145009","2026-09-19 04:11:55.757709+00","2026-09-19 04:11:57.99499+00"
"9e847cfb-b466-5ab3-af81-6304743424c8","t-001","f-001","b-001","wv-001","20260919_041624","farmiq-media","tenants/t-001/farms/f-001/barns/b-001/devices/wv-001/images/2026/09/19/77c1890b-38a4-45a9-8c09-a7498703abec.jpg","5190ef39fef6fe03f0293deb318cdde3","image/jpeg","2492286","2026-09-19 04:16:24.857272+00","2026-09-19 04:16:25.801097+00"
"159779df-4f5a-5f48-8d32-00b8d237b007","t-001","f-001","b-001","wv-001","20260919_041624","farmiq-media","tenants/t-001/farms/f-001/barns/b-001/devices/wv-001/images/2026/09/19/2abd785b-080f-48ed-800d-fc8b3edef3e8.jpg","ad255702a1fe85b1c4608aeb17abea9c","image/jpeg","2515732","2026-09-19 04:16:24.857272+00","2026-09-19 04:16:26.205099+00"
"3bca578e-49bb-53d9-b1e4-37945a75f794","t-001","f-001","b-001","wv-001","20260919_041948","farmiq-media","tenants/t-001/farms/f-001/barns/b-001/devices/wv-001/images/2026/09/19/2624f614-693a-4960-803f-2f52ef76e4ad.jpg","e0d39649d5f7789cb8ac74f543e7f2ca","image/jpeg","2547446","2026-09-19 04:19:48.493101+00","2026-09-19 04:19:49.412486+00"
"aecb1a6b-ad44-53b9-9fc5-28970b58bd37","t-001","f-001","b-001","wv-001","20260919_041948","farmiq-media","tenants/t-001/farms/f-001/barns/b-001/devices/wv-001/images/2026/09/19/90bad219-6353-476c-bbc2-186815f0708b.jpg","38487e12dddc78c4b83d0b240e5269f2","image/jpeg","2570861","2026-09-19 04:19:48.493101+00","2026-09-19 04:19:49.752737+00"
"fcffcafa-e531-5170-8d74-ef272d9fff92","t-001","f-001","b-001","wv-001","20260919_042603","farmiq-media","tenants/t-001/farms/f-001/barns/b-001/devices/wv-001/images/2026/09/19/7208e258-2bfd-4f8a-85d5-6bd3a7d17530.jpg","fe94baae98d530238e297b34cb6505a6","image/jpeg","2562775","2026-09-19 04:26:03.406873+00","2026-09-19 04:26:04.469143+00"
"9daa2665-97d7-5009-87ab-2293ceb24a48","t-001","f-001","b-001","wv-001","20260919_042603","farmiq-media","tenants/t-001/farms/f-001/barns/b-001/devices/wv-001/images/2026/09/19/8dc3a8c1-e11a-40e8-94be-fac6a00ebb9b.jpg","ad7a613020d2d28397f615bb7a1b77b5","image/jpeg","2579725","2026-09-19 04:26:03.406873+00","2026-09-19 04:26:04.834275+00"
"689d7961-835b-5702-8ba7-c65661366513","t-001","f-001","b-001","wv-001","20260919_042736","farmiq-media","tenants/t-001/farms/f-001/barns/b-001/devices/wv-001/images/2026/09/19/c6941e56-6eb2-4216-9893-23ef045b1b8d.jpg","bc6b666feda66fdb1e8d03229535fb62","image/jpeg","2615461","2026-09-19 04:27:36.412393+00","2026-09-19 04:27:37.28814+00"
"ef51b2b7-1c58-5072-b05f-fa9858c7ab64","t-001","f-001","b-001","wv-001","20260919_042736","farmiq-media","tenants/t-001/farms/f-001/barns/b-001/devices/wv-001/images/2026/09/19/ac28baeb-813c-4e56-bd9c-39c184b2ea81.jpg","07ed835a4ac52ec564590f626ab439ed","image/jpeg","2629860","2026-09-19 04:27:36.412393+00","2026-09-19 04:27:37.644243+00"
"a104f3cc-b124-56b0-8fa2-f0d0d7f05409","t-001","f-001","b-001","wv-001","20260919_042740","farmiq-media","tenants/t-001/farms/f-001/barns/b-001/devices/wv-001/images/2026/09/19/368e8e9b-3bf4-464c-842e-89a536681473.jpg","306506f387ac268457330ab7f38624aa","image/jpeg","2575544","2026-09-19 04:27:40.740522+00","2026-09-19 04:27:43.202957+00"
"c71647cd-26fa-5bb0-963a-db62149a1523","t-001","f-001","b-001","wv-001","20260919_042740","farmiq-media","tenants/t-001/farms/f-001/barns/b-001/devices/wv-001/images/2026/09/19/00901c19-73e6-435f-973e-7a8a628db70a.jpg","3bae9c22b47cb4d0395bf5a05611d53d","image/jpeg","2591444","2026-09-19 04:27:40.740522+00","2026-09-19 04:27:43.582933+00"
"9a10bef3-e583-5dbf-bd7a-0835ceb5e786","t-001","f-001","b-001","wv-001","20260919_042816","farmiq-media","tenants/t-001/farms/f-001/barns/b-001/devices/wv-001/images/2026/09/19/7ee4bc23-1f52-41a6-ac87-7a23415d1be6.jpg","9f5f2e6bf402782e4502dd6ed680ac8c","image/jpeg","2731509","2026-09-19 04:28:16.524345+00","2026-09-19 04:28:17.390463+00"
"bc088a92-d215-5c62-8242-20560fb837a0","t-001","f-001","b-001","wv-001","20260919_042816","farmiq-media","tenants/t-001/farms/f-001/barns/b-001/devices/wv-001/images/2026/09/19/2f101e52-d5da-4a12-8015-1e2c5151ec80.jpg","cd72443414c7f3f4fafd918a383c899a","image/jpeg","2745563","2026-09-19 04:28:16.524345+00","2026-09-19 04:28:17.753294+00"
"5aac44af-d281-539e-83bd-c81c6368a769","t-001","f-001","b-001","wv-001","20260919_042930","farmiq-media","tenants/t-001/farms/f-001/barns/b-001/devices/wv-001/images/2026/09/19/647de7a1-e5be-4386-baaf-bc63ab633d9c.jpg","456bf874f13071e80d015c3c2ee9a72e","image/jpeg","2729235","2026-09-19 04:29:30.959+00","2026-09-19 04:29:32.001629+00"
"5fd916e1-c7f7-53da-bf15-37ca1bf0b770","t-001","f-001","b-001","wv-001","20260919_042930","farmiq-media","tenants/t-001/farms/f-001/barns/b-001/devices/wv-001/images/2026/09/19/ba823a34-e62d-40cb-aafe-c70010780e63.jpg","a729c9164583ad6280526165c5d9b927","image/jpeg","2746704","2026-09-19 04:29:30.959+00","2026-09-19 04:29:32.384524+00"
"d9e85409-53e2-550f-b4ee-23be23d82b11","t-001","f-001","b-001","wv-001","20260919_043007","farmiq-media","tenants/t-001/farms/f-001/barns/b-001/devices/wv-001/images/2026/09/19/dbfc32b1-416a-41be-8408-bb0ed8f6374b.jpg","691cbc7fe3b2dbc7ce5894ff1f7df343","image/jpeg","2441870","2026-09-19 04:30:07.954122+00","2026-09-19 04:30:10.063055+00"
"c42a5ed3-f776-5553-a85d-598c80e8d642","t-001","f-001","b-001","wv-001","20260919_043007","farmiq-media","tenants/t-001/farms/f-001/barns/b-001/devices/wv-001/images/2026/09/19/0b35330d-224d-4a68-b7c0-25ac17e31d8b.jpg","4e602e0029e21fa97de2144dbede5d5e","image/jpeg","2464854","2026-09-19 04:30:07.954122+00","2026-09-19 04:30:10.494666+00"
"6ae6f7bb-4daa-59b4-a0f8-17ac52151ef8","t-001","f-001","b-001","wv-001","20260919_043053","farmiq-media","tenants/t-001/farms/f-001/barns/b-001/devices/wv-001/images/2026/09/19/ae688f0d-ef7d-4e05-ad55-a517af14d7ec.jpg","ac545173fbfe75c673b82f1d36c17c63","image/jpeg","2633856","2026-09-19 04:30:53.178055+00","2026-09-19 04:30:54.353825+00"
"f3ba1c3d-6cfd-56c3-859d-daa43925081d","t-001","f-001","b-001","wv-001","20260919_043053","farmiq-media","tenants/t-001/farms/f-001/barns/b-001/devices/wv-001/images/2026/09/19/a1554548-e7f9-4d22-be8e-9d74768fe3b2.jpg","bdb87849f26273670461445ab4908871","image/jpeg","2654005","2026-09-19 04:30:53.178055+00","2026-09-19 04:30:54.711694+00"
"96d3f8a6-1e48-5b26-969c-45eda2d425d4","t-001","f-001","b-001","wv-001","20260919_044004","farmiq-media","tenants/t-001/farms/f-001/barns/b-001/devices/wv-001/images/2026/09/19/a8685026-d1be-4531-8b69-b14e0a69c8a5.jpg","362133d83e563f9521f8dde4635aed2e","image/jpeg","2706975","2026-09-19 04:40:04.988856+00","2026-09-19 04:40:06.932276+00"
"b6a3998e-4fa4-51f2-8f67-ac87d8e05b76","t-001","f-001","b-001","wv-001","20260919_044004","farmiq-media","tenants/t-001/farms/f-001/barns/b-001/devices/wv-001/images/2026/09/19/3367dfeb-dd8a-44fb-8e40-8691ff104aeb.jpg","9b3de6a5523188ffcb7a2e8df68dbefc","image/jpeg","2726567","2026-09-19 04:40:04.988856+00","2026-09-19 04:40:07.286694+00"
"d32f854e-ba27-594d-9f65-cb66f69a5950","t-001","f-001","b-001","wv-001","20260919_044312","farmiq-media","tenants/t-001/farms/f-001/barns/b-001/devices/wv-001/images/2026/09/19/ad2d708e-bc28-4259-8da5-912131dbbc15.jpg","126f06cbca001f73b0b8c3feb1dc687e","image/jpeg","2640227","2026-09-19 04:43:12.946124+00","2026-09-19 04:43:14.437877+00"
"fae1ae83-c42c-5995-89ff-44c82fbb527f","t-001","f-001","b-001","wv-001","20260919_044312","farmiq-media","tenants/t-001/farms/f-001/barns/b-001/devices/wv-001/images/2026/09/19/5fd31c77-4f9d-4685-92a5-345c15529435.jpg","b39b8d40f3faee871bc0f6fa476d0dc3","image/jpeg","2662083","2026-09-19 04:43:12.946124+00","2026-09-19 04:43:14.796237+00"
"ffae5ca2-a9a3-5fd7-9eaa-0897de46b6da","t-001","f-001","b-001","wv-001","20260919_044422","farmiq-media","tenants/t-001/farms/f-001/barns/b-001/devices/wv-001/images/2026/09/19/7940157a-171d-439d-b30d-a4d3cb67dd46.jpg","4f5fee4bfe7ecd6c1686acde7b87a763","image/jpeg","2540948","2026-09-19 04:44:22.188479+00","2026-09-19 04:44:22.840813+00"
"ca8985d8-379a-50dc-9b8f-29cea2f41d99","t-001","f-001","b-001","wv-001","20260919_044422","farmiq-media","tenants/t-001/farms/f-001/barns/b-001/devices/wv-001/images/2026/09/19/7a9b8a51-bedd-4064-9f38-b6741437a3ad.jpg","25af306681a4ccf39d1aebfe43cf3975","image/jpeg","2567569","2026-09-19 04:44:22.188479+00","2026-09-19 04:44:23.229438+00"
"8511f21e-6ef4-585c-a16f-c485577d1262","t-001","f-001","b-001","wv-001","20260919_044500","farmiq-media","tenants/t-001/farms/f-001/barns/b-001/devices/wv-001/images/2026/09/19/375db970-7935-4749-864f-b2aff38b1708.jpg","29b63e9dfe08033163f3c7c432d03cef","image/jpeg","2431780","2026-09-19 04:45:00.627805+00","2026-09-19 04:45:03.033743+00"
"5edc1757-de69-58f4-860b-72c126b89fa5","t-001","f-001","b-001","wv-001","20260919_044500","farmiq-media","tenants/t-001/farms/f-001/barns/b-001/devices/wv-001/images/2026/09/19/474a20b0-d424-45e7-acd4-6e0ea0a42643.jpg","8e153960d4a02222df8641250244c2e3","image/jpeg","2459554","2026-09-19 04:45:00.627805+00","2026-09-19 04:45:03.430744+00"
"ac1da986-196e-57e2-af9d-17da4822dbad","t-001","f-001","b-001","wv-001","20260919_044508","farmiq-media","tenants/t-001/farms/f-001/barns/b-001/devices/wv-001/images/2026/09/19/a79fb41b-5733-44fe-b46e-ef28935850ea.jpg","5b0789d211ed4b360e0457c389547180","image/jpeg","2559412","2026-09-19 04:45:08.923226+00","2026-09-19 04:45:11.080578+00"
"da6908c9-42a1-5ee5-a440-be0adfefc0e1","t-001","f-001","b-001","wv-001","20260919_044508","farmiq-media","tenants/t-001/farms/f-001/barns/b-001/devices/wv-001/images/2026/09/19/0ec00572-9b4e-42e5-b6fe-0f81071afd9d.jpg","1177f8c2ee7a2d3fc3b0a04c5955f3ce","image/jpeg","2578383","2026-09-19 04:45:08.923226+00","2026-09-19 04:45:11.472716+00"
"0900ca15-4fc7-59fe-9aad-1b0b62d6220b","t-001","f-001","b-001","wv-001","20260919_044613","farmiq-media","tenants/t-001/farms/f-001/barns/b-001/devices/wv-001/images/2026/09/19/1210206a-4b7a-4284-8177-532acb422836.jpg","fdd128dd75996fc5c1314913f58376f6","image/jpeg","2562046","2026-09-19 04:46:13.248173+00","2026-09-19 04:46:15.492831+00"
"72d95e02-25b1-5284-8266-8302e2053284","t-001","f-001","b-001","wv-001","20260919_044613","farmiq-media","tenants/t-001/farms/f-001/barns/b-001/devices/wv-001/images/2026/09/19/1c2835b6-4c7a-43f6-88cb-587940ecf9d9.jpg","bd0943bffff1dc7906b22074e8b23955","image/jpeg","2585336","2026-09-19 04:46:13.248173+00","2026-09-19 04:46:15.906111+00"
"9ee92963-6c44-5176-a843-5ce031652a22","t-001","f-001","b-001","wv-001","20260919_044641","farmiq-media","tenants/t-001/farms/f-001/barns/b-001/devices/wv-001/images/2026/09/19/0ef29cdc-5da0-4428-aadb-3dbadcf4d0ee.jpg","e07210691dac02ed79d4e401c01ced26","image/jpeg","2612433","2026-09-19 04:46:41.503777+00","2026-09-19 04:46:43.659256+00"
"02139fe2-74d5-55ff-9c88-7f9a50782009","t-001","f-001","b-001","wv-001","20260919_044641","farmiq-media","tenants/t-001/farms/f-001/barns/b-001/devices/wv-001/images/2026/09/19/2364e6ff-9a53-4c36-b5e5-102f48e6c2f1.jpg","86b8e41244e22e587ea26e1324f81587","image/jpeg","2639549","2026-09-19 04:46:41.503777+00","2026-09-19 04:46:44.106367+00"
"b7b161ec-bc9d-53e6-b320-1b3d29aa735c","t-001","f-001","b-001","wv-001","20260919_044719","farmiq-media","tenants/t-001/farms/f-001/barns/b-001/devices/wv-001/images/2026/09/19/bf50d326-411c-489b-8750-b38c5e3fd219.jpg","d692ae416f1aee218f8d89a97150070d","image/jpeg","2243010","2026-09-19 04:47:19.557845+00","2026-09-19 04:47:21.930403+00"
"f186b2c3-a4ee-582b-a1d4-aa0df637f334","t-001","f-001","b-001","wv-001","20260919_044719","farmiq-media","tenants/t-001/farms/f-001/barns/b-001/devices/wv-001/images/2026/09/19/d570424b-0ff7-48d1-ae5b-aa38cd7e726f.jpg","9c2c2345fca7fb67335146c83664bc5a","image/jpeg","2272777","2026-09-19 04:47:19.557845+00","2026-09-19 04:47:22.281734+00"
"08b6b9bd-b7cd-5f9e-a60a-abf7f2c616c7","t-001","f-001","b-001","wv-001","20260919_044723","farmiq-media","tenants/t-001/farms/f-001/barns/b-001/devices/wv-001/images/2026/09/19/ff84f022-f35e-4f75-9e69-970a08ac0a20.jpg","8e54ccba83f263a86c8791a84f02ceae","image/jpeg","2176536","2026-09-19 04:47:23.981555+00","2026-09-19 04:47:31.244708+00"
"6cff736c-2680-5946-b609-595e938e3ab1","t-001","f-001","b-001","wv-001","20260919_044723","farmiq-media","tenants/t-001/farms/f-001/barns/b-001/devices/wv-001/images/2026/09/19/f8342cdd-adcc-41b3-8429-f9b2dd8464fc.jpg","b42ab8e36d9b290dc265efea1f315206","image/jpeg","2208231","2026-09-19 04:47:23.981555+00","2026-09-19 04:47:35.301132+00"
"97835b7e-0a9f-5eef-bc41-9aaea02e95a3","t-001","f-001","b-001","wv-001","20260919_044733","farmiq-media","tenants/t-001/farms/f-001/barns/b-001/devices/wv-001/images/2026/09/19/c40a71de-e90e-4c43-9d63-07a23c04b617.jpg","c4f3fb89bcf37b691c830a80c9c22f56","image/jpeg","2409255","2026-09-19 04:47:33.359683+00","2026-09-19 04:47:43.526647+00"
"6170c19b-3423-5db2-b1fe-48e918de4e61","t-001","f-001","b-001","wv-001","20260919_044733","farmiq-media","tenants/t-001/farms/f-001/barns/b-001/devices/wv-001/images/2026/09/19/a4eab03a-7104-4d60-bc67-1ac011d62a5b.jpg","a59053234839cf45ffe372c956a94c13","image/jpeg","2440561","2026-09-19 04:47:33.359683+00","2026-09-19 04:47:49.090475+00"
"91561d11-d0d3-5d03-b9de-992f34b4360c","t-001","f-001","b-001","wv-001","20260919_044737","farmiq-media","tenants/t-001/farms/f-001/barns/b-001/devices/wv-001/images/2026/09/19/6c17dfcf-0710-41fa-8e1d-fb867346f84d.jpg","f883025628c54035a6b090eb6dbee270","image/jpeg","2240911","2026-09-19 04:47:37.461546+00","2026-09-19 04:47:53.883613+00"
"dd3fefc7-aa95-5e22-8d74-852702c33bd8","t-001","f-001","b-001","wv-001","20260919_044737","farmiq-media","tenants/t-001/farms/f-001/barns/b-001/devices/wv-001/images/2026/09/19/99ade552-83d9-4be2-b8cc-3a032819444d.jpg","16821f8a24f5626a112ecbf4d3b0f6ec","image/jpeg","2278083","2026-09-19 04:47:37.461546+00","2026-09-19 04:47:55.908029+00"
"bd6f1d9d-75a2-5b57-a4d2-c722ab6df09c","t-001","f-001","b-001","wv-001","20260919_044918","farmiq-media","tenants/t-001/farms/f-001/barns/b-001/devices/wv-001/images/2026/09/19/018ca459-ca8a-4855-9e94-39c44183c1bc.jpg","0969919d30f98887a0c5165e9db3e3c8","image/jpeg","2448970","2026-09-19 04:49:18.208875+00","2026-09-19 04:49:19.437013+00"
"6102c0b2-71e7-5f34-8321-875de112279c","t-001","f-001","b-001","wv-001","20260919_044918","farmiq-media","tenants/t-001/farms/f-001/barns/b-001/devices/wv-001/images/2026/09/19/d4e34c88-0605-484b-afd0-5cee0487a0ce.jpg","8e3646e247f46337e5b2fda751cd2e15","image/jpeg","2487844","2026-09-19 04:49:18.208875+00","2026-09-19 04:49:19.807347+00"
"8383249b-48c4-596d-ad34-469d8509022e","t-001","f-001","b-001","wv-001","20260919_045004","farmiq-media","tenants/t-001/farms/f-001/barns/b-001/devices/wv-001/images/2026/09/19/96bce95d-0685-4a36-8603-0b2fa0629b06.jpg","f9bb399dca73d6bc37cb3ff0880ccba9","image/jpeg","2562392","2026-09-19 04:50:04.587825+00","2026-09-19 04:50:05.68556+00"
"aa304e3b-9e42-568e-9d5c-04615ee200de","t-001","f-001","b-001","wv-001","20260919_045004","farmiq-media","tenants/t-001/farms/f-001/barns/b-001/devices/wv-001/images/2026/09/19/b77806d9-26ba-425d-8527-39605fc51646.jpg","97bfef328686d3cdad25db9c2c8d92cb","image/jpeg","2587304","2026-09-19 04:50:04.587825+00","2026-09-19 04:50:06.01308+00"
"0630ca76-6585-593a-b353-487428ab3a8c","t-001","f-001","b-001","wv-001","20260919_045056","farmiq-media","tenants/t-001/farms/f-001/barns/b-001/devices/wv-001/images/2026/09/19/bc2a042b-bc87-45b7-9ec8-97e453bd76dc.jpg","c76b0a86ba16f4344076679cd239e237","image/jpeg","2445064","2026-09-19 04:50:56.715354+00","2026-09-19 04:50:57.927343+00"
"be7daba5-e96e-553d-b656-fef8daa7ee58","t-001","f-001","b-001","wv-001","20260919_045056","farmiq-media","tenants/t-001/farms/f-001/barns/b-001/devices/wv-001/images/2026/09/19/2e798a36-32e9-4ba3-b6a8-eecb9284efa1.jpg","b3709692716dc7e42c5aaea616d678e1","image/jpeg","2472980","2026-09-19 04:50:56.715354+00","2026-09-19 04:50:58.257046+00"
"95efdf3f-3f23-5d59-b767-0c4eb85be9c0","t-001","f-001","b-001","wv-001","20260919_045154","farmiq-media","tenants/t-001/farms/f-001/barns/b-001/devices/wv-001/images/2026/09/19/2b2b1cea-8dc9-4a4c-acc1-2d9fc0ffa42c.jpg","e9a72c2223375fa4d6addac0586fb30c","image/jpeg","2546048","2026-09-19 04:51:54.615364+00","2026-09-19 04:51:56.240265+00"
"c713fa19-9b83-5f64-bfec-6eae5bae50cb","t-001","f-001","b-001","wv-001","20260919_045154","farmiq-media","tenants/t-001/farms/f-001/barns/b-001/devices/wv-001/images/2026/09/19/1345f862-d5ce-45ae-b2bd-7e31a01d0270.jpg","9bc66e3e38a4d31d88083ef17325ab2d","image/jpeg","2576701","2026-09-19 04:51:54.615364+00","2026-09-19 04:51:56.578191+00"
"27644bc4-76d8-5a3a-9c20-ad765c58a4c7","t-001","f-001","b-001","wv-001","20260919_045222","farmiq-media","tenants/t-001/farms/f-001/barns/b-001/devices/wv-001/images/2026/09/19/588b066d-b7b7-46ff-8495-b48116cf05aa.jpg","e32affaf550d2d3cbda49e5e035f1f8a","image/jpeg","2589866","2026-09-19 04:52:22.769289+00","2026-09-19 04:52:24.303025+00"
"871832b4-6b89-5536-b9e9-428c25050381","t-001","f-001","b-001","wv-001","20260919_045222","farmiq-media","tenants/t-001/farms/f-001/barns/b-001/devices/wv-001/images/2026/09/19/ffbf88a7-d137-41e6-a550-1353e0c724cf.jpg","d8bd0e072a9507ca77e8c0c502acf520","image/jpeg","2612308","2026-09-19 04:52:22.769289+00","2026-09-19 04:52:24.662877+00"
"54ce2da8-0e08-5d4a-9070-f4240680657e","t-001","f-001","b-001","wv-001","20260919_045408","farmiq-media","tenants/t-001/farms/f-001/barns/b-001/devices/wv-001/images/2026/09/19/d1e36329-301a-4247-8e70-561afda45d4f.jpg","b176000af2fbce039729b85d7b54e5fb","image/jpeg","2462388","2026-09-19 04:54:08.968499+00","2026-09-19 04:54:10.980033+00"
"c767ddb3-ef0c-584d-8b3e-2052fbce3c5f","t-001","f-001","b-001","wv-001","20260919_045408","farmiq-media","tenants/t-001/farms/f-001/barns/b-001/devices/wv-001/images/2026/09/19/d7232ccd-508a-4fa5-a578-d33691f47657.jpg","6518a131ce16a2c74f00f79f902fc5b8","image/jpeg","2491745","2026-09-19 04:54:08.968499+00","2026-09-19 04:54:11.312207+00"
"fef07ce0-3228-5a6f-a1ac-3e7265f30568","t-001","f-001","b-001","wv-001","20260919_045452","farmiq-media","tenants/t-001/farms/f-001/barns/b-001/devices/wv-001/images/2026/09/19/81edce21-4795-4723-acde-63a38ae35892.jpg","ec31cbb854efbda7923d51ddff6307b0","image/jpeg","2639524","2026-09-19 04:54:52.868571+00","2026-09-19 04:54:55.239144+00"
"7283f6a2-b4f9-5f0b-a204-ace4160d967f","t-001","f-001","b-001","wv-001","20260919_045452","farmiq-media","tenants/t-001/farms/f-001/barns/b-001/devices/wv-001/images/2026/09/19/2a91cb15-b198-42b8-8410-53b0488aede7.jpg","57fe42aa2e02283b3df69126d521e287","image/jpeg","2655649","2026-09-19 04:54:52.868571+00","2026-09-19 04:54:55.571277+00"
"c0aaf48c-d942-58d1-8a9f-fae5802936ac","t-001","f-001","b-001","wv-001","20260919_045456","farmiq-media","tenants/t-001/farms/f-001/barns/b-001/devices/wv-001/images/2026/09/19/6418f918-a92f-43a9-9e52-2941185e97c0.jpg","305924a20b12db7a3081d6b74391ba0d","image/jpeg","2413800","2026-09-19 04:54:56.979312+00","2026-09-19 04:55:01.046615+00"
"0e740a06-d1ad-5a93-a03f-b447b50e641f","t-001","f-001","b-001","wv-001","20260919_045456","farmiq-media","tenants/t-001/farms/f-001/barns/b-001/devices/wv-001/images/2026/09/19/ef9a101e-c7f0-4cba-a807-8db341cc0890.jpg","1c49437ae200537f12e1705de087a31c","image/jpeg","2431318","2026-09-19 04:54:56.979312+00","2026-09-19 04:55:01.397335+00"
"4b963f2d-00ca-527a-a6d0-c9403d869e23","t-001","f-001","b-001","wv-001","20260919_045540","farmiq-media","tenants/t-001/farms/f-001/barns/b-001/devices/wv-001/images/2026/09/19/f06ec75e-1ce4-4a54-a439-cf60215af774.jpg","d8eae28ee859e2c586d918f4ada73be9","image/jpeg","2489386","2026-09-19 04:55:40.559792+00","2026-09-19 04:55:41.229761+00"
"6f2c3967-24f7-50c9-9c5d-89584025407d","t-001","f-001","b-001","wv-001","20260919_045540","farmiq-media","tenants/t-001/farms/f-001/barns/b-001/devices/wv-001/images/2026/09/19/cd537361-d1fc-4f57-b579-69925fbbe69e.jpg","3c0538ba818f72f2776231cf7ed61984","image/jpeg","2516546","2026-09-19 04:55:40.559792+00","2026-09-19 04:55:41.600942+00"
"6557deac-2830-5636-b00d-5aeea5cddbe1","t-001","f-001","b-001","wv-001","20260919_053336","farmiq-media","tenants/t-001/farms/f-001/barns/b-001/devices/wv-001/images/2026/09/19/3e6b0821-687d-4f8c-a012-a3e15c1c7236.jpg","03cb79f63669e8db6c26694ba792f5e9","image/jpeg","2675056","2026-09-19 05:33:36.120348+00","2026-09-19 05:33:38.394107+00"
"9e7decdf-7017-521b-81f2-507f9cd91793","t-001","f-001","b-001","wv-001","20260919_053336","farmiq-media","tenants/t-001/farms/f-001/barns/b-001/devices/wv-001/images/2026/09/19/1a41c824-e5f6-4e02-8cf0-3beeed1e5671.jpg","9647b2026aa675b158f01eb6005aa0a6","image/jpeg","2694919","2026-09-19 05:33:36.120348+00","2026-09-19 05:33:39.671388+00"
"b771c853-07b4-5687-9b9c-58c25f3cdd4c","t-001","f-001","b-001","wv-001","20260919_053351","farmiq-media","tenants/t-001/farms/f-001/barns/b-001/devices/wv-001/images/2026/09/19/3f6809de-7242-4bf3-82e3-626091cbba59.jpg","66335992edbeca99ee5cdd3b67d6bcee","image/jpeg","2692221","2026-09-19 05:33:51.288721+00","2026-09-19 05:33:54.197578+00"
"239e108b-8a88-5b04-bf2e-762484a1d9eb","t-001","f-001","b-001","wv-001","20260919_053351","farmiq-media","tenants/t-001/farms/f-001/barns/b-001/devices/wv-001/images/2026/09/19/f3a2e04e-f5b0-4016-bc6f-9da78ea232b0.jpg","79a5c8b41fffbe200da975b9519eae98","image/jpeg","2717784","2026-09-19 05:33:51.288721+00","2026-09-19 05:33:55.123299+00"
"42712d76-9566-54e3-890c-652c3817aee6","t-001","f-001","b-001","wv-001","20260919_053506","farmiq-media","tenants/t-001/farms/f-001/barns/b-001/devices/wv-001/images/2026/09/19/c9b3d3f5-6f6c-4505-8aa5-61412cebefd6.jpg","2dc7f4b0a34418e33a935cf3c05b922c","image/jpeg","2619472","2026-09-19 05:35:06.127717+00","2026-09-19 05:35:07.883292+00"
"3d5c4e1f-004e-5771-9f0f-92b3b5ce65c1","t-001","f-001","b-001","wv-001","20260919_053506","farmiq-media","tenants/t-001/farms/f-001/barns/b-001/devices/wv-001/images/2026/09/19/40f77eb8-3755-4093-8dad-cd0df5432db5.jpg","0843d0af0c740fba041e71b416e65da7","image/jpeg","2644979","2026-09-19 05:35:06.127717+00","2026-09-19 05:35:08.930116+00"
"5ead894d-1745-5b76-b30f-0079295fc77c","t-001","f-001","b-001","wv-001","20260919_053712","farmiq-media","tenants/t-001/farms/f-001/barns/b-001/devices/wv-001/images/2026/09/19/26934873-24d1-41aa-9c44-2beee689367e.jpg","0a0d698c341335c19b200438b68c5596","image/jpeg","2561833","2026-09-19 05:37:12.745631+00","2026-09-19 05:37:16.210049+00"
"80e2c0af-158e-58d2-bb33-af06dfae09a0","t-001","f-001","b-001","wv-001","20260919_053712","farmiq-media","tenants/t-001/farms/f-001/barns/b-001/devices/wv-001/images/2026/09/19/8bd6edbd-0d64-468c-8b3d-c85c106c9efc.jpg","01c4172741ec963ba31f010065e07a06","image/jpeg","2592124","2026-09-19 05:37:12.745631+00","2026-09-19 05:37:33.622884+00"
"fa9a50f7-93de-57f8-a51f-7a019e3c7707","t-001","f-001","b-001","wv-001","20260919_053947","farmiq-media","tenants/t-001/farms/f-001/barns/b-001/devices/wv-001/images/2026/09/19/6e790d8c-8ab6-4a62-aac2-81a197a56510.jpg","2cf4dc2e70d557d60198315e34478f17","image/jpeg","2226950","2026-09-19 05:39:47.229358+00","2026-09-19 05:39:49.46096+00"
"fdbfe903-9e96-54af-b95f-01a831565ea2","t-001","f-001","b-001","wv-001","20260919_053947","farmiq-media","tenants/t-001/farms/f-001/barns/b-001/devices/wv-001/images/2026/09/19/10502e4a-a1b2-4230-8121-d71f65815220.jpg","1a4ef2ab2b3644ae9ddc67df1fcda3f9","image/jpeg","2264691","2026-09-19 05:39:47.229358+00","2026-09-19 05:39:50.370243+00"
"31bd3c03-1ee8-57e0-b970-2315947f2d2c","t-001","f-001","b-001","wv-001","20260919_054228","farmiq-media","tenants/t-001/farms/f-001/barns/b-001/devices/wv-001/images/2026/09/19/c06a49e1-ac0b-442a-8ec0-ea5138a9fe4d.jpg","963c0ed007140341f4671e5c7f4282c9","image/jpeg","2418693","2026-09-19 05:42:28.245636+00","2026-09-19 05:42:33.749458+00"
"8b70a556-60e8-5eeb-9392-8c0e40920f94","t-001","f-001","b-001","wv-001","20260919_054228","farmiq-media","tenants/t-001/farms/f-001/barns/b-001/devices/wv-001/images/2026/09/19/c0309377-05b5-410c-b95b-d9b8c0977bbf.jpg","c67041bd18ae96299e96e1246f804f68","image/jpeg","2449858","2026-09-19 05:42:28.245636+00","2026-09-19 05:42:36.13536+00"
"4321d047-655f-53e0-9bb1-a6f739bf4316","t-001","f-001","b-001","wv-001","20260919_054242","farmiq-media","tenants/t-001/farms/f-001/barns/b-001/devices/wv-001/images/2026/09/19/bf9d8de7-e423-43f5-ad88-d44f6ef0a10d.jpg","8c5987e9e556dbeb1dfcfaec516ad20e","image/jpeg","2435022","2026-09-19 05:42:42.535354+00","2026-09-19 05:42:53.248439+00"
"9e74437f-6b75-5741-a876-054896a1fffd","t-001","f-001","b-001","wv-001","20260919_054242","farmiq-media","tenants/t-001/farms/f-001/barns/b-001/devices/wv-001/images/2026/09/19/ddaad4ae-9295-4767-a4db-ca987ddfa3bc.jpg","01681d3f923176f7ebd26a122c2a5852","image/jpeg","2469065","2026-09-19 05:42:42.535354+00","2026-09-19 05:42:58.052314+00"
"d6fc5212-46f1-5067-a7ee-6a2b82e062ae","t-001","f-001","b-001","wv-001","20260919_054501","farmiq-media","tenants/t-001/farms/f-001/barns/b-001/devices/wv-001/images/2026/09/19/93f6688a-d342-4660-ab4c-41b91c9d362a.jpg","9f43e5ab6226bff941b8d394ae63e023","image/jpeg","2399382","2026-09-19 05:45:01.034503+00","2026-09-19 05:45:04.343413+00"
"f2df745b-468b-53cc-bcf7-5d3de7b6013c","t-001","f-001","b-001","wv-001","20260919_054501","farmiq-media","tenants/t-001/farms/f-001/barns/b-001/devices/wv-001/images/2026/09/19/53de356a-dba9-4224-9242-020333729154.jpg","5a56dd4622e68a89c1585ce5c1e8a30f","image/jpeg","2426902","2026-09-19 05:45:01.034503+00","2026-09-19 05:45:05.290673+00"
"5a7da31e-eac4-51c1-b1ef-4695a7384766","t-001","f-001","b-001","wv-001","20260919_054641","farmiq-media","tenants/t-001/farms/f-001/barns/b-001/devices/wv-001/images/2026/09/19/f85742b0-9b90-4f49-8c4d-eeac450f282b.jpg","aef8d735af8d7d385f6bf6ef573ae967","image/jpeg","1428402","2026-09-19 05:46:41.3543+00","2026-09-19 05:46:42.610182+00"
"c01bdec1-78da-557b-bbb1-3104651bb307","t-001","f-001","b-001","wv-001","20260919_054641","farmiq-media","tenants/t-001/farms/f-001/barns/b-001/devices/wv-001/images/2026/09/19/4840e525-d302-48ec-8c7c-ecfb9ca51fc5.jpg","a8d1d40aa5352395520081e65c29893b","image/jpeg","1448792","2026-09-19 05:46:41.3543+00","2026-09-19 05:46:42.844133+00"
"6d2ca0a1-9e56-5bd7-8dbf-155a7ba1d72a","t-001","f-001","b-001","wv-001","20260919_054745","farmiq-media","tenants/t-001/farms/f-001/barns/b-001/devices/wv-001/images/2026/09/19/f228d8f7-00d5-4cfc-8c3a-8c8ad464db73.jpg","152f0237939a6d49d416ec3f8b0a8944","image/jpeg","2726710","2026-09-19 05:47:45.345554+00","2026-09-19 05:47:47.226112+00"
"586615b4-7bba-57d6-a513-c40f5c7ad244","t-001","f-001","b-001","wv-001","20260919_054745","farmiq-media","tenants/t-001/farms/f-001/barns/b-001/devices/wv-001/images/2026/09/19/e24e37c9-c751-4f28-9585-a02611bea3f6.jpg","0578882e12082afc5b42969812de402c","image/jpeg","2742427","2026-09-19 05:47:45.345554+00","2026-09-19 05:47:47.485373+00"
"61b66dc6-d190-528c-a9ef-3d09bcfff219","t-001","f-001","b-001","wv-001","20260919_054821","farmiq-media","tenants/t-001/farms/f-001/barns/b-001/devices/wv-001/images/2026/09/19/ada8ee06-9a10-4b2e-9def-75580a0286a2.jpg","979d7f42f3ebbb8940935b5d1c8ae36a","image/jpeg","2548009","2026-09-19 05:48:21.453323+00","2026-09-19 05:48:23.261063+00"
"bb059b6a-26d9-5719-b98b-49b2192b2952","t-001","f-001","b-001","wv-001","20260919_054821","farmiq-media","tenants/t-001/farms/f-001/barns/b-001/devices/wv-001/images/2026/09/19/82fd1966-0644-47d1-b8a4-f6e73150e879.jpg","399efb72186f7793c94d9807c8284852","image/jpeg","2563983","2026-09-19 05:48:21.453323+00","2026-09-19 05:48:23.544+00"
"d2c299f9-b81e-58b6-b965-c2c27a3cfb2f","t-001","f-001","b-001","wv-001","20260919_054825","farmiq-media","tenants/t-001/farms/f-001/barns/b-001/devices/wv-001/images/2026/09/19/d78cd9ce-0124-48a3-be61-f62f7769c91d.jpg","0f341935dd519f2c8071c827c0edc3f7","image/jpeg","2396013","2026-09-19 05:48:25.374301+00","2026-09-19 05:48:29.061201+00"
"4ea05b4d-6fe5-5756-bee8-28a1251be1e4","t-001","f-001","b-001","wv-001","20260919_054825","farmiq-media","tenants/t-001/farms/f-001/barns/b-001/devices/wv-001/images/2026/09/19/cc3c3923-b07a-4f5b-ac60-5f08a004c2df.jpg","0bd1c1eaa555615ac0b737818c03a898","image/jpeg","2419579","2026-09-19 05:48:25.374301+00","2026-09-19 05:48:29.340122+00"
"5e834c58-89aa-586e-b137-debe6bfd7d29","t-001","f-001","b-001","wv-001","20260919_054932","farmiq-media","tenants/t-001/farms/f-001/barns/b-001/devices/wv-001/images/2026/09/19/7bbc32f5-6762-47a9-adc7-315e066d8d20.jpg","581cfb258f2fa447267a0e080368a165","image/jpeg","2039334","2026-09-19 05:49:32.818407+00","2026-09-19 05:49:33.350393+00"
"70118ac1-f85f-562c-819b-8f11e04f3ae2","t-001","f-001","b-001","wv-001","20260919_054932","farmiq-media","tenants/t-001/farms/f-001/barns/b-001/devices/wv-001/images/2026/09/19/c33d37d5-1454-4d0e-9424-4900203a6593.jpg","a52e23c183b61d571ec509a417b4dfe3","image/jpeg","2055207","2026-09-19 05:49:32.818407+00","2026-09-19 05:49:33.620007+00"
"7c9625c0-21a2-506c-bc4d-99cf4281c1f0","t-001","f-001","b-001","wv-001","20260919_055004","farmiq-media","tenants/t-001/farms/f-001/barns/b-001/devices/wv-001/images/2026/09/19/7ec76783-9b50-441a-9076-f34d133c2faf.jpg","0131294e9e61154aa7420ef146154bba","image/jpeg","2754475","2026-09-19 05:50:04.207695+00","2026-09-19 05:50:05.351267+00"
"e976400f-34c9-5b09-a7b5-0cd07729fdb6","t-001","f-001","b-001","wv-001","20260919_055004","farmiq-media","tenants/t-001/farms/f-001/barns/b-001/devices/wv-001/images/2026/09/19/b64b08a7-d13c-45ea-8f7e-4d378a82a279.jpg","448278b1157ee9f258aee65f00c56601","image/jpeg","2767240","2026-09-19 05:50:04.207695+00","2026-09-19 05:50:05.607852+00"
"d26a71a4-d0ed-5e30-b277-84fb2b19d3d7","t-001","f-001","b-001","wv-001","20260919_055349","farmiq-media","tenants/t-001/farms/f-001/barns/b-001/devices/wv-001/images/2026/09/19/ade6d0b4-a226-4fa5-8ec8-5e13a6cc2766.jpg","443e18525d316c923e260f90f222992f","image/jpeg","2415771","2026-09-19 05:53:49.56882+00","2026-09-19 05:53:50.82524+00"
"d585eb0d-a12d-53c6-9b02-46a2963d33c3","t-001","f-001","b-001","wv-001","20260919_055349","farmiq-media","tenants/t-001/farms/f-001/barns/b-001/devices/wv-001/images/2026/09/19/ce29198c-866c-4a5c-9d2a-101cddb8ab91.jpg","9d3a46e4c300ed435402060f312d07df","image/jpeg","2432072","2026-09-19 05:53:49.56882+00","2026-09-19 05:53:51.067739+00"
"ecef8d4c-c59f-5152-9352-9860e59ddbc6","t-001","f-001","b-001","wv-001","20260919_055418","farmiq-media","tenants/t-001/farms/f-001/barns/b-001/devices/wv-001/images/2026/09/19/32e9c02c-47a9-4f1f-a1a7-210d5ce16113.jpg","f5620b058e75bb7355b87638a1ef8262","image/jpeg","2607399","2026-09-19 05:54:18.994648+00","2026-09-19 05:54:20.744224+00"
"5cb7213b-0b8a-5aab-8d16-1e766ed2faf6","t-001","f-001","b-001","wv-001","20260919_055418","farmiq-media","tenants/t-001/farms/f-001/barns/b-001/devices/wv-001/images/2026/09/19/07060139-a3e2-4bc3-8674-f0f2d68785b4.jpg","06615182bb96df840563038cf4c1ddb2","image/jpeg","2624234","2026-09-19 05:54:18.994648+00","2026-09-19 05:54:21.013872+00"
"48c794a6-7b3d-56f0-acf1-69e8397b72c7","t-001","f-001","b-001","wv-001","20260919_055423","farmiq-media","tenants/t-001/farms/f-001/barns/b-001/devices/wv-001/images/2026/09/19/d9413c2b-5d0d-446f-9d56-b79ccd7a5b10.jpg","e01476ee9175d481fc5a04df58fd4ede","image/jpeg","2286384","2026-09-19 05:54:23.097678+00","2026-09-19 05:54:26.458849+00"
"86561b33-5b94-56e1-be27-db780095687f","t-001","f-001","b-001","wv-001","20260919_055423","farmiq-media","tenants/t-001/farms/f-001/barns/b-001/devices/wv-001/images/2026/09/19/ac155763-d5d5-4567-ac8d-e0a7570a49a5.jpg","006a90ad2f18ab362591c63a65b21972","image/jpeg","2303841","2026-09-19 05:54:23.097678+00","2026-09-19 05:54:26.691057+00"
"10615d9a-78d7-5b86-8add-6b0c2a685299","t-001","f-001","b-001","wv-001","20260919_055733","farmiq-media","tenants/t-001/farms/f-001/barns/b-001/devices/wv-001/images/2026/09/19/419df4c0-2674-4a61-83e2-d161bfd632b6.jpg","ab7072ad7e8085dcb506d6adf853d433","image/jpeg","2486245","2026-09-19 05:57:33.511826+00","2026-09-19 05:57:35.665066+00"
"00950998-d26a-5a72-bdab-b975d82699f4","t-001","f-001","b-001","wv-001","20260919_055733","farmiq-media","tenants/t-001/farms/f-001/barns/b-001/devices/wv-001/images/2026/09/19/628490cc-ec1e-428d-bf38-966c54ff518f.jpg","f10a2b7a01da28b2a9f8aa3cf280cf5e","image/jpeg","2506191","2026-09-19 05:57:33.511826+00","2026-09-19 05:57:36.037493+00"
"e85827e7-65a6-5a94-8cce-149bd2d28b5c","t-001","f-001","b-001","wv-001","20260919_055737","farmiq-media","tenants/t-001/farms/f-001/barns/b-001/devices/wv-001/images/2026/09/19/f1b52a4d-1cef-4f0f-9e36-fdb93674fbaf.jpg","1c26b59317b5f6fdb3f620635ca1f566","image/jpeg","2242942","2026-09-19 05:57:37.559345+00","2026-09-19 05:57:41.502232+00"
"9ca0cb93-8e69-5c6d-8535-b59af9aed0ad","t-001","f-001","b-001","wv-001","20260919_055737","farmiq-media","tenants/t-001/farms/f-001/barns/b-001/devices/wv-001/images/2026/09/19/cbc7a909-cab1-4932-a41b-153ac81b92dd.jpg","b41e1ada084a510ce4b85e57293d9d90","image/jpeg","2264097","2026-09-19 05:57:37.559345+00","2026-09-19 05:57:41.739091+00"
"809fb75a-0ab7-538f-9b3d-9f7e79cc1c0d","t-001","f-001","b-001","wv-001","20260919_055749","farmiq-media","tenants/t-001/farms/f-001/barns/b-001/devices/wv-001/images/2026/09/19/c84f5ee9-52d3-48c7-8adf-699a0542c162.jpg","46efcb1ee53f4f6565cd5448819a02b0","image/jpeg","2447496","2026-09-19 05:57:49.832784+00","2026-09-19 05:57:51.275265+00"
"d86c2339-aea0-5388-850b-93b91fe2aaa0","t-001","f-001","b-001","wv-001","20260919_055749","farmiq-media","tenants/t-001/farms/f-001/barns/b-001/devices/wv-001/images/2026/09/19/65f1ac46-da96-48a4-a61d-45e3008562fe.jpg","2c578953a021083f78df229196809819","image/jpeg","2465552","2026-09-19 05:57:49.832784+00","2026-09-19 05:57:51.545988+00"
"95ecfccf-d605-5016-b5fe-b02f521a7102","t-001","f-001","b-001","wv-001","20260919_055806","farmiq-media","tenants/t-001/farms/f-001/barns/b-001/devices/wv-001/images/2026/09/19/1d7c019f-b3a1-47e3-a0e8-5e1fc427788b.jpg","c81285dd9c7bc713d44fa885d52dfe69","image/jpeg","2400467","2026-09-19 05:58:06.457284+00","2026-09-19 05:58:07.152174+00"
"4cec049f-295b-5664-9e99-694f15dbff1f","t-001","f-001","b-001","wv-001","20260919_055806","farmiq-media","tenants/t-001/farms/f-001/barns/b-001/devices/wv-001/images/2026/09/19/6d776012-2edb-4411-a8cd-bed247e32334.jpg","5552ca1eea1eca688f084566011ba3df","image/jpeg","2417038","2026-09-19 05:58:06.457284+00","2026-09-19 05:58:07.435134+00"
"6b4a3adc-d1b4-5381-8443-fbffc3074722","t-001","f-001","b-001","wv-001","20260919_055834","farmiq-media","tenants/t-001/farms/f-001/barns/b-001/devices/wv-001/images/2026/09/19/1d66568d-b334-4d09-adb3-636ac9dd155b.jpg","bf57c86bee8c490dfb709705288ccfc8","image/jpeg","2771817","2026-09-19 05:58:34.548136+00","2026-09-19 05:58:35.149515+00"
"2160f557-37e3-5217-9565-6f99f22f5a8c","t-001","f-001","b-001","wv-001","20260919_055834","farmiq-media","tenants/t-001/farms/f-001/barns/b-001/devices/wv-001/images/2026/09/19/1065a81e-0c2e-406c-8b0a-72908c9609c9.jpg","d3efc06cd8302f6ef6f938b0ba3adb48","image/jpeg","2786146","2026-09-19 05:58:34.548136+00","2026-09-19 05:58:35.459006+00"
"3d569feb-b506-5f0b-8f61-6b3d8369b416","t-001","f-001","b-001","wv-001","20260919_060036","farmiq-media","tenants/t-001/farms/f-001/barns/b-001/devices/wv-001/images/2026/09/19/9704838c-31ab-4a99-8dc9-5134ce8018c5.jpg","055e56324fd32f5f69f601ef68aafa5d","image/jpeg","2566016","2026-09-19 06:00:36.623382+00","2026-09-19 06:00:37.881587+00"
"75c1cd91-19aa-542f-ae5e-91e1de039fce","t-001","f-001","b-001","wv-001","20260919_060036","farmiq-media","tenants/t-001/farms/f-001/barns/b-001/devices/wv-001/images/2026/09/19/8b0e419a-12e6-428f-ad45-deab56a84e35.jpg","3ef0c4ee13c4d20362b98b05a3f04e19","image/jpeg","2587982","2026-09-19 06:00:36.623382+00","2026-09-19 06:00:38.188067+00"
"908fd79b-8ae8-5654-b9a0-46c0beccb012","t-001","f-001","b-001","wv-001","20260919_060040","farmiq-media","tenants/t-001/farms/f-001/barns/b-001/devices/wv-001/images/2026/09/19/b7526c1c-16db-4285-86f6-04eea705fa6c.jpg","de7209c03611501b750a6778f2b1c45e","image/jpeg","2375322","2026-09-19 06:00:40.691848+00","2026-09-19 06:00:43.660452+00"
"83fb181e-d312-5653-afc6-c0289f31e9c2","t-001","f-001","b-001","wv-001","20260919_060040","farmiq-media","tenants/t-001/farms/f-001/barns/b-001/devices/wv-001/images/2026/09/19/4bf14100-3730-49ed-99d3-55f25d3f2156.jpg","0abc73f2097c8e6372ef95f54851dd5f","image/jpeg","2400075","2026-09-19 06:00:40.691848+00","2026-09-19 06:00:43.909493+00"
"b9b75f9d-53f1-5529-a7ab-d7a8c72c7738","t-001","f-001","b-001","wv-001","20260919_060112","farmiq-media","tenants/t-001/farms/f-001/barns/b-001/devices/wv-001/images/2026/09/19/792779ae-50ec-490d-9b46-dff0ba986399.jpg","8e09215fbc9c88c2775fdd00b72dda45","image/jpeg","2532381","2026-09-19 06:01:12.493989+00","2026-09-19 06:01:13.599256+00"
"aeb90d8e-e72b-509b-b3c6-ddd3c8b8875a","t-001","f-001","b-001","wv-001","20260919_060112","farmiq-media","tenants/t-001/farms/f-001/barns/b-001/devices/wv-001/images/2026/09/19/26ba3137-7f58-4f14-b99f-cab142110c51.jpg","8102e9d445792b1d8a527f05331a803d","image/jpeg","2552288","2026-09-19 06:01:12.493989+00","2026-09-19 06:01:13.850078+00"
"3e502133-ffbf-5cfc-b90b-b3ae71fceb91","t-001","f-001","b-001","wv-001","20260919_060120","farmiq-media","tenants/t-001/farms/f-001/barns/b-001/devices/wv-001/images/2026/09/19/b75664b5-99e2-4e62-a1a1-5b0a5fcab772.jpg","b39afaebd2eac459d22a5d487d47efeb","image/jpeg","2624940","2026-09-19 06:01:20.511428+00","2026-09-19 06:01:21.44238+00"
"af34b1ca-ab45-5ccf-b966-a8348150d427","t-001","f-001","b-001","wv-001","20260919_060120","farmiq-media","tenants/t-001/farms/f-001/barns/b-001/devices/wv-001/images/2026/09/19/009e2e4f-bb78-49e5-a6fd-12080482078b.jpg","80adfd45537697d5b99f025ef2480f2d","image/jpeg","2652490","2026-09-19 06:01:20.511428+00","2026-09-19 06:01:21.720966+00"
"77677287-08f5-5c05-86dd-e85b6f7f9125","t-001","f-001","b-001","wv-001","20260919_060124","farmiq-media","tenants/t-001/farms/f-001/barns/b-001/devices/wv-001/images/2026/09/19/6f6b6827-ab32-404e-9789-8dc68624fdb5.jpg","831f989f575c9df883978293078b6877","image/jpeg","2311167","2026-09-19 06:01:24.4626+00","2026-09-19 06:01:44.110122+00"
"b421f362-dd66-5bb4-b534-75c989d3c966","t-001","f-001","b-001","wv-001","20260919_060124","farmiq-media","tenants/t-001/farms/f-001/barns/b-001/devices/wv-001/images/2026/09/19/8650506c-3237-4405-b1cc-4d7803405b0d.jpg","628070daff89c0f9fc5831fca43ee8e6","image/jpeg","2341232","2026-09-19 06:01:24.4626+00","2026-09-19 06:01:44.390512+00"
"4f0e3f58-2e52-5f1d-9fa9-4122e5c1b4c9","t-001","f-001","b-001","wv-001","20260919_060336","farmiq-media","tenants/t-001/farms/f-001/barns/b-001/devices/wv-001/images/2026/09/19/6baeb946-f8b6-475c-b2d8-9ab7c9069c2d.jpg","e930aaf83de8eb92fb5b1d5b9d45b1d7","image/jpeg","2562752","2026-09-19 06:03:36.84975+00","2026-09-19 06:03:38.95715+00"
"1b3e7888-9a3f-53ce-8400-80f7827e3770","t-001","f-001","b-001","wv-001","20260919_060336","farmiq-media","tenants/t-001/farms/f-001/barns/b-001/devices/wv-001/images/2026/09/19/9fe3f0d7-4dc3-426a-82c8-48fe742f6d9d.jpg","7631079914e8bb5dea560de49dedf75d","image/jpeg","2589475","2026-09-19 06:03:36.84975+00","2026-09-19 06:03:39.28485+00"
"a9af4369-3e29-5c8a-921e-f4c3d1cdff92","t-001","f-001","b-001","wv-001","20260919_060929","farmiq-media","tenants/t-001/farms/f-001/barns/b-001/devices/wv-001/images/2026/09/19/880dd77b-41a6-41da-a298-03fd6f78b0ad.jpg","38361c38715521a4d7fed95cf02445bc","image/jpeg","2097229","2026-09-19 06:09:29.649925+00","2026-09-19 06:09:31.66847+00"
"7c5ea5fb-5d8a-529f-89a7-0bbd29c2fec7","t-001","f-001","b-001","wv-001","20260919_060929","farmiq-media","tenants/t-001/farms/f-001/barns/b-001/devices/wv-001/images/2026/09/19/921c1cd2-a704-40e0-9fb3-ab1744380f33.jpg","f0dad21307c5f0885548d2a3b3358f40","image/jpeg","2126301","2026-09-19 06:09:29.649925+00","2026-09-19 06:09:31.979541+00"
"71c66597-7f57-5cf8-a377-5d51382c8425","t-001","f-001","b-001","wv-001","20260919_061051","farmiq-media","tenants/t-001/farms/f-001/barns/b-001/devices/wv-001/images/2026/09/19/27419a85-3a40-499e-9a7c-046bb61225f4.jpg","eb21442924f08adf4d682af0d1b2d868","image/jpeg","1901599","2026-09-19 06:10:51.980915+00","2026-09-19 06:10:54.171496+00"
"e5a0cd0c-cd27-51cd-bde6-d05abdc7949b","t-001","f-001","b-001","wv-001","20260919_061051","farmiq-media","tenants/t-001/farms/f-001/barns/b-001/devices/wv-001/images/2026/09/19/71a55e21-5850-4a2e-8573-9bc2a0b2d0e3.jpg","cb10baee2e5dda38e8ecc8aa94897b7f","image/jpeg","1922678","2026-09-19 06:10:51.980915+00","2026-09-19 06:10:54.427246+00"
"6015b799-0832-5cfd-8647-b3d54efa1070","t-001","f-001","b-001","wv-001","20260919_061118","farmiq-media","tenants/t-001/farms/f-001/barns/b-001/devices/wv-001/images/2026/09/19/16edda16-41ac-4874-8835-40b698ce6acd.jpg","b8cd0704f5ea700e8379d1dd99558c3d","image/jpeg","2642549","2026-09-19 06:11:18.746554+00","2026-09-19 06:11:20.089478+00"
"b1fcb3c8-c8b8-5659-bdd1-a252d802b241","t-001","f-001","b-001","wv-001","20260919_061118","farmiq-media","tenants/t-001/farms/f-001/barns/b-001/devices/wv-001/images/2026/09/19/5c0e9a51-646c-4281-a027-c327a6b4acbb.jpg","af56706e3728a555731482d081824c52","image/jpeg","2666517","2026-09-19 06:11:18.746554+00","2026-09-19 06:11:20.412755+00"
"8d28c239-90ee-5d65-81c0-b55796740d0b","t-001","f-001","b-001","wv-001","20260919_061546","farmiq-media","tenants/t-001/farms/f-001/barns/b-001/devices/wv-001/images/2026/09/19/d71b2521-3854-4083-9d53-8c83b7ad6294.jpg","55ba9ee73189949b29996ae48587100e","image/jpeg","2238843","2026-09-19 06:15:46.896188+00","2026-09-19 06:15:48.223833+00"
"9f2c4800-a5fe-5fc8-b6ee-d19760d2c062","t-001","f-001","b-001","wv-001","20260919_061546","farmiq-media","tenants/t-001/farms/f-001/barns/b-001/devices/wv-001/images/2026/09/19/ba9149e2-6323-4cd8-b14d-07691975fc66.jpg","164d9a28462cad667ab090b2f6c69508","image/jpeg","2259007","2026-09-19 06:15:46.896188+00","2026-09-19 06:15:48.474691+00"
"3ab36931-96b7-596d-a403-eedbf3945df7","t-001","f-001","b-001","wv-001","20260919_061729","farmiq-media","tenants/t-001/farms/f-001/barns/b-001/devices/wv-001/images/2026/09/19/d87f713f-bf30-4920-9682-a800a06704de.jpg","fe17fa0c6e2511973ef7edf549826b0d","image/jpeg","2373461","2026-09-19 06:17:29.759474+00","2026-09-19 06:17:30.743635+00"
"eaf75fd8-437c-5ff2-9732-edb6ffb4e3c6","t-001","f-001","b-001","wv-001","20260919_061729","farmiq-media","tenants/t-001/farms/f-001/barns/b-001/devices/wv-001/images/2026/09/19/21164699-b1df-42d2-bb7e-ffa615e24122.jpg","f5fd5ba939552ce33e0e7928d126f953","image/jpeg","2387192","2026-09-19 06:17:29.759474+00","2026-09-19 06:17:31.061533+00"
"25f38a95-58e4-5641-9fe9-22a2188f06d2","t-001","f-001","b-001","wv-001","20260919_061823","farmiq-media","tenants/t-001/farms/f-001/barns/b-001/devices/wv-001/images/2026/09/19/2d48b433-ac57-4f9d-b81a-adf596d5ca53.jpg","529761cd182e05ed554613171219feeb","image/jpeg","2291030","2026-09-19 06:18:23.618353+00","2026-09-19 06:18:25.01055+00"
"f8ad4ec7-6cf2-539f-9a93-a1910460883d","t-001","f-001","b-001","wv-001","20260919_061823","farmiq-media","tenants/t-001/farms/f-001/barns/b-001/devices/wv-001/images/2026/09/19/fb54afdd-0b81-40b6-a902-feba7cbf3e65.jpg","3db3ec22e1432c31f5191c3edc8e8b69","image/jpeg","2305437","2026-09-19 06:18:23.618353+00","2026-09-19 06:18:25.36274+00"
"5e66306c-8914-5cfe-8c5b-eb08c39caa89","t-001","f-001","b-001","wv-001","20260919_061843","farmiq-media","tenants/t-001/farms/f-001/barns/b-001/devices/wv-001/images/2026/09/19/40c3a9b8-5cb7-421d-8641-bfccf4774e57.jpg","f8b6399171e004d644abf035e3fc27d8","image/jpeg","2190399","2026-09-19 06:18:43.547714+00","2026-09-19 06:18:44.970897+00"
"9685aa8c-0d28-5751-96b7-b44c671e4d3c","t-001","f-001","b-001","wv-001","20260919_061843","farmiq-media","tenants/t-001/farms/f-001/barns/b-001/devices/wv-001/images/2026/09/19/3efd5dc9-d678-4348-aa19-b82c259d4647.jpg","b7a920dc511bb87f869fad07081b4e9e","image/jpeg","2207442","2026-09-19 06:18:43.547714+00","2026-09-19 06:18:45.278071+00"
"febfff63-4812-53f1-8146-f7bdcd9952cf","t-001","f-001","b-001","wv-001","20260919_062108","farmiq-media","tenants/t-001/farms/f-001/barns/b-001/devices/wv-001/images/2026/09/19/5765cd24-9d39-4a63-b82b-33c12d8b665b.jpg","71efb9fb9950aeeb3c65f2eda213b12d","image/jpeg","2381872","2026-09-19 06:21:08.422169+00","2026-09-19 06:21:10.147081+00"
"f2d9b152-a5f2-57a3-90be-3c429710b616","t-001","f-001","b-001","wv-001","20260919_062108","farmiq-media","tenants/t-001/farms/f-001/barns/b-001/devices/wv-001/images/2026/09/19/53758ac6-6eed-4158-8333-a00ad9d89eb2.jpg","e63b34ee6638f0096221fd4947cf377e","image/jpeg","2395963","2026-09-19 06:21:08.422169+00","2026-09-19 06:21:10.557668+00"
"a274b3de-56cd-5ce3-8a40-c6f2265cac2a","t-001","f-001","b-001","wv-001","20260919_062122","farmiq-media","tenants/t-001/farms/f-001/barns/b-001/devices/wv-001/images/2026/09/19/1611efec-8a8e-4e4f-af70-ed32e5ae97d0.jpg","dfb48aa2cb2b8feac34868bc82c5158b","image/jpeg","2516365","2026-09-19 06:21:22.068009+00","2026-09-19 06:21:24.079452+00"
"4bdd0a14-4488-5aa5-b0a5-b5b11a20f3c7","t-001","f-001","b-001","wv-001","20260919_062122","farmiq-media","tenants/t-001/farms/f-001/barns/b-001/devices/wv-001/images/2026/09/19/5520cef0-09cd-4fab-8df2-1f2cbc70a6ea.jpg","61a4d63371f3614a7d0c193108a5f4ce","image/jpeg","2529941","2026-09-19 06:21:22.068009+00","2026-09-19 06:21:24.344371+00"
"652b71f5-45c2-5c26-b91d-ce2e8d8c5a6c","t-001","f-001","b-001","wv-001","20260919_062238","farmiq-media","tenants/t-001/farms/f-001/barns/b-001/devices/wv-001/images/2026/09/19/4b100af2-58ad-493f-800b-d03680eeb87f.jpg","172e6790b69fcff5cc0ff9f84112462e","image/jpeg","2397047","2026-09-19 06:22:38.386733+00","2026-09-19 06:22:40.415595+00"
"cece04bf-3dcf-510f-b3dd-b37021929656","t-001","f-001","b-001","wv-001","20260919_062238","farmiq-media","tenants/t-001/farms/f-001/barns/b-001/devices/wv-001/images/2026/09/19/47d2084c-8b24-491f-ab8c-494c3cbb5a5b.jpg","62c7f52ae23cdf20f6fd3c6049e8f44f","image/jpeg","2410480","2026-09-19 06:22:38.386733+00","2026-09-19 06:22:40.700418+00"
"cda5ca06-5a52-54a3-8ec6-42eff3b8d56a","t-001","f-001","b-001","wv-001","20260919_062243","farmiq-media","tenants/t-001/farms/f-001/barns/b-001/devices/wv-001/images/2026/09/19/e6cc6b00-8788-45d1-90fa-0e468d6a21eb.jpg","87369a23eb940224f0929fc563b984a7","image/jpeg","2369960","2026-09-19 06:22:43.020405+00","2026-09-19 06:22:46.110464+00"
"5a41a28f-eaed-5a97-8b8e-88abbeb8fe52","t-001","f-001","b-001","wv-001","20260919_062243","farmiq-media","tenants/t-001/farms/f-001/barns/b-001/devices/wv-001/images/2026/09/19/c8d8153c-09ab-4df0-9e6c-567e8fc9f3b3.jpg","ae4cd1f4ab2a0c47ab86966c8b280a93","image/jpeg","2384272","2026-09-19 06:22:43.020405+00","2026-09-19 06:22:46.348278+00"
"35ec533a-764b-58bd-828d-97baa146c7de","t-001","f-001","b-001","wv-001","20260919_062603","farmiq-media","tenants/t-001/farms/f-001/barns/b-001/devices/wv-001/images/2026/09/19/bde679d0-ac02-4890-b934-a19799a6e21d.jpg","cbddd99ffea8b9f0f1a78acf16efd851","image/jpeg","1954239","2026-09-19 06:26:03.121361+00","2026-09-19 06:26:03.639362+00"
"af06af6a-f940-558b-9c65-df916317e481","t-001","f-001","b-001","wv-001","20260919_062603","farmiq-media","tenants/t-001/farms/f-001/barns/b-001/devices/wv-001/images/2026/09/19/608c5f25-d437-4004-9cd8-d2c1be72ca0d.jpg","8b265eca18dafc3974490aa532ff1ceb","image/jpeg","1970963","2026-09-19 06:26:03.121361+00","2026-09-19 06:26:03.934988+00"
"dccf9176-36ce-5d05-a732-77c954d3dedf","t-001","f-001","b-001","wv-001","20260919_062627","farmiq-media","tenants/t-001/farms/f-001/barns/b-001/devices/wv-001/images/2026/09/19/6b76d5ae-806c-4f00-97f9-7362236049d4.jpg","0f70dcba686c2f79568a8d630e42ed38","image/jpeg","2435601","2026-09-19 06:26:27.554128+00","2026-09-19 06:26:29.625377+00"
"530e095a-27d1-573f-ad5b-53d8324020eb","t-001","f-001","b-001","wv-001","20260919_062627","farmiq-media","tenants/t-001/farms/f-001/barns/b-001/devices/wv-001/images/2026/09/19/0aafbb47-5e5f-4d6f-a965-e3801b85af1e.jpg","74a310598a0caca71ac0e1f9da08f9df","image/jpeg","2450127","2026-09-19 06:26:27.554128+00","2026-09-19 06:26:30.00942+00"
"a581f7ef-e5e1-5ed2-bb53-5d10395e65dd","t-001","f-001","b-001","wv-001","20260919_062913","farmiq-media","tenants/t-001/farms/f-001/barns/b-001/devices/wv-001/images/2026/09/19/95403283-babb-4fa5-b3dd-9055c0f24a9d.jpg","f3d7015a0dcba5374a9f3ac54b9770a7","image/jpeg","2190681","2026-09-19 06:29:13.16916+00","2026-09-19 06:29:15.054925+00"
"e9be8c21-a4f5-5245-becd-8054d2415bcf","t-001","f-001","b-001","wv-001","20260919_062913","farmiq-media","tenants/t-001/farms/f-001/barns/b-001/devices/wv-001/images/2026/09/19/801bc5a6-ebf3-4d15-91da-17dc55b793b7.jpg","0c4547e9e61857760d56b8a7ff8ecc31","image/jpeg","2207059","2026-09-19 06:29:13.16916+00","2026-09-19 06:29:15.381299+00"
"a4d9cafc-7e8f-5442-bbac-c2ecc9414f1d","t-001","f-001","b-001","wv-001","20260919_062917","farmiq-media","tenants/t-001/farms/f-001/barns/b-001/devices/wv-001/images/2026/09/19/694d4858-0337-40e6-bf86-dbf77cc48842.jpg","0cf4ee7dac5b6a5b91bc214ca0a2015b","image/jpeg","1665900","2026-09-19 06:29:17.254018+00","2026-09-19 06:29:20.801804+00"
"7a2d0e72-ab33-5dd4-b474-48bf39e03b5f","t-001","f-001","b-001","wv-001","20260919_062917","farmiq-media","tenants/t-001/farms/f-001/barns/b-001/devices/wv-001/images/2026/09/19/6627597e-8966-488d-a165-3eb0f4e77adc.jpg","381c0c15eb24a8a7dcc0cecac7981c4c","image/jpeg","1687139","2026-09-19 06:29:17.254018+00","2026-09-19 06:29:21.046226+00"
"f6dff90d-4034-5362-a3f0-a71c4e6b5f2b","t-001","f-001","b-001","wv-001","20260919_062921","farmiq-media","tenants/t-001/farms/f-001/barns/b-001/devices/wv-001/images/2026/09/19/ab5811ad-c5ff-4eea-9ba4-11347949af4f.jpg","ec1f7a62a72307734f9ec19896595386","image/jpeg","1530497","2026-09-19 06:29:21.762511+00","2026-09-19 06:29:26.421395+00"
"a94e6445-a3e1-5cf3-b9ee-a17acf5505f3","t-001","f-001","b-001","wv-001","20260919_062921","farmiq-media","tenants/t-001/farms/f-001/barns/b-001/devices/wv-001/images/2026/09/19/29dfd973-b9ec-4528-b8b2-4b6d637f9f64.jpg","ecbd919db984c818c143b54f32974b77","image/jpeg","1561715","2026-09-19 06:29:21.762511+00","2026-09-19 06:29:26.637284+00"
"146c3d62-9fb2-5df6-bb01-ee6a3efd9fed","t-001","f-001","b-001","wv-001","20260919_062926","farmiq-media","tenants/t-001/farms/f-001/barns/b-001/devices/wv-001/images/2026/09/19/be9ef55d-83c3-4f78-b730-5e64dbef8d9c.jpg","b563e3376c3466dec3fea2d7e8d2b1f6","image/jpeg","1501453","2026-09-19 06:29:26.66796+00","2026-09-19 06:29:32.002539+00"
"4975d2a8-5d39-5c8a-a871-a127b463e1f9","t-001","f-001","b-001","wv-001","20260919_062926","farmiq-media","tenants/t-001/farms/f-001/barns/b-001/devices/wv-001/images/2026/09/19/420b413c-8285-4926-aee2-c1e3c30091b4.jpg","0b488ac7461a1b2f7f21c904c12911e7","image/jpeg","1531108","2026-09-19 06:29:26.66796+00","2026-09-19 06:29:32.199686+00"
"e5ea79f8-e954-5c72-854c-137a2641029a","t-001","f-001","b-001","wv-001","20260919_062953","farmiq-media","tenants/t-001/farms/f-001/barns/b-001/devices/wv-001/images/2026/09/19/9656b883-a34c-428b-acb8-4f159d0a5eed.jpg","aad86dba897df9d4ce45786fd2fcee07","image/jpeg","2133520","2026-09-19 06:29:53.313731+00","2026-09-19 06:29:53.782959+00"
"53fb28c3-9d1b-567f-a01c-b11cf52455c1","t-001","f-001","b-001","wv-001","20260919_062953","farmiq-media","tenants/t-001/farms/f-001/barns/b-001/devices/wv-001/images/2026/09/19/50a5c7e1-e047-4a75-843b-3fd743b63955.jpg","033876decde5025edf7e44b838289e41","image/jpeg","2151260","2026-09-19 06:29:53.313731+00","2026-09-19 06:29:54.068018+00"
"624527be-d33f-59fc-ada8-9f8588ff7eea","t-001","f-001","b-001","wv-001","20260919_062957","farmiq-media","tenants/t-001/farms/f-001/barns/b-001/devices/wv-001/images/2026/09/19/5ad9a28f-cb21-4ca8-99fc-beb9819b0a10.jpg","efc7af57f4e0cf1f2516a7d10e616a84","image/jpeg","1890313","2026-09-19 06:29:57.294573+00","2026-09-19 06:29:59.558719+00"
"234fdba9-d272-5c2a-bb0b-2740c67389e5","t-001","f-001","b-001","wv-001","20260919_062957","farmiq-media","tenants/t-001/farms/f-001/barns/b-001/devices/wv-001/images/2026/09/19/6f91e996-dfb9-401c-a762-32c36ff58971.jpg","9997f6a6240c4d047e7900c7bbab28c6","image/jpeg","1935496","2026-09-19 06:29:57.294573+00","2026-09-19 06:29:59.853951+00"
"6606e232-e40a-5fc4-9413-e3442a7ab474","t-001","f-001","b-001","wv-001","20260919_063013","farmiq-media","tenants/t-001/farms/f-001/barns/b-001/devices/wv-001/images/2026/09/19/95a74617-7e30-45d0-9c1a-575686caca72.jpg","412f805f57d2280e631f355bb9992136","image/jpeg","2178476","2026-09-19 06:30:13.27564+00","2026-09-19 06:30:15.43947+00"
"880cb7f5-6c28-543b-86ef-84cc7d6feb0d","t-001","f-001","b-001","wv-001","20260919_063013","farmiq-media","tenants/t-001/farms/f-001/barns/b-001/devices/wv-001/images/2026/09/19/dc482663-e25f-4002-8b2f-705f75a5d84d.jpg","f675c86172fc94a96d0923de18441a2a","image/jpeg","2205994","2026-09-19 06:30:13.27564+00","2026-09-19 06:30:15.673877+00"
"2b7223bb-6c32-5ab4-b290-3a21498ff39f","t-001","f-001","b-001","wv-001","20260919_063017","farmiq-media","tenants/t-001/farms/f-001/barns/b-001/devices/wv-001/images/2026/09/19/683c1bc7-01d8-4ab2-8e75-fcc6eb033547.jpg","c00934850998c9ddbf7be28114a787a5","image/jpeg","1986729","2026-09-19 06:30:17.261392+00","2026-09-19 06:30:21.097872+00"
"e935e0e4-0aa4-57d3-a242-68e7657bc6f7","t-001","f-001","b-001","wv-001","20260919_063017","farmiq-media","tenants/t-001/farms/f-001/barns/b-001/devices/wv-001/images/2026/09/19/f1574e6d-b7eb-4f9d-97ce-4b02273f089c.jpg","a61cd3411c8e41a60c81a00b81a99667","image/jpeg","2017297","2026-09-19 06:30:17.261392+00","2026-09-19 06:30:21.350933+00"
"76e60e17-e8be-5f88-aac5-9db774872807","t-001","f-001","b-001","wv-001","20260919_063025","farmiq-media","tenants/t-001/farms/f-001/barns/b-001/devices/wv-001/images/2026/09/19/14bd65a6-6305-4b7d-b12d-5e1c9f50a656.jpg","509042a817753840f98f1e5b0588dcde","image/jpeg","1919724","2026-09-19 06:30:25.405831+00","2026-09-19 06:30:26.830495+00"
"61f659d4-d182-5358-a9fd-6f90380c3587","t-001","f-001","b-001","wv-001","20260919_063025","farmiq-media","tenants/t-001/farms/f-001/barns/b-001/devices/wv-001/images/2026/09/19/c9fc726e-6290-4b78-a1dc-811961a71df1.jpg","b79e73438e47718779ef14eb9d59265c","image/jpeg","1957374","2026-09-19 06:30:25.405831+00","2026-09-19 06:30:27.072366+00"
"c21b4520-625b-5cd2-b3b6-5e3b9fd23b51","t-001","f-001","b-001","wv-001","20260919_063029","farmiq-media","tenants/t-001/farms/f-001/barns/b-001/devices/wv-001/images/2026/09/19/b7708c78-04a1-43a5-9fc6-ad79917fc8e5.jpg","6a3bb2af37bae7c4c4639b43bebaf6ca","image/jpeg","2208023","2026-09-19 06:30:29.599954+00","2026-09-19 06:30:32.532738+00"
"479e2b69-31da-5fe0-aded-a86edcde85a8","t-001","f-001","b-001","wv-001","20260919_063029","farmiq-media","tenants/t-001/farms/f-001/barns/b-001/devices/wv-001/images/2026/09/19/4d7237d9-baad-47c4-a5b2-11cd2bab4aa9.jpg","ca7e5f80f9ea546b1923d7921aef9f92","image/jpeg","2245617","2026-09-19 06:30:29.599954+00","2026-09-19 06:30:32.845449+00"
"001e8955-06d3-5173-b1b9-98a8432112d9","t-001","f-001","b-001","wv-001","20260919_063037","farmiq-media","tenants/t-001/farms/f-001/barns/b-001/devices/wv-001/images/2026/09/19/f0803eaf-6a26-4a66-a544-5ec3adc603ce.jpg","818beb3e1b567792148644be5ce6eb8e","image/jpeg","1939040","2026-09-19 06:30:37.815976+00","2026-09-19 06:30:38.294075+00"
"5e5f19b4-e464-5048-b426-54f13fec0db9","t-001","f-001","b-001","wv-001","20260919_063037","farmiq-media","tenants/t-001/farms/f-001/barns/b-001/devices/wv-001/images/2026/09/19/73c05d6f-9799-4a3a-922b-6441c9d1173e.jpg","6347d1b59292f488dabf10d274592a47","image/jpeg","1985910","2026-09-19 06:30:37.815976+00","2026-09-19 06:30:38.571171+00"
"350a7c0d-c594-5de3-84f7-ecf198e34943","t-001","f-001","b-001","wv-001","20260919_063053","farmiq-media","tenants/t-001/farms/f-001/barns/b-001/devices/wv-001/images/2026/09/19/61b69397-04e9-4351-b2ab-c4c1b6f7aaeb.jpg","9fdb397c86350ba1676845a447f92ded","image/jpeg","2267800","2026-09-19 06:30:53.444008+00","2026-09-19 06:30:54.110973+00"
"664838af-acd7-5421-b486-ec5bfdab2108","t-001","f-001","b-001","wv-001","20260919_063053","farmiq-media","tenants/t-001/farms/f-001/barns/b-001/devices/wv-001/images/2026/09/19/32f99bc3-8f4c-40bc-abb0-ad321f63a110.jpg","2a18e106c787156e3c9060d0bcd7101d","image/jpeg","2313344","2026-09-19 06:30:53.444008+00","2026-09-19 06:30:54.350058+00"
"333a9027-30c3-5a6c-b0c1-e23f5f20b76b","t-001","f-001","b-001","wv-001","20260919_063057","farmiq-media","tenants/t-001/farms/f-001/barns/b-001/devices/wv-001/images/2026/09/19/7d94d357-a973-4cb5-bbfb-86eb1941e85c.jpg","d69fb41e07c219d4f68310c351a5498f","image/jpeg","2110818","2026-09-19 06:30:57.415582+00","2026-09-19 06:30:59.769605+00"
"0b80f295-c136-5e7a-baf5-a06553b5eed4","t-001","f-001","b-001","wv-001","20260919_063057","farmiq-media","tenants/t-001/farms/f-001/barns/b-001/devices/wv-001/images/2026/09/19/b36c89b5-8036-49bf-a860-1235249798cd.jpg","950203ddc85d199855f5101b2a0be220","image/jpeg","2157671","2026-09-19 06:30:57.415582+00","2026-09-19 06:31:00.010434+00"
"1f024eea-78cf-5d14-9ada-afb91328a1d9","t-001","f-001","b-001","wv-001","20260919_063110","farmiq-media","tenants/t-001/farms/f-001/barns/b-001/devices/wv-001/images/2026/09/19/701791b2-8743-4987-893a-68de8a011c67.jpg","ddc4891a90f8f70f5ea4c68c536af142","image/jpeg","2273792","2026-09-19 06:31:10.94409+00","2026-09-19 06:31:11.550691+00"
"c70b1365-1660-593e-9d1a-b6d39d72647a","t-001","f-001","b-001","wv-001","20260919_063110","farmiq-media","tenants/t-001/farms/f-001/barns/b-001/devices/wv-001/images/2026/09/19/08be667c-e41d-4718-a5d3-36b1beed66ac.jpg","73096a5ec87323b302387c50c5396377","image/jpeg","2312825","2026-09-19 06:31:10.94409+00","2026-09-19 06:31:11.841851+00"
"94b608da-c2d9-5133-8ca2-c6fa4cc239f9","t-001","f-001","b-001","wv-001","20260919_063114","farmiq-media","tenants/t-001/farms/f-001/barns/b-001/devices/wv-001/images/2026/09/19/449348de-1b56-44d2-a870-40482c3ee21d.jpg","7c07c533f45864342f9e07ceee3d2498","image/jpeg","1982845","2026-09-19 06:31:14.906271+00","2026-09-19 06:31:17.219619+00"
"8cd2ddf7-0108-5024-8a59-6ba5c3600124","t-001","f-001","b-001","wv-001","20260919_063114","farmiq-media","tenants/t-001/farms/f-001/barns/b-001/devices/wv-001/images/2026/09/19/d77cb18f-3216-4baa-b753-90f64135e147.jpg","b630f5fc4f6f679ed609f079ae47f4e3","image/jpeg","2037484","2026-09-19 06:31:14.906271+00","2026-09-19 06:31:17.455665+00"
"de5371ec-094e-5228-b3e0-87bf06f0b1a2","t-001","f-001","b-001","wv-001","20260919_063128","farmiq-media","tenants/t-001/farms/f-001/barns/b-001/devices/wv-001/images/2026/09/19/40ef4a0b-d62d-4b2d-80a1-8c6f2276a60a.jpg","7cb39e4e73ed3658ff12070a73c29ba1","image/jpeg","1958229","2026-09-19 06:31:28.753423+00","2026-09-19 06:31:31.016806+00"
"b99bc56c-5db5-5d1e-bc41-e5fda910bda7","t-001","f-001","b-001","wv-001","20260919_063128","farmiq-media","tenants/t-001/farms/f-001/barns/b-001/devices/wv-001/images/2026/09/19/3fd556df-00b6-4906-ad06-ce22e4f35d14.jpg","b4e604881129456f56665133467820ae","image/jpeg","2005412","2026-09-19 06:31:28.753423+00","2026-09-19 06:31:31.29995+00"
"3c6e1753-3af8-5f1d-adbb-c186a7890ded","t-001","f-001","b-001","wv-001","20260919_063139","farmiq-media","tenants/t-001/farms/f-001/barns/b-001/devices/wv-001/images/2026/09/19/8b7bcb80-3748-419b-98e8-f28b1c7b896a.jpg","d7b95a75cf489bccb157b3e955d2875f","image/jpeg","1956308","2026-09-19 06:31:39.889985+00","2026-09-19 06:31:40.937692+00"
"67551c27-3f3e-5006-8da6-c83be6490ec3","t-001","f-001","b-001","wv-001","20260919_063139","farmiq-media","tenants/t-001/farms/f-001/barns/b-001/devices/wv-001/images/2026/09/19/88a5a5e4-91f6-4909-9699-dee21ce2accc.jpg","dad430ba10bc95837cb62bcd2ec491ae","image/jpeg","2008602","2026-09-19 06:31:39.889985+00","2026-09-19 06:31:41.236063+00"
"c058d41c-aeb9-529a-8cb9-8903e156f341","t-001","f-001","b-001","wv-001","20260919_063149","farmiq-media","tenants/t-001/farms/f-001/barns/b-001/devices/wv-001/images/2026/09/19/b4bae015-b398-493f-9db7-1b2fed458e58.jpg","0c3db06e35e6dedd2af2472df9945a7a","image/jpeg","2240442","2026-09-19 06:31:49.791923+00","2026-09-19 06:31:51.827629+00"
"b97dcd3d-a237-5ce9-8b20-5d23ed2c2ab6","t-001","f-001","b-001","wv-001","20260919_063149","farmiq-media","tenants/t-001/farms/f-001/barns/b-001/devices/wv-001/images/2026/09/19/6b26bda8-37c4-4696-8cdc-f8c134e4baee.jpg","84faf43e6bdcab1b5f7cb0d291a13e57","image/jpeg","2286060","2026-09-19 06:31:49.791923+00","2026-09-19 06:31:52.107106+00"
"6ad0ba8f-57b4-585b-ae56-8730a28d5764","t-001","f-001","b-001","wv-001","20260919_063233","farmiq-media","tenants/t-001/farms/f-001/barns/b-001/devices/wv-001/images/2026/09/19/5289b463-0c97-405f-a7e1-a564bbd319f3.jpg","f1ddfd69123af6befe9caad94b19cff8","image/jpeg","2328315","2026-09-19 06:32:33.77731+00","2026-09-19 06:32:36.007288+00"
"0ce343df-cb5d-5639-9e9b-c01c232351f5","t-001","f-001","b-001","wv-001","20260919_063233","farmiq-media","tenants/t-001/farms/f-001/barns/b-001/devices/wv-001/images/2026/09/19/80b4a60f-f717-4f84-9438-0f172454d2e0.jpg","b1af9a2a091b01f0a83f9918eb920cf3","image/jpeg","2365399","2026-09-19 06:32:33.77731+00","2026-09-19 06:32:36.37946+00"
"af57c469-a4d2-5af9-897d-a8f206ecf9c3","t-001","f-001","b-001","wv-001","20260919_063244","farmiq-media","tenants/t-001/farms/f-001/barns/b-001/devices/wv-001/images/2026/09/19/1efef13d-4beb-4027-b046-9a7e588b0516.jpg","6f2d371c0636e0e7a9f9e7a7c1fa70a0","image/jpeg","2011671","2026-09-19 06:32:44.767939+00","2026-09-19 06:32:45.873762+00"
"78c06449-3736-5dd1-b67c-0243c2d1fae1","t-001","f-001","b-001","wv-001","20260919_063244","farmiq-media","tenants/t-001/farms/f-001/barns/b-001/devices/wv-001/images/2026/09/19/c1e8fcd4-3e63-4d76-85f1-c7371e9e7208.jpg","1e7c7517d6d817d61d6c8db191a126ae","image/jpeg","2056705","2026-09-19 06:32:44.767939+00","2026-09-19 06:32:46.127618+00"
"fe0732ac-fe0c-50bd-a9c6-53f7d62e2f79","t-001","f-001","b-001","wv-001","20260919_063311","farmiq-media","tenants/t-001/farms/f-001/barns/b-001/devices/wv-001/images/2026/09/19/981bc213-4206-4609-89eb-d64545907e33.jpg","7c9b4bfdb8f63df7fc983ab9942addd5","image/jpeg","2282992","2026-09-19 06:33:11.830953+00","2026-09-19 06:33:15.802539+00"
"3abd3dc8-13c8-5991-87e8-0fe06d54a978","t-001","f-001","b-001","wv-001","20260919_063311","farmiq-media","tenants/t-001/farms/f-001/barns/b-001/devices/wv-001/images/2026/09/19/20ca06e4-fae8-46be-adf3-f4dba2ad84c3.jpg","842e37d1e2f9e0a736f2928d3c77a969","image/jpeg","2328578","2026-09-19 06:33:11.830953+00","2026-09-19 06:33:16.31367+00"
"1d4e429b-ebaa-5ffb-9777-e8d0f903c3a3","t-001","f-001","b-001","wv-001","20260919_063529","farmiq-media","tenants/t-001/farms/f-001/barns/b-001/devices/wv-001/images/2026/09/19/190ef799-9aff-49e3-b940-688cea942eae.jpg","4f54b9b7ec57cbd71767876ef57d32d3","image/jpeg","1970636","2026-09-19 06:35:29.744025+00","2026-09-19 06:35:30.999903+00"
"c4c75032-1f7c-5bb7-936e-87952e5f46ea","t-001","f-001","b-001","wv-001","20260919_063529","farmiq-media","tenants/t-001/farms/f-001/barns/b-001/devices/wv-001/images/2026/09/19/b7e822ba-c137-4251-9218-3c8dbbbd0c39.jpg","27807a77147733ef4f10dae2c433481e","image/jpeg","2016201","2026-09-19 06:35:29.744025+00","2026-09-19 06:35:31.286945+00"
"7ffe7a5f-d5f6-5973-9784-38ee2114b866","t-001","f-001","b-001","wv-001","20260919_063540","farmiq-media","tenants/t-001/farms/f-001/barns/b-001/devices/wv-001/images/2026/09/19/60607f1d-3779-4212-935b-3eb221a23933.jpg","1a1f2d93368643b86c01d4423384e9b2","image/jpeg","1925061","2026-09-19 06:35:40.271182+00","2026-09-19 06:35:40.782472+00"
"0a1586fc-a12a-5c82-9cf4-ec2c9b28830a","t-001","f-001","b-001","wv-001","20260919_063540","farmiq-media","tenants/t-001/farms/f-001/barns/b-001/devices/wv-001/images/2026/09/19/a59a53e4-a8f9-45a4-ae52-81d799392c97.jpg","ba25345962a4ae2fbe222f10230c8c58","image/jpeg","1969977","2026-09-19 06:35:40.271182+00","2026-09-19 06:35:41.023828+00"
"fdbbf8a6-707c-5a3d-aa81-e1c300604851","t-001","f-001","b-001","wv-001","20260919_063654","farmiq-media","tenants/t-001/farms/f-001/barns/b-001/devices/wv-001/images/2026/09/19/d937e947-a012-4ef1-9e65-7129a015de86.jpg","1758ef47e866d6c07d33a96eb1439636","image/jpeg","2422702","2026-09-19 06:36:54.60902+00","2026-09-19 06:36:55.141057+00"
"d5d463c0-cd8a-58ad-81f7-b85e1b8ef98e","t-001","f-001","b-001","wv-001","20260919_063654","farmiq-media","tenants/t-001/farms/f-001/barns/b-001/devices/wv-001/images/2026/09/19/3be0d2c4-3833-4315-9f86-ae0112b0ae4c.jpg","9d2d498228d07b86eac36f9639aac910","image/jpeg","2462872","2026-09-19 06:36:54.60902+00","2026-09-19 06:36:55.404827+00"
"9b54fdc4-7851-563d-aee8-d75936d05457","t-001","f-001","b-001","wv-001","20260919_063722","farmiq-media","tenants/t-001/farms/f-001/barns/b-001/devices/wv-001/images/2026/09/19/9387df93-e662-4a6a-8a28-be54e89fc2bd.jpg","ac57e63258394ab79271993de2fc23db","image/jpeg","2015047","2026-09-19 06:37:22.925031+00","2026-09-19 06:37:25.135111+00"
"08e147a8-f6cb-587c-97c2-0114596b714e","t-001","f-001","b-001","wv-001","20260919_063722","farmiq-media","tenants/t-001/farms/f-001/barns/b-001/devices/wv-001/images/2026/09/19/1cef1f76-6538-4fce-8f0a-46b3ce0108a5.jpg","a34b26b7b738245d3749eed8e586712c","image/jpeg","2060836","2026-09-19 06:37:22.925031+00","2026-09-19 06:37:25.412082+00"
"5f529cf1-dcaf-5ace-ad1c-d6ebd4c8e118","t-001","f-001","b-001","wv-001","20260919_063802","farmiq-media","tenants/t-001/farms/f-001/barns/b-001/devices/wv-001/images/2026/09/19/51a37566-438f-455a-a71c-b3dc71b16dd2.jpg","857c9dcd8e6a8f2b5f43d04aa16a17ca","image/jpeg","2329388","2026-09-19 06:38:02.62433+00","2026-09-19 06:38:03.703188+00"
"619759a9-20ad-558a-ab71-e1e605c3685d","t-001","f-001","b-001","wv-001","20260919_063802","farmiq-media","tenants/t-001/farms/f-001/barns/b-001/devices/wv-001/images/2026/09/19/629da4aa-f96f-41df-a551-486194232e7e.jpg","a6f48abc868c4a2e107d01325514b6d7","image/jpeg","2363734","2026-09-19 06:38:02.62433+00","2026-09-19 06:38:04.532126+00"
"05cc2733-6e9e-5f96-ab22-2535b16ac719","t-001","f-001","b-001","wv-001","20260919_063806","farmiq-media","tenants/t-001/farms/f-001/barns/b-001/devices/wv-001/images/2026/09/19/29322335-5ee6-4b88-bf38-8269a8ea501f.jpg","9d42cc87b97e820ec9b6e7fdf5c96fa9","image/jpeg","2194508","2026-09-19 06:38:06.636843+00","2026-09-19 06:38:10.045493+00"
"a05787fe-76a5-540e-bae0-81d322fbc578","t-001","f-001","b-001","wv-001","20260919_063806","farmiq-media","tenants/t-001/farms/f-001/barns/b-001/devices/wv-001/images/2026/09/19/b309b105-ceaa-467f-bcfc-122b18911f91.jpg","58760fd8572007392de6cece39b19d40","image/jpeg","2233689","2026-09-19 06:38:06.636843+00","2026-09-19 06:38:10.358148+00"
"957fba34-655a-57e1-89b7-6b817ff47ce2","t-001","f-001","b-001","wv-001","20260919_063821","farmiq-media","tenants/t-001/farms/f-001/barns/b-001/devices/wv-001/images/2026/09/19/1730e0a2-fec6-41fa-b76f-9f817e16bdeb.jpg","2c4f71dd546d0388dd6e7eaf177c5310","image/jpeg","2232881","2026-09-19 06:38:21.551154+00","2026-09-19 06:38:24.08942+00"
"0a5fc3d6-ff90-54bc-b8cf-9e37af5f9042","t-001","f-001","b-001","wv-001","20260919_063821","farmiq-media","tenants/t-001/farms/f-001/barns/b-001/devices/wv-001/images/2026/09/19/6ed763c5-26c5-4b6b-85c0-93180e134ca0.jpg","a2ca3994a0641eb0a310434d6da19a42","image/jpeg","2275256","2026-09-19 06:38:21.551154+00","2026-09-19 06:38:24.379974+00"
"5b300522-249e-5f77-bde0-eed7d8d9f406","t-001","f-001","b-001","wv-001","20260919_063827","farmiq-media","tenants/t-001/farms/f-001/barns/b-001/devices/wv-001/images/2026/09/19/872ce10d-01a6-4cc9-88bf-d41910e2e152.jpg","1c62c4099766d985933aa2f2e0a46877","image/jpeg","2138699","2026-09-19 06:38:27.939898+00","2026-09-19 06:38:29.835083+00"
"b772c0b6-c119-5022-94f0-6100d0ea8750","t-001","f-001","b-001","wv-001","20260919_063827","farmiq-media","tenants/t-001/farms/f-001/barns/b-001/devices/wv-001/images/2026/09/19/b570952d-9181-4f1e-91fe-a17d9e5533d1.jpg","c56fdc75d4118aaa4ffbcc836705894e","image/jpeg","2182435","2026-09-19 06:38:27.939898+00","2026-09-19 06:38:30.083223+00"
"8fc49b05-9056-5db6-98a5-32573968d60f","t-001","f-001","b-001","wv-001","20260919_063907","farmiq-media","tenants/t-001/farms/f-001/barns/b-001/devices/wv-001/images/2026/09/19/e21feb10-738e-4cfa-aa55-cfe0f228ad0a.jpg","0b725ac6e614ce90a24cf127471264f8","image/jpeg","2362741","2026-09-19 06:39:07.774469+00","2026-09-19 06:39:09.815784+00"
"6019cd52-1028-59bc-9d07-030f58662130","t-001","f-001","b-001","wv-001","20260919_063907","farmiq-media","tenants/t-001/farms/f-001/barns/b-001/devices/wv-001/images/2026/09/19/6637c4b8-ed6d-4412-aeee-c2ca879ee37a.jpg","784e1c4c2426a2232d03b489089b635b","image/jpeg","2394813","2026-09-19 06:39:07.774469+00","2026-09-19 06:39:10.135683+00"
"67c5bc7d-0941-5456-892c-28da01f6334b","t-001","f-001","b-001","wv-001","20260919_063913","farmiq-media","tenants/t-001/farms/f-001/barns/b-001/devices/wv-001/images/2026/09/19/5fd8b84a-19f1-4a30-af90-ed6dbf260611.jpg","01073e1d478fe6fa30936dee944fd24f","image/jpeg","2210780","2026-09-19 06:39:13.938623+00","2026-09-19 06:39:15.635298+00"
"631a0e56-b779-5e68-854e-3f8b793a31b2","t-001","f-001","b-001","wv-001","20260919_063913","farmiq-media","tenants/t-001/farms/f-001/barns/b-001/devices/wv-001/images/2026/09/19/58c284c8-a1cb-4fbf-ba94-6e2567f0e336.jpg","55cda8fbf8ae469ed02fce07b7fc0d73","image/jpeg","2251894","2026-09-19 06:39:13.938623+00","2026-09-19 06:39:15.918906+00"
"2b352c10-655b-5949-9e2a-63469bf3234a","t-001","f-001","b-001","wv-001","20260919_063919","farmiq-media","tenants/t-001/farms/f-001/barns/b-001/devices/wv-001/images/2026/09/19/7ad5ca31-f34f-474b-add7-ae6ddebb2fbd.jpg","559dc5b3f8fa066e4c9934b4d1904db0","image/jpeg","2184202","2026-09-19 06:39:19.372459+00","2026-09-19 06:39:21.356847+00"
"27391383-6359-5c7c-a6c2-82a6ae5f1bd3","t-001","f-001","b-001","wv-001","20260919_063919","farmiq-media","tenants/t-001/farms/f-001/barns/b-001/devices/wv-001/images/2026/09/19/fb311f4d-4c20-4169-9eff-c31086f2ea97.jpg","12ecf03218082081341d0ab9c5006037","image/jpeg","2221877","2026-09-19 06:39:19.372459+00","2026-09-19 06:39:21.623386+00"
"60f2c644-267f-519a-b8d1-f494dc27f798","t-001","f-001","b-001","wv-001","20260919_063924","farmiq-media","tenants/t-001/farms/f-001/barns/b-001/devices/wv-001/images/2026/09/19/227f9e5e-f321-4b62-a67a-f207f063b27b.jpg","43630884ab3bd3d60e3cd2c1b52c7e6e","image/jpeg","2357795","2026-09-19 06:39:24.31751+00","2026-09-19 06:39:27.137+00"
"818e9941-ab50-50dc-a1c5-3a44ccc90493","t-001","f-001","b-001","wv-001","20260919_063924","farmiq-media","tenants/t-001/farms/f-001/barns/b-001/devices/wv-001/images/2026/09/19/dc71a38a-ef06-4ed6-ac34-246f81be1347.jpg","2fcfffbe37a19017440270b11062785c","image/jpeg","2387998","2026-09-19 06:39:24.31751+00","2026-09-19 06:39:27.392955+00"
"5dde1f29-cf5e-51e1-a328-9de01ac52744","t-001","f-001","b-001","wv-001","20260919_063928","farmiq-media","tenants/t-001/farms/f-001/barns/b-001/devices/wv-001/images/2026/09/19/8c1a0412-f3fc-4c27-a2e9-aa76ddb9420d.jpg","ee8f9853b2a5559201b5f7d88b1cfb6e","image/jpeg","2253460","2026-09-19 06:39:28.753422+00","2026-09-19 06:39:32.890209+00"
"89adbf9d-2496-575f-929d-eba8086bc0cb","t-001","f-001","b-001","wv-001","20260919_063928","farmiq-media","tenants/t-001/farms/f-001/barns/b-001/devices/wv-001/images/2026/09/19/772eac04-ba08-4ee7-a9d6-c37f1e66b537.jpg","87388a27be73c24691ff7b830d9cef4b","image/jpeg","2286453","2026-09-19 06:39:28.753422+00","2026-09-19 06:39:33.198739+00"
"21d6871c-5283-56eb-8c58-535cd73dc551","t-001","f-001","b-001","wv-001","20260919_064028","farmiq-media","tenants/t-001/farms/f-001/barns/b-001/devices/wv-001/images/2026/09/19/3ab25c17-66dd-4fd0-b7f7-fde577e75c24.jpg","b5de2e61325c1a0aab66a73865846e2c","image/jpeg","2253143","2026-09-19 06:40:28.584793+00","2026-09-19 06:40:29.164962+00"
"01dc279e-a245-5f92-9771-56da6adc3b97","t-001","f-001","b-001","wv-001","20260919_064028","farmiq-media","tenants/t-001/farms/f-001/barns/b-001/devices/wv-001/images/2026/09/19/30b1240f-bf42-467c-b839-9643a1734ab6.jpg","92a1e68aa0e3f5d3dcb591228532a998","image/jpeg","2281761","2026-09-19 06:40:28.584793+00","2026-09-19 06:40:29.415415+00"
"0401fd22-906c-541a-83bd-698aafbd509d","t-001","f-001","b-001","wv-001","20260919_064050","farmiq-media","tenants/t-001/farms/f-001/barns/b-001/devices/wv-001/images/2026/09/19/f22a5b18-eb00-400b-b3f3-131770a3af57.jpg","928147097beaeee7ee2025a2b498a44a","image/jpeg","2192779","2026-09-19 06:40:50.574069+00","2026-09-19 06:40:50.973146+00"
"eddf7e7c-2028-5c28-baba-71cc66caf25c","t-001","f-001","b-001","wv-001","20260919_064050","farmiq-media","tenants/t-001/farms/f-001/barns/b-001/devices/wv-001/images/2026/09/19/70b314ac-2077-4016-aa24-81365978f861.jpg","51ae5085ee963b1f578b1d4bff18f3d6","image/jpeg","2229677","2026-09-19 06:40:50.574069+00","2026-09-19 06:40:51.188822+00"
"b9e9889b-ac27-55a7-b6d4-e52cdb5b5d7a","t-001","f-001","b-001","wv-001","20260919_064102","farmiq-media","tenants/t-001/farms/f-001/barns/b-001/devices/wv-001/images/2026/09/19/b145be2b-de9e-45d0-806e-a8ee321bae7e.jpg","f5133743fac3de7e4fcc7a5b0396f8e4","image/jpeg","2228098","2026-09-19 06:41:02.457435+00","2026-09-19 06:41:04.739112+00"
"eed7e16c-f74d-5222-b37a-33ac6acd2764","t-001","f-001","b-001","wv-001","20260919_064102","farmiq-media","tenants/t-001/farms/f-001/barns/b-001/devices/wv-001/images/2026/09/19/527c291c-42e4-4244-ab3d-94f45a8f4537.jpg","530d82d08bfa65088711a6456a6b162f","image/jpeg","2269796","2026-09-19 06:41:02.457435+00","2026-09-19 06:41:05.039053+00"
"a16f4fda-249f-5ffb-bd6c-7daaf4aca5d3","t-001","f-001","b-001","wv-001","20260919_064136","farmiq-media","tenants/t-001/farms/f-001/barns/b-001/devices/wv-001/images/2026/09/19/130e5a57-539a-4035-8277-65d6c2080176.jpg","2a34f7da74fb0953d242fa93de63d4e7","image/jpeg","2178202","2026-09-19 06:41:36.822622+00","2026-09-19 06:41:38.756159+00"
"7de2d966-dcba-583f-9aec-0388697f46cc","t-001","f-001","b-001","wv-001","20260919_064136","farmiq-media","tenants/t-001/farms/f-001/barns/b-001/devices/wv-001/images/2026/09/19/a56f3651-b97a-45e5-ae18-ebf282eca337.jpg","23b0847f0dc19847dbc092a6d2537440","image/jpeg","2202569","2026-09-19 06:41:36.822622+00","2026-09-19 06:41:38.992388+00"
"25a97b3d-8f62-5650-99a4-6b8987b1bb3e","t-001","f-001","b-001","wv-001","20260919_064141","farmiq-media","tenants/t-001/farms/f-001/barns/b-001/devices/wv-001/images/2026/09/19/171f6de5-1a0d-4e4f-b388-732d7adb1ec7.jpg","e13a1098911d0befbd96992da2ee6855","image/jpeg","2156649","2026-09-19 06:41:41.120699+00","2026-09-19 06:41:44.412485+00"
"c531bdc4-abc8-568d-8905-708bf7ac01f0","t-001","f-001","b-001","wv-001","20260919_064141","farmiq-media","tenants/t-001/farms/f-001/barns/b-001/devices/wv-001/images/2026/09/19/e54673f1-cae8-4686-afc7-828dfd32a9bf.jpg","d037bd64a3c52d358607e771e070c704","image/jpeg","2191789","2026-09-19 06:41:41.120699+00","2026-09-19 06:41:44.643643+00"
"28898e9e-7b96-5a6e-8b49-f84c0f891e18","t-001","f-001","b-001","wv-001","20260919_064224","farmiq-media","tenants/t-001/farms/f-001/barns/b-001/devices/wv-001/images/2026/09/19/4591d6ab-c222-431f-af4b-df55b9fc0797.jpg","e36da1483d0310efc07193e865c60b3d","image/jpeg","2291925","2026-09-19 06:42:24.362192+00","2026-09-19 06:42:26.549709+00"
"bb88dfea-64db-5a84-82d7-e3967ba39206","t-001","f-001","b-001","wv-001","20260919_064224","farmiq-media","tenants/t-001/farms/f-001/barns/b-001/devices/wv-001/images/2026/09/19/069b1912-e345-4f3d-a49b-c69c99c3889a.jpg","bfe7cd8bcea6f0bd48cef4eed4c36a94","image/jpeg","2324116","2026-09-19 06:42:24.362192+00","2026-09-19 06:42:26.78611+00"
"482ec850-a6ec-5ee6-b014-3f50c1e73c9c","t-001","f-001","b-001","wv-001","20260919_064300","farmiq-media","tenants/t-001/farms/f-001/barns/b-001/devices/wv-001/images/2026/09/19/caca35b3-60c0-4652-a467-e795f2822455.jpg","f5f1f376526b636a2f54f47bf0e5dbcc","image/jpeg","2119887","2026-09-19 06:43:00.818346+00","2026-09-19 06:43:03.744506+00"
"cdf037ff-33dc-5517-9d01-00d76f515184","t-001","f-001","b-001","wv-001","20260919_064300","farmiq-media","tenants/t-001/farms/f-001/barns/b-001/devices/wv-001/images/2026/09/19/d4eb2e8f-31d1-4731-8371-d5a14bffd6ae.jpg","e1c6432e5ea27b6f16d9538cafbc1785","image/jpeg","2151462","2026-09-19 06:43:00.818346+00","2026-09-19 06:43:04.242229+00"
"b3bd3491-ecac-51bc-9e84-d642bbcdbcb0","t-001","f-001","b-001","wv-001","20260919_064317","farmiq-media","tenants/t-001/farms/f-001/barns/b-001/devices/wv-001/images/2026/09/19/031469c4-1e50-4281-b91e-9aaebc0df8d2.jpg","d7d094eb66cd749f050d1c51494877c4","image/jpeg","2164103","2026-09-19 06:43:17.965048+00","2026-09-19 06:43:20.757446+00"
"3026360d-8846-5836-8c38-c219afc819db","t-001","f-001","b-001","wv-001","20260919_064317","farmiq-media","tenants/t-001/farms/f-001/barns/b-001/devices/wv-001/images/2026/09/19/f1950b31-04b7-46a7-bef7-1cd4944443c9.jpg","e91ee21f3d73319da6abf1d46f30922e","image/jpeg","2195331","2026-09-19 06:43:17.965048+00","2026-09-19 06:43:21.128894+00"
"cebb2b09-7dc7-510c-a012-f9fbec8739c3","t-001","f-001","b-001","wv-001","20260919_064336","farmiq-media","tenants/t-001/farms/f-001/barns/b-001/devices/wv-001/images/2026/09/19/86120327-293b-4938-bc2e-a49f9acc995d.jpg","7f48eade704499ec56d63150180858a1","image/jpeg","2171058","2026-09-19 06:43:36.823735+00","2026-09-19 06:43:38.674018+00"
"a4b1ca49-3971-5f53-8d2b-ca24b8845462","t-001","f-001","b-001","wv-001","20260919_064336","farmiq-media","tenants/t-001/farms/f-001/barns/b-001/devices/wv-001/images/2026/09/19/473ab196-ebf8-4598-9cbe-23f6c64958ab.jpg","a05de69c934987dbe8cda666e7a203e5","image/jpeg","2196395","2026-09-19 06:43:36.823735+00","2026-09-19 06:43:38.915299+00"
"eeab2023-771c-5053-a2b4-ba71565bc5cf","t-001","f-001","b-001","wv-001","20260919_064350","farmiq-media","tenants/t-001/farms/f-001/barns/b-001/devices/wv-001/images/2026/09/19/073438d7-fc89-44d0-8c4a-51d1b4daaab7.jpg","bb5d362eee230267a519581bc818ce3d","image/jpeg","2208642","2026-09-19 06:43:50.623412+00","2026-09-19 06:43:52.395958+00"
"5efad127-63c6-57af-bd35-e2fd9d0e1273","t-001","f-001","b-001","wv-001","20260919_064350","farmiq-media","tenants/t-001/farms/f-001/barns/b-001/devices/wv-001/images/2026/09/19/cdc9c6e7-ff52-4ffb-83ed-661768933f6c.jpg","bb70a4185c058ebdd403fac837e64d6a","image/jpeg","2239591","2026-09-19 06:43:50.623412+00","2026-09-19 06:43:52.633258+00"
"0d468c8d-5bab-580c-8315-0be14f8c8768","t-001","f-001","b-001","wv-001","20260919_064637","farmiq-media","tenants/t-001/farms/f-001/barns/b-001/devices/wv-001/images/2026/09/19/f3d10c8e-fe90-453d-a572-abfe19865be5.jpg","5f6ca21bf71fccdda87ef02f1f515312","image/jpeg","2484722","2026-09-19 06:46:37.45883+00","2026-09-19 06:46:39.456516+00"
"627c07ce-73c6-50b5-adad-9058e00f1297","t-001","f-001","b-001","wv-001","20260919_064637","farmiq-media","tenants/t-001/farms/f-001/barns/b-001/devices/wv-001/images/2026/09/19/942ff243-4e06-4617-bffb-83626c273afe.jpg","728df07f1af14af662b4288bbefce425","image/jpeg","2512767","2026-09-19 06:46:37.45883+00","2026-09-19 06:46:39.745755+00"
"13ddbaef-76a3-5b42-9586-dd56f332184e","t-001","f-001","b-001","wv-001","20260919_064656","farmiq-media","tenants/t-001/farms/f-001/barns/b-001/devices/wv-001/images/2026/09/19/0f86e45c-f11c-4470-96d5-d1f60bb72d7f.jpg","d660a4f913eb2ee3cd76de809aeee36d","image/jpeg","2243300","2026-09-19 06:46:56.550873+00","2026-09-19 06:46:57.239491+00"
"465d2e12-2e12-5557-8993-e21f249d1bc4","t-001","f-001","b-001","wv-001","20260919_064656","farmiq-media","tenants/t-001/farms/f-001/barns/b-001/devices/wv-001/images/2026/09/19/b91613d1-eb21-43f6-8329-9ebff6f86afc.jpg","d7dfb8490ab1080bc00d9c44276a6925","image/jpeg","2278410","2026-09-19 06:46:56.550873+00","2026-09-19 06:46:57.435526+00"
"bc2ae05a-db25-55ed-a1c2-ddd47f66b553","t-001","f-001","b-001","wv-001","20260919_064712","farmiq-media","tenants/t-001/farms/f-001/barns/b-001/devices/wv-001/images/2026/09/19/88c1996c-b771-4b8f-adbe-101fca7e1982.jpg","9db3532e37e81fc82ed50353bff9de22","image/jpeg","2267325","2026-09-19 06:47:12.609403+00","2026-09-19 06:47:14.965993+00"
"96dfb62d-de2b-5982-8650-43c989276eef","t-001","f-001","b-001","wv-001","20260919_064712","farmiq-media","tenants/t-001/farms/f-001/barns/b-001/devices/wv-001/images/2026/09/19/ef626489-583d-4bce-9acb-90d2debf2aad.jpg","e68fcb7e20acae1a15d73ff6f1dd8eb8","image/jpeg","2294676","2026-09-19 06:47:12.609403+00","2026-09-19 06:47:15.190015+00"
"866c93a4-37ef-5b0b-bb48-3087958efaa6","t-001","f-001","b-001","wv-001","20260919_064718","farmiq-media","tenants/t-001/farms/f-001/barns/b-001/devices/wv-001/images/2026/09/19/a43a5f8f-a824-49ca-9314-0149dd3ee89e.jpg","26de5fcf7efc7ad075f84f2828a28735","image/jpeg","2217090","2026-09-19 06:47:18.94646+00","2026-09-19 06:47:20.624098+00"
"493485fc-5e53-5b84-b9ba-19cc01bc3dcb","t-001","f-001","b-001","wv-001","20260919_064718","farmiq-media","tenants/t-001/farms/f-001/barns/b-001/devices/wv-001/images/2026/09/19/30c8822e-1d81-472c-ba59-f55690c7aaa2.jpg","eca56b99d3f532d9c58685223cd6db35","image/jpeg","2245295","2026-09-19 06:47:18.94646+00","2026-09-19 06:47:20.827953+00"
"fe37a4e3-8399-542e-8586-13d8fceb4c83","t-001","f-001","b-001","wv-001","20260919_064732","farmiq-media","tenants/t-001/farms/f-001/barns/b-001/devices/wv-001/images/2026/09/19/dd7f7b48-71dc-4225-9488-d9608cf97ff6.jpg","738eaa18048014d6b5906673e307d5dc","image/jpeg","2093453","2026-09-19 06:47:32.426871+00","2026-09-19 06:47:34.316919+00"
"e4933555-7d0e-5d47-b679-b03c155f4978","t-001","f-001","b-001","wv-001","20260919_064732","farmiq-media","tenants/t-001/farms/f-001/barns/b-001/devices/wv-001/images/2026/09/19/819f5871-3c5b-4c5e-829e-6e70f98a0718.jpg","59a373fe16931b1ae9272f3a6a821e5e","image/jpeg","2119121","2026-09-19 06:47:32.426871+00","2026-09-19 06:47:34.507679+00"
"475528e4-0746-550e-9d6c-240546dfa4e2","t-001","f-001","b-001","wv-001","20260919_064800","farmiq-media","tenants/t-001/farms/f-001/barns/b-001/devices/wv-001/images/2026/09/19/5f8f0e7e-3b33-42ca-add1-f3aa03f7f57f.jpg","355f8f390c8c840b9d68505492864c27","image/jpeg","2393260","2026-09-19 06:48:00.123186+00","2026-09-19 06:48:03.239377+00"
"bf9cff0a-f547-50ff-94fa-bca4d5f2b839","t-001","f-001","b-001","wv-001","20260919_064800","farmiq-media","tenants/t-001/farms/f-001/barns/b-001/devices/wv-001/images/2026/09/19/cb343425-444e-40ad-8bc8-e4af05c52849.jpg","f73e8c3db13903c61780c59f1cb88dfb","image/jpeg","2423007","2026-09-19 06:48:00.123186+00","2026-09-19 06:48:04.213318+00"
"6231c714-a653-5720-8a37-909f8e99d236","t-001","f-001","b-001","wv-001","20260919_064831","farmiq-media","tenants/t-001/farms/f-001/barns/b-001/devices/wv-001/images/2026/09/19/78b84f79-2ac4-4f2b-b870-f2512b957c91.jpg","c32c3069e583bc6895a93a5e2bf5beb2","image/jpeg","2217240","2026-09-19 06:48:31.884845+00","2026-09-19 06:48:34.085563+00"
"27d2f4a9-3c0b-515f-999c-259f4bfe5f24","t-001","f-001","b-001","wv-001","20260919_064831","farmiq-media","tenants/t-001/farms/f-001/barns/b-001/devices/wv-001/images/2026/09/19/7875787a-b015-431c-b7b1-f5fa359913e4.jpg","8647f58e79a7d8e16683ff4b0359e090","image/jpeg","2245947","2026-09-19 06:48:31.884845+00","2026-09-19 06:48:34.40793+00"
"5176aa6b-caeb-5715-8361-659dd0bf134a","t-001","f-001","b-001","wv-001","20260919_064851","farmiq-media","tenants/t-001/farms/f-001/barns/b-001/devices/wv-001/images/2026/09/19/c262c0fa-5ba2-4d4b-a9b7-966a7352d6a2.jpg","bf716b235edad8bf447698bbc95c7c25","image/jpeg","2043219","2026-09-19 06:48:51.466088+00","2026-09-19 06:48:51.959979+00"
"34f08e60-7e8d-52a0-aeb0-5724ffb3b610","t-001","f-001","b-001","wv-001","20260919_064851","farmiq-media","tenants/t-001/farms/f-001/barns/b-001/devices/wv-001/images/2026/09/19/a1c3bda7-f31d-434d-afff-9f0f7d581796.jpg","0d7cf1aaefa9a65bab3da4a12ac612eb","image/jpeg","2078602","2026-09-19 06:48:51.466088+00","2026-09-19 06:48:52.212208+00"
"b405ddfb-e828-547b-8981-4261a00882b1","t-001","f-001","b-001","wv-001","20260919_064921","farmiq-media","tenants/t-001/farms/f-001/barns/b-001/devices/wv-001/images/2026/09/19/fdb0b241-cba9-4dcb-bd68-07c6f1f6b985.jpg","f824bc68b1b5f3c0785b83abfbf1da24","image/jpeg","2266745","2026-09-19 06:49:21.989909+00","2026-09-19 06:49:23.908791+00"
"6863bac0-0a37-562f-8753-35cb9937e20a","t-001","f-001","b-001","wv-001","20260919_064921","farmiq-media","tenants/t-001/farms/f-001/barns/b-001/devices/wv-001/images/2026/09/19/14a7b50c-c957-447d-8857-b8d0b5cba795.jpg","5a48bf3cfe6e87c4c590d198eb1b5492","image/jpeg","2288462","2026-09-19 06:49:21.989909+00","2026-09-19 06:49:24.160965+00"
"0c927062-ea82-50ae-acc9-1c9b479f0d7b","t-001","f-001","b-001","wv-001","20260919_065001","farmiq-media","tenants/t-001/farms/f-001/barns/b-001/devices/wv-001/images/2026/09/19/365ced77-8cc8-4aa9-867a-c92d112b5783.jpg","5c1736ba47a8a1fc8e5661bf530096bf","image/jpeg","2272636","2026-09-19 06:50:01.734572+00","2026-09-19 06:50:04.13459+00"
"c69563c0-f2a5-505d-8afb-6faeb7b0db0e","t-001","f-001","b-001","wv-001","20260919_065001","farmiq-media","tenants/t-001/farms/f-001/barns/b-001/devices/wv-001/images/2026/09/19/805a73b7-e182-4d96-8d68-3c670c517e45.jpg","38f0a53caff9278819d86f7471e4644d","image/jpeg","2296438","2026-09-19 06:50:01.734572+00","2026-09-19 06:50:04.435818+00"
"0557cd2c-e330-5b97-81bb-79547d5081a6","t-001","f-001","b-001","wv-001","20260919_065008","farmiq-media","tenants/t-001/farms/f-001/barns/b-001/devices/wv-001/images/2026/09/19/f59773ce-4a97-40a0-a090-db42add4a9ea.jpg","b9fbd4c5148eed9151bfcc9405e8a005","image/jpeg","2199613","2026-09-19 06:50:08.529871+00","2026-09-19 06:50:09.959687+00"
"d42f7f47-3f19-50b4-bc33-89e59bd80b64","t-001","f-001","b-001","wv-001","20260919_065008","farmiq-media","tenants/t-001/farms/f-001/barns/b-001/devices/wv-001/images/2026/09/19/58fa5ef9-2a42-4ce0-9881-815869ebeee6.jpg","33e7d869868722bdcc7be95a2485f4f9","image/jpeg","2229975","2026-09-19 06:50:08.529871+00","2026-09-19 06:50:10.323677+00"
"92341602-7ae0-5c25-bb0b-855cd88f721c","t-001","f-001","b-001","wv-001","20260919_065050","farmiq-media","tenants/t-001/farms/f-001/barns/b-001/devices/wv-001/images/2026/09/19/a8044b37-2879-4ec3-90ee-c1663ce9d1e4.jpg","8796f9ee637aa2af168a5dbc0f761322","image/jpeg","2140265","2026-09-19 06:50:50.741144+00","2026-09-19 06:50:52.182571+00"
"96c15ee8-be38-54b3-b241-debd608cbe37","t-001","f-001","b-001","wv-001","20260919_065050","farmiq-media","tenants/t-001/farms/f-001/barns/b-001/devices/wv-001/images/2026/09/19/8c2b87d5-5c77-4ec1-bf3b-6b49698b76f9.jpg","e65b1217334a6667340e714fed8394a4","image/jpeg","2176747","2026-09-19 06:50:50.741144+00","2026-09-19 06:50:52.449287+00"
"33738239-2467-5c1d-83a7-c7bcf2f90baf","t-001","f-001","b-001","wv-001","20260919_065102","farmiq-media","tenants/t-001/farms/f-001/barns/b-001/devices/wv-001/images/2026/09/19/84059996-29ea-49ab-a59b-c4c4a8e56401.jpg","d6b8fa31368d176dd1c4dab46cfebf59","image/jpeg","2494017","2026-09-19 06:51:02.523688+00","2026-09-19 06:51:04.039407+00"
"d8791922-d249-579f-9ae4-b305681cf922","t-001","f-001","b-001","wv-001","20260919_065102","farmiq-media","tenants/t-001/farms/f-001/barns/b-001/devices/wv-001/images/2026/09/19/0f077084-7310-4f98-9c28-b0f75c914ed9.jpg","839552c8a40934ae7ba013aa2f704d0c","image/jpeg","2518142","2026-09-19 06:51:02.523688+00","2026-09-19 06:51:04.350168+00"
"65966fac-92c2-5fc8-bac4-211f1799ccb1","t-001","f-001","b-001","wv-001","20260919_065147","farmiq-media","tenants/t-001/farms/f-001/barns/b-001/devices/wv-001/images/2026/09/19/c807c456-3aac-407f-b8c7-f25230092c5c.jpg","12549ef2387394b49058a0e35e641391","image/jpeg","2368844","2026-09-19 06:51:47.370254+00","2026-09-19 06:51:48.360298+00"
"950353dc-45c0-5e53-b7cc-6e82fdfe906f","t-001","f-001","b-001","wv-001","20260919_065147","farmiq-media","tenants/t-001/farms/f-001/barns/b-001/devices/wv-001/images/2026/09/19/c93239e0-6ae8-4cd4-a2b7-a0cc783a98e6.jpg","c75ebce33a8e562b8c247c0e155d0b49","image/jpeg","2399705","2026-09-19 06:51:47.370254+00","2026-09-19 06:51:48.779747+00"
"508c46f2-ac8a-51c0-96b1-c411c53acc88","t-001","f-001","b-001","wv-001","20260919_065154","farmiq-media","tenants/t-001/farms/f-001/barns/b-001/devices/wv-001/images/2026/09/19/722dbcd9-d270-45c2-82f3-057335518832.jpg","08c34fdf0578dd0c1e6c2c448de110a1","image/jpeg","2208433","2026-09-19 06:51:54.357361+00","2026-09-19 06:51:56.55369+00"
"4a92d9d4-b9de-5712-be2c-d66cda603388","t-001","f-001","b-001","wv-001","20260919_065154","farmiq-media","tenants/t-001/farms/f-001/barns/b-001/devices/wv-001/images/2026/09/19/58c92657-f245-418b-9a05-96d95db3549e.jpg","5051a587f9a13d790db23f094ddc1f57","image/jpeg","2235657","2026-09-19 06:51:54.357361+00","2026-09-19 06:51:56.869503+00"
"eb442416-19ec-57c3-ba45-4ab3678f50d3","t-001","f-001","b-001","wv-001","20260919_065255","farmiq-media","tenants/t-001/farms/f-001/barns/b-001/devices/wv-001/images/2026/09/19/49c4c90a-913c-4440-8c58-21fc90c8aba3.jpg","1e24debf823df3835bee682b0573d623","image/jpeg","2154952","2026-09-19 06:52:55.092743+00","2026-09-19 06:52:59.716209+00"
"a0448c31-ea76-5072-b293-96b2422ac14c","t-001","f-001","b-001","wv-001","20260919_065255","farmiq-media","tenants/t-001/farms/f-001/barns/b-001/devices/wv-001/images/2026/09/19/9cd76512-5c1a-4b28-bb2b-b7e2872a6c88.jpg","878748859669de1d60ee103072c99844","image/jpeg","2191460","2026-09-19 06:52:55.092743+00","2026-09-19 06:53:01.804206+00"
"02a0db25-e8ff-5782-b321-c75cc1738fe3","t-001","f-001","b-001","wv-001","20260919_065330","farmiq-media","tenants/t-001/farms/f-001/barns/b-001/devices/wv-001/images/2026/09/19/34b4a6f4-41d7-4fbf-b872-11218a731a13.jpg","cc7ecb810db3af77ae5d838d0fec2ce6","image/jpeg","2276370","2026-09-19 06:53:30.243701+00","2026-09-19 06:53:31.60948+00"
"7efa8152-bccf-516c-828e-3bf83cf5a412","t-001","f-001","b-001","wv-001","20260919_065330","farmiq-media","tenants/t-001/farms/f-001/barns/b-001/devices/wv-001/images/2026/09/19/23e0b834-c18f-4f87-a063-319193df77ba.jpg","4b41e62828630686ea8b05b036979de4","image/jpeg","2314249","2026-09-19 06:53:30.243701+00","2026-09-19 06:53:31.959551+00"
"dce0fbe9-45a5-5d3f-9183-c48ea237ea97","t-001","f-001","b-001","wv-001","20260919_065415","farmiq-media","tenants/t-001/farms/f-001/barns/b-001/devices/wv-001/images/2026/09/19/a36c3148-d57e-48bb-8340-1f6defb8a534.jpg","88beb49987fbdfbe4c6883702c931a7a","image/jpeg","2236351","2026-09-19 06:54:15.212894+00","2026-09-19 06:54:15.896876+00"
"481ca17d-fe29-5841-acdc-17201cf38c16","t-001","f-001","b-001","wv-001","20260919_065415","farmiq-media","tenants/t-001/farms/f-001/barns/b-001/devices/wv-001/images/2026/09/19/1aa2e76f-419e-4cd5-88a3-6219799d53e6.jpg","2adcff12117784c1f96d72665adceef2","image/jpeg","2278269","2026-09-19 06:54:15.212894+00","2026-09-19 06:54:16.246628+00"
"ce7f33cf-303e-5d56-8e7f-df174d43328a","t-001","f-001","b-001","wv-001","20260919_065429","farmiq-media","tenants/t-001/farms/f-001/barns/b-001/devices/wv-001/images/2026/09/19/9eb614e8-c6f7-4e16-b736-df38938b4476.jpg","46b25ed649d00e7cfa1f894337d92c37","image/jpeg","2455257","2026-09-19 06:54:29.999385+00","2026-09-19 06:54:31.846326+00"
"8dd67422-42da-525b-a4f5-7c0a4c593aa1","t-001","f-001","b-001","wv-001","20260919_065429","farmiq-media","tenants/t-001/farms/f-001/barns/b-001/devices/wv-001/images/2026/09/19/3888a1d5-4f3b-4389-8617-9e5e7a62c551.jpg","1df9ca9b494b234a540ad6cd58379c93","image/jpeg","2474718","2026-09-19 06:54:29.999385+00","2026-09-19 06:54:32.115169+00"
"85d658f8-5556-53d3-b5cb-c5a07016c06e","t-001","f-001","b-001","wv-001","20260919_065448","farmiq-media","tenants/t-001/farms/f-001/barns/b-001/devices/wv-001/images/2026/09/19/66dc8dee-5d7c-43cf-bc26-e05495cf1843.jpg","6e136ab0b7034cca8bfe69c583847f85","image/jpeg","2243544","2026-09-19 06:54:48.135943+00","2026-09-19 06:54:49.725785+00"
"2c87068f-2912-5343-9f2d-184ad5899dfe","t-001","f-001","b-001","wv-001","20260919_065448","farmiq-media","tenants/t-001/farms/f-001/barns/b-001/devices/wv-001/images/2026/09/19/105a766e-9525-4b6a-abc4-d97acf22fb75.jpg","5407eb40df8007ab09bc1777d309ff8b","image/jpeg","2272413","2026-09-19 06:54:48.135943+00","2026-09-19 06:54:50.090429+00"
"97e513b2-5a33-540a-b8d2-3ed372511951","t-001","f-001","b-001","wv-001","20260919_065452","farmiq-media","tenants/t-001/farms/f-001/barns/b-001/devices/wv-001/images/2026/09/19/f07ebf55-690e-45f6-bef4-7ed592a2c69f.jpg","f2b956fc9c61e94343c104eddfb96362","image/jpeg","2144498","2026-09-19 06:54:52.349534+00","2026-09-19 06:54:55.55754+00"
"769ce3ea-fdb9-5fbb-9486-e769a6beac83","t-001","f-001","b-001","wv-001","20260919_065452","farmiq-media","tenants/t-001/farms/f-001/barns/b-001/devices/wv-001/images/2026/09/19/4365e4cd-bae6-4f0e-bef4-ab8e97e6b1ea.jpg","6417c1a5c4cedaf5844f882f78bbf542","image/jpeg","2175232","2026-09-19 06:54:52.349534+00","2026-09-19 06:54:55.798924+00"
"fc7e6690-9165-50b1-892b-809abb2854ff","t-001","f-001","b-001","wv-001","20260919_065602","farmiq-media","tenants/t-001/farms/f-001/barns/b-001/devices/wv-001/images/2026/09/19/50e1268b-3ab1-44a9-9f14-b588fb0fca96.jpg","687146e336f9f31cc2f52d89602fdc19","image/jpeg","2442433","2026-09-19 06:56:02.486803+00","2026-09-19 06:56:04.10638+00"
"0928086a-b31e-5f99-91d8-96b22d77a517","t-001","f-001","b-001","wv-001","20260919_065602","farmiq-media","tenants/t-001/farms/f-001/barns/b-001/devices/wv-001/images/2026/09/19/ed8dfd25-ef0d-4010-a28e-1939872bd27e.jpg","a956a8bbef1bd9d6690b73cc989e7271","image/jpeg","2465943","2026-09-19 06:56:02.486803+00","2026-09-19 06:56:04.481732+00"
"58b67206-c0c3-5d56-983a-e0509618789e","t-001","f-001","b-001","wv-001","20260919_065632","farmiq-media","tenants/t-001/farms/f-001/barns/b-001/devices/wv-001/images/2026/09/19/6758633f-14a7-41d1-9092-53d84bd7fdf8.jpg","adcca5e8c74b85ad729da844a414b81f","image/jpeg","2332299","2026-09-19 06:56:32.599146+00","2026-09-19 06:56:34.274098+00"
"3d839eb4-6072-5eff-9546-2cea5fbdc2ec","t-001","f-001","b-001","wv-001","20260919_065632","farmiq-media","tenants/t-001/farms/f-001/barns/b-001/devices/wv-001/images/2026/09/19/dca33e8c-efed-4840-9f43-2122fa8bfd9a.jpg","7da90ee110964fba42ec3fa23bb6e7e3","image/jpeg","2360774","2026-09-19 06:56:32.599146+00","2026-09-19 06:56:34.731869+00"
"a6cd94ec-594a-5023-bb12-074a77c70398","t-001","f-001","b-001","wv-001","20260919_065638","farmiq-media","tenants/t-001/farms/f-001/barns/b-001/devices/wv-001/images/2026/09/19/c183f6ea-30f2-4e85-a936-3644c8fb56cd.jpg","95a5d74f128ba41f4f2ab31ccc0ad859","image/jpeg","2186183","2026-09-19 06:56:38.77831+00","2026-09-19 06:56:40.205765+00"
"f04d51e4-13ef-512a-b693-8ec23368995a","t-001","f-001","b-001","wv-001","20260919_065638","farmiq-media","tenants/t-001/farms/f-001/barns/b-001/devices/wv-001/images/2026/09/19/e41232b1-a2d6-4cb5-949b-d195a64f81eb.jpg","e4c7a998ad2ca3e301373be47e7a25d2","image/jpeg","2212330","2026-09-19 06:56:38.77831+00","2026-09-19 06:56:40.691056+00"
"34b10541-0f74-51fe-bdf4-f03e0e729dce","t-001","f-001","b-001","wv-001","20260919_065648","farmiq-media","tenants/t-001/farms/f-001/barns/b-001/devices/wv-001/images/2026/09/19/cc56313b-3de0-4dc4-9010-b729b1227bc2.jpg","f6c0af16c448da7d058b2a23be2508da","image/jpeg","2483112","2026-09-19 06:56:48.118057+00","2026-09-19 06:56:50.315253+00"
"46dcac1e-1a2c-59d3-aa4d-6a7c26b6ed5f","t-001","f-001","b-001","wv-001","20260919_065648","farmiq-media","tenants/t-001/farms/f-001/barns/b-001/devices/wv-001/images/2026/09/19/652758dd-55d4-49ef-acc1-b6a4ccdf9868.jpg","741b1c4ee0e9309574449519354e4b51","image/jpeg","2511751","2026-09-19 06:56:48.118057+00","2026-09-19 06:56:50.61775+00"
"abb8fc8a-f679-52d4-84e3-85ef57ae790b","t-001","f-001","b-001","wv-001","20260919_065706","farmiq-media","tenants/t-001/farms/f-001/barns/b-001/devices/wv-001/images/2026/09/19/921266c7-514e-47dc-8fd3-77879c204ddc.jpg","6bd1dfe139d1195998567661762a080c","image/jpeg","2329660","2026-09-19 06:57:06.599367+00","2026-09-19 06:57:08.191347+00"
"da534bda-51bb-56cb-a72d-481353968dd0","t-001","f-001","b-001","wv-001","20260919_065706","farmiq-media","tenants/t-001/farms/f-001/barns/b-001/devices/wv-001/images/2026/09/19/ae75d292-3026-4f6f-892e-ee13a4614e30.jpg","f011f9b6a55b32b2970b091720b65ef1","image/jpeg","2358107","2026-09-19 06:57:06.599367+00","2026-09-19 06:57:08.509596+00"
"cf70eb6c-a548-5b6e-bc38-844855cd1ab2","t-001","f-001","b-001","wv-001","20260919_065714","farmiq-media","tenants/t-001/farms/f-001/barns/b-001/devices/wv-001/images/2026/09/19/f93cabb5-a5a2-4d0c-9ddb-03c676e21a9b.jpg","0940e4fe054c5fff0bad5bfae1e4a009","image/jpeg","2076560","2026-09-19 06:57:14.198231+00","2026-09-19 06:57:15.927167+00"
"4e208eaf-1b66-5f43-9c0f-b92c5a1c0887","t-001","f-001","b-001","wv-001","20260919_065714","farmiq-media","tenants/t-001/farms/f-001/barns/b-001/devices/wv-001/images/2026/09/19/7c5b8729-0eaa-4898-8072-b3f5f756b9d9.jpg","4ef05fe3b151a2fb5a8020488b54dc7d","image/jpeg","2109142","2026-09-19 06:57:14.198231+00","2026-09-19 06:57:16.161647+00"
"51aa7a18-fd67-525a-88d2-94f4672d1a72","t-001","f-001","b-001","wv-001","20260919_065725","farmiq-media","tenants/t-001/farms/f-001/barns/b-001/devices/wv-001/images/2026/09/19/8238552f-e6d8-4f6a-8268-4eb6f55b0d45.jpg","144231c864e2bab67325f2f7555e7ab8","image/jpeg","2220677","2026-09-19 06:57:25.533902+00","2026-09-19 06:57:27.69317+00"
"23080961-03f1-5f0e-adea-8039de27e1ad","t-001","f-001","b-001","wv-001","20260919_065725","farmiq-media","tenants/t-001/farms/f-001/barns/b-001/devices/wv-001/images/2026/09/19/9e777837-6b40-4f52-bb19-1c2592e94b2c.jpg","173074765b4dfa232d853cf778bfdd0c","image/jpeg","2249651","2026-09-19 06:57:25.533902+00","2026-09-19 06:57:27.99255+00"
"908a7b51-db90-5ce3-9804-efb97c3ed6df","t-001","f-001","b-001","wv-001","20260919_065729","farmiq-media","tenants/t-001/farms/f-001/barns/b-001/devices/wv-001/images/2026/09/19/fea437c8-2149-4db4-b410-194675be4737.jpg","dc39b30d0619cff16da3868e9823a6cd","image/jpeg","2177312","2026-09-19 06:57:29.912281+00","2026-09-19 06:57:33.438167+00"
"5b2fc2a0-485c-51a1-83a2-d1da7b34af9b","t-001","f-001","b-001","wv-001","20260919_065729","farmiq-media","tenants/t-001/farms/f-001/barns/b-001/devices/wv-001/images/2026/09/19/c7248b96-a140-47f3-9e18-bfb70ba8d2bd.jpg","6e4fd2e7dac96369d4e9a988262d8500","image/jpeg","2206275","2026-09-19 06:57:29.912281+00","2026-09-19 06:57:33.802835+00"
"ba6b02a1-0b7c-5202-a64e-151657d69a89","t-001","f-001","b-001","wv-001","20260919_065739","farmiq-media","tenants/t-001/farms/f-001/barns/b-001/devices/wv-001/images/2026/09/19/ae7f3170-bd10-4de3-8480-6817a9efe6fa.jpg","c609255e510b3b4c683fe5669cf89ecd","image/jpeg","2182840","2026-09-19 06:57:39.510829+00","2026-09-19 06:57:41.456403+00"
"95cb5c25-0faf-5619-a9fe-20789dc6f3a9","t-001","f-001","b-001","wv-001","20260919_065739","farmiq-media","tenants/t-001/farms/f-001/barns/b-001/devices/wv-001/images/2026/09/19/c61ac048-43d6-4806-893e-1e3c1452a203.jpg","f6b445f47a5824d5db4ce0cf41241461","image/jpeg","2206274","2026-09-19 06:57:39.510829+00","2026-09-19 06:57:41.840738+00"
"249a9476-db2d-54c7-9ef8-cd80402dbfe7","t-001","f-001","b-001","wv-001","20260919_065743","farmiq-media","tenants/t-001/farms/f-001/barns/b-001/devices/wv-001/images/2026/09/19/38164cbe-8eca-44b4-9821-71f867673daf.jpg","72b2c486b28d015d06381059e76080f4","image/jpeg","1988942","2026-09-19 06:57:43.71525+00","2026-09-19 06:57:47.261003+00"
"f75e652d-bd09-5e25-9eed-d650ed9aa104","t-001","f-001","b-001","wv-001","20260919_065743","farmiq-media","tenants/t-001/farms/f-001/barns/b-001/devices/wv-001/images/2026/09/19/ae33a2f3-7df0-44a1-9e1c-571b821420d8.jpg","46607518096f30fc877e46b93a9d616a","image/jpeg","2012631","2026-09-19 06:57:43.71525+00","2026-09-19 06:57:47.475986+00"
"ead6b896-361d-5f2c-98a8-7d53971cb2ad","t-001","f-001","b-001","wv-001","20260919_065811","farmiq-media","tenants/t-001/farms/f-001/barns/b-001/devices/wv-001/images/2026/09/19/5413e8a4-740d-4f29-8d1d-f37c6b3cf08e.jpg","a6e3000c50d1173ae64cf8abaf25e010","image/jpeg","2161037","2026-09-19 06:58:11.969198+00","2026-09-19 06:58:13.155902+00"
"53b4d85b-fc4c-59a2-a1de-048a65846da0","t-001","f-001","b-001","wv-001","20260919_065811","farmiq-media","tenants/t-001/farms/f-001/barns/b-001/devices/wv-001/images/2026/09/19/8719778e-d082-49ea-b6b1-f03f71e43222.jpg","588a2ca386ff72d643988cfe566dacdc","image/jpeg","2202713","2026-09-19 06:58:11.969198+00","2026-09-19 06:58:13.492094+00"
"e2e7f7bf-815a-5744-95c1-906f81d7720a","t-001","f-001","b-001","wv-001","20260919_065816","farmiq-media","tenants/t-001/farms/f-001/barns/b-001/devices/wv-001/images/2026/09/19/e6f6a66e-f6de-4710-9f88-f352cfd1892c.jpg","d7550b37b47b73dc1d8c831eeac40144","image/jpeg","2001437","2026-09-19 06:58:16.024535+00","2026-09-19 06:58:19.017065+00"
"0349389d-8c22-5520-9f54-af4c7e0e13b8","t-001","f-001","b-001","wv-001","20260919_065816","farmiq-media","tenants/t-001/farms/f-001/barns/b-001/devices/wv-001/images/2026/09/19/91b248a9-e304-489b-9ff9-783610d1dd96.jpg","ed93327129cbf6b8c3ecafe4df7c1c9a","image/jpeg","2047018","2026-09-19 06:58:16.024535+00","2026-09-19 06:58:19.330495+00"
"4cac8d3e-7cec-5550-972d-e60fc566b9e8","t-001","f-001","b-001","wv-001","20260919_065820","farmiq-media","tenants/t-001/farms/f-001/barns/b-001/devices/wv-001/images/2026/09/19/82073fbd-43a8-4892-b4fc-c3c94c383511.jpg","733f7b6a18b96595e64a8f631d0bd2fd","image/jpeg","1934447","2026-09-19 06:58:20.545301+00","2026-09-19 06:58:24.832265+00"
"15a39485-56cd-572c-8328-9d5cca2f6b35","t-001","f-001","b-001","wv-001","20260919_065820","farmiq-media","tenants/t-001/farms/f-001/barns/b-001/devices/wv-001/images/2026/09/19/b5b87e0d-0d66-43d4-ab02-d379992b18c8.jpg","d4377da081d97cb61053a3847271cf7d","image/jpeg","1963468","2026-09-19 06:58:20.545301+00","2026-09-19 06:58:25.319322+00"
"ac5af390-3ceb-59db-a1aa-0ecf7472ca18","t-001","f-001","b-001","wv-001","20260919_065824","farmiq-media","tenants/t-001/farms/f-001/barns/b-001/devices/wv-001/images/2026/09/19/9f846fdc-57f7-4bb7-b414-9f22e2cb4899.jpg","d7b0c9273e29b68ce44cc43f7e9c78a8","image/jpeg","1821840","2026-09-19 06:58:24.817299+00","2026-09-19 06:58:30.95488+00"
"aa8d2723-1336-5166-8404-ac2c97d74caa","t-001","f-001","b-001","wv-001","20260919_065824","farmiq-media","tenants/t-001/farms/f-001/barns/b-001/devices/wv-001/images/2026/09/19/a4185b1c-c92c-4201-8491-0cccd55b6135.jpg","cd857720ccb355f1d127c2ea280555ea","image/jpeg","1861618","2026-09-19 06:58:24.817299+00","2026-09-19 06:58:31.300038+00"
"400dc368-90d0-5908-a8f3-c2da108de49f","t-001","f-001","b-001","wv-001","20260919_065833","farmiq-media","tenants/t-001/farms/f-001/barns/b-001/devices/wv-001/images/2026/09/19/df6001fb-0186-47f9-bef2-ec39cb8db78e.jpg","c9e74e040a7d39a5e680fc2ac19e9c6d","image/jpeg","2353247","2026-09-19 06:58:33.263084+00","2026-09-19 06:58:38.043013+00"
"e9bb7f28-b5a1-5bcb-8bf8-c12c73672ba3","t-001","f-001","b-001","wv-001","20260919_065833","farmiq-media","tenants/t-001/farms/f-001/barns/b-001/devices/wv-001/images/2026/09/19/f720a753-f6d1-444c-a396-be88eb40ee8b.jpg","da82d1ba169b8bd709b1be3d939bf64c","image/jpeg","2372841","2026-09-19 06:58:33.263084+00","2026-09-19 06:58:38.458903+00"
"021da220-d985-591a-8a55-2c619e8dd5db","t-001","f-001","b-001","wv-001","20260919_065837","farmiq-media","tenants/t-001/farms/f-001/barns/b-001/devices/wv-001/images/2026/09/19/fc1ce2d1-d490-4d20-890c-8ef499de4400.jpg","55fafe079eb83b06ef8da87e39215e1f","image/jpeg","2027259","2026-09-19 06:58:37.192548+00","2026-09-19 06:58:43.9473+00"
"4189882a-4539-5c2d-bbc2-14dacff9006b","t-001","f-001","b-001","wv-001","20260919_065837","farmiq-media","tenants/t-001/farms/f-001/barns/b-001/devices/wv-001/images/2026/09/19/cad2dfdd-32fb-4b71-becd-2bb176112794.jpg","fcb066b0687f8be7442fface774f5646","image/jpeg","2053991","2026-09-19 06:58:37.192548+00","2026-09-19 06:58:44.236911+00"
"c6ba58e1-159c-5b78-9a43-54646583b99a","t-001","f-001","b-001","wv-001","20260919_065841","farmiq-media","tenants/t-001/farms/f-001/barns/b-001/devices/wv-001/images/2026/09/19/0e382eb6-a58f-464f-83e0-9b59b94348da.jpg","7be987266a018be12107d7482cc8c21a","image/jpeg","1968876","2026-09-19 06:58:41.552222+00","2026-09-19 06:58:47.811663+00"
"fe289169-9365-5d0d-ae74-33dad96ec183","t-001","f-001","b-001","wv-001","20260919_065841","farmiq-media","tenants/t-001/farms/f-001/barns/b-001/devices/wv-001/images/2026/09/19/64aa872e-46f0-4793-bbb3-18a08fc1e8f0.jpg","4701823d2f42618ad42df2e9a1e16446","image/jpeg","2001719","2026-09-19 06:58:41.552222+00","2026-09-19 06:58:48.087169+00"
"4016486a-ee0d-5fa2-b25d-594239719356","t-001","f-001","b-001","wv-001","20260919_065854","farmiq-media","tenants/t-001/farms/f-001/barns/b-001/devices/wv-001/images/2026/09/19/4247b329-6308-49f2-87e2-217c16447c1d.jpg","863d983933ee6ba8560e9da935806a2e","image/jpeg","2171478","2026-09-19 06:58:54.707508+00","2026-09-19 06:58:55.635639+00"
"134d3f5a-9847-5927-8970-60f634fbd663","t-001","f-001","b-001","wv-001","20260919_065854","farmiq-media","tenants/t-001/farms/f-001/barns/b-001/devices/wv-001/images/2026/09/19/21b7281a-5e2e-4532-8a46-05f411149e18.jpg","3e940ad46bae8c7bf3521fa97c5a5409","image/jpeg","2196329","2026-09-19 06:58:54.707508+00","2026-09-19 06:58:55.919599+00"
"ac068030-3396-5699-b72c-36563ada03d8","t-001","f-001","b-001","wv-001","20260919_065913","farmiq-media","tenants/t-001/farms/f-001/barns/b-001/devices/wv-001/images/2026/09/19/2bde0c89-3893-48b0-bde7-b3dca7f73a68.jpg","3e415a597445a3b8e769e95c673fc4c3","image/jpeg","2198087","2026-09-19 06:59:13.917014+00","2026-09-19 06:59:15.609235+00"
"a6c8c2ec-57f2-5649-9e5c-d93a596210a7","t-001","f-001","b-001","wv-001","20260919_065913","farmiq-media","tenants/t-001/farms/f-001/barns/b-001/devices/wv-001/images/2026/09/19/7ea8922a-d998-43a1-bd9c-6dd0cca0049b.jpg","dfd1650b0a4594b24695f7bf9e59d8dd","image/jpeg","2236410","2026-09-19 06:59:13.917014+00","2026-09-19 06:59:15.901278+00"
"4da2da84-004e-5fd7-805f-90be2e7f4943","t-001","f-001","b-001","wv-001","20260919_065917","farmiq-media","tenants/t-001/farms/f-001/barns/b-001/devices/wv-001/images/2026/09/19/45371a45-7467-4e9d-81fa-f8eaf2aaada1.jpg","5dee854e7537d2fc4bd34de53ea451ed","image/jpeg","2020835","2026-09-19 06:59:17.950743+00","2026-09-19 06:59:21.407326+00"
"956d5c24-53b7-5e60-87b7-11060e07e978","t-001","f-001","b-001","wv-001","20260919_065917","farmiq-media","tenants/t-001/farms/f-001/barns/b-001/devices/wv-001/images/2026/09/19/f54338f3-539a-4618-be6a-aba608aed8e0.jpg","94f420fbc577cab2e147d99978bf03e2","image/jpeg","2063148","2026-09-19 06:59:17.950743+00","2026-09-19 06:59:21.691335+00"
"8afac073-31b2-5c34-be91-8934e5bc1d45","t-001","f-001","b-001","wv-001","20260919_065932","farmiq-media","tenants/t-001/farms/f-001/barns/b-001/devices/wv-001/images/2026/09/19/6d2915c2-7eec-4e41-876d-3101f6fcac1c.jpg","ef8df7ac1a1a1b1ab66187017e7d9599","image/jpeg","2350445","2026-09-19 06:59:32.879222+00","2026-09-19 06:59:35.238944+00"
"34cbd736-285e-59f5-aa03-b1eff4d11e4e","t-001","f-001","b-001","wv-001","20260919_065932","farmiq-media","tenants/t-001/farms/f-001/barns/b-001/devices/wv-001/images/2026/09/19/58c8c5b2-debf-4085-83a9-d4aacc0c9fad.jpg","553b62d54028947aff57d093254abd01","image/jpeg","2384567","2026-09-19 06:59:32.879222+00","2026-09-19 06:59:35.497234+00"
"62be4c91-b207-5b71-a4e7-ec3d7b1f1c90","t-001","f-001","b-001","wv-001","20260919_065959","farmiq-media","tenants/t-001/farms/f-001/barns/b-001/devices/wv-001/images/2026/09/19/ac58671b-9a3d-4eeb-a3a7-73bab218d02a.jpg","5e5d7656cc0df2b45d60cb55f74965c4","image/jpeg","2053361","2026-09-19 06:59:59.52417+00","2026-09-19 07:00:01.116005+00"
"0738b8ba-1813-54b2-9086-10e21a460e8a","t-001","f-001","b-001","wv-001","20260919_065959","farmiq-media","tenants/t-001/farms/f-001/barns/b-001/devices/wv-001/images/2026/09/19/2254510d-e18a-4817-b9ba-df26d3fb51fc.jpg","99024d5f7a4abc165e0eb9491fa098ff","image/jpeg","2088418","2026-09-19 06:59:59.52417+00","2026-09-19 07:00:01.327474+00"
"aeda5d74-ae30-56e9-8b95-0fd28d3a55e5","t-001","f-001","b-001","wv-001","20260919_070009","farmiq-media","tenants/t-001/farms/f-001/barns/b-001/devices/wv-001/images/2026/09/19/2bb3ac2f-6f25-4f04-8009-edfc27c20683.jpg","8b411c90e493451c95cebbbdb946d3e3","image/jpeg","2119992","2026-09-19 07:00:09.3118+00","2026-09-19 07:00:10.922036+00"
"df03dea0-2da9-5155-8f88-008eeea7c857","t-001","f-001","b-001","wv-001","20260919_070009","farmiq-media","tenants/t-001/farms/f-001/barns/b-001/devices/wv-001/images/2026/09/19/a7f20613-75df-48fa-85ef-6cbf22a104c4.jpg","d8d600d7294260cc6a83892af4e51332","image/jpeg","2148645","2026-09-19 07:00:09.3118+00","2026-09-19 07:00:11.158452+00"
"fe7b5c89-39f8-5611-8f5e-31c441f7b7f6","t-001","f-001","b-001","wv-001","20260919_070013","farmiq-media","tenants/t-001/farms/f-001/barns/b-001/devices/wv-001/images/2026/09/19/01f93679-849a-4b78-92a3-92774f19d41d.jpg","cf1d405b36821b076822180e4c5b2263","image/jpeg","1947220","2026-09-19 07:00:13.765804+00","2026-09-19 07:00:16.503434+00"
"8211cd01-e46f-5a87-90e1-029eb6c648cb","t-001","f-001","b-001","wv-001","20260919_070013","farmiq-media","tenants/t-001/farms/f-001/barns/b-001/devices/wv-001/images/2026/09/19/ca007659-871a-4f78-883a-732079483954.jpg","29a3a3c82de5ddd9e1b8fc25394782c9","image/jpeg","1977470","2026-09-19 07:00:13.765804+00","2026-09-19 07:00:16.730665+00"
"dbc552a2-7b79-55ec-b435-8cfaa876020b","t-001","f-001","b-001","wv-001","20260919_070200","farmiq-media","tenants/t-001/farms/f-001/barns/b-001/devices/wv-001/images/2026/09/19/947d3aaf-2339-4cd0-b2e1-100192af9e5e.jpg","585071fc152541c3049346a5ddbd34a3","image/jpeg","2449946","2026-09-19 07:02:00.500045+00","2026-09-19 07:02:01.199984+00"
"7372433d-d926-5382-9430-5e6f70ba61b7","t-001","f-001","b-001","wv-001","20260919_070200","farmiq-media","tenants/t-001/farms/f-001/barns/b-001/devices/wv-001/images/2026/09/19/2a456c83-1860-44c7-83aa-e2e0d4392248.jpg","dd70f87c1ec635f502201641cf1ae670","image/jpeg","2474286","2026-09-19 07:02:00.500045+00","2026-09-19 07:02:01.575838+00"
"8e9c3e74-0cba-5ef7-9c6d-00eebd31d7d3","t-001","f-001","b-001","wv-001","20260919_070708","farmiq-media","tenants/t-001/farms/f-001/barns/b-001/devices/wv-001/images/2026/09/19/41c74e26-6c8a-45cc-8fc3-197f809588b6.jpg","9fcda2e5d7728fdf05c2c99ebc64a655","image/jpeg","2087009","2026-09-19 07:07:08.401477+00","2026-09-19 07:07:09.629529+00"
"e4fea7bb-a638-5acb-81ff-f588827413c8","t-001","f-001","b-001","wv-001","20260919_070708","farmiq-media","tenants/t-001/farms/f-001/barns/b-001/devices/wv-001/images/2026/09/19/f8c9155e-42b8-481a-ab67-9b84ed6abc06.jpg","034aa78318cb593185ab3ad9bd4b3325","image/jpeg","2100812","2026-09-19 07:07:08.401477+00","2026-09-19 07:07:09.855767+00"
"542a3fe7-67f9-5e5a-bd79-1c5225a71fc8","t-001","f-001","b-001","wv-001","20260919_070720","farmiq-media","tenants/t-001/farms/f-001/barns/b-001/devices/wv-001/images/2026/09/19/f7d92f69-4adc-41e4-8bb1-005611f569c4.jpg","dd7547c7fb0ce4928e334578d536724a","image/jpeg","2437386","2026-09-19 07:07:20.860657+00","2026-09-19 07:07:21.353463+00"
"7417ee5a-d43b-59be-b767-07e019666dde","t-001","f-001","b-001","wv-001","20260919_070720","farmiq-media","tenants/t-001/farms/f-001/barns/b-001/devices/wv-001/images/2026/09/19/ec8051f3-2341-4ca7-a56b-d9b7d36ab5d9.jpg","ea05cc3316799418bc1f4f66b90aac8e","image/jpeg","2456244","2026-09-19 07:07:20.860657+00","2026-09-19 07:07:21.610929+00"
"e5883b31-56f4-5e42-ab55-b17d4c647b81","t-001","f-001","b-001","wv-001","20260919_070742","farmiq-media","tenants/t-001/farms/f-001/barns/b-001/devices/wv-001/images/2026/09/19/37152292-fe3d-4fd2-85c2-b4e18020f7f2.jpg","68594e3bdb1f033654ab963d0a30d6a3","image/jpeg","2071547","2026-09-19 07:07:42.798941+00","2026-09-19 07:07:43.215162+00"
"708a9780-4165-5c37-b204-57470b7566db","t-001","f-001","b-001","wv-001","20260919_070742","farmiq-media","tenants/t-001/farms/f-001/barns/b-001/devices/wv-001/images/2026/09/19/9c1ec24f-5193-449e-873b-28e394782844.jpg","d9abe6c7b07e3d9e93124d3d51abe3fc","image/jpeg","2099324","2026-09-19 07:07:42.798941+00","2026-09-19 07:07:43.471454+00"
"2e0c523b-c87d-57f0-b0e2-9812392d8cb4","t-001","f-001","b-001","wv-001","20260919_070832","farmiq-media","tenants/t-001/farms/f-001/barns/b-001/devices/wv-001/images/2026/09/19/e65b3ed4-2983-49ef-a2b1-163e349c0f34.jpg","a39f57ae19b6790e6b7b2b487236fb4b","image/jpeg","2102255","2026-09-19 07:08:32.655244+00","2026-09-19 07:08:33.363451+00"
"41af277b-5e43-548a-bf81-f5e5a3608c1c","t-001","f-001","b-001","wv-001","20260919_070832","farmiq-media","tenants/t-001/farms/f-001/barns/b-001/devices/wv-001/images/2026/09/19/a9df2b95-7379-4a36-ae0f-a7681733671b.jpg","2445e321d2ad8dcc8c9cfbeff454b89f","image/jpeg","2130521","2026-09-19 07:08:32.655244+00","2026-09-19 07:08:33.612954+00"
"de7ee2e9-c1d7-5c3e-b737-80fa7145d84e","t-001","f-001","b-001","wv-001","20260919_070854","farmiq-media","tenants/t-001/farms/f-001/barns/b-001/devices/wv-001/images/2026/09/19/85cfd51f-af5c-4cc5-b331-af8a89bf487d.jpg","8e48c790b751dd3e1efeb75185401004","image/jpeg","1969685","2026-09-19 07:08:54.340642+00","2026-09-19 07:08:55.166805+00"
"dee0db65-16ee-53cb-a9eb-c8a1259896c7","t-001","f-001","b-001","wv-001","20260919_070854","farmiq-media","tenants/t-001/farms/f-001/barns/b-001/devices/wv-001/images/2026/09/19/c9051928-62db-4581-acf1-169fe5601408.jpg","e6b71bc07368a71bc0e9edea8d6b7471","image/jpeg","1996337","2026-09-19 07:08:54.340642+00","2026-09-19 07:08:55.439388+00"
"166cb2b1-a30e-5b3d-b1c2-d7c75b8e4c51","t-001","f-001","b-001","wv-001","20260919_070910","farmiq-media","tenants/t-001/farms/f-001/barns/b-001/devices/wv-001/images/2026/09/19/7f72b139-0461-4151-95a6-7bd4dbd4531f.jpg","9f9ae84993d9e08324886ec5b60a8c16","image/jpeg","2102930","2026-09-19 07:09:10.655512+00","2026-09-19 07:09:12.949118+00"
"72347870-7dc4-5d5b-a89e-7a2e3975f44f","t-001","f-001","b-001","wv-001","20260919_070910","farmiq-media","tenants/t-001/farms/f-001/barns/b-001/devices/wv-001/images/2026/09/19/b4456977-325a-4a1d-83c7-497c696e7d6e.jpg","a5d02d0facab513a261b2711fbbcd35d","image/jpeg","2133744","2026-09-19 07:09:10.655512+00","2026-09-19 07:09:13.170225+00"
"567b7792-2294-54f0-9602-a31a36dc5ceb","t-001","f-001","b-001","wv-001","20260919_071005","farmiq-media","tenants/t-001/farms/f-001/barns/b-001/devices/wv-001/images/2026/09/19/4a6d9dd5-2e16-417b-a3b8-29b1eb916728.jpg","f9b768105d4b3ab01f13c5b19add1114","image/jpeg","1987574","2026-09-19 07:10:05.709289+00","2026-09-19 07:10:07.061563+00"
"07fc06d6-432c-5bc2-8b26-cfaee52f2fef","t-001","f-001","b-001","wv-001","20260919_071005","farmiq-media","tenants/t-001/farms/f-001/barns/b-001/devices/wv-001/images/2026/09/19/cd23cdfe-3c25-4675-99a3-bda8f30abbd1.jpg","608c08a849b136c7e570db8d76ce9dff","image/jpeg","2004511","2026-09-19 07:10:05.709289+00","2026-09-19 07:10:07.267276+00"
"e21176e7-3d5e-5485-99ab-45a91756768f","t-001","f-001","b-001","wv-001","20260919_071043","farmiq-media","tenants/t-001/farms/f-001/barns/b-001/devices/wv-001/images/2026/09/19/c317baf8-8456-425c-9d76-4cb97a100afa.jpg","0b9b7427c8591cd8587b6b3db80e5154","image/jpeg","2515375","2026-09-19 07:10:43.744424+00","2026-09-19 07:10:45.053104+00"
"54649341-1e28-5627-ab83-664229256814","t-001","f-001","b-001","wv-001","20260919_071043","farmiq-media","tenants/t-001/farms/f-001/barns/b-001/devices/wv-001/images/2026/09/19/0ea8a256-154d-4bfe-859f-cc581f3fac39.jpg","705721ced5abc6730ed6e109d5b919b7","image/jpeg","2533984","2026-09-19 07:10:43.744424+00","2026-09-19 07:10:45.298049+00"
"44223665-d4ba-5731-9019-826ad33ea236","t-001","f-001","b-001","wv-001","20260919_071223","farmiq-media","tenants/t-001/farms/f-001/barns/b-001/devices/wv-001/images/2026/09/19/e0d48fa3-6446-4897-a47e-cfdd27212dae.jpg","033cd23a6adc3582ea6767187286e5f6","image/jpeg","2289511","2026-09-19 07:12:23.090707+00","2026-09-19 07:12:23.510412+00"
"7af30acc-33c8-5178-9718-83c4eee29fd8","t-001","f-001","b-001","wv-001","20260919_071223","farmiq-media","tenants/t-001/farms/f-001/barns/b-001/devices/wv-001/images/2026/09/19/f660eef3-1787-4162-9ff2-eed020d58e6a.jpg","efe2968cb419e65ce74c1174868b8fdc","image/jpeg","2318065","2026-09-19 07:12:23.090707+00","2026-09-19 07:12:23.745293+00"
"43f30220-df5a-5b87-838d-ea93b127b578","t-001","f-001","b-001","wv-001","20260919_071242","farmiq-media","tenants/t-001/farms/f-001/barns/b-001/devices/wv-001/images/2026/09/19/c7b56fd2-d615-4503-8fdc-8a1920cc7507.jpg","6f73604cd981e2754bebe5b837f71e2d","image/jpeg","2165909","2026-09-19 07:12:42.557871+00","2026-09-19 07:12:43.327342+00"
"17d5bea1-53cf-5885-98b4-95be0d397dee","t-001","f-001","b-001","wv-001","20260919_071242","farmiq-media","tenants/t-001/farms/f-001/barns/b-001/devices/wv-001/images/2026/09/19/6ac44e89-8d65-4db3-8d7f-c8cb8e7d4675.jpg","5cd5a826323e94877f08c8ad72a2a3ef","image/jpeg","2193553","2026-09-19 07:12:42.557871+00","2026-09-19 07:12:43.536611+00"
"cdb2ce5d-b3a6-5816-941c-4e2414cec369","t-001","f-001","b-001","wv-001","20260919_071404","farmiq-media","tenants/t-001/farms/f-001/barns/b-001/devices/wv-001/images/2026/09/19/9e62aab5-449a-483b-b8d2-6eac09f71e7c.jpg","fa0e767fa4a3b60ffc34fe063f8439f3","image/jpeg","1975694","2026-09-19 07:14:04.570024+00","2026-09-19 07:14:05.554651+00"
"eb803a5f-70f6-5f48-bf05-bfaa7559f186","t-001","f-001","b-001","wv-001","20260919_071404","farmiq-media","tenants/t-001/farms/f-001/barns/b-001/devices/wv-001/images/2026/09/19/18960b0e-3e41-4182-8229-5ac039984c28.jpg","907b4a4985d3583c7ffb4bd66ee5f8ec","image/jpeg","2004765","2026-09-19 07:14:04.570024+00","2026-09-19 07:14:05.762495+00"
"d066356f-f26b-590b-a869-63f2cff1f260","t-001","f-001","b-001","wv-001","20260919_071723","farmiq-media","tenants/t-001/farms/f-001/barns/b-001/devices/wv-001/images/2026/09/19/0a50512a-dcd1-4e79-a77e-7db717fbeed4.jpg","335a8ceeb6909e6ac893d0c25824b11d","image/jpeg","2262248","2026-09-19 07:17:23.222664+00","2026-09-19 07:17:24.653797+00"
"8e162c96-db53-577f-832b-a5bd93d21ae9","t-001","f-001","b-001","wv-001","20260919_071723","farmiq-media","tenants/t-001/farms/f-001/barns/b-001/devices/wv-001/images/2026/09/19/6243e0da-334c-4cd7-9277-d948ff275a69.jpg","d533a9ca34f2685ea8a48d8116bf9f5d","image/jpeg","2288873","2026-09-19 07:17:23.222664+00","2026-09-19 07:17:24.903092+00"
"10271bb0-6e33-54bd-8f1a-042633da6f06","t-001","f-001","b-001","wv-001","20260919_071937","farmiq-media","tenants/t-001/farms/f-001/barns/b-001/devices/wv-001/images/2026/09/19/c97e6dde-32ac-4062-a578-64c41ca4e14f.jpg","f3917725f53535097fa4b9a07b7c7e23","image/jpeg","2467550","2026-09-19 07:19:37.066542+00","2026-09-19 07:19:39.506369+00"
"2406280f-15dc-51f0-83bc-a791ddc2fdd8","t-001","f-001","b-001","wv-001","20260919_071937","farmiq-media","tenants/t-001/farms/f-001/barns/b-001/devices/wv-001/images/2026/09/19/1c61dd6a-bfce-4123-b658-8484b30758f7.jpg","7ba700581a22c89536d31331343f2d4a","image/jpeg","2491099","2026-09-19 07:19:37.066542+00","2026-09-19 07:19:39.785539+00"
"01d5d3f4-8c92-5571-ae7a-7d53afbfd20a","t-001","f-001","b-001","wv-001","20260919_072046","farmiq-media","tenants/t-001/farms/f-001/barns/b-001/devices/wv-001/images/2026/09/19/7c35cd3b-def1-4d33-b4d7-8a9d3a05b981.jpg","3e5f376267cbc45c66729d4fe542440f","image/jpeg","2268086","2026-09-19 07:20:46.597143+00","2026-09-19 07:20:47.785589+00"
"6c32dbae-b2e0-567b-9985-c494791400ee","t-001","f-001","b-001","wv-001","20260919_072046","farmiq-media","tenants/t-001/farms/f-001/barns/b-001/devices/wv-001/images/2026/09/19/e86bac87-6b38-4bf1-b963-46887da2f46b.jpg","67908bec8624f0903fc7b09575293e60","image/jpeg","2293278","2026-09-19 07:20:46.597143+00","2026-09-19 07:20:48.066736+00"
"cea7e53c-871d-5714-b17e-1903b3440b27","t-001","f-001","b-001","wv-001","20260919_072104","farmiq-media","tenants/t-001/farms/f-001/barns/b-001/devices/wv-001/images/2026/09/19/9686fa1e-2b93-4083-ab13-94773c0d02f9.jpg","db793453f4a242b76b7e9b670dc6e51d","image/jpeg","2269188","2026-09-19 07:21:04.09593+00","2026-09-19 07:21:05.570416+00"
"48550d7c-923e-551f-8cc4-6512d1aad9b5","t-001","f-001","b-001","wv-001","20260919_072104","farmiq-media","tenants/t-001/farms/f-001/barns/b-001/devices/wv-001/images/2026/09/19/293af1cf-da20-4cd0-9548-9bedef63eb89.jpg","eb474eae89e35ef0748797241c70eae1","image/jpeg","2293674","2026-09-19 07:21:04.09593+00","2026-09-19 07:21:05.795301+00"
"bdaabd9b-8dc4-5dac-bd7a-97923eb23ac4","t-001","f-001","b-001","wv-001","20260919_072147","farmiq-media","tenants/t-001/farms/f-001/barns/b-001/devices/wv-001/images/2026/09/19/dceea569-6433-4a9f-9999-f63aa2b2436b.jpg","f5c20ad0bcf77030eaf38f15b2e4e470","image/jpeg","2171919","2026-09-19 07:21:47.494995+00","2026-09-19 07:21:49.640618+00"
"06ed43b6-9169-5cb9-8626-05c12bf6f4a7","t-001","f-001","b-001","wv-001","20260919_072147","farmiq-media","tenants/t-001/farms/f-001/barns/b-001/devices/wv-001/images/2026/09/19/34e9674e-895c-4b58-af14-4fb1add694c1.jpg","2a109e4c4f4384bf40b40ec335624860","image/jpeg","2191750","2026-09-19 07:21:47.494995+00","2026-09-19 07:21:49.977642+00"
"0661601b-0433-588e-b141-648a4e8fca28","t-001","f-001","b-001","wv-001","20260919_072329","farmiq-media","tenants/t-001/farms/f-001/barns/b-001/devices/wv-001/images/2026/09/19/02dd5822-6454-4d51-8633-5e295fa07242.jpg","a746d8bf215cf420d61be297add367de","image/jpeg","2316511","2026-09-19 07:23:29.407727+00","2026-09-19 07:23:30.242895+00"
"6c181909-f45f-5e5f-a218-78fd20cbcd4d","t-001","f-001","b-001","wv-001","20260919_072329","farmiq-media","tenants/t-001/farms/f-001/barns/b-001/devices/wv-001/images/2026/09/19/b82697bb-796f-4685-9d83-4c18440c20c4.jpg","5e125ca20a3895b3d97055eaa689cb03","image/jpeg","2331321","2026-09-19 07:23:29.407727+00","2026-09-19 07:23:30.47303+00"
"aeba5275-8a4c-5eab-9d9a-800b40123090","t-001","f-001","b-001","wv-001","20260919_072359","farmiq-media","tenants/t-001/farms/f-001/barns/b-001/devices/wv-001/images/2026/09/19/5403ef95-2def-4df4-af37-eeef93f6741a.jpg","f65fa1e7c838c72ec5d777b9c30aa842","image/jpeg","2418715","2026-09-19 07:23:59.316239+00","2026-09-19 07:24:00.119501+00"
"12fdba46-a5b8-5d33-bbe3-9de3bcd698e6","t-001","f-001","b-001","wv-001","20260919_072359","farmiq-media","tenants/t-001/farms/f-001/barns/b-001/devices/wv-001/images/2026/09/19/5d44e047-0209-48c2-83db-252770ad4520.jpg","e5540f8829063136366b70b315474a9c","image/jpeg","2438100","2026-09-19 07:23:59.316239+00","2026-09-19 07:24:00.38747+00"
"83d63873-bd14-57be-bd50-6a1976ab10eb","t-001","f-001","b-001","wv-001","20260919_072846","farmiq-media","tenants/t-001/farms/f-001/barns/b-001/devices/wv-001/images/2026/09/19/44eee10c-4fce-4893-ac2a-8cfa87cc6e93.jpg","46b99d097f6e7dbcd3dae735259a161a","image/jpeg","2020041","2026-09-19 07:28:46.493298+00","2026-09-19 07:28:48.488868+00"
"a45a3fd0-3bba-5311-8997-b74c0a73caea","t-001","f-001","b-001","wv-001","20260919_072846","farmiq-media","tenants/t-001/farms/f-001/barns/b-001/devices/wv-001/images/2026/09/19/19b158f5-45a1-4f52-8ee4-ab6b0c1586cd.jpg","dabfc6915d309ab289c5966895e9fc92","image/jpeg","2033873","2026-09-19 07:28:46.493298+00","2026-09-19 07:28:48.725339+00"
"3b09ff40-8965-5871-9ec3-f2442c93cc29","t-001","f-001","b-001","wv-001","20260919_072908","farmiq-media","tenants/t-001/farms/f-001/barns/b-001/devices/wv-001/images/2026/09/19/3207a712-2cff-40dd-a209-e6780f897657.jpg","bf303a888f213221f6ffe322abc776c1","image/jpeg","1894291","2026-09-19 07:29:08.078306+00","2026-09-19 07:29:10.304944+00"
"79a9d13b-2f67-5b5e-a7f4-329906723356","t-001","f-001","b-001","wv-001","20260919_072908","farmiq-media","tenants/t-001/farms/f-001/barns/b-001/devices/wv-001/images/2026/09/19/52671f68-8512-4b53-bb3a-06cf766eb223.jpg","74d1b45e9c8224154ee3cb1c010ff169","image/jpeg","1909726","2026-09-19 07:29:08.078306+00","2026-09-19 07:29:10.563301+00"
"740e1e0e-0712-54f6-939c-c44ef685c0c5","t-001","f-001","b-001","wv-001","20260919_073318","farmiq-media","tenants/t-001/farms/f-001/barns/b-001/devices/wv-001/images/2026/09/19/416c1138-0cb7-4db1-bc3d-0852dcfbcca6.jpg","d2c4e657cdfbf1c139129f7462c09eb2","image/jpeg","2470663","2026-09-19 07:33:18.278001+00","2026-09-19 07:33:20.155222+00"
"b8ec03db-d71e-53d4-84dd-1dedc3a33e70","t-001","f-001","b-001","wv-001","20260919_073318","farmiq-media","tenants/t-001/farms/f-001/barns/b-001/devices/wv-001/images/2026/09/19/5e6256e4-2f66-4c82-b572-583da1dde76d.jpg","d952aea23e3793dd3db17ea60444fb77","image/jpeg","2484076","2026-09-19 07:33:18.278001+00","2026-09-19 07:33:20.711139+00"
"9c3bba75-ad5e-5281-92ab-595168899aa3","t-001","f-001","b-001","wv-001","20260919_073426","farmiq-media","tenants/t-001/farms/f-001/barns/b-001/devices/wv-001/images/2026/09/19/42f6a1e9-902e-4f2a-86a4-4543ce717739.jpg","9e8cf8ddb92e6dd0ade2a7a7b42882ed","image/jpeg","2546402","2026-09-19 07:34:26.230245+00","2026-09-19 07:34:26.72698+00"
"f01496bf-aadc-590b-881a-dbd49cc8a295","t-001","f-001","b-001","wv-001","20260919_073426","farmiq-media","tenants/t-001/farms/f-001/barns/b-001/devices/wv-001/images/2026/09/19/c9e160d6-b333-4efb-a9be-5ced18ee1828.jpg","bca5704b73491e1f6b9a5579f604c455","image/jpeg","2558304","2026-09-19 07:34:26.230245+00","2026-09-19 07:34:26.99729+00"
"1868d297-3f42-55c4-b187-14d899cf868f","t-001","f-001","b-001","wv-001","20260919_073502","farmiq-media","tenants/t-001/farms/f-001/barns/b-001/devices/wv-001/images/2026/09/19/2fa05c08-61df-4aab-bed6-5e0856380c39.jpg","fb0ab85888d2691f5e3c464049ffcdeb","image/jpeg","2317527","2026-09-19 07:35:02.145412+00","2026-09-19 07:35:02.725893+00"
"a0e6bd81-2576-5442-9905-82b3596f1ca8","t-001","f-001","b-001","wv-001","20260919_073502","farmiq-media","tenants/t-001/farms/f-001/barns/b-001/devices/wv-001/images/2026/09/19/fed8f02a-69df-4317-96df-c9c0e5a3416f.jpg","f0a14129c1b7ca8553ac45655abd3171","image/jpeg","2338520","2026-09-19 07:35:02.145412+00","2026-09-19 07:35:03.010847+00"
"ab1bbdda-de69-561b-a149-5fb78520486d","t-001","f-001","b-001","wv-001","20260919_073659","farmiq-media","tenants/t-001/farms/f-001/barns/b-001/devices/wv-001/images/2026/09/19/d005ee99-743c-45b9-9c07-395b343b4dfb.jpg","ce13fe6be1d14d8533db7833b5363ac1","image/jpeg","1955158","2026-09-19 07:36:59.232391+00","2026-09-19 07:37:01.477784+00"
"d48e1974-40f0-5c66-84ce-7e15ae9470e2","t-001","f-001","b-001","wv-001","20260919_073659","farmiq-media","tenants/t-001/farms/f-001/barns/b-001/devices/wv-001/images/2026/09/19/96eac6c0-cbce-4e62-9455-ea606d007e54.jpg","c524418921dc839b1e8eebd49c654966","image/jpeg","1977759","2026-09-19 07:36:59.232391+00","2026-09-19 07:37:01.721422+00"
"7dc42be6-b4ae-5901-80d3-0ac867501260","t-001","f-001","b-001","wv-001","20260919_074244","farmiq-media","tenants/t-001/farms/f-001/barns/b-001/devices/wv-001/images/2026/09/19/3d5945b5-d151-40b6-8b1c-6884492d89cb.jpg","80f5394ed1f566d7d008ea5cf9de5f77","image/jpeg","2486550","2026-09-19 07:42:44.86021+00","2026-09-19 07:42:46.305167+00"
"b312436d-d22e-5310-8032-4187dbd71b97","t-001","f-001","b-001","wv-001","20260919_074244","farmiq-media","tenants/t-001/farms/f-001/barns/b-001/devices/wv-001/images/2026/09/19/7b1dc49b-c1d9-4da2-9735-9cdc90bbca39.jpg","bcf8d0dcd3e3c8d4ffad09946c9cd36a","image/jpeg","2499603","2026-09-19 07:42:44.86021+00","2026-09-19 07:42:46.56645+00"
"8e0ad258-60f7-546e-8ce2-b86890bb3cc2","t-001","f-001","b-001","wv-001","20260919_074543","farmiq-media","tenants/t-001/farms/f-001/barns/b-001/devices/wv-001/images/2026/09/19/fc22127d-c210-4d15-8971-6fe083fa7891.jpg","cbdec31ce097de0490a3281ef0c1bc0f","image/jpeg","2254985","2026-09-19 07:45:43.439932+00","2026-09-19 07:45:45.549544+00"
"c79029f0-f5cf-55e4-bc37-5bad11209db8","t-001","f-001","b-001","wv-001","20260919_074543","farmiq-media","tenants/t-001/farms/f-001/barns/b-001/devices/wv-001/images/2026/09/19/61f9751c-396f-4a1a-a88e-b9fee1261e8c.jpg","4d485e8da5d56ed06b85df530ab38729","image/jpeg","2270067","2026-09-19 07:45:43.439932+00","2026-09-19 07:45:45.77928+00"
"8fd821a8-c34b-5a95-9cf3-2e0c9b8a63c2","t-001","f-001","b-001","wv-001","20260919_074614","farmiq-media","tenants/t-001/farms/f-001/barns/b-001/devices/wv-001/images/2026/09/19/c47e6a80-2fef-470c-bfef-21cec6ce47b4.jpg","3f45b0bcbac7d0fa4c422f2823625125","image/jpeg","2234473","2026-09-19 07:46:14.06387+00","2026-09-19 07:46:15.470559+00"
"76a8abc2-80d6-512f-a6d4-ba996d249d2c","t-001","f-001","b-001","wv-001","20260919_074614","farmiq-media","tenants/t-001/farms/f-001/barns/b-001/devices/wv-001/images/2026/09/19/31cedef1-7f60-4db7-b008-d47fe1e82217.jpg","1857f7489388bcdd2c89b4bb155aa36f","image/jpeg","2253943","2026-09-19 07:46:14.06387+00","2026-09-19 07:46:15.702508+00"
"f48766e8-8920-5047-be9e-075f4aa1d2bd","t-001","f-001","b-001","wv-001","20260919_074640","farmiq-media","tenants/t-001/farms/f-001/barns/b-001/devices/wv-001/images/2026/09/19/ef77a878-34be-4e66-a5eb-d919950536d4.jpg","41d3414cff70f386a541bf3548874c6a","image/jpeg","2402995","2026-09-19 07:46:40.5678+00","2026-09-19 07:46:41.350326+00"
"03e337e6-3989-5a2e-ba32-699fa3b46e86","t-001","f-001","b-001","wv-001","20260919_074640","farmiq-media","tenants/t-001/farms/f-001/barns/b-001/devices/wv-001/images/2026/09/19/44a9386e-5001-40fc-953e-83e84085fcbc.jpg","0f384fbc7e12a87de63583b594edd035","image/jpeg","2421313","2026-09-19 07:46:40.5678+00","2026-09-19 07:46:41.689936+00"
"23dca7dd-09a8-5299-9ae8-5f290f914627","t-001","f-001","b-001","wv-001","20260919_074805","farmiq-media","tenants/t-001/farms/f-001/barns/b-001/devices/wv-001/images/2026/09/19/d4222df7-d682-480b-9430-ad5fd8f596e4.jpg","74cc2867772e19d56fd9a5c001e2afb1","image/jpeg","2411725","2026-09-19 07:48:05.431829+00","2026-09-19 07:48:07.825029+00"
"868abd38-6e22-5706-8771-b52d7338ccae","t-001","f-001","b-001","wv-001","20260919_074805","farmiq-media","tenants/t-001/farms/f-001/barns/b-001/devices/wv-001/images/2026/09/19/7679e104-a07a-45b8-9e3b-f880b3ef6bb3.jpg","c833c4ed2ee183174fe859e18a4ac2b0","image/jpeg","2436616","2026-09-19 07:48:05.431829+00","2026-09-19 07:48:08.074815+00"
"92e7a2f7-5c4b-5a83-90ff-e8dca658fcee","t-001","f-001","b-001","wv-001","20260919_074841","farmiq-media","tenants/t-001/farms/f-001/barns/b-001/devices/wv-001/images/2026/09/19/8a55d3f9-9726-481e-80c4-f315604d7edb.jpg","52e02cf5d491111f2c6760789c409b18","image/jpeg","2517204","2026-09-19 07:48:41.969026+00","2026-09-19 07:48:43.769848+00"
"54f6714d-9098-59f2-af2d-a2d333503844","t-001","f-001","b-001","wv-001","20260919_074841","farmiq-media","tenants/t-001/farms/f-001/barns/b-001/devices/wv-001/images/2026/09/19/37646bd6-defa-488f-ac91-1ec7103bebb9.jpg","09428b4458a3349b3f1c2865eb9e56eb","image/jpeg","2540423","2026-09-19 07:48:41.969026+00","2026-09-19 07:48:44.021333+00"
"b4e27484-d414-5499-a2d8-0eed9cf931da","t-001","f-001","b-001","wv-001","20260919_075305","farmiq-media","tenants/t-001/farms/f-001/barns/b-001/devices/wv-001/images/2026/09/19/4fb538d0-a3ea-4bbc-919f-96fc22c9d268.jpg","54b8a2e7b2c369497687c2949f7246d7","image/jpeg","2183093","2026-09-19 07:53:05.839318+00","2026-09-19 07:53:07.794631+00"
"dc6641d7-faee-5db8-91d0-b8eb16e8c4d9","t-001","f-001","b-001","wv-001","20260919_075305","farmiq-media","tenants/t-001/farms/f-001/barns/b-001/devices/wv-001/images/2026/09/19/567ae748-0a39-4bf1-940d-e5b81bb25049.jpg","5e92a17d320076a20f5463d37401d7f3","image/jpeg","2208521","2026-09-19 07:53:05.839318+00","2026-09-19 07:53:08.05596+00"
"7978f079-2178-5626-a55b-42cd18a8f6a6","t-001","f-001","b-001","wv-001","20260919_075453","farmiq-media","tenants/t-001/farms/f-001/barns/b-001/devices/wv-001/images/2026/09/19/a83dc2cf-9170-4997-a696-13ba9ff27d35.jpg","dbc988dd474c3b6829dffc35d18a8769","image/jpeg","2517560","2026-09-19 07:54:53.820042+00","2026-09-19 07:54:54.424785+00"
"06472dea-7f70-5e99-86e8-5a6d552e5bf7","t-001","f-001","b-001","wv-001","20260919_075453","farmiq-media","tenants/t-001/farms/f-001/barns/b-001/devices/wv-001/images/2026/09/19/c72dbd99-4350-471a-92ba-7547fea66b55.jpg","7fd10e35b6a111971e22d8b5a4b0f2e6","image/jpeg","2541585","2026-09-19 07:54:53.820042+00","2026-09-19 07:54:54.68916+00"
"3f8b8154-9c91-5a89-95be-dacfa50df050","t-001","f-001","b-001","wv-001","20260919_075733","farmiq-media","tenants/t-001/farms/f-001/barns/b-001/devices/wv-001/images/2026/09/19/64898307-be97-4f83-bbb2-a70cbf9cb9e5.jpg","e5cd518eb4adeefa8a7c8e2da7ec8e92","image/jpeg","2203565","2026-09-19 07:57:33.184246+00","2026-09-19 07:57:35.30394+00"
"36992f06-1529-57c2-8d0f-dd25461380e8","t-001","f-001","b-001","wv-001","20260919_075733","farmiq-media","tenants/t-001/farms/f-001/barns/b-001/devices/wv-001/images/2026/09/19/7e5a19bf-f895-4f5a-a957-3c4d1f6f562e.jpg","5ebffddbcbd3181b99635afb656f6ecc","image/jpeg","2230736","2026-09-19 07:57:33.184246+00","2026-09-19 07:57:35.531454+00"
"2fba95b3-d382-593c-a5f7-21da52c940d4","t-001","f-001","b-001","wv-001","20260919_075737","farmiq-media","tenants/t-001/farms/f-001/barns/b-001/devices/wv-001/images/2026/09/19/9fbec12e-0c10-4919-9512-50c113f550a9.jpg","01b60df3021d4b3827689843936a2ea9","image/jpeg","2024910","2026-09-19 07:57:37.165489+00","2026-09-19 07:57:40.916838+00"
"e94b55c4-dc4e-55c9-ac78-d60397a7ab00","t-001","f-001","b-001","wv-001","20260919_075737","farmiq-media","tenants/t-001/farms/f-001/barns/b-001/devices/wv-001/images/2026/09/19/0a468c89-0391-4b12-87f6-400b6addbc22.jpg","a11282a855991c1f6acb987cc87492b8","image/jpeg","2055802","2026-09-19 07:57:37.165489+00","2026-09-19 07:57:41.1274+00"
"ad66208c-c5d5-5138-8516-84a3414730d2","t-001","f-001","b-001","wv-001","20260919_075901","farmiq-media","tenants/t-001/farms/f-001/barns/b-001/devices/wv-001/images/2026/09/19/f56ad8df-677c-424d-ae38-0419da59e0f4.jpg","063344e54b07c8881d9d9c36bda7875f","image/jpeg","2344817","2026-09-19 07:59:01.717967+00","2026-09-19 07:59:03.225618+00"
"0e853df8-c600-5e03-9dc4-8ab1d601c137","t-001","f-001","b-001","wv-001","20260919_075901","farmiq-media","tenants/t-001/farms/f-001/barns/b-001/devices/wv-001/images/2026/09/19/04235236-9fa8-47f5-94ed-dddec9bf33fd.jpg","ce74ddba44dcb1706d75a086aec56558","image/jpeg","2365368","2026-09-19 07:59:01.717967+00","2026-09-19 07:59:03.451174+00"
"a77d9139-f3f3-5e4c-8005-85d7c7e695f5","t-001","f-001","b-001","wv-001","20260919_075905","farmiq-media","tenants/t-001/farms/f-001/barns/b-001/devices/wv-001/images/2026/09/19/4d285839-1a9f-444b-8d09-c1cf7fbbcd81.jpg","8eac410f4cd212ce22a43d5b50a8e105","image/jpeg","2192018","2026-09-19 07:59:05.70822+00","2026-09-19 07:59:08.891917+00"
"d63ab103-ad09-5127-837c-ae651fc5c99e","t-001","f-001","b-001","wv-001","20260919_075905","farmiq-media","tenants/t-001/farms/f-001/barns/b-001/devices/wv-001/images/2026/09/19/5abf8db2-44e0-48c5-aa89-846d0875116e.jpg","c23a5796e209179533469921714bd4a0","image/jpeg","2213179","2026-09-19 07:59:05.70822+00","2026-09-19 07:59:09.142771+00"
"73795b16-5a49-5360-bcc2-746bc95030a2","t-001","f-001","b-001","wv-001","20260919_075930","farmiq-media","tenants/t-001/farms/f-001/barns/b-001/devices/wv-001/images/2026/09/19/9cabb4fe-22c4-4a26-a2ba-4ce07fb466dd.jpg","0ed9878bda0a449635c645030eaf5573","image/jpeg","2475173","2026-09-19 07:59:30.338846+00","2026-09-19 07:59:30.794165+00"
"d2051721-0f05-5a06-9ac2-b9bbfd0b35ad","t-001","f-001","b-001","wv-001","20260919_075930","farmiq-media","tenants/t-001/farms/f-001/barns/b-001/devices/wv-001/images/2026/09/19/c3d12571-ad60-45b9-8513-7000d85cd211.jpg","5ba53fa3c9ed9f62a12955a94dffcdb0","image/jpeg","2502147","2026-09-19 07:59:30.338846+00","2026-09-19 07:59:31.074096+00"
"845e31d8-6135-5ec4-868b-d80e42ca0d92","t-001","f-001","b-001","wv-001","20260919_075934","farmiq-media","tenants/t-001/farms/f-001/barns/b-001/devices/wv-001/images/2026/09/19/bbfc3430-c226-4a62-89fa-ea06d5460c5a.jpg","e8b6da5ad966c0aaf9c437d402b84e1e","image/jpeg","2183652","2026-09-19 07:59:34.230234+00","2026-09-19 07:59:36.484913+00"
"7cd17741-9e1d-516b-bc8b-187bbb3d361a","t-001","f-001","b-001","wv-001","20260919_075934","farmiq-media","tenants/t-001/farms/f-001/barns/b-001/devices/wv-001/images/2026/09/19/1273ea6c-44d5-435b-9be8-355a93ec8f0c.jpg","7aef3f3c232c94cda31a53247451555b","image/jpeg","2213937","2026-09-19 07:59:34.230234+00","2026-09-19 07:59:36.705318+00"
"5f3eca1d-5f14-5429-baa4-8373d1b54edd","t-001","f-001","b-001","wv-001","20260919_080003","farmiq-media","tenants/t-001/farms/f-001/barns/b-001/devices/wv-001/images/2026/09/19/26843772-cc37-41a5-874c-ab4d1dabd802.jpg","52015c9f417073db794c35e39a4f3f2b","image/jpeg","2510859","2026-09-19 08:00:03.866448+00","2026-09-19 08:00:04.303531+00"
"801b3bf2-6363-5a0a-894e-40c6ca8464ee","t-001","f-001","b-001","wv-001","20260919_080003","farmiq-media","tenants/t-001/farms/f-001/barns/b-001/devices/wv-001/images/2026/09/19/6b914da8-7aa0-434c-a428-c2b53b78051e.jpg","0cec0b45fa4a63a8c34f3de62afbf950","image/jpeg","2524083","2026-09-19 08:00:03.866448+00","2026-09-19 08:00:04.673107+00"
"866fc2df-8522-5b66-8e68-442698a4990a","t-001","f-001","b-001","wv-001","20260919_080007","farmiq-media","tenants/t-001/farms/f-001/barns/b-001/devices/wv-001/images/2026/09/19/cbaf6181-edac-4c35-8792-8a906b16f876.jpg","ba5f2d8ffc9a03fff08456cd00c57a8d","image/jpeg","2379047","2026-09-19 08:00:07.781364+00","2026-09-19 08:00:10.087235+00"
"75ca6fc2-7b54-53cd-87e0-0671fa38e8f7","t-001","f-001","b-001","wv-001","20260919_080007","farmiq-media","tenants/t-001/farms/f-001/barns/b-001/devices/wv-001/images/2026/09/19/ce34fadc-c446-41aa-a37a-6d0787fa1b47.jpg","d6bf453badbc8026893a3490dd22d217","image/jpeg","2400366","2026-09-19 08:00:07.781364+00","2026-09-19 08:00:10.354012+00"
"730846fe-95de-5101-abb4-c808f44bf3d3","t-001","f-001","b-001","wv-001","20260919_080012","farmiq-media","tenants/t-001/farms/f-001/barns/b-001/devices/wv-001/images/2026/09/19/e07a7c88-8657-459f-9c82-0fd334cca14e.jpg","8168c37b9c138eba806e73486047a763","image/jpeg","2277998","2026-09-19 08:00:12.403142+00","2026-09-19 08:00:15.884628+00"
"dcbf3055-8bf1-597c-8e0d-3a5af3aff01c","t-001","f-001","b-001","wv-001","20260919_080012","farmiq-media","tenants/t-001/farms/f-001/barns/b-001/devices/wv-001/images/2026/09/19/13da9be1-e3d8-48e1-bad5-6c8f278a400c.jpg","ea78d2436d6f826dbbd3d11380966303","image/jpeg","2299298","2026-09-19 08:00:12.403142+00","2026-09-19 08:00:16.131432+00"
"214b5bba-97ee-5df6-bcb0-e92ec885c6aa","t-001","f-001","b-001","wv-001","20260919_080021","farmiq-media","tenants/t-001/farms/f-001/barns/b-001/devices/wv-001/images/2026/09/19/077fc2bf-4d46-44dc-838d-ef92eb55ccfe.jpg","e1ade4fc6f85824e72e090477bde7d69","image/jpeg","2559585","2026-09-19 08:00:21.851368+00","2026-09-19 08:00:23.667774+00"
"74c39100-0b07-5aac-b4cd-861ff8b8119b","t-001","f-001","b-001","wv-001","20260919_080021","farmiq-media","tenants/t-001/farms/f-001/barns/b-001/devices/wv-001/images/2026/09/19/06c3aff6-166e-4932-93ef-587cb7d0b2af.jpg","e342575e477dea12d5547f3543a99b9a","image/jpeg","2579110","2026-09-19 08:00:21.851368+00","2026-09-19 08:00:23.898043+00"
"624b4cb0-348a-52db-91cd-01cb6f158c24","t-001","f-001","b-001","wv-001","20260919_080040","farmiq-media","tenants/t-001/farms/f-001/barns/b-001/devices/wv-001/images/2026/09/19/bf23bbb8-0ae9-4e64-922e-f7268c4d0c2d.jpg","8eabe346903437c0b570cfc07e195680","image/jpeg","2232469","2026-09-19 08:00:40.090585+00","2026-09-19 08:00:41.437731+00"
"7631162d-ea89-5a47-8364-d9c489e19b2a","t-001","f-001","b-001","wv-001","20260919_080040","farmiq-media","tenants/t-001/farms/f-001/barns/b-001/devices/wv-001/images/2026/09/19/c9c4ba12-c400-4627-bcc1-ef4fcce025a8.jpg","cb72c4454c388b6e2d17979f21d3bae2","image/jpeg","2252638","2026-09-19 08:00:40.090585+00","2026-09-19 08:00:41.666413+00"
"1f7c420d-45d2-5b41-a9ce-784dc2fc283c","t-001","f-001","b-001","wv-001","20260919_080054","farmiq-media","tenants/t-001/farms/f-001/barns/b-001/devices/wv-001/images/2026/09/19/d5a76b51-deca-4fd9-bf2c-1b2a3f1adfe4.jpg","c1c2161a5d7cb86497f12bdbe8c3bb2e","image/jpeg","2552502","2026-09-19 08:00:54.978811+00","2026-09-19 08:00:57.172472+00"
"27c9bd22-31f2-5eb6-be2a-b2089a13de12","t-001","f-001","b-001","wv-001","20260919_080054","farmiq-media","tenants/t-001/farms/f-001/barns/b-001/devices/wv-001/images/2026/09/19/2bc1d5e6-7dcf-4ca1-9a10-1d9a6bb97f50.jpg","acc5d87479a9694358b3e11a2616c420","image/jpeg","2575911","2026-09-19 08:00:54.978811+00","2026-09-19 08:00:57.410795+00"
"30c10b14-ca15-5325-be63-8d5bc501c0d8","t-001","f-001","b-001","wv-001","20260919_080132","farmiq-media","tenants/t-001/farms/f-001/barns/b-001/devices/wv-001/images/2026/09/19/1527302f-edd9-49eb-9325-0cf3da1daa07.jpg","a99106f4ba38915c7a93445c7c2e3451","image/jpeg","2353800","2026-09-19 08:01:32.928732+00","2026-09-19 08:01:35.109607+00"
"83d8b1b3-c12e-534e-80f6-a5255b8d5479","t-001","f-001","b-001","wv-001","20260919_080132","farmiq-media","tenants/t-001/farms/f-001/barns/b-001/devices/wv-001/images/2026/09/19/d66ace85-bb4a-46dc-b950-856a722173cf.jpg","89fb72de9d2b2f2bdd98106f407b3130","image/jpeg","2375340","2026-09-19 08:01:32.928732+00","2026-09-19 08:01:35.348727+00"
"69cfe65f-0fde-51ea-a61d-fd0a1d54e953","t-001","f-001","b-001","wv-001","20260919_080210","farmiq-media","tenants/t-001/farms/f-001/barns/b-001/devices/wv-001/images/2026/09/19/f0c00995-1f54-4d46-838a-49a31e91b9ae.jpg","7765dc425cfa43b3de3c37ad48f92269","image/jpeg","2411750","2026-09-19 08:02:10.767795+00","2026-09-19 08:02:13.774972+00"
"e3a12922-1abc-5761-ad33-363f9f98375e","t-001","f-001","b-001","wv-001","20260919_080210","farmiq-media","tenants/t-001/farms/f-001/barns/b-001/devices/wv-001/images/2026/09/19/e4b46f3b-6154-4db9-9d8c-a5bc8d4e432a.jpg","b33af8df93c02e82c7555fbe557e9f6f","image/jpeg","2432168","2026-09-19 08:02:10.767795+00","2026-09-19 08:02:14.000057+00"
"622bdc4f-0334-505c-9866-246cb2557862","t-001","f-001","b-001","wv-001","20260919_080214","farmiq-media","tenants/t-001/farms/f-001/barns/b-001/devices/wv-001/images/2026/09/19/5d2f1160-a3f5-4445-94f7-04e9ed0d6b8b.jpg","fbe79e175029154bc9eefaf3e37557e0","image/jpeg","2192738","2026-09-19 08:02:14.752618+00","2026-09-19 08:02:19.389448+00"
"293f0317-c3cf-5375-8cc4-daf72c6b3df4","t-001","f-001","b-001","wv-001","20260919_080214","farmiq-media","tenants/t-001/farms/f-001/barns/b-001/devices/wv-001/images/2026/09/19/0f0adb2f-c444-4df3-b69b-dc9cb82c42e8.jpg","3c648c9fa5d71b96f81cf55e09e3afc9","image/jpeg","2215577","2026-09-19 08:02:14.752618+00","2026-09-19 08:02:19.608045+00"
"0e488e73-49a4-5769-a448-8fed667646b1","t-001","f-001","b-001","wv-001","20260919_081221","farmiq-media","tenants/t-001/farms/f-001/barns/b-001/devices/wv-001/images/2026/09/19/af9b1e42-db87-471a-8908-f0ee1c764d4e.jpg","1dfd780edeae38025fe0e54ac09b21d5","image/jpeg","2264623","2026-09-19 08:12:21.179854+00","2026-09-19 08:12:22.154166+00"
"aff57e5a-537b-5c37-af4b-8968492952bc","t-001","f-001","b-001","wv-001","20260919_081221","farmiq-media","tenants/t-001/farms/f-001/barns/b-001/devices/wv-001/images/2026/09/19/9eaae456-cc0a-4bb6-9a80-104415e30d07.jpg","276a5e8d12f2f17f5dc74279caa8dee3","image/jpeg","2279375","2026-09-19 08:12:21.179854+00","2026-09-19 08:12:22.431331+00"
"f6f51839-7f6c-53cb-9a50-5c9673662e7c","t-001","f-001","b-001","wv-001","20260919_081712","farmiq-media","tenants/t-001/farms/f-001/barns/b-001/devices/wv-001/images/2026/09/19/8da51601-bcb1-48f5-aaec-fb84f11477ec.jpg","2903e96d5f68461b5d5098d1958c24a4","image/jpeg","2396868","2026-09-19 08:17:12.411705+00","2026-09-19 08:17:14.215896+00"
"cb260c8f-b31d-562f-b86f-0065e8d63915","t-001","f-001","b-001","wv-001","20260919_081712","farmiq-media","tenants/t-001/farms/f-001/barns/b-001/devices/wv-001/images/2026/09/19/33e5bc7a-7e21-4f6b-b83b-bd4c43acaa82.jpg","78bc702530f8486fdb3693da755f36e5","image/jpeg","2410474","2026-09-19 08:17:12.411705+00","2026-09-19 08:17:14.530295+00"
"e2727d3f-e7ee-5806-b782-3a632574cc2f","t-001","f-001","b-001","wv-001","20260919_082017","farmiq-media","tenants/t-001/farms/f-001/barns/b-001/devices/wv-001/images/2026/09/19/67589cd3-7430-4eef-8486-ae56edaf9c92.jpg","a84708ec0fee015a76eea42698f0b95b","image/jpeg","2364493","2026-09-19 08:20:17.842843+00","2026-09-19 08:20:19.574306+00"
"16d4eb85-2833-528a-97da-f040d97dc48b","t-001","f-001","b-001","wv-001","20260919_082017","farmiq-media","tenants/t-001/farms/f-001/barns/b-001/devices/wv-001/images/2026/09/19/1c9ac505-3467-4cb3-88fc-ca49246c67cb.jpg","25afe30232b3759844cf603ec49d9b43","image/jpeg","2379809","2026-09-19 08:20:17.842843+00","2026-09-19 08:20:19.825848+00"
"a596461b-48bc-5f94-991b-4bde1a79ab0c","t-001","f-001","b-001","wv-001","20260919_082049","farmiq-media","tenants/t-001/farms/f-001/barns/b-001/devices/wv-001/images/2026/09/19/396bfd06-bb75-40f2-91c5-635384921c01.jpg","fc533fcc618e10115d548e4e8d394d1c","image/jpeg","2484275","2026-09-19 08:20:49.245707+00","2026-09-19 08:20:51.621045+00"
"f8667402-ae52-515a-a962-d2385f581ec3","t-001","f-001","b-001","wv-001","20260919_082049","farmiq-media","tenants/t-001/farms/f-001/barns/b-001/devices/wv-001/images/2026/09/19/ded9dcbd-b706-4f4f-a734-491170876211.jpg","d89427d27281cac48c1b118d2cf85578","image/jpeg","2498424","2026-09-19 08:20:49.245707+00","2026-09-19 08:20:51.883768+00"
"79b5e9de-f78d-5424-bcae-00ebcee3827f","t-001","f-001","b-001","wv-001","20260919_082103","farmiq-media","tenants/t-001/farms/f-001/barns/b-001/devices/wv-001/images/2026/09/19/0e935e72-e7e9-4389-aafc-8dca1645a4a4.jpg","05f3e1f1bcdde36c7974f305c13b4234","image/jpeg","2253465","2026-09-19 08:21:03.445537+00","2026-09-19 08:21:05.370476+00"
"04d681c5-32a0-5c3a-9206-7ae52d7b0aa8","t-001","f-001","b-001","wv-001","20260919_082103","farmiq-media","tenants/t-001/farms/f-001/barns/b-001/devices/wv-001/images/2026/09/19/116c0e6a-2d5c-44db-9b4a-74a06bd319ae.jpg","2ce411d4207fa2fdae0e1cf0d5827a50","image/jpeg","2274839","2026-09-19 08:21:03.445537+00","2026-09-19 08:21:05.69572+00"
"6cb6a677-a1b0-5b98-a3e9-fb5187bd778e","t-001","f-001","b-001","wv-001","20260919_082233","farmiq-media","tenants/t-001/farms/f-001/barns/b-001/devices/wv-001/images/2026/09/19/b092177f-75c0-404c-b927-f83f80edbac2.jpg","5ba8dd8097a03fe5b3c641b6b5e58b7c","image/jpeg","2413638","2026-09-19 08:22:33.223767+00","2026-09-19 08:22:33.741574+00"
"be6f8608-f563-52de-9a3a-a89cb28b7866","t-001","f-001","b-001","wv-001","20260919_082233","farmiq-media","tenants/t-001/farms/f-001/barns/b-001/devices/wv-001/images/2026/09/19/e1520343-be4e-49cb-bb2b-31461fe51e55.jpg","098babb2bae65625d2aae8818feb609f","image/jpeg","2428245","2026-09-19 08:22:33.223767+00","2026-09-19 08:22:33.9893+00"
"8b3001c3-1107-51fa-abad-5d51a295264c","t-001","f-001","b-001","wv-001","20260919_082539","farmiq-media","tenants/t-001/farms/f-001/barns/b-001/devices/wv-001/images/2026/09/19/2f69ba8b-a35b-41be-b948-7aaae07117b3.jpg","f9d6e3579dacc446a959273e6474925e","image/jpeg","2443224","2026-09-19 08:25:39.383148+00","2026-09-19 08:25:40.962617+00"
"0fad26cb-bd4c-546e-ad90-9d7a90e37371","t-001","f-001","b-001","wv-001","20260919_082539","farmiq-media","tenants/t-001/farms/f-001/barns/b-001/devices/wv-001/images/2026/09/19/28e088bb-fa8c-425b-9571-d99e0d2f4e7c.jpg","f5f7ae223c9ca5df061a57b3f6adddf6","image/jpeg","2457047","2026-09-19 08:25:39.383148+00","2026-09-19 08:25:41.24186+00"
"4b5353bd-7f9d-5b0d-b3f0-a9b22a03e81a","t-001","f-001","b-001","wv-001","20260919_082657","farmiq-media","tenants/t-001/farms/f-001/barns/b-001/devices/wv-001/images/2026/09/19/a12eab0f-14de-4cc8-90e7-23822fab55ec.jpg","93bbe470dcfda5e60ed8a21120d34986","image/jpeg","2346472","2026-09-19 08:26:57.828634+00","2026-09-19 08:26:59.356874+00"
"d753b410-aa9f-595a-98e9-41da8b9314de","t-001","f-001","b-001","wv-001","20260919_082657","farmiq-media","tenants/t-001/farms/f-001/barns/b-001/devices/wv-001/images/2026/09/19/a08be991-66c6-47e1-9982-7052ae8d07d0.jpg","baf13ea0cdf90b67035651ab1aa15c71","image/jpeg","2366833","2026-09-19 08:26:57.828634+00","2026-09-19 08:26:59.66276+00"
"e843b5a2-d39a-5f71-b718-6c2f9f2f60b7","t-001","f-001","b-001","wv-001","20260919_082819","farmiq-media","tenants/t-001/farms/f-001/barns/b-001/devices/wv-001/images/2026/09/19/6e91adb8-a6e0-4c6f-a4c9-b1b9364ff00e.jpg","702dbd29f35c7390bd831915e1a4257f","image/jpeg","1971766","2026-09-19 08:28:19.276568+00","2026-09-19 08:28:19.765203+00"
"8a0f0f8f-405d-58b2-b8d9-f039f3aa9734","t-001","f-001","b-001","wv-001","20260919_082819","farmiq-media","tenants/t-001/farms/f-001/barns/b-001/devices/wv-001/images/2026/09/19/eb091d82-81fe-43d7-9532-1729eedde602.jpg","8fce5a2c41c42d05910ded0865168a93","image/jpeg","1996076","2026-09-19 08:28:19.276568+00","2026-09-19 08:28:20.148027+00"
"e943a533-87b2-500f-a801-e9ab31ec84d8","t-001","f-001","b-001","wv-001","20260919_082852","farmiq-media","tenants/t-001/farms/f-001/barns/b-001/devices/wv-001/images/2026/09/19/87014223-81ef-42ae-8694-18241b5f85a5.jpg","138773d2ce2cabce4568b8f781b88688","image/jpeg","2531802","2026-09-19 08:28:52.690768+00","2026-09-19 08:28:53.903382+00"
"5542aa8e-16f2-584d-92e3-8b72c194c0f9","t-001","f-001","b-001","wv-001","20260919_082852","farmiq-media","tenants/t-001/farms/f-001/barns/b-001/devices/wv-001/images/2026/09/19/5bc51e61-3c55-45cc-a7c1-88b398b47588.jpg","3ddaa1295ee4bc119271c083dc8ff645","image/jpeg","2545032","2026-09-19 08:28:52.690768+00","2026-09-19 08:28:54.379686+00"
"e6a50c30-d1bd-5446-b251-e0aaa30acce0","t-001","f-001","b-001","wv-001","20260919_082856","farmiq-media","tenants/t-001/farms/f-001/barns/b-001/devices/wv-001/images/2026/09/19/d50ff6cb-3363-40ae-821c-ff1a14c93cae.jpg","44f4434185465b279de1f91118f7f8bd","image/jpeg","2301472","2026-09-19 08:28:56.647404+00","2026-09-19 08:28:59.820702+00"
"57e6a127-2a9b-5f09-872a-61a761ba7967","t-001","f-001","b-001","wv-001","20260919_082856","farmiq-media","tenants/t-001/farms/f-001/barns/b-001/devices/wv-001/images/2026/09/19/46e24526-2f1a-4375-9783-b16e9853a8fe.jpg","a8c188072c7781a3e5e5ddbdd3ae6e98","image/jpeg","2324039","2026-09-19 08:28:56.647404+00","2026-09-19 08:29:00.118099+00"
"bc006848-d918-539d-8e7d-4c7fba5a2d0b","t-001","f-001","b-001","wv-001","20260919_083115","farmiq-media","tenants/t-001/farms/f-001/barns/b-001/devices/wv-001/images/2026/09/19/8135c247-339c-4af4-bdac-6418ca671b33.jpg","b4b851a0362c2a5e8d8516c9414c362a","image/jpeg","2209411","2026-09-19 08:31:15.549941+00","2026-09-19 08:31:16.70211+00"
"35b653e1-890b-5183-9ad3-ad3f1891b97e","t-001","f-001","b-001","wv-001","20260919_083115","farmiq-media","tenants/t-001/farms/f-001/barns/b-001/devices/wv-001/images/2026/09/19/5e5f1ec6-c5ca-4985-9483-b1e6bdde161f.jpg","746849253d26d65109c3e39ad4e1c9e5","image/jpeg","2236028","2026-09-19 08:31:15.549941+00","2026-09-19 08:31:16.966705+00"
"ac3167cf-47b5-5aa6-95f8-b160bba87903","t-001","f-001","b-001","wv-001","20260919_083329","farmiq-media","tenants/t-001/farms/f-001/barns/b-001/devices/wv-001/images/2026/09/19/4cf65ecd-97a5-454f-a721-f285aafe4541.jpg","1cac72e09609acc3f64be867d8c05c11","image/jpeg","2572456","2026-09-19 08:33:29.411452+00","2026-09-19 08:33:31.827206+00"
"ab0a015b-f7f9-5ac6-bd4b-274846462b1f","t-001","f-001","b-001","wv-001","20260919_083329","farmiq-media","tenants/t-001/farms/f-001/barns/b-001/devices/wv-001/images/2026/09/19/da97fb03-2dfb-42db-9320-c3b3b6d4587a.jpg","32a8b07f392a66155e7b77d5108bb456","image/jpeg","2600876","2026-09-19 08:33:29.411452+00","2026-09-19 08:33:32.143723+00"
"d1e9b27e-daf9-5801-90fa-8d99fd434bba","t-001","f-001","b-001","wv-001","20260919_084340","farmiq-media","tenants/t-001/farms/f-001/barns/b-001/devices/wv-001/images/2026/09/19/f279fbad-c663-4a0b-b369-477a6e43522b.jpg","a0873a81e63b0dd40b60a034a648fcf7","image/jpeg","2413683","2026-09-19 08:43:40.154074+00","2026-09-19 08:43:42.477875+00"
"20a04a59-0bc5-5238-bd17-87dd6680cb03","t-001","f-001","b-001","wv-001","20260919_084340","farmiq-media","tenants/t-001/farms/f-001/barns/b-001/devices/wv-001/images/2026/09/19/c3b3d96c-23fe-43f5-be0e-d08181678af8.jpg","2de469c3a10253a7f712f0e35852a9d6","image/jpeg","2436988","2026-09-19 08:43:40.154074+00","2026-09-19 08:43:42.727355+00"
"eaa7562d-dbec-56eb-b285-943a5a1c38b0","t-001","f-001","b-001","wv-001","20260919_084409","farmiq-media","tenants/t-001/farms/f-001/barns/b-001/devices/wv-001/images/2026/09/19/11ce8845-0ef3-4128-8e36-6b5742856b98.jpg","f105b9d20bf554ca26d048c91b1a4f2c","image/jpeg","2290635","2026-09-19 08:44:09.065846+00","2026-09-19 08:44:10.40749+00"
"098d1f9e-dc6d-5f3f-a6b1-69ab6c99ee53","t-001","f-001","b-001","wv-001","20260919_084409","farmiq-media","tenants/t-001/farms/f-001/barns/b-001/devices/wv-001/images/2026/09/19/79a1568a-94ce-4621-a5a0-0d6717849e9b.jpg","e7c71182dd6567c2b99fa7033c1c95f7","image/jpeg","2316965","2026-09-19 08:44:09.065846+00","2026-09-19 08:44:10.65753+00"
"5ec4e198-45c7-564e-b0ff-ff6708eb8025","t-001","f-001","b-001","wv-001","20260919_084424","farmiq-media","tenants/t-001/farms/f-001/barns/b-001/devices/wv-001/images/2026/09/19/6e43a260-ea7a-472e-a0a0-3b1e90d349dd.jpg","efa629cd3caeba5da621b7cd63f66989","image/jpeg","2445965","2026-09-19 08:44:24.089555+00","2026-09-19 08:44:26.150483+00"
"e28c47f9-b297-5ffd-af24-aa579aec25a2","t-001","f-001","b-001","wv-001","20260919_084424","farmiq-media","tenants/t-001/farms/f-001/barns/b-001/devices/wv-001/images/2026/09/19/aff43da4-08fd-4273-8ab0-02faf9762e1c.jpg","8dcadc01fe5768dbd38df441e8a972db","image/jpeg","2468986","2026-09-19 08:44:24.089555+00","2026-09-19 08:44:26.382088+00"
"80f247aa-6b5c-5de1-9d18-9d4700c6d63c","t-001","f-001","b-001","wv-001","20260919_084957","farmiq-media","tenants/t-001/farms/f-001/barns/b-001/devices/wv-001/images/2026/09/19/4c0046c1-c906-4eef-8e90-d42d0d2c08af.jpg","c61a0dd5cc37ee33fb5da0d5a2dc4ede","image/jpeg","2136300","2026-09-19 08:49:57.489004+00","2026-09-19 08:49:58.515507+00"
"e0c7b94f-a472-5ca7-ad72-a8d8be324b29","t-001","f-001","b-001","wv-001","20260919_084957","farmiq-media","tenants/t-001/farms/f-001/barns/b-001/devices/wv-001/images/2026/09/19/dbcb98cd-4a32-4584-8ce8-d92c4cc3f00e.jpg","2c568d1f4315a1a60bf14a5e4871ee1b","image/jpeg","2165469","2026-09-19 08:49:57.489004+00","2026-09-19 08:49:58.747468+00"
"2681e951-0b61-5dc2-ab4f-19cb7cb733eb","t-001","f-001","b-001","wv-001","20260919_085046","farmiq-media","tenants/t-001/farms/f-001/barns/b-001/devices/wv-001/images/2026/09/19/e08bbea7-5036-4c68-bd6e-7b4cf9b2758b.jpg","e6276e2258a4d1384047581f22a43bca","image/jpeg","2488543","2026-09-19 08:50:46.332439+00","2026-09-19 08:50:48.620337+00"
"db7ed081-ea94-5515-9367-0379c83d9abe","t-001","f-001","b-001","wv-001","20260919_085046","farmiq-media","tenants/t-001/farms/f-001/barns/b-001/devices/wv-001/images/2026/09/19/fc2a68b6-6083-4e9d-a377-203899844818.jpg","f26358feedc7b09fd951a86b30337a17","image/jpeg","2517018","2026-09-19 08:50:46.332439+00","2026-09-19 08:50:48.891496+00"
"c69b169b-b0d6-55b6-a5b9-32eac226d390","t-001","f-001","b-001","wv-001","20260919_085148","farmiq-media","tenants/t-001/farms/f-001/barns/b-001/devices/wv-001/images/2026/09/19/51f4f8e5-25d0-4cd9-bc0f-cbe0a97b10ca.jpg","3c4d8a4f623554467cff588a8a951d45","image/jpeg","2482176","2026-09-19 08:51:48.460352+00","2026-09-19 08:51:50.805916+00"
"6af138d6-add8-528e-906d-24aaefca4044","t-001","f-001","b-001","wv-001","20260919_085148","farmiq-media","tenants/t-001/farms/f-001/barns/b-001/devices/wv-001/images/2026/09/19/a61f93a3-995d-49b4-a7f9-af2c29c292ab.jpg","8af64a2a082635730debff96ecc62c0a","image/jpeg","2506976","2026-09-19 08:51:48.460352+00","2026-09-19 08:51:51.084875+00"
"d3da193a-6387-53b9-843a-473b4147f1bb","t-001","f-001","b-001","wv-001","20260919_085217","farmiq-media","tenants/t-001/farms/f-001/barns/b-001/devices/wv-001/images/2026/09/19/c906f828-fc71-4cfc-b961-f6cff5d6a9cc.jpg","79704cba5fb6b3becdbcc82ff91d0183","image/jpeg","2482928","2026-09-19 08:52:17.408046+00","2026-09-19 08:52:18.752816+00"
"19e654e1-9c90-5f2c-8b57-cbebcc860385","t-001","f-001","b-001","wv-001","20260919_085217","farmiq-media","tenants/t-001/farms/f-001/barns/b-001/devices/wv-001/images/2026/09/19/675f7f62-8e02-4183-a05a-3a3ad0fcfda3.jpg","6b00d0bbf762fbd4df90e2dc361bc714","image/jpeg","2498825","2026-09-19 08:52:17.408046+00","2026-09-19 08:52:19.027289+00"
"46040780-49c3-597a-95f7-66f16f6a3c7a","t-001","f-001","b-001","wv-001","20260919_085524","farmiq-media","tenants/t-001/farms/f-001/barns/b-001/devices/wv-001/images/2026/09/19/fbd413da-a9d9-4395-a881-cd5496909434.jpg","232b09eea389054f360dea931dc84ac1","image/jpeg","2588840","2026-09-19 08:55:24.649763+00","2026-09-19 08:55:26.069509+00"
"5cdc5a46-7aa3-5398-8504-01710f8d52cf","t-001","f-001","b-001","wv-001","20260919_085524","farmiq-media","tenants/t-001/farms/f-001/barns/b-001/devices/wv-001/images/2026/09/19/29be1783-d4db-4c36-9ac7-191b5d410664.jpg","b7ca879120c7e63db91bf66fe3c39db2","image/jpeg","2606149","2026-09-19 08:55:24.649763+00","2026-09-19 08:55:26.36697+00"
"6d46f8ee-87ea-5d0c-a334-12f5474b55d3","t-001","f-001","b-001","wv-001","20260919_085609","farmiq-media","tenants/t-001/farms/f-001/barns/b-001/devices/wv-001/images/2026/09/19/f20b8786-7bbd-4df6-818a-40a51b31aa74.jpg","61dcefcb0bf6b8a895adaf67dcf47c38","image/jpeg","2227959","2026-09-19 08:56:09.554702+00","2026-09-19 08:56:10.206783+00"
"704a0fc7-4848-5f0e-85ca-a153786fd8e6","t-001","f-001","b-001","wv-001","20260919_085609","farmiq-media","tenants/t-001/farms/f-001/barns/b-001/devices/wv-001/images/2026/09/19/2aafdca4-c133-49c8-8648-c9bd200d4fb7.jpg","df7305073c6a136f153bbe5ca9ba6a87","image/jpeg","2245878","2026-09-19 08:56:09.554702+00","2026-09-19 08:56:10.442444+00"
"6bb32d1d-8f52-55e1-91ca-4b1039ea35db","t-001","f-001","b-001","wv-001","20260919_085628","farmiq-media","tenants/t-001/farms/f-001/barns/b-001/devices/wv-001/images/2026/09/19/70db2bf0-602d-4850-bab9-55bfee2559d4.jpg","2a871935074a2e02f811d10dc383f94d","image/jpeg","2544447","2026-09-19 08:56:28.007152+00","2026-09-19 08:56:30.042581+00"
"eff13380-aa53-5127-b3ff-4ed524b95932","t-001","f-001","b-001","wv-001","20260919_085628","farmiq-media","tenants/t-001/farms/f-001/barns/b-001/devices/wv-001/images/2026/09/19/4b8392a2-06c9-4141-b676-2df0ca8e4860.jpg","4a3a444bb209933b8af65289fc1ccbf8","image/jpeg","2564196","2026-09-19 08:56:28.007152+00","2026-09-19 08:56:30.381108+00"
"f4121e97-a8c5-5369-8773-80f7fe37c045","t-001","f-001","b-001","wv-001","20260919_085631","farmiq-media","tenants/t-001/farms/f-001/barns/b-001/devices/wv-001/images/2026/09/19/f65814a3-52e7-47b7-b899-0963fc2b0b8f.jpg","211d51872d5f124fa4cb7b6bedaed1a2","image/jpeg","2340068","2026-09-19 08:56:31.899811+00","2026-09-19 08:56:36.00637+00"
"88457dbe-9979-5097-8d14-4dd7d0f1c53a","t-001","f-001","b-001","wv-001","20260919_085631","farmiq-media","tenants/t-001/farms/f-001/barns/b-001/devices/wv-001/images/2026/09/19/64167c59-5e74-4b7a-95f8-7ce026a1fbc3.jpg","581568adebe3f2d8286bdb1a04b4277c","image/jpeg","2367495","2026-09-19 08:56:31.899811+00","2026-09-19 08:56:36.271745+00"
"1cbb8336-38d4-5311-901c-73e6ba8032cd","t-001","f-001","b-001","wv-001","20260919_085711","farmiq-media","tenants/t-001/farms/f-001/barns/b-001/devices/wv-001/images/2026/09/19/73e83056-e172-4e9b-93fe-e3e239957152.jpg","fd1dbea2b454aa6cf5b20df18dbfffd7","image/jpeg","2434680","2026-09-19 08:57:11.731757+00","2026-09-19 08:57:14.046295+00"
"9f868ad9-a87c-524d-bbdd-5470fac5bfbf","t-001","f-001","b-001","wv-001","20260919_085711","farmiq-media","tenants/t-001/farms/f-001/barns/b-001/devices/wv-001/images/2026/09/19/67ccf1bc-09af-45db-85dd-b1d48943c90e.jpg","b2263010c16b8b6654cceae4abb95522","image/jpeg","2460876","2026-09-19 08:57:11.731757+00","2026-09-19 08:57:14.329073+00"
"73116af2-bc43-50cf-8271-d166658f4fee","t-001","f-001","b-001","wv-001","20260919_085726","farmiq-media","tenants/t-001/farms/f-001/barns/b-001/devices/wv-001/images/2026/09/19/f67bcb96-9e5f-47e7-96de-a9d6a45ef1bb.jpg","bbd02335160ffb3bbf84857ca74c9941","image/jpeg","2545712","2026-09-19 08:57:26.751402+00","2026-09-19 08:57:27.990219+00"
"197ee7ef-f81d-5e3a-b3ec-a5a8dee9a598","t-001","f-001","b-001","wv-001","20260919_085726","farmiq-media","tenants/t-001/farms/f-001/barns/b-001/devices/wv-001/images/2026/09/19/df3c92be-22be-4465-b13b-35ce770ed141.jpg","59b288bbf28667256e2f9928fcfc95de","image/jpeg","2570735","2026-09-19 08:57:26.751402+00","2026-09-19 08:57:28.317556+00"
"4115751b-aeff-553f-9fee-e0a117b3f03d","t-001","f-001","b-001","wv-001","20260919_085756","farmiq-media","tenants/t-001/farms/f-001/barns/b-001/devices/wv-001/images/2026/09/19/8baa0868-ef17-432b-8a40-43f180b6dae9.jpg","88f6f2a0d295551c546b97b6aca26a15","image/jpeg","2287314","2026-09-19 08:57:56.950447+00","2026-09-19 08:58:02.515688+00"
"630bfd20-50a4-51fa-b6e0-1139cf868f6b","t-001","f-001","b-001","wv-001","20260919_085756","farmiq-media","tenants/t-001/farms/f-001/barns/b-001/devices/wv-001/images/2026/09/19/2c73e78b-5993-493b-b904-e8b444ad9bd3.jpg","c6de36721a770b01d39d2980c7c84b2f","image/jpeg","2308840","2026-09-19 08:57:56.950447+00","2026-09-19 08:58:02.943614+00"
"c30dbc4e-9e77-594f-aeb4-d244ae9c0162","t-001","f-001","b-001","wv-001","20260919_090003","farmiq-media","tenants/t-001/farms/f-001/barns/b-001/devices/wv-001/images/2026/09/19/02bd54b3-f94b-4d2c-a38b-5a3a41a03f21.jpg","73be26bc06a483223de98da8ce3694e7","image/jpeg","2462017","2026-09-19 09:00:03.634214+00","2026-09-19 09:00:05.292498+00"
"a87bdeaf-9ac3-5d87-a103-a405e94916a1","t-001","f-001","b-001","wv-001","20260919_090003","farmiq-media","tenants/t-001/farms/f-001/barns/b-001/devices/wv-001/images/2026/09/19/28ae985e-34dc-45d3-9218-77c401cd1146.jpg","9ac6a8bbb865522aafbdd55c5a3af16d","image/jpeg","2491193","2026-09-19 09:00:03.634214+00","2026-09-19 09:00:05.591563+00"
"170c016f-15f4-539d-b045-732c1d871249","t-001","f-001","b-001","wv-001","20260919_090021","farmiq-media","tenants/t-001/farms/f-001/barns/b-001/devices/wv-001/images/2026/09/19/a8563383-c282-4742-9ea8-d736bccb89ad.jpg","92ffacd714167dd7814876d137ba62e9","image/jpeg","2493726","2026-09-19 09:00:21.824177+00","2026-09-19 09:00:23.265563+00"
"5f10dcb8-753a-5af6-b877-7a46e2ccd938","t-001","f-001","b-001","wv-001","20260919_090021","farmiq-media","tenants/t-001/farms/f-001/barns/b-001/devices/wv-001/images/2026/09/19/2f1ea81d-af60-4c92-9aa1-b27a7ddbfe05.jpg","b007dc0dde9be1469ed2753e6fb7dde5","image/jpeg","2523265","2026-09-19 09:00:21.824177+00","2026-09-19 09:00:23.582235+00"
"30723f94-360e-5075-a3e8-04fc90f6ebdf","t-001","f-001","b-001","wv-001","20260919_090503","farmiq-media","tenants/t-001/farms/f-001/barns/b-001/devices/wv-001/images/2026/09/19/41c451cd-a0e7-45ac-9b49-b048b500f9ea.jpg","636070fc6e860319740618c31a006aeb","image/jpeg","2213233","2026-09-19 09:05:03.533356+00","2026-09-19 09:05:05.818707+00"
"e5bd17fb-46d3-593d-afe1-d02a5f26407f","t-001","f-001","b-001","wv-001","20260919_090503","farmiq-media","tenants/t-001/farms/f-001/barns/b-001/devices/wv-001/images/2026/09/19/adaee036-32ec-4e69-98b8-436b0e70ea93.jpg","63093cdb60ae442bed903d5e81239bf5","image/jpeg","2246386","2026-09-19 09:05:03.533356+00","2026-09-19 09:05:06.113722+00"
"197c0f1b-bfd4-5db1-b536-9cfe357ad09a","t-001","f-001","b-001","wv-001","20260919_090811","farmiq-media","tenants/t-001/farms/f-001/barns/b-001/devices/wv-001/images/2026/09/19/44240038-68dd-47b8-aa9f-0157c9062dd7.jpg","35bb43d271590d4073111c15f901c05f","image/jpeg","2565709","2026-09-19 09:08:11.914054+00","2026-09-19 09:08:13.465222+00"
"9286a046-e9ab-57ca-8d5b-8f7a25a3e601","t-001","f-001","b-001","wv-001","20260919_090811","farmiq-media","tenants/t-001/farms/f-001/barns/b-001/devices/wv-001/images/2026/09/19/e847edfc-8706-4a5f-ac97-0018aa5c2f2a.jpg","b5b08263b25c766dea2ab5411f6348f3","image/jpeg","2588649","2026-09-19 09:08:11.914054+00","2026-09-19 09:08:13.93314+00"
"b0f6252d-b7d6-543e-9305-4748d240f7af","t-001","f-001","b-001","wv-001","20260919_090839","farmiq-media","tenants/t-001/farms/f-001/barns/b-001/devices/wv-001/images/2026/09/19/da3628ed-772c-4698-995f-9463cec409fc.jpg","da9790f6430bcb6ef3c6aebfe620e66a","image/jpeg","2527729","2026-09-19 09:08:39.111691+00","2026-09-19 09:08:39.779076+00"
"34ddf505-d143-55d7-95e0-fd281167edf2","t-001","f-001","b-001","wv-001","20260919_090839","farmiq-media","tenants/t-001/farms/f-001/barns/b-001/devices/wv-001/images/2026/09/19/3a353c65-f65c-4a0a-894d-150443165c6d.jpg","59d901d104149f7e2b915f6518f973d0","image/jpeg","2556670","2026-09-19 09:08:39.111691+00","2026-09-19 09:08:40.068025+00"
"d7e6f00d-c22e-5724-9e5d-4851f2782566","t-001","f-001","b-001","wv-001","20260919_090902","farmiq-media","tenants/t-001/farms/f-001/barns/b-001/devices/wv-001/images/2026/09/19/eb8d28f2-d9d2-4f3d-9dca-9e91e904b104.jpg","29033ae85bd93de0961af539011a80b5","image/jpeg","2319183","2026-09-19 09:09:02.088523+00","2026-09-19 09:09:03.795356+00"
"cd64df0e-6cc3-5f80-befe-f5a61ab6b927","t-001","f-001","b-001","wv-001","20260919_090902","farmiq-media","tenants/t-001/farms/f-001/barns/b-001/devices/wv-001/images/2026/09/19/9f3b193c-8d14-4fff-9c8d-f4922f073e14.jpg","8716ceaccc58f6d37bb5634390e75586","image/jpeg","2350295","2026-09-19 09:09:02.088523+00","2026-09-19 09:09:04.061845+00"
"31acdd03-d623-5200-8933-959e3a62607d","t-001","f-001","b-001","wv-001","20260919_090911","farmiq-media","tenants/t-001/farms/f-001/barns/b-001/devices/wv-001/images/2026/09/19/fee870c8-3fd3-4334-b929-944d5bcc6c3f.jpg","8bbb48583a14382ceaaa00d12101d978","image/jpeg","2467948","2026-09-19 09:09:11.260146+00","2026-09-19 09:09:13.744253+00"
"cc9e70a8-578f-52d2-b0b4-4a47e2c5f878","t-001","f-001","b-001","wv-001","20260919_090911","farmiq-media","tenants/t-001/farms/f-001/barns/b-001/devices/wv-001/images/2026/09/19/cd40a353-c6f2-43e2-bfb6-d0fe005ffe7b.jpg","52345c5289503e6477f5bd9f916b7de8","image/jpeg","2491878","2026-09-19 09:09:11.260146+00","2026-09-19 09:09:14.022981+00"
"d6bd4eef-2ae9-5777-854b-973aabb9facc","t-001","f-001","b-001","wv-001","20260919_090926","farmiq-media","tenants/t-001/farms/f-001/barns/b-001/devices/wv-001/images/2026/09/19/82eaa2fa-6c3b-4e67-be67-54f25f2ca98c.jpg","bf02fe89a08bf3537a8a6be8964b8641","image/jpeg","2482379","2026-09-19 09:09:26.536661+00","2026-09-19 09:09:27.777064+00"
"33bac00f-3397-58b6-b7ac-686819a84d27","t-001","f-001","b-001","wv-001","20260919_090926","farmiq-media","tenants/t-001/farms/f-001/barns/b-001/devices/wv-001/images/2026/09/19/7b717430-097c-4b85-aeb1-5e6ddfa55506.jpg","ac83106514d49c1ce372fabc2beb3efa","image/jpeg","2510775","2026-09-19 09:09:26.536661+00","2026-09-19 09:09:28.068836+00"
"4e2cea4d-c9b4-5974-a4e9-b749d76ee958","t-001","f-001","b-001","wv-001","20260919_090959","farmiq-media","tenants/t-001/farms/f-001/barns/b-001/devices/wv-001/images/2026/09/19/d69d8870-8303-4dd1-bf0f-625dab7cd4bb.jpg","c46a432f774d2e612d333e807f1f33dc","image/jpeg","2506351","2026-09-19 09:09:59.284366+00","2026-09-19 09:09:59.815999+00"
"1aeb140a-3507-5090-829f-2a24eeee2981","t-001","f-001","b-001","wv-001","20260919_090959","farmiq-media","tenants/t-001/farms/f-001/barns/b-001/devices/wv-001/images/2026/09/19/d1e8d78b-ae26-4bd0-866e-d1692a8632da.jpg","4cc93a18d1aecb32961b0784b673a385","image/jpeg","2539417","2026-09-19 09:09:59.284366+00","2026-09-19 09:10:00.09814+00"
"382553f8-b066-5216-b2d9-6581e00e73cb","t-001","f-001","b-001","wv-001","20260919_091015","farmiq-media","tenants/t-001/farms/f-001/barns/b-001/devices/wv-001/images/2026/09/19/6acfdb29-9108-434e-a931-75c8fa769dc7.jpg","2ecc09031852088c19e914b494570568","image/jpeg","2321282","2026-09-19 09:10:15.67228+00","2026-09-19 09:10:17.780706+00"
"100c746e-e3d2-5081-9c7a-0928e555f9a1","t-001","f-001","b-001","wv-001","20260919_091015","farmiq-media","tenants/t-001/farms/f-001/barns/b-001/devices/wv-001/images/2026/09/19/100ca7c0-ea32-40b2-9959-d2b743c68fd7.jpg","8db7ac5302a7ef8b5c8e6fd6a940a131","image/jpeg","2357519","2026-09-19 09:10:15.67228+00","2026-09-19 09:10:18.043926+00"
"e9243620-bdbb-5f60-b482-c9938069139a","t-001","f-001","b-001","wv-001","20260919_091019","farmiq-media","tenants/t-001/farms/f-001/barns/b-001/devices/wv-001/images/2026/09/19/dc913fc3-fa4b-4c17-a536-acf94298cdbd.jpg","93f8ff6e3273e796f299a0c7db79b810","image/jpeg","2203901","2026-09-19 09:10:19.763972+00","2026-09-19 09:10:23.434315+00"
"201e5044-02bb-5b32-814e-bdf666842723","t-001","f-001","b-001","wv-001","20260919_091019","farmiq-media","tenants/t-001/farms/f-001/barns/b-001/devices/wv-001/images/2026/09/19/6a8276a3-c125-4632-b7fa-346226ee8256.jpg","fb1e7a382b59e66fcbaac63cd47ac1cc","image/jpeg","2236791","2026-09-19 09:10:19.763972+00","2026-09-19 09:10:23.688092+00"
"bf042773-906b-5fdd-94d1-a6545ddd614f","t-001","f-001","b-001","wv-001","20260919_091038","farmiq-media","tenants/t-001/farms/f-001/barns/b-001/devices/wv-001/images/2026/09/19/ae180678-bfb7-40bf-a443-d60016758968.jpg","fbc6154dfa46a1d80dfaa4e16a4f3200","image/jpeg","2193997","2026-09-19 09:10:38.457033+00","2026-09-19 09:10:39.297526+00"
"ff1612b1-a18c-51f6-b08d-371cd04fdfac","t-001","f-001","b-001","wv-001","20260919_091038","farmiq-media","tenants/t-001/farms/f-001/barns/b-001/devices/wv-001/images/2026/09/19/0eabb930-f153-4375-8163-21a786c6d888.jpg","f4a00bcaca7d05c0b949c00cad7a1355","image/jpeg","2229688","2026-09-19 09:10:38.457033+00","2026-09-19 09:10:39.512571+00"
"d687c93b-4f73-5839-bb95-e1c5d21a5c54","t-001","f-001","b-001","wv-001","20260919_091048","farmiq-media","tenants/t-001/farms/f-001/barns/b-001/devices/wv-001/images/2026/09/19/6625f223-4c58-422e-9d75-268a88a61d80.jpg","d34349f74a39c306b6177d3d91a79a85","image/jpeg","2337747","2026-09-19 09:10:48.517017+00","2026-09-19 09:10:49.277758+00"
"10de9ea3-5b5e-5a30-b1e1-610ce4cbe4df","t-001","f-001","b-001","wv-001","20260919_091048","farmiq-media","tenants/t-001/farms/f-001/barns/b-001/devices/wv-001/images/2026/09/19/30eb0478-354f-43b8-a634-47d008c400cc.jpg","f0ecc0ec36d87abe165d2a2ab4c13781","image/jpeg","2370058","2026-09-19 09:10:48.517017+00","2026-09-19 09:10:49.518532+00"
"ca860250-5f32-5702-8ea4-5229d3150694","t-001","f-001","b-001","wv-001","20260919_091153","farmiq-media","tenants/t-001/farms/f-001/barns/b-001/devices/wv-001/images/2026/09/19/2215396c-bda6-44e4-bc90-67ffa8812f25.jpg","997c6baf109f6596c100cb97222b0e15","image/jpeg","2285717","2026-09-19 09:11:53.999776+00","2026-09-19 09:11:55.539906+00"
"95dd1fad-0cd5-53d4-985e-925617c7cc48","t-001","f-001","b-001","wv-001","20260919_091153","farmiq-media","tenants/t-001/farms/f-001/barns/b-001/devices/wv-001/images/2026/09/19/739a3eb8-065c-4018-ab73-538714c3d5d5.jpg","2e14235fda0665d2fcc88c279c53030f","image/jpeg","2314038","2026-09-19 09:11:53.999776+00","2026-09-19 09:11:55.777532+00"
"5c4f3e53-d89b-5cd1-9909-b9d773e315a1","t-001","f-001","b-001","wv-001","20260919_091233","farmiq-media","tenants/t-001/farms/f-001/barns/b-001/devices/wv-001/images/2026/09/19/ac092194-7f1e-4b71-bd03-3bf906e761a1.jpg","6073cff979403038524b522443a4efe5","image/jpeg","2152455","2026-09-19 09:12:33.563157+00","2026-09-19 09:12:35.843317+00"
"f9008d64-9198-5e37-90d3-ac43259ab19a","t-001","f-001","b-001","wv-001","20260919_091233","farmiq-media","tenants/t-001/farms/f-001/barns/b-001/devices/wv-001/images/2026/09/19/11783ef0-6e79-4a84-870a-807498c98fa2.jpg","a473d43e1953de9b3b88d8ee6a7d8ae7","image/jpeg","2183784","2026-09-19 09:12:33.563157+00","2026-09-19 09:12:36.439866+00"
"f66f93a4-1c73-5863-94ee-d76508c59783","t-001","f-001","b-001","wv-001","20260919_091311","farmiq-media","tenants/t-001/farms/f-001/barns/b-001/devices/wv-001/images/2026/09/19/8cb575e0-602f-4586-b0c7-d81dc109ad85.jpg","16d730c0c54acb487fee295be6aabf1f","image/jpeg","2532956","2026-09-19 09:13:11.608452+00","2026-09-19 09:13:12.190951+00"
"3bd66182-98f6-5064-9eb0-e405a5c12524","t-001","f-001","b-001","wv-001","20260919_091311","farmiq-media","tenants/t-001/farms/f-001/barns/b-001/devices/wv-001/images/2026/09/19/6e3f3d92-09a5-4ee9-8ebf-0dfc7285e745.jpg","984df0c6094a1565d43febd8277ef243","image/jpeg","2555105","2026-09-19 09:13:11.608452+00","2026-09-19 09:13:12.464125+00"
"d6eafea2-ba6d-590c-9fb7-ae35605ee8f3","t-001","f-001","b-001","wv-001","20260919_091315","farmiq-media","tenants/t-001/farms/f-001/barns/b-001/devices/wv-001/images/2026/09/19/1414cb8c-e2bb-4e99-8e34-dcb5e590724e.jpg","4cc64724ea03613dfc0949b3c8dd99a3","image/jpeg","2224505","2026-09-19 09:13:15.538812+00","2026-09-19 09:13:17.880652+00"
"808ae8b0-749e-5bc5-98a2-9b012b3b6e5d","t-001","f-001","b-001","wv-001","20260919_091315","farmiq-media","tenants/t-001/farms/f-001/barns/b-001/devices/wv-001/images/2026/09/19/01804f3a-6f5e-499f-920a-5f87cb9923f9.jpg","3a9404db5722c0d5cb864fcce3a3c58c","image/jpeg","2252339","2026-09-19 09:13:15.538812+00","2026-09-19 09:13:18.309842+00"
"5a076e54-75b6-57fe-a706-4a6eb3d9838f","t-001","f-001","b-001","wv-001","20260919_091346","farmiq-media","tenants/t-001/farms/f-001/barns/b-001/devices/wv-001/images/2026/09/19/ee4557c3-89a4-4a18-9433-214da4421bb2.jpg","f056992ec550593f97fbe83f53d161af","image/jpeg","2553755","2026-09-19 09:13:46.924111+00","2026-09-19 09:13:47.976893+00"
"bd26c06e-d8a7-57dd-92ba-d552e22c1384","t-001","f-001","b-001","wv-001","20260919_091346","farmiq-media","tenants/t-001/farms/f-001/barns/b-001/devices/wv-001/images/2026/09/19/7c586407-17a0-4ca5-8684-4367e35ffcc6.jpg","c2bd437f19496992462df5db8a07845f","image/jpeg","2574176","2026-09-19 09:13:46.924111+00","2026-09-19 09:13:48.253145+00"
"9d10ef8e-83fa-5cd2-a005-d868d951779a","t-001","f-001","b-001","wv-001","20260919_091403","farmiq-media","tenants/t-001/farms/f-001/barns/b-001/devices/wv-001/images/2026/09/19/1a954c66-88c4-47ca-a296-ebd683b42cfd.jpg","7cacde4c54e2fd30c1369eaa635d31b5","image/jpeg","2495762","2026-09-19 09:14:03.482849+00","2026-09-19 09:14:05.903347+00"
"92be6ce1-ceb5-50f6-917d-fec2e7b66df9","t-001","f-001","b-001","wv-001","20260919_091403","farmiq-media","tenants/t-001/farms/f-001/barns/b-001/devices/wv-001/images/2026/09/19/334a2969-5e2c-46f2-a67b-0197be3534ab.jpg","a4913e962bcc068b7ffcded5b17e8068","image/jpeg","2520132","2026-09-19 09:14:03.482849+00","2026-09-19 09:14:06.169738+00"
"3f4ba598-9f27-586a-9828-c50ad923eff4","t-001","f-001","b-001","wv-001","20260919_091522","farmiq-media","tenants/t-001/farms/f-001/barns/b-001/devices/wv-001/images/2026/09/19/54473cd8-6ea7-4527-8cd2-8d88aeaba4b0.jpg","f771aa6850310222d7ec2d3e15abf1a1","image/jpeg","2361316","2026-09-19 09:15:22.565394+00","2026-09-19 09:15:24.190637+00"
"06bc05e5-e5f6-5912-81c2-3a50489fea7c","t-001","f-001","b-001","wv-001","20260919_091522","farmiq-media","tenants/t-001/farms/f-001/barns/b-001/devices/wv-001/images/2026/09/19/96ff7ea4-9e17-48de-9288-e97ff286188d.jpg","db03610a8fdae14fbb2d614451a6bd0c","image/jpeg","2386376","2026-09-19 09:15:22.565394+00","2026-09-19 09:15:24.465573+00"
"636255ed-f121-5fec-a439-d055d3ce1f22","t-001","f-001","b-001","wv-001","20260919_091539","farmiq-media","tenants/t-001/farms/f-001/barns/b-001/devices/wv-001/images/2026/09/19/729b35bd-e775-4f9e-9cb1-b1fc740f7085.jpg","4bd9d7699af962c235e0988c0566a426","image/jpeg","2439842","2026-09-19 09:15:39.597556+00","2026-09-19 09:15:40.025848+00"
"9df8997a-92e7-5cbd-b6e4-5421030f7cea","t-001","f-001","b-001","wv-001","20260919_091539","farmiq-media","tenants/t-001/farms/f-001/barns/b-001/devices/wv-001/images/2026/09/19/b5a4bb1a-ea1d-44ee-af1d-7e80018fd95d.jpg","286f7b369871c5da3f5dc5df0531940e","image/jpeg","2464820","2026-09-19 09:15:39.597556+00","2026-09-19 09:15:40.268058+00"
"c47f425c-7251-5eb6-a363-04d4fa8dd38f","t-001","f-001","b-001","wv-001","20260919_091856","farmiq-media","tenants/t-001/farms/f-001/barns/b-001/devices/wv-001/images/2026/09/19/1d2f0742-6edd-4d04-9b31-fcfd20a62da2.jpg","227f859e4c2f5c0a47fdff82c973146d","image/jpeg","2448277","2026-09-19 09:18:56.757149+00","2026-09-19 09:18:57.272841+00"
"b6f6abb5-3851-5111-bd99-b7589a9291dc","t-001","f-001","b-001","wv-001","20260919_091856","farmiq-media","tenants/t-001/farms/f-001/barns/b-001/devices/wv-001/images/2026/09/19/b228a75a-5952-4c00-ba2a-89ddbb0622cd.jpg","94e542ed3e1088ea9c270a0152cf49a3","image/jpeg","2481682","2026-09-19 09:18:56.757149+00","2026-09-19 09:18:57.512087+00"
"455fdab4-2223-594b-8a22-f573e1578bae","t-001","f-001","b-001","wv-001","20260919_091900","farmiq-media","tenants/t-001/farms/f-001/barns/b-001/devices/wv-001/images/2026/09/19/cd0ea61a-4adc-4953-be4e-d389ac3cd6a7.jpg","04b3764c705e03cba7c25c4c88ef859e","image/jpeg","2229264","2026-09-19 09:19:00.758414+00","2026-09-19 09:19:03.004553+00"
"89111c5b-dc85-536c-8ed6-6d9a1e4434a8","t-001","f-001","b-001","wv-001","20260919_091900","farmiq-media","tenants/t-001/farms/f-001/barns/b-001/devices/wv-001/images/2026/09/19/e62e6215-220e-48d0-9979-bba3a55380db.jpg","22633eb1fc5ed8232e4a8e54495a3910","image/jpeg","2262806","2026-09-19 09:19:00.758414+00","2026-09-19 09:19:03.280661+00"
"200487a2-1361-550a-8fb0-1c870f397f24","t-001","f-001","b-001","wv-001","20260919_091921","farmiq-media","tenants/t-001/farms/f-001/barns/b-001/devices/wv-001/images/2026/09/19/53d56b14-be4f-43a2-ac8b-7f94b3614418.jpg","7596d2f25585f893a992c59c3a1fdf67","image/jpeg","2298794","2026-09-19 09:19:21.465143+00","2026-09-19 09:19:23.185685+00"
"16950cf3-aa3e-57c6-bf2e-3a4a4b1e0ace","t-001","f-001","b-001","wv-001","20260919_091921","farmiq-media","tenants/t-001/farms/f-001/barns/b-001/devices/wv-001/images/2026/09/19/14cd9d50-28c8-4a9f-9722-35eb37cad520.jpg","94d6a54731e1afe42b6536b1950921c9","image/jpeg","2330681","2026-09-19 09:19:21.465143+00","2026-09-19 09:19:23.433463+00"
"ddba8d6e-2b47-5a72-8e26-7a682abbe040","t-001","f-001","b-001","wv-001","20260919_092027","farmiq-media","tenants/t-001/farms/f-001/barns/b-001/devices/wv-001/images/2026/09/19/a9391e27-863b-4828-9839-0f2d23a091cf.jpg","7c9efc9e71ce8eb79231128c8208e583","image/jpeg","2450532","2026-09-19 09:20:27.567028+00","2026-09-19 09:20:29.714411+00"
"98298d4f-9fb6-5ef8-b56f-293704b4d8df","t-001","f-001","b-001","wv-001","20260919_092027","farmiq-media","tenants/t-001/farms/f-001/barns/b-001/devices/wv-001/images/2026/09/19/10e1c9e4-6eef-4e2a-a683-b07d99790b68.jpg","ad762c4aae5eadf070b3bd502bb76ca8","image/jpeg","2484913","2026-09-19 09:20:27.567028+00","2026-09-19 09:20:30.031097+00"
"6964122f-9951-57e9-8add-0242c88b72a7","t-001","f-001","b-001","wv-001","20260919_092043","farmiq-media","tenants/t-001/farms/f-001/barns/b-001/devices/wv-001/images/2026/09/19/196a45d0-f9ef-4b06-b4f6-bd9763d97770.jpg","68dececd4bef0df37f70556ff0832ec4","image/jpeg","2310616","2026-09-19 09:20:43.606156+00","2026-09-19 09:20:46.025767+00"
"f0010f99-6531-57e5-9b16-3b9e387e1ac5","t-001","f-001","b-001","wv-001","20260919_092043","farmiq-media","tenants/t-001/farms/f-001/barns/b-001/devices/wv-001/images/2026/09/19/6cba0ae2-3919-4fbb-943c-7dba5ba1a251.jpg","00b5f3d434eebf4cfc465c353a8792af","image/jpeg","2349614","2026-09-19 09:20:43.606156+00","2026-09-19 09:20:46.358909+00"
"00061282-1a96-5c4d-9027-414092669200","t-001","f-001","b-001","wv-001","20260919_092048","farmiq-media","tenants/t-001/farms/f-001/barns/b-001/devices/wv-001/images/2026/09/19/44623ec4-34cb-4476-8fe6-864bf88b4af8.jpg","3b2fa310720885773e847a396500136d","image/jpeg","2087937","2026-09-19 09:20:48.602914+00","2026-09-19 09:20:51.882422+00"
"91bfd00c-165f-55e9-943a-d5fda7e0189b","t-001","f-001","b-001","wv-001","20260919_092048","farmiq-media","tenants/t-001/farms/f-001/barns/b-001/devices/wv-001/images/2026/09/19/fec41a4c-f988-4aaf-909c-8e6d661ffa86.jpg","d1ba901b6019dbff1b93c7eb3aee6366","image/jpeg","2132503","2026-09-19 09:20:48.602914+00","2026-09-19 09:20:52.209729+00"
"c567eea9-1fcb-5cd8-abaf-5aeac91d2827","t-001","f-001","b-001","wv-001","20260919_092101","farmiq-media","tenants/t-001/farms/f-001/barns/b-001/devices/wv-001/images/2026/09/19/52b0a4ac-0ea3-4e14-addb-e8dc19b217fd.jpg","7ed139175b5c4c08dde3df89acee0fc6","image/jpeg","2338366","2026-09-19 09:21:01.609364+00","2026-09-19 09:21:03.946132+00"
"cce0f2da-5c19-5650-a648-9fcb2db69a04","t-001","f-001","b-001","wv-001","20260919_092101","farmiq-media","tenants/t-001/farms/f-001/barns/b-001/devices/wv-001/images/2026/09/19/6134abcc-5d1c-48ee-bc98-5f149024491e.jpg","5b9f2c9ff0b5b5df7e1b11c71e92c0ab","image/jpeg","2377171","2026-09-19 09:21:01.609364+00","2026-09-19 09:21:04.26054+00"
"e9b1f723-9cee-5c4f-bcd5-e43339149a77","t-001","f-001","b-001","wv-001","20260919_092526","farmiq-media","tenants/t-001/farms/f-001/barns/b-001/devices/wv-001/images/2026/09/19/906f6316-5026-4b89-964d-2e2ddf214d6b.jpg","c87c7cac5f8a4c4249576ddfa82e047b","image/jpeg","2466978","2026-09-19 09:25:26.80937+00","2026-09-19 09:25:27.797188+00"
"2c7c5fc4-f67a-5c21-ba40-5c55f0805f3a","t-001","f-001","b-001","wv-001","20260919_092526","farmiq-media","tenants/t-001/farms/f-001/barns/b-001/devices/wv-001/images/2026/09/19/93d94e79-fc95-49c5-9e2b-67594c2dfb7d.jpg","c73ef9912f3ef8d7acd4e8503ffd2218","image/jpeg","2497424","2026-09-19 09:25:26.80937+00","2026-09-19 09:25:28.054023+00"
"cf6634ce-6bf3-59aa-b39d-900d84f64af5","t-001","f-001","b-001","wv-001","20260919_092549","farmiq-media","tenants/t-001/farms/f-001/barns/b-001/devices/wv-001/images/2026/09/19/54ec3cd6-b5e8-4a2b-bf25-46ff83803478.jpg","ffbc3de25e0b79b78732ae64a8dff392","image/jpeg","2491041","2026-09-19 09:25:49.270622+00","2026-09-19 09:25:49.717477+00"
"18b8de1b-4057-5d70-a1ce-15d392e58ada","t-001","f-001","b-001","wv-001","20260919_092549","farmiq-media","tenants/t-001/farms/f-001/barns/b-001/devices/wv-001/images/2026/09/19/9de5ded8-6b06-4694-ad37-cb3ec87e61c8.jpg","5e036c36edcaea9ed736788a39681b93","image/jpeg","2515597","2026-09-19 09:25:49.270622+00","2026-09-19 09:25:49.949017+00"
"87de81ec-f400-50a0-ba5c-7662ef464c08","t-001","f-001","b-001","wv-001","20260919_092610","farmiq-media","tenants/t-001/farms/f-001/barns/b-001/devices/wv-001/images/2026/09/19/30ef143b-977e-470d-9b1b-ffe0bfac8409.jpg","53f9f55d88a757b6548a8e707e464741","image/jpeg","2367767","2026-09-19 09:26:10.430507+00","2026-09-19 09:26:11.565775+00"
"9ca0bf91-13c9-5b8b-a76e-db59385d65f8","t-001","f-001","b-001","wv-001","20260919_092610","farmiq-media","tenants/t-001/farms/f-001/barns/b-001/devices/wv-001/images/2026/09/19/cf54d513-4c4b-404e-a0a6-46cb868b585e.jpg","a8d7e84134750eea1d5f5fc519faf230","image/jpeg","2397565","2026-09-19 09:26:10.430507+00","2026-09-19 09:26:11.887865+00"
"afb2b16b-2cdc-57c9-a0b7-bd43275ad1c3","t-001","f-001","b-001","wv-001","20260919_092641","farmiq-media","tenants/t-001/farms/f-001/barns/b-001/devices/wv-001/images/2026/09/19/41c3f0d5-4d7b-4ae7-b1f3-238efbefa441.jpg","a5a44c4e298ca259bc9d58823981acbf","image/jpeg","2452780","2026-09-19 09:26:41.623382+00","2026-09-19 09:26:43.608994+00"
"b4a8bb5d-a7be-53a8-affd-6bd63d7a0a96","t-001","f-001","b-001","wv-001","20260919_092641","farmiq-media","tenants/t-001/farms/f-001/barns/b-001/devices/wv-001/images/2026/09/19/8b2b2527-2826-43fd-b409-157b56b61978.jpg","5f3c14f54760d1175dce3c2764cb3e4f","image/jpeg","2484456","2026-09-19 09:26:41.623382+00","2026-09-19 09:26:43.849091+00"
"99522d34-42fb-5144-92ee-7827417463c3","t-001","f-001","b-001","wv-001","20260919_092645","farmiq-media","tenants/t-001/farms/f-001/barns/b-001/devices/wv-001/images/2026/09/19/cbc31fad-24b2-4771-adda-641786a3e8b1.jpg","92888d2f9f334f02da1afa69c0b9c2dd","image/jpeg","2149615","2026-09-19 09:26:45.744251+00","2026-09-19 09:26:49.566168+00"
"4b9d79dc-54ea-52ec-8fe6-af4ef9d98604","t-001","f-001","b-001","wv-001","20260919_092645","farmiq-media","tenants/t-001/farms/f-001/barns/b-001/devices/wv-001/images/2026/09/19/bc0d5b83-f051-411e-b986-e9f6ea5dee62.jpg","0ffb7a8785268340e0171e04713b19cf","image/jpeg","2186935","2026-09-19 09:26:45.744251+00","2026-09-19 09:26:49.793032+00"
"56df2400-67fc-50f0-9ed3-49b240a6ed6b","t-001","f-001","b-001","wv-001","20260919_092800","farmiq-media","tenants/t-001/farms/f-001/barns/b-001/devices/wv-001/images/2026/09/19/ea0cb7c0-fdb6-43ed-9bea-909fb279a7d6.jpg","29e28ac66d3505034daf5b618bd442cb","image/jpeg","2368572","2026-09-19 09:28:00.711283+00","2026-09-19 09:28:02.174106+00"
"56e908e5-1a10-530c-aa65-ded4dd425737","t-001","f-001","b-001","wv-001","20260919_092800","farmiq-media","tenants/t-001/farms/f-001/barns/b-001/devices/wv-001/images/2026/09/19/11299d25-c7fd-4dfd-b0c4-6156a3e50e2b.jpg","2a91e69a7752c07420b117482fe974ef","image/jpeg","2396599","2026-09-19 09:28:00.711283+00","2026-09-19 09:28:02.429272+00"
"df5b9408-d847-5276-ae17-df2a9cb1e9a6","t-001","f-001","b-001","wv-001","20260919_092804","farmiq-media","tenants/t-001/farms/f-001/barns/b-001/devices/wv-001/images/2026/09/19/823776b7-2c1e-4f97-af20-95062fa67b32.jpg","234a0a2454a4a0bfd3e6319b89f44429","image/jpeg","2140871","2026-09-19 09:28:04.839746+00","2026-09-19 09:28:07.86322+00"
"f1e27d06-6450-57dd-ba91-1554ed67d686","t-001","f-001","b-001","wv-001","20260919_092804","farmiq-media","tenants/t-001/farms/f-001/barns/b-001/devices/wv-001/images/2026/09/19/e1cbaac7-515d-4867-85a0-f9cbb37b49eb.jpg","3cf70e6464b1bc2fe8969132775368ed","image/jpeg","2186825","2026-09-19 09:28:04.839746+00","2026-09-19 09:28:08.095494+00"
"e8edc9df-1405-5244-b50a-0b15c54b402d","t-001","f-001","b-001","wv-001","20260919_093017","farmiq-media","tenants/t-001/farms/f-001/barns/b-001/devices/wv-001/images/2026/09/19/580dca31-1b34-4d5e-be46-b5c6f0f8a6c4.jpg","6b5480fedca10fa717f2b160833e0eb0","image/jpeg","2435972","2026-09-19 09:30:17.812089+00","2026-09-19 09:30:19.060507+00"
"9a864924-8b94-5c16-afee-6295d595bf2c","t-001","f-001","b-001","wv-001","20260919_093017","farmiq-media","tenants/t-001/farms/f-001/barns/b-001/devices/wv-001/images/2026/09/19/f54d7482-258c-4d73-8ea3-c34a790d33c6.jpg","8bec2f90e34472e7f9fba4d31f0d4e4c","image/jpeg","2467682","2026-09-19 09:30:17.812089+00","2026-09-19 09:30:19.340618+00"
"9c5a1920-ad56-57f6-b9db-a7ec58b686fa","t-001","f-001","b-001","wv-001","20260919_093131","farmiq-media","tenants/t-001/farms/f-001/barns/b-001/devices/wv-001/images/2026/09/19/df2ee299-8d48-4a2d-8529-749c188cbd08.jpg","35cc5f98a0cb36da07f413aa8de3a518","image/jpeg","2285716","2026-09-19 09:31:31.094322+00","2026-09-19 09:31:33.766127+00"
"ebeb032d-98bc-56f7-8826-6d8fffdb6225","t-001","f-001","b-001","wv-001","20260919_093131","farmiq-media","tenants/t-001/farms/f-001/barns/b-001/devices/wv-001/images/2026/09/19/6b609336-5fa4-49b4-ade9-583dcda62ca1.jpg","8967fcc25983e6f93a1f948d09ed73b2","image/jpeg","2313546","2026-09-19 09:31:31.094322+00","2026-09-19 09:31:34.047444+00"
"86113e59-66a6-598f-b030-c1272478e1e9","t-001","f-001","b-001","wv-001","20260919_093144","farmiq-media","tenants/t-001/farms/f-001/barns/b-001/devices/wv-001/images/2026/09/19/b4d1881e-6af5-490d-9b3a-d6a89cef4a3a.jpg","c7cf2e8070bde1af8c481fc264651565","image/jpeg","2495893","2026-09-19 09:31:44.928201+00","2026-09-19 09:31:45.705954+00"
"3cf7da7a-2a54-59f3-a812-1410e4b1b929","t-001","f-001","b-001","wv-001","20260919_093144","farmiq-media","tenants/t-001/farms/f-001/barns/b-001/devices/wv-001/images/2026/09/19/440387e8-3a77-44d9-8a01-5253e8a12859.jpg","d94e6db430a4291a04b466eeda18e16f","image/jpeg","2525286","2026-09-19 09:31:44.928201+00","2026-09-19 09:31:45.947186+00"
"e2537b81-27f0-51e9-816e-f7901639e744","t-001","f-001","b-001","wv-001","20260919_093243","farmiq-media","tenants/t-001/farms/f-001/barns/b-001/devices/wv-001/images/2026/09/19/badf5de2-2698-4a48-8b0b-87635e555ce1.jpg","de943c51af0c1b2e3c996c62842c9264","image/jpeg","2039945","2026-09-19 09:32:43.565777+00","2026-09-19 09:32:46.314453+00"
"62d2c64f-aa85-568c-b006-2a63236ffee0","t-001","f-001","b-001","wv-001","20260919_093243","farmiq-media","tenants/t-001/farms/f-001/barns/b-001/devices/wv-001/images/2026/09/19/e8bab4d8-f19e-47c3-861d-260d1d678e2e.jpg","0019b8ba0462f2e08ba3d2b9d251525f","image/jpeg","2078417","2026-09-19 09:32:43.565777+00","2026-09-19 09:32:46.634042+00"
"84992d9e-4405-56b0-a34a-3f577dd2a44b","t-001","f-001","b-001","wv-001","20260919_093318","farmiq-media","tenants/t-001/farms/f-001/barns/b-001/devices/wv-001/images/2026/09/19/6fb984ee-b3be-4bc9-b2da-25d2df37986e.jpg","89cdc4e6f9325b6c760a773e62553bac","image/jpeg","2182742","2026-09-19 09:33:18.334751+00","2026-09-19 09:33:20.414524+00"
"94aa7f76-63d2-5a4d-9d9e-4a6e7bf4de24","t-001","f-001","b-001","wv-001","20260919_093318","farmiq-media","tenants/t-001/farms/f-001/barns/b-001/devices/wv-001/images/2026/09/19/341f95b0-924e-4339-8ed6-0d9759cf806c.jpg","ec8da378ca17726f4ac21e69e9ed640c","image/jpeg","2224623","2026-09-19 09:33:18.334751+00","2026-09-19 09:33:20.689091+00"
"38ebb418-cb69-53d5-b379-a4ad59952838","t-001","f-001","b-001","wv-001","20260919_093322","farmiq-media","tenants/t-001/farms/f-001/barns/b-001/devices/wv-001/images/2026/09/19/43ac9a7b-4ced-4dac-982f-1425d3f4a2e6.jpg","1da681036d08af479b0b517b76b78dbb","image/jpeg","2014100","2026-09-19 09:33:22.295108+00","2026-09-19 09:33:26.22084+00"
"f6aa4e26-d6eb-5e12-8206-ae99e1d2b6e2","t-001","f-001","b-001","wv-001","20260919_093322","farmiq-media","tenants/t-001/farms/f-001/barns/b-001/devices/wv-001/images/2026/09/19/5ab319ec-1fd1-4f72-bf0f-ac454c22acac.jpg","d6f2b232966d9fa2b94fffb9ba21a31e","image/jpeg","2056877","2026-09-19 09:33:22.295108+00","2026-09-19 09:33:26.467286+00"
"56890114-397d-502b-8d6c-8993fb44de9b","t-001","f-001","b-001","wv-001","20260919_093335","farmiq-media","tenants/t-001/farms/f-001/barns/b-001/devices/wv-001/images/2026/09/19/24f83ae8-1b0c-4119-a97f-08b19adf8198.jpg","dacbe440e2076cbeb26ea9c7d5e47665","image/jpeg","2213770","2026-09-19 09:33:35.909405+00","2026-09-19 09:33:37.996052+00"
"9f8549f0-c46f-5c75-ab16-f6b19df3b9f7","t-001","f-001","b-001","wv-001","20260919_093335","farmiq-media","tenants/t-001/farms/f-001/barns/b-001/devices/wv-001/images/2026/09/19/68db97ec-27fb-44f8-862a-853a218f88be.jpg","ac359b89965d1ad9aaf7b7524c64b55d","image/jpeg","2247300","2026-09-19 09:33:35.909405+00","2026-09-19 09:33:38.293109+00"
"9cab7cbb-e899-56ad-a4ce-08b9f511ce2b","t-001","f-001","b-001","wv-001","20260919_093341","farmiq-media","tenants/t-001/farms/f-001/barns/b-001/devices/wv-001/images/2026/09/19/d393d7b3-fcc7-4bb9-a314-3eecefcd212c.jpg","fb8bcc535dd63a1cdf958e2afcbfda9d","image/jpeg","2002321","2026-09-19 09:33:41.207353+00","2026-09-19 09:33:43.801471+00"
"9bf93828-2447-5681-9560-43d748e17d0b","t-001","f-001","b-001","wv-001","20260919_093341","farmiq-media","tenants/t-001/farms/f-001/barns/b-001/devices/wv-001/images/2026/09/19/60bea35f-420f-4ba3-a393-58164a3b9116.jpg","f7946611c7d9fb39b8782f2bd2824811","image/jpeg","2045106","2026-09-19 09:33:41.207353+00","2026-09-19 09:33:44.045866+00"
"5bf12cff-be19-5492-8aff-50cabd7aaaea","t-001","f-001","b-001","wv-001","20260919_093400","farmiq-media","tenants/t-001/farms/f-001/barns/b-001/devices/wv-001/images/2026/09/19/9fc8120e-5bf2-4e7c-8f59-938efa6412bc.jpg","56a7256865f430bff25b4b41bd34f239","image/jpeg","1942108","2026-09-19 09:34:00.705378+00","2026-09-19 09:34:01.626145+00"
"57c16ed4-516d-5fe4-aa83-093e9065ddca","t-001","f-001","b-001","wv-001","20260919_093400","farmiq-media","tenants/t-001/farms/f-001/barns/b-001/devices/wv-001/images/2026/09/19/493f76b3-cf0f-4749-a6c1-11d1da4f1148.jpg","ce5f4c99805b0018a26b2a946af7c893","image/jpeg","1969216","2026-09-19 09:34:00.705378+00","2026-09-19 09:34:01.853496+00"
"4ad0312c-875c-5f82-8c82-89be7ebe0e5a","t-001","f-001","b-001","wv-001","20260919_093416","farmiq-media","tenants/t-001/farms/f-001/barns/b-001/devices/wv-001/images/2026/09/19/d0201bd1-7ad2-4114-ae63-3480da7d6fae.jpg","f7aa97fa9cd51dec06ad9dad5d59f83d","image/jpeg","1438919","2026-09-19 09:34:16.248874+00","2026-09-19 09:34:17.336425+00"
"38d269f1-db9e-5902-995d-da4b88806f31","t-001","f-001","b-001","wv-001","20260919_093416","farmiq-media","tenants/t-001/farms/f-001/barns/b-001/devices/wv-001/images/2026/09/19/1a21bef3-e3e3-4626-be27-fb4d0a2bdf59.jpg","b9b5a9d885556f8e5a287621f3bb1781","image/jpeg","1458742","2026-09-19 09:34:16.248874+00","2026-09-19 09:34:17.546091+00"
"08cbc05a-b59d-5a71-aed7-b40eab6df1ae","t-001","f-001","b-001","wv-001","20260919_093427","farmiq-media","tenants/t-001/farms/f-001/barns/b-001/devices/wv-001/images/2026/09/19/572a2ac3-f572-45d8-a0ce-ac2854dc13c5.jpg","44c9d5d8c2a58775178299c2c5840a58","image/jpeg","2313024","2026-09-19 09:34:27.556758+00","2026-09-19 09:34:29.012961+00"
"d78d0384-a813-50f7-aad9-db41484b9702","t-001","f-001","b-001","wv-001","20260919_093427","farmiq-media","tenants/t-001/farms/f-001/barns/b-001/devices/wv-001/images/2026/09/19/34d55c55-5794-46d1-a830-98008602b94c.jpg","0188a3a9c6fe5fe12b4ccd14dbfdb883","image/jpeg","2334414","2026-09-19 09:34:27.556758+00","2026-09-19 09:34:29.263002+00"
"92f98354-164d-517a-badc-8abb4867e335","t-001","f-001","b-001","wv-001","20260919_093437","farmiq-media","tenants/t-001/farms/f-001/barns/b-001/devices/wv-001/images/2026/09/19/a0f5d579-4e12-458f-b5e6-70a58a7a5396.jpg","1965cd8a242110a38672d39a1ba42d01","image/jpeg","2052333","2026-09-19 09:34:37.05156+00","2026-09-19 09:34:38.754416+00"
"bf9d2e95-1c09-5ba0-a8fc-e7accb57f7dc","t-001","f-001","b-001","wv-001","20260919_093437","farmiq-media","tenants/t-001/farms/f-001/barns/b-001/devices/wv-001/images/2026/09/19/27a54dfd-874a-4091-9b8e-37afe14cc0f0.jpg","7fd2c4d4d6c4830154bb39464e52d487","image/jpeg","2077070","2026-09-19 09:34:37.05156+00","2026-09-19 09:34:38.949555+00"
"3eaf0762-5d12-5e20-af78-e68a63eb7e24","t-001","f-001","b-001","wv-001","20260919_093526","farmiq-media","tenants/t-001/farms/f-001/barns/b-001/devices/wv-001/images/2026/09/19/ff440fe6-4590-450f-bcc8-4711ef2d6314.jpg","61cc8bfcc6151c39165b854e50f3f576","image/jpeg","2134869","2026-09-19 09:35:26.883002+00","2026-09-19 09:35:28.712445+00"
"dbee7190-e6ec-553b-b962-221720441897","t-001","f-001","b-001","wv-001","20260919_093526","farmiq-media","tenants/t-001/farms/f-001/barns/b-001/devices/wv-001/images/2026/09/19/2cf5214d-ac4b-4275-99c7-a41b527db6ea.jpg","0dd387ad43d550bbf0627979a4f0d484","image/jpeg","2163889","2026-09-19 09:35:26.883002+00","2026-09-19 09:35:28.941503+00"
"6b0905e6-a847-5c7c-9642-f4baebff516c","t-001","f-001","b-001","wv-001","20260919_093734","farmiq-media","tenants/t-001/farms/f-001/barns/b-001/devices/wv-001/images/2026/09/19/a97ed374-ba04-4c84-b8b6-c3628381bf68.jpg","933c896e32664e6a913de2d6576387b6","image/jpeg","2465736","2026-09-19 09:37:34.020633+00","2026-09-19 09:37:35.444863+00"
"711f40ec-bed3-5000-ab4a-adb035355544","t-001","f-001","b-001","wv-001","20260919_093734","farmiq-media","tenants/t-001/farms/f-001/barns/b-001/devices/wv-001/images/2026/09/19/e446fe17-d2fe-4744-becf-a81a4a8b1681.jpg","218580b78d9baa512584d8e2d3376ae5","image/jpeg","2485688","2026-09-19 09:37:34.020633+00","2026-09-19 09:37:35.700136+00"
"3b38c7ab-6d63-597b-bc61-6391b0c65671","t-001","f-001","b-001","wv-001","20260919_093742","farmiq-media","tenants/t-001/farms/f-001/barns/b-001/devices/wv-001/images/2026/09/19/d887ded5-5a4c-4e69-b4ed-039d1494b963.jpg","f72e0bcfcf977391bdaff83507401807","image/jpeg","2101551","2026-09-19 09:37:42.327259+00","2026-09-19 09:37:43.199889+00"
"5275d865-eea1-5a0e-a02d-c23781e4398d","t-001","f-001","b-001","wv-001","20260919_093742","farmiq-media","tenants/t-001/farms/f-001/barns/b-001/devices/wv-001/images/2026/09/19/b6b0f39e-423f-4963-afd7-68aa13d3a2f3.jpg","548a6c455f9d0245379a3f27f42ef51e","image/jpeg","2130230","2026-09-19 09:37:42.327259+00","2026-09-19 09:37:43.447434+00"
"041980f1-7197-5ce8-a8af-027b3a1bf9de","t-001","f-001","b-001","wv-001","20260919_093808","farmiq-media","tenants/t-001/farms/f-001/barns/b-001/devices/wv-001/images/2026/09/19/86de5229-72e6-4a32-ac29-e72abb19619d.jpg","ced778a24d748fd26322b368f57e58be","image/jpeg","2241369","2026-09-19 09:38:08.690197+00","2026-09-19 09:38:09.164482+00"
"51c9dc5d-6fc2-5a1b-b635-53cde2d62969","t-001","f-001","b-001","wv-001","20260919_093808","farmiq-media","tenants/t-001/farms/f-001/barns/b-001/devices/wv-001/images/2026/09/19/1fa6a067-8283-488a-93f8-2d4b99dd3882.jpg","3f2328d97085ca3721cd764b4a223ce6","image/jpeg","2270015","2026-09-19 09:38:08.690197+00","2026-09-19 09:38:09.62227+00"
"5f33a4c9-e950-5d09-abcf-20a7437490b9","t-001","f-001","b-001","wv-001","20260919_093821","farmiq-media","tenants/t-001/farms/f-001/barns/b-001/devices/wv-001/images/2026/09/19/9aa534de-3b41-4bb1-b54f-70a7de4ef7b4.jpg","ea3ae0441226032f5abd5fed67880f21","image/jpeg","2360730","2026-09-19 09:38:21.07044+00","2026-09-19 09:38:23.248043+00"
"2227b3e0-014c-5de0-b4e5-4458ba0e7804","t-001","f-001","b-001","wv-001","20260919_093821","farmiq-media","tenants/t-001/farms/f-001/barns/b-001/devices/wv-001/images/2026/09/19/f07b5994-c709-435e-92e3-1e4d3671cecf.jpg","3498826bf5254f912218571e9e24155d","image/jpeg","2386624","2026-09-19 09:38:21.07044+00","2026-09-19 09:38:23.547774+00"
"5b7f27ab-4c3c-562c-9bb4-7c37d2e7ceed","t-001","f-001","b-001","wv-001","20260919_093939","farmiq-media","tenants/t-001/farms/f-001/barns/b-001/devices/wv-001/images/2026/09/19/1ebe18f0-2075-45cb-9f36-e25ca167c997.jpg","be624f350c3ae72441f24eb7e1080c8c","image/jpeg","2390518","2026-09-19 09:39:39.481757+00","2026-09-19 09:39:41.553973+00"
"819ca443-9c21-5409-b102-5ca0caefdd41","t-001","f-001","b-001","wv-001","20260919_093939","farmiq-media","tenants/t-001/farms/f-001/barns/b-001/devices/wv-001/images/2026/09/19/559b6c4f-7f0b-406b-984e-89e2fc6448e4.jpg","d80a5082a3696562890550a8c20585ff","image/jpeg","2409698","2026-09-19 09:39:39.481757+00","2026-09-19 09:39:41.834653+00"
"471de610-135b-5303-9c46-f4bc175c6347","t-001","f-001","b-001","wv-001","20260919_094206","farmiq-media","tenants/t-001/farms/f-001/barns/b-001/devices/wv-001/images/2026/09/19/bd682544-4f7d-47f7-953a-8e870b53f6b4.jpg","aa9b9cd7640d701c00fa1027a6378d97","image/jpeg","2218915","2026-09-19 09:42:06.46158+00","2026-09-19 09:42:08.419295+00"
"d07221b4-da2d-590d-8bb8-a0dcea7d80e2","t-001","f-001","b-001","wv-001","20260919_094206","farmiq-media","tenants/t-001/farms/f-001/barns/b-001/devices/wv-001/images/2026/09/19/a5def78d-62a1-44c7-aca6-7fa619779d20.jpg","d26ef8d16d9d0f817e4c4242e54db0c3","image/jpeg","2248268","2026-09-19 09:42:06.46158+00","2026-09-19 09:42:08.650673+00"
"60743c50-6936-5782-b102-334b79de941a","t-001","f-001","b-001","wv-001","20260919_094219","farmiq-media","tenants/t-001/farms/f-001/barns/b-001/devices/wv-001/images/2026/09/19/ddb6c6f8-db63-4634-aff1-43b9ecd85b69.jpg","509abbb8f4f0a63a909f5b568307daf7","image/jpeg","2454106","2026-09-19 09:42:19.758361+00","2026-09-19 09:42:20.143381+00"
"86a71d2c-2a27-5e26-9bee-09cf1b8c39b5","t-001","f-001","b-001","wv-001","20260919_094219","farmiq-media","tenants/t-001/farms/f-001/barns/b-001/devices/wv-001/images/2026/09/19/0b4839c6-0b9a-46ba-9d1a-12c2f754adb7.jpg","9bc1b4b9f68cd2135309dd9d14a4bcf1","image/jpeg","2481401","2026-09-19 09:42:19.758361+00","2026-09-19 09:42:20.377757+00"
"35c94a4a-6c46-56b9-9641-04fd3683ba26","t-001","f-001","b-001","wv-001","20260919_094316","farmiq-media","tenants/t-001/farms/f-001/barns/b-001/devices/wv-001/images/2026/09/19/ace79a66-25bd-46d7-8cd3-a1a7228668be.jpg","fb7617098cfa635ce8d833085fb88deb","image/jpeg","2059095","2026-09-19 09:43:16.794837+00","2026-09-19 09:43:18.291717+00"
"3998c6e4-930e-50bf-b8a3-ca389ca1e7ce","t-001","f-001","b-001","wv-001","20260919_094316","farmiq-media","tenants/t-001/farms/f-001/barns/b-001/devices/wv-001/images/2026/09/19/ab11a226-fece-4331-bbb2-c23c2685c703.jpg","aef7137246275f5bb70d6a70bcf0be8e","image/jpeg","2080634","2026-09-19 09:43:16.794837+00","2026-09-19 09:43:18.531772+00"
"a378d059-74fe-5f6f-b2f1-c038e9d12ae9","t-001","f-001","b-001","wv-001","20260919_094326","farmiq-media","tenants/t-001/farms/f-001/barns/b-001/devices/wv-001/images/2026/09/19/3c78dab4-8414-4fe8-959d-70224ba81288.jpg","3e7c7bef97f324dc618479f1f7fe3113","image/jpeg","2356111","2026-09-19 09:43:26.951993+00","2026-09-19 09:43:27.967934+00"
"c945650d-2177-55e1-930b-ec517005e64a","t-001","f-001","b-001","wv-001","20260919_094326","farmiq-media","tenants/t-001/farms/f-001/barns/b-001/devices/wv-001/images/2026/09/19/373545ff-e3f7-4ee3-9f2f-133067c7016b.jpg","6d14e992d270eca98a2826bc3a6338f1","image/jpeg","2372237","2026-09-19 09:43:26.951993+00","2026-09-19 09:43:28.288864+00"
"a34232c1-51b8-5c76-ba6e-80798569b251","t-001","f-001","b-001","wv-001","20260919_094330","farmiq-media","tenants/t-001/farms/f-001/barns/b-001/devices/wv-001/images/2026/09/19/99adc657-164f-4dde-8ca5-50b5f388a2f3.jpg","8575e66312d2b8fa72069a23c33b39bf","image/jpeg","2165468","2026-09-19 09:43:30.86835+00","2026-09-19 09:43:33.724947+00"
"a51bf0f5-ba40-56e3-b1a8-cc039f0709cd","t-001","f-001","b-001","wv-001","20260919_094330","farmiq-media","tenants/t-001/farms/f-001/barns/b-001/devices/wv-001/images/2026/09/19/bc8f5609-a27b-4474-a007-a0487fec11ff.jpg","7c71142ab39174631e6d572de5c22534","image/jpeg","2188235","2026-09-19 09:43:30.86835+00","2026-09-19 09:43:33.930965+00"
"05c85e07-d1cf-5689-ba90-298bf8b813d3","t-001","f-001","b-001","wv-001","20260919_094359","farmiq-media","tenants/t-001/farms/f-001/barns/b-001/devices/wv-001/images/2026/09/19/5768f1be-9fe6-4ff7-bf5f-bce9ee3ac12d.jpg","f426b04dcfe7535a357782b586a07b44","image/jpeg","2297183","2026-09-19 09:43:59.882344+00","2026-09-19 09:44:01.548293+00"
"5af9b64a-bc6d-5e95-b9f6-ad62d18de477","t-001","f-001","b-001","wv-001","20260919_094359","farmiq-media","tenants/t-001/farms/f-001/barns/b-001/devices/wv-001/images/2026/09/19/b00a1cac-fad8-44e6-b3ad-77f70bd95e45.jpg","02153e1dd288ec2a92e6633e8a7ab870","image/jpeg","2317244","2026-09-19 09:43:59.882344+00","2026-09-19 09:44:01.802972+00"
"a0563da1-294f-599b-af51-89e486948903","t-001","f-001","b-001","wv-001","20260919_094507","farmiq-media","tenants/t-001/farms/f-001/barns/b-001/devices/wv-001/images/2026/09/19/037c35e0-103a-44c8-b39e-ab9bee295871.jpg","a392267d414a0e026e45353820eee3c5","image/jpeg","2366244","2026-09-19 09:45:07.003419+00","2026-09-19 09:45:07.63502+00"
"c51c47be-9bf9-5e3b-9525-aaf0148e1d6e","t-001","f-001","b-001","wv-001","20260919_094507","farmiq-media","tenants/t-001/farms/f-001/barns/b-001/devices/wv-001/images/2026/09/19/1672aad3-2869-4881-a1be-3804ddeda06f.jpg","f1f64bdbbc871920863ed720f8b6398c","image/jpeg","2389542","2026-09-19 09:45:07.003419+00","2026-09-19 09:45:07.864745+00"
"70d57d91-896e-59e9-af08-2fa80a8e81d0","t-001","f-001","b-001","wv-001","20260919_094528","farmiq-media","tenants/t-001/farms/f-001/barns/b-001/devices/wv-001/images/2026/09/19/70431ce0-b358-4338-8c8e-4ee497da7aab.jpg","6c31927f2e7c83fad855b1895e633493","image/jpeg","2219777","2026-09-19 09:45:28.71586+00","2026-09-19 09:45:29.394309+00"
"a49d293c-e653-5ad3-9e3d-b67b51499da4","t-001","f-001","b-001","wv-001","20260919_094528","farmiq-media","tenants/t-001/farms/f-001/barns/b-001/devices/wv-001/images/2026/09/19/acda4553-c728-4234-9379-1e77f58f00e6.jpg","4d7445224dbfb7c4897df9c9c9868ec2","image/jpeg","2245076","2026-09-19 09:45:28.71586+00","2026-09-19 09:45:29.599901+00"
"287c668b-994e-5b09-abce-d0c11aa29640","t-001","f-001","b-001","wv-001","20260919_094608","farmiq-media","tenants/t-001/farms/f-001/barns/b-001/devices/wv-001/images/2026/09/19/971426a1-ee4e-465c-ad77-d6515e219a93.jpg","0e8057b7a7859766bc54822e4bf90bd4","image/jpeg","2319678","2026-09-19 09:46:08.965646+00","2026-09-19 09:46:11.314914+00"
"a19a97db-f6ce-5e5e-9934-a6c308ab4065","t-001","f-001","b-001","wv-001","20260919_094608","farmiq-media","tenants/t-001/farms/f-001/barns/b-001/devices/wv-001/images/2026/09/19/f5f91cb7-9a6f-4df1-ad75-aac41d1b97e7.jpg","dbc88da1e556136b424a528e506f1b73","image/jpeg","2343828","2026-09-19 09:46:08.965646+00","2026-09-19 09:46:11.614954+00"
"7413c596-7d4f-5566-b7b0-eed83a9c8c74","t-001","f-001","b-001","wv-001","20260919_094615","farmiq-media","tenants/t-001/farms/f-001/barns/b-001/devices/wv-001/images/2026/09/19/295f632c-3895-4e77-969b-165097a75e70.jpg","190becce3780c7612d7b954de8cff982","image/jpeg","2241747","2026-09-19 09:46:15.961653+00","2026-09-19 09:46:17.068316+00"
"d7ecde58-e298-58ed-8acf-c5a1165848d9","t-001","f-001","b-001","wv-001","20260919_094615","farmiq-media","tenants/t-001/farms/f-001/barns/b-001/devices/wv-001/images/2026/09/19/555b113f-c005-4ab9-b007-39aabb5f8a86.jpg","9af9a9a05e23aa12b0fac4337a73d14c","image/jpeg","2266011","2026-09-19 09:46:15.961653+00","2026-09-19 09:46:17.280506+00"
"87707e3b-1943-57db-aff9-25f8e0d2a7b1","t-001","f-001","b-001","wv-001","20260919_094637","farmiq-media","tenants/t-001/farms/f-001/barns/b-001/devices/wv-001/images/2026/09/19/fcd0ca5c-9d77-4575-af07-8461d2665b8d.jpg","7f2787d62b8006ce599c58b40704cb64","image/jpeg","2320654","2026-09-19 09:46:37.453727+00","2026-09-19 09:46:38.823369+00"
"d0a3ae2d-306a-5d9c-9398-4663d5734175","t-001","f-001","b-001","wv-001","20260919_094637","farmiq-media","tenants/t-001/farms/f-001/barns/b-001/devices/wv-001/images/2026/09/19/56643eec-57f6-4423-a71a-86e1816e405c.jpg","9427dbcd286635276c83ee0982104d54","image/jpeg","2345384","2026-09-19 09:46:37.453727+00","2026-09-19 09:46:39.057418+00"
"c2543b3d-4f37-5c2a-8492-be45252f52c6","t-001","f-001","b-001","wv-001","20260919_095040","farmiq-media","tenants/t-001/farms/f-001/barns/b-001/devices/wv-001/images/2026/09/19/2b52c653-947a-4bcd-9b9a-d1ff9e594d5c.jpg","157fb43e6f1635fbd209a5110eb791e4","image/jpeg","2458828","2026-09-19 09:50:40.106782+00","2026-09-19 09:50:42.452026+00"
"81bdc8a2-51e2-51e0-8ffb-72a8ff05703d","t-001","f-001","b-001","wv-001","20260919_095040","farmiq-media","tenants/t-001/farms/f-001/barns/b-001/devices/wv-001/images/2026/09/19/4bd7d9d8-5417-4688-93ae-ac55f8587330.jpg","943dbc3e0aad2a1fffe3d5a840ea29be","image/jpeg","2478816","2026-09-19 09:50:40.106782+00","2026-09-19 09:50:42.718221+00"
"c2fe39f1-eba7-50f8-97f9-4d29f8ebe40b","t-001","f-001","b-001","wv-001","20260919_095050","farmiq-media","tenants/t-001/farms/f-001/barns/b-001/devices/wv-001/images/2026/09/19/a14af3a5-448d-4b38-9f34-46379983e1e7.jpg","9dcd2f7490837f0482e487b9cccdfa5d","image/jpeg","2247910","2026-09-19 09:50:50.859658+00","2026-09-19 09:50:52.264918+00"
"c01f1012-5efe-5560-a0a3-31ba606273d9","t-001","f-001","b-001","wv-001","20260919_095050","farmiq-media","tenants/t-001/farms/f-001/barns/b-001/devices/wv-001/images/2026/09/19/0e2a059a-ce1d-4003-aa33-73d17a8a55a1.jpg","3651c56d67595ef2c5d59adbdb0f6ad5","image/jpeg","2275549","2026-09-19 09:50:50.859658+00","2026-09-19 09:50:52.471013+00"
"2e766fdc-192b-515d-aed5-602f2a1fa656","t-001","f-001","b-001","wv-001","20260919_095241","farmiq-media","tenants/t-001/farms/f-001/barns/b-001/devices/wv-001/images/2026/09/19/0fad76ac-9f0f-4f1c-a2c5-72a659d23a27.jpg","42c283fa576bcf4f632e9a2745f65a93","image/jpeg","2520519","2026-09-19 09:52:41.392275+00","2026-09-19 09:52:42.779477+00"
"3c766330-ad7e-548c-bba8-6f8376fede31","t-001","f-001","b-001","wv-001","20260919_095241","farmiq-media","tenants/t-001/farms/f-001/barns/b-001/devices/wv-001/images/2026/09/19/dd5201ff-64e6-48a3-b28d-38125e60c7ec.jpg","48ae64d3511ab656e4b10d08af4583f7","image/jpeg","2538967","2026-09-19 09:52:41.392275+00","2026-09-19 09:52:43.128804+00"
"36035329-8f46-5ab3-ac68-715b3b23488d","t-001","f-001","b-001","wv-001","20260919_095317","farmiq-media","tenants/t-001/farms/f-001/barns/b-001/devices/wv-001/images/2026/09/19/d5470b0a-765f-4758-9332-b39a6a61336b.jpg","745fcd5891411702cec85d53ca2408c0","image/jpeg","2267957","2026-09-19 09:53:17.69513+00","2026-09-19 09:53:18.955678+00"
"0679c3f2-305e-5ff0-8905-eb95f7650971","t-001","f-001","b-001","wv-001","20260919_095317","farmiq-media","tenants/t-001/farms/f-001/barns/b-001/devices/wv-001/images/2026/09/19/bcd12936-d286-4f09-b6b4-13fe44a41c9b.jpg","95ef4fd5798700aa3f6639f224690186","image/jpeg","2298032","2026-09-19 09:53:17.69513+00","2026-09-19 09:53:19.229468+00"
"77e97634-2378-5a3b-a777-ffaf80e2a7d9","t-001","f-001","b-001","wv-001","20260919_095330","farmiq-media","tenants/t-001/farms/f-001/barns/b-001/devices/wv-001/images/2026/09/19/565d0a41-f908-4992-86e7-ee349e1dd4da.jpg","009e105c7f1e2bf1248da7baa288bc8c","image/jpeg","2522643","2026-09-19 09:53:30.40114+00","2026-09-19 09:53:31.884518+00"
"e2d36ac6-5ee9-532b-912c-c86072ac795c","t-001","f-001","b-001","wv-001","20260919_095330","farmiq-media","tenants/t-001/farms/f-001/barns/b-001/devices/wv-001/images/2026/09/19/4d9fa9cd-d6eb-4510-a9fe-1026d6abf18d.jpg","0c90fe2786d6d3923783726dd25a3bc7","image/jpeg","2548161","2026-09-19 09:53:30.40114+00","2026-09-19 09:53:32.805856+00"
"cee62fb9-7490-527d-be42-cc630acb5771","t-001","f-001","b-001","wv-001","20260919_095433","farmiq-media","tenants/t-001/farms/f-001/barns/b-001/devices/wv-001/images/2026/09/19/ad0fd40e-c51f-4106-bf46-55a7dc03a8c5.jpg","429b2e1a90c9cfe53042089e3390f111","image/jpeg","2589516","2026-09-19 09:54:33.308392+00","2026-09-19 09:54:34.782066+00"
"1b6dc294-7919-5967-b58e-9a04fb0b676c","t-001","f-001","b-001","wv-001","20260919_095433","farmiq-media","tenants/t-001/farms/f-001/barns/b-001/devices/wv-001/images/2026/09/19/33390af9-dae5-4429-a54d-dd2a5be41802.jpg","862f8b7a2c95da97e046e2efd4fba033","image/jpeg","2613717","2026-09-19 09:54:33.308392+00","2026-09-19 09:54:35.031897+00"
"2a094bb2-b8ad-56dc-a66a-c55c7c6480b9","t-001","f-001","b-001","wv-001","20260919_095614","farmiq-media","tenants/t-001/farms/f-001/barns/b-001/devices/wv-001/images/2026/09/19/015f4966-70ab-4b84-b86f-7327a0bd5e18.jpg","d01e1f4e7fe166792b4765d12635694d","image/jpeg","2208571","2026-09-19 09:56:14.413751+00","2026-09-19 09:56:15.194403+00"
"534ee8b3-68ca-52f5-8ed8-75a085839e9e","t-001","f-001","b-001","wv-001","20260919_095614","farmiq-media","tenants/t-001/farms/f-001/barns/b-001/devices/wv-001/images/2026/09/19/22ef02b3-0c8f-4f70-b1e5-41d50675f69e.jpg","b58e63d9345f95ac4eeb64ea3e17fdee","image/jpeg","2231378","2026-09-19 09:56:14.413751+00","2026-09-19 09:56:15.420455+00"
"fb5ef7f4-1336-55a4-b500-59e45ba5f767","t-001","f-001","b-001","wv-001","20260919_095619","farmiq-media","tenants/t-001/farms/f-001/barns/b-001/devices/wv-001/images/2026/09/19/2e404c1f-c5e7-406d-b19c-1bf643542e38.jpg","9d053c18dba8e216f23ee27b0bb7d55e","image/jpeg","2116009","2026-09-19 09:56:19.816536+00","2026-09-19 09:56:20.802813+00"
"3613a75d-294c-5557-9380-7890e50af488","t-001","f-001","b-001","wv-001","20260919_095619","farmiq-media","tenants/t-001/farms/f-001/barns/b-001/devices/wv-001/images/2026/09/19/545596a8-444a-494d-a672-dea1d59bcce9.jpg","753ae4d0db9e17038a0d2346ea12e0dc","image/jpeg","2151184","2026-09-19 09:56:19.816536+00","2026-09-19 09:56:21.04481+00"
"c25269c3-d93a-511e-b517-3f1b294586e7","t-001","f-001","b-001","wv-001","20260919_095632","farmiq-media","tenants/t-001/farms/f-001/barns/b-001/devices/wv-001/images/2026/09/19/8123d616-1106-4a07-ae70-7bcd6229ca5c.jpg","e3b7e8b593e5161c19ca1d3e6ab49ead","image/jpeg","2260178","2026-09-19 09:56:32.662924+00","2026-09-19 09:56:34.599037+00"
"c4c7eea8-26e9-5808-908c-9c126470a3c4","t-001","f-001","b-001","wv-001","20260919_095632","farmiq-media","tenants/t-001/farms/f-001/barns/b-001/devices/wv-001/images/2026/09/19/651db5c9-71c0-43c4-a610-371b6de098a1.jpg","ab33e56ecd79e51fcc649d33221de003","image/jpeg","2296166","2026-09-19 09:56:32.662924+00","2026-09-19 09:56:34.878492+00"
"aa95986b-a5e9-5e51-a461-efbf02a1806e","t-001","f-001","b-001","wv-001","20260919_095637","farmiq-media","tenants/t-001/farms/f-001/barns/b-001/devices/wv-001/images/2026/09/19/463e2177-5f9c-48da-b61a-a9b4c1f71a31.jpg","8b97053f12481ff846c021547ca9540c","image/jpeg","2207918","2026-09-19 09:56:37.709145+00","2026-09-19 09:56:40.221846+00"
"cade58b4-e000-560e-b0f1-3185712bcb49","t-001","f-001","b-001","wv-001","20260919_095637","farmiq-media","tenants/t-001/farms/f-001/barns/b-001/devices/wv-001/images/2026/09/19/5ad74bd0-8337-41d5-995c-c4233246c2d9.jpg","2e75cf02d0bcd795be61f5c1930797dd","image/jpeg","2250089","2026-09-19 09:56:37.709145+00","2026-09-19 09:56:40.426631+00"
"1973a35d-787e-5283-8a99-41c510efb565","t-001","f-001","b-001","wv-001","20260919_095748","farmiq-media","tenants/t-001/farms/f-001/barns/b-001/devices/wv-001/images/2026/09/19/077527b4-f32b-4db5-ad06-4c20d17495d7.jpg","d61baa09bc3722c37984ae7af1ab3697","image/jpeg","2415646","2026-09-19 09:57:48.979685+00","2026-09-19 09:57:50.388287+00"
"2bd36f2b-bef6-56e0-8eff-2ffb31a12314","t-001","f-001","b-001","wv-001","20260919_095748","farmiq-media","tenants/t-001/farms/f-001/barns/b-001/devices/wv-001/images/2026/09/19/e0258e6d-8e6d-4dfd-97df-c85094d2a1a7.jpg","b6526532beb3b80cb95144a6421d5d11","image/jpeg","2436962","2026-09-19 09:57:48.979685+00","2026-09-19 09:57:50.661291+00"
"d40462b0-4cde-5302-9876-7d4b2f9e1678","t-001","f-001","b-001","wv-001","20260919_095852","farmiq-media","tenants/t-001/farms/f-001/barns/b-001/devices/wv-001/images/2026/09/19/fd5b9eef-12b1-4af8-8d22-da493a884bbb.jpg","29ed699e288137570ef273ab2da889f4","image/jpeg","2276687","2026-09-19 09:58:52.420137+00","2026-09-19 09:58:54.60666+00"
"0ca124c5-de0d-5f12-8799-6b1e68bf2ff9","t-001","f-001","b-001","wv-001","20260919_095852","farmiq-media","tenants/t-001/farms/f-001/barns/b-001/devices/wv-001/images/2026/09/19/ee86542b-1334-44fc-87f0-eb8696be05c2.jpg","610335ee14c92d45084c473ffae00e8f","image/jpeg","2308928","2026-09-19 09:58:52.420137+00","2026-09-19 09:58:54.840105+00"
"dc996d4d-e378-5198-b482-f69e3e6cc102","t-001","f-001","b-001","wv-001","20260919_095857","farmiq-media","tenants/t-001/farms/f-001/barns/b-001/devices/wv-001/images/2026/09/19/31c7ed96-3b37-4e09-9c28-6c21f8222ef5.jpg","a0d1c29dc9a0232b98d0fc816446bb5b","image/jpeg","2118049","2026-09-19 09:58:57.641488+00","2026-09-19 09:59:00.235206+00"
"f65e6a30-d1a4-5865-b0a2-e5e9ab1b86c5","t-001","f-001","b-001","wv-001","20260919_095857","farmiq-media","tenants/t-001/farms/f-001/barns/b-001/devices/wv-001/images/2026/09/19/ba3fe466-522d-4147-b747-6b32be1e0b2f.jpg","914ec4ff958e2dd734c154291409272d","image/jpeg","2161943","2026-09-19 09:58:57.641488+00","2026-09-19 09:59:00.443369+00"
"3f80fb45-cb2e-5065-964f-28ac6f2c1cc9","t-001","f-001","b-001","wv-001","20260919_095920","farmiq-media","tenants/t-001/farms/f-001/barns/b-001/devices/wv-001/images/2026/09/19/cdcd98f4-b279-4dbf-a5aa-e1c614c69aa1.jpg","e07f1f66f959d8f7617a85e2f8f019a2","image/jpeg","2253408","2026-09-19 09:59:20.264787+00","2026-09-19 09:59:21.993067+00"
"eff3fe6c-9b9f-5a53-a10a-f9a9e88c0098","t-001","f-001","b-001","wv-001","20260919_095920","farmiq-media","tenants/t-001/farms/f-001/barns/b-001/devices/wv-001/images/2026/09/19/40259c95-ef31-4acb-bdf4-75c10d65a1d7.jpg","10a3e85de62949a512234a17e3db1ab2","image/jpeg","2288462","2026-09-19 09:59:20.264787+00","2026-09-19 09:59:22.231691+00"
"88c5776b-e85c-5bfc-b563-987e12d4f154","t-001","f-001","b-001","wv-001","20260919_095948","farmiq-media","tenants/t-001/farms/f-001/barns/b-001/devices/wv-001/images/2026/09/19/165a47bb-c8ec-4370-a958-22708f9f77bb.jpg","f20ebcf2a9f37493a5dad4fca39fc29c","image/jpeg","2420776","2026-09-19 09:59:48.70891+00","2026-09-19 09:59:49.901901+00"
"3abf1164-0ea8-57b9-ad29-1e9e624e8e8d","t-001","f-001","b-001","wv-001","20260919_095948","farmiq-media","tenants/t-001/farms/f-001/barns/b-001/devices/wv-001/images/2026/09/19/71d0c5a0-9bdb-476d-b8ae-dd9bb0f424e8.jpg","fd54e5f290311817f2ed375513cce51d","image/jpeg","2451223","2026-09-19 09:59:48.70891+00","2026-09-19 09:59:50.147636+00"
"b9f9b26a-cb03-5796-8f6b-65ed9555329e","t-001","f-001","b-001","wv-001","20260919_100032","farmiq-media","tenants/t-001/farms/f-001/barns/b-001/devices/wv-001/images/2026/09/19/e71d4afe-39f7-4eb3-bcb6-726731e5d189.jpg","20a506d0c85a89125b2d574766acd088","image/jpeg","2349056","2026-09-19 10:00:32.398873+00","2026-09-19 10:00:33.976106+00"
"d101e278-b168-56c4-8385-811f222007a9","t-001","f-001","b-001","wv-001","20260919_100032","farmiq-media","tenants/t-001/farms/f-001/barns/b-001/devices/wv-001/images/2026/09/19/fea898ea-4920-47a9-be7d-3a8904a0b659.jpg","06032f09ead8b8329a3ca849b18d6060","image/jpeg","2365014","2026-09-19 10:00:32.398873+00","2026-09-19 10:00:34.211122+00"
"eca22222-e71d-52c7-bfb9-d59026bc523c","t-001","f-001","b-001","wv-001","20260919_100229","farmiq-media","tenants/t-001/farms/f-001/barns/b-001/devices/wv-001/images/2026/09/19/bd8a15cf-97cd-4efc-bbeb-3c7b87249bb4.jpg","c6868befc77d88370f4061b856638d65","image/jpeg","2268921","2026-09-19 10:02:29.355441+00","2026-09-19 10:02:30.505146+00"
"cb185f09-1ed0-5fe9-863d-ed11bec70ff8","t-001","f-001","b-001","wv-001","20260919_100229","farmiq-media","tenants/t-001/farms/f-001/barns/b-001/devices/wv-001/images/2026/09/19/3a1961de-c44d-4097-84af-4e2961db5dee.jpg","aaa872aea55c14c38cd6577c5be16b2f","image/jpeg","2297709","2026-09-19 10:02:29.355441+00","2026-09-19 10:02:30.736399+00"
"8a3d0bbe-54e6-50a9-b85e-c54c4ef5d293","t-001","f-001","b-001","wv-001","20260919_100245","farmiq-media","tenants/t-001/farms/f-001/barns/b-001/devices/wv-001/images/2026/09/19/836fab18-136d-4462-98de-77736d415d27.jpg","993d2fde43ff287cf6ac046183ff8fcf","image/jpeg","2046861","2026-09-19 10:02:45.151138+00","2026-09-19 10:02:46.203681+00"
"7bbf0e49-e238-50d4-9a3e-f26edc3af83e","t-001","f-001","b-001","wv-001","20260919_100245","farmiq-media","tenants/t-001/farms/f-001/barns/b-001/devices/wv-001/images/2026/09/19/f37c300b-711a-49c8-9b30-3d4ea4d1e09a.jpg","da9606469ab776876f0174cc25235616","image/jpeg","2089853","2026-09-19 10:02:45.151138+00","2026-09-19 10:02:46.414864+00"
"6ac80351-152f-54a8-b8b7-8e1a592343fa","t-001","f-001","b-001","wv-001","20260919_100257","farmiq-media","tenants/t-001/farms/f-001/barns/b-001/devices/wv-001/images/2026/09/19/393c3de4-04f6-4c56-8e9b-7e0342b284dd.jpg","fbd054e7cfab0f93668d88826c4433d3","image/jpeg","2241055","2026-09-19 10:02:57.951789+00","2026-09-19 10:03:23.929689+00"
"b62ea7aa-b34e-5020-970a-9c57dc0789c7","t-001","f-001","b-001","wv-001","20260919_100257","farmiq-media","tenants/t-001/farms/f-001/barns/b-001/devices/wv-001/images/2026/09/19/d949862f-d0a9-48f3-8260-107187e18ad8.jpg","7c44c82f3ae9eb6a7fd3f42e32af46dc","image/jpeg","2279286","2026-09-19 10:02:57.951789+00","2026-09-19 10:03:24.391996+00"
"d38274a9-24b6-5e61-b9af-b9a286adc52e","t-001","f-001","b-001","wv-001","20260919_100314","farmiq-media","tenants/t-001/farms/f-001/barns/b-001/devices/wv-001/images/2026/09/19/82d1459b-3386-46cb-8093-e9e9f12231e7.jpg","4002bbf3dd892866cd62cf4991ea4ada","image/jpeg","2174876","2026-09-19 10:03:14.956435+00","2026-09-19 10:03:29.959581+00"
"ec66527e-eabf-559b-85e3-51eab7ec4a6a","t-001","f-001","b-001","wv-001","20260919_100314","farmiq-media","tenants/t-001/farms/f-001/barns/b-001/devices/wv-001/images/2026/09/19/6abbcd01-58af-47e1-bc1b-daf51b4bd05f.jpg","c0732dedd3edfd6b415ef81e1286fe61","image/jpeg","2203422","2026-09-19 10:03:14.956435+00","2026-09-19 10:03:30.287216+00"
"10bbde51-afe8-5ec2-9280-50808efbd329","t-001","f-001","b-001","wv-001","20260919_100414","farmiq-media","tenants/t-001/farms/f-001/barns/b-001/devices/wv-001/images/2026/09/19/96282ff1-ac7c-4202-acb6-b22324dfff7c.jpg","e2e83777b653c1aa559176f8a400b2f5","image/jpeg","2429337","2026-09-19 10:04:14.648411+00","2026-09-19 10:04:16.251986+00"
"87b23ea3-65a4-55c7-a093-2a86a47d9ca2","t-001","f-001","b-001","wv-001","20260919_100414","farmiq-media","tenants/t-001/farms/f-001/barns/b-001/devices/wv-001/images/2026/09/19/c6496329-7722-49bb-8980-e62ec4fbfbe3.jpg","879761724b0454dd0ae40d3453252732","image/jpeg","2459458","2026-09-19 10:04:14.648411+00","2026-09-19 10:04:16.628267+00"
"0a505a92-ca67-55ab-aa07-b68a4b622794","t-001","f-001","b-001","wv-001","20260919_100634","farmiq-media","tenants/t-001/farms/f-001/barns/b-001/devices/wv-001/images/2026/09/19/914baa7e-af5b-4111-843d-f3cc7a43133f.jpg","36246c7f525f66d7a20488e75a14b9d2","image/jpeg","2133556","2026-09-19 10:06:34.751804+00","2026-09-19 10:06:35.286444+00"
"e9c7991f-9dab-55b3-b186-8780b431cb62","t-001","f-001","b-001","wv-001","20260919_100634","farmiq-media","tenants/t-001/farms/f-001/barns/b-001/devices/wv-001/images/2026/09/19/eb00e8f6-7492-4ab4-a794-a0d9fbeaec32.jpg","b1b94cc55faac1a32c79c43d8a264dac","image/jpeg","2163327","2026-09-19 10:06:34.751804+00","2026-09-19 10:06:35.587373+00"
"5e6c4379-2d10-545d-8792-7eac558ed683","t-001","f-001","b-001","wv-001","20260919_100700","farmiq-media","tenants/t-001/farms/f-001/barns/b-001/devices/wv-001/images/2026/09/19/7152e17b-245d-4f28-a852-ff57b611f87c.jpg","98e121def8bd406cbf7dda1c76d029c6","image/jpeg","1975880","2026-09-19 10:07:00.54144+00","2026-09-19 10:07:01.282701+00"
"31188098-65a2-5b57-b417-014845650299","t-001","f-001","b-001","wv-001","20260919_100700","farmiq-media","tenants/t-001/farms/f-001/barns/b-001/devices/wv-001/images/2026/09/19/6ca9f5e9-c907-4353-b891-1f80de56e1f3.jpg","fd661a00167d87558ead9e282d739952","image/jpeg","2007275","2026-09-19 10:07:00.54144+00","2026-09-19 10:07:01.619503+00"
"ddde22bb-95ee-5f99-b539-b75efd32c9a6","t-001","f-001","b-001","wv-001","20260919_101527","farmiq-media","tenants/t-001/farms/f-001/barns/b-001/devices/wv-001/images/2026/09/19/c7f6f6d4-cad0-4266-8ebf-40e61a5145b2.jpg","85d9081c1f6f89582fa9280f5a5ec15f","image/jpeg","2326238","2026-09-19 10:15:27.819337+00","2026-09-19 10:15:29.192239+00"
"4c5c1fe3-d024-5451-ac04-3bee76a2d438","t-001","f-001","b-001","wv-001","20260919_101527","farmiq-media","tenants/t-001/farms/f-001/barns/b-001/devices/wv-001/images/2026/09/19/7198723e-b41e-4137-aac0-57c5d26c103a.jpg","647e99f7841143f84f4c26cd156611ec","image/jpeg","2356751","2026-09-19 10:15:27.819337+00","2026-09-19 10:15:29.538512+00"
"c79a7da8-ee88-5bd4-a2c5-f6546554e217","t-001","f-001","b-001","wv-001","20260919_101658","farmiq-media","tenants/t-001/farms/f-001/barns/b-001/devices/wv-001/images/2026/09/19/fc97daa1-f0bf-46e1-8f01-f5cdde6c6095.jpg","705c766ae3cc8c72af103fee38620ccc","image/jpeg","2356752","2026-09-19 10:16:58.046409+00","2026-09-19 10:16:59.798673+00"
"42597201-b8f1-5e45-beb6-fdc190ff04e6","t-001","f-001","b-001","wv-001","20260919_101658","farmiq-media","tenants/t-001/farms/f-001/barns/b-001/devices/wv-001/images/2026/09/19/d8d5eb65-e6c2-4332-a9bf-a1e67494173f.jpg","116d0967ed18fc6265b6901c5c1060d3","image/jpeg","2393182","2026-09-19 10:16:58.046409+00","2026-09-19 10:17:00.136944+00"
"59127998-3081-5f54-86f2-7219a54839a1","t-001","f-001","b-001","wv-001","20260919_101748","farmiq-media","tenants/t-001/farms/f-001/barns/b-001/devices/wv-001/images/2026/09/19/a0d4ac57-6e91-4e4d-beeb-ffc2f71a985c.jpg","8eaed6140688ee7f3c226372e9d35b6f","image/jpeg","2481843","2026-09-19 10:17:48.271947+00","2026-09-19 10:17:49.959932+00"
"5186e1bf-b4d3-5229-a418-2745878f184b","t-001","f-001","b-001","wv-001","20260919_101748","farmiq-media","tenants/t-001/farms/f-001/barns/b-001/devices/wv-001/images/2026/09/19/e3dba8c1-2885-4739-acd0-39b4191d4bc0.jpg","e730d27a91fc9907aaf63ff9742517b7","image/jpeg","2515244","2026-09-19 10:17:48.271947+00","2026-09-19 10:17:50.321769+00"
"105e98d8-d152-5df5-ab45-a46316b0b0dd","t-001","f-001","b-001","wv-001","20260919_101822","farmiq-media","tenants/t-001/farms/f-001/barns/b-001/devices/wv-001/images/2026/09/19/8c4cb88f-1ea3-41e7-aa08-dd4733b52f8b.jpg","04c03e8af960517a5b5278ddbb1e15f0","image/jpeg","2552662","2026-09-19 10:18:22.403788+00","2026-09-19 10:18:24.108289+00"
"d06a3cbb-2c7b-5a0d-acbf-db532e03f970","t-001","f-001","b-001","wv-001","20260919_101822","farmiq-media","tenants/t-001/farms/f-001/barns/b-001/devices/wv-001/images/2026/09/19/b84c25cd-8f07-4fa6-ace1-4bbfa0547865.jpg","3f82a547ac44a0699a3764f0646520b4","image/jpeg","2582144","2026-09-19 10:18:22.403788+00","2026-09-19 10:18:24.465756+00"
"e044e78f-2501-57fc-a4ab-5bfc0ef22fdb","t-001","f-001","b-001","wv-001","20260919_101842","farmiq-media","tenants/t-001/farms/f-001/barns/b-001/devices/wv-001/images/2026/09/19/cbc13c3d-1690-4c27-9f16-cb3b69b7dc8d.jpg","d37ff1e575199a09424f8b7cd4dafa49","image/jpeg","2266401","2026-09-19 10:18:42.803375+00","2026-09-19 10:18:44.164725+00"
"0a107b99-a137-597b-9fa2-bac818797d99","t-001","f-001","b-001","wv-001","20260919_101842","farmiq-media","tenants/t-001/farms/f-001/barns/b-001/devices/wv-001/images/2026/09/19/e8f52c14-a3c9-4ce1-85eb-1739647634aa.jpg","9fe5853abf959f8190647db34eef1ddc","image/jpeg","2306408","2026-09-19 10:18:42.803375+00","2026-09-19 10:18:44.535844+00"
"29028655-2a6d-59b6-9f35-6857db4ba2f5","t-001","f-001","b-001","wv-001","20260919_101846","farmiq-media","tenants/t-001/farms/f-001/barns/b-001/devices/wv-001/images/2026/09/19/b11351cf-9f65-4b6f-9c75-3e5544e95ae4.jpg","a2bd0865eaa4ce934132bf09137acc47","image/jpeg","2121919","2026-09-19 10:18:46.884311+00","2026-09-19 10:18:50.014111+00"
"60efaf70-a800-54f4-8656-56db49b25779","t-001","f-001","b-001","wv-001","20260919_101846","farmiq-media","tenants/t-001/farms/f-001/barns/b-001/devices/wv-001/images/2026/09/19/e7077489-a682-47e0-8238-aa8c1cef15c2.jpg","7c7b1b27e0ed7cc2c65bca87e78f2e83","image/jpeg","2164504","2026-09-19 10:18:46.884311+00","2026-09-19 10:18:50.312204+00"
"c85a72c0-c2b1-5a0e-989f-8895fb4b80c7","t-001","f-001","b-001","wv-001","20260919_101933","farmiq-media","tenants/t-001/farms/f-001/barns/b-001/devices/wv-001/images/2026/09/19/9e454e3e-3565-482a-9922-a70d3da77396.jpg","26feccb4f4298e82bf8d2eff1c9afc45","image/jpeg","2398929","2026-09-19 10:19:33.535064+00","2026-09-19 10:19:34.843769+00"
"d7ccc0b8-b5e2-5d0f-93b2-fda40dcdac1e","t-001","f-001","b-001","wv-001","20260919_101933","farmiq-media","tenants/t-001/farms/f-001/barns/b-001/devices/wv-001/images/2026/09/19/782e7c69-f483-4c23-9790-dd20fb4f9ff3.jpg","1cf49ae1093d8cc6178c98fef508a836","image/jpeg","2434115","2026-09-19 10:19:33.535064+00","2026-09-19 10:19:35.55844+00"
"509797c3-55bc-5664-b178-1de74c90a5bf","t-001","f-001","b-001","wv-001","20260919_102237","farmiq-media","tenants/t-001/farms/f-001/barns/b-001/devices/wv-001/images/2026/09/19/f3a50778-981a-43a9-87b1-277e76c88b40.jpg","85225708b8ade590bd5ec664e86a82e9","image/jpeg","2360071","2026-09-19 10:22:37.41633+00","2026-09-19 10:22:39.024256+00"
"ac759ca4-6735-588a-9589-fd9bd9ad1266","t-001","f-001","b-001","wv-001","20260919_102237","farmiq-media","tenants/t-001/farms/f-001/barns/b-001/devices/wv-001/images/2026/09/19/8f5bcadf-e1f5-4fe6-9602-97f9bdf2b6de.jpg","25c76e3e80ad5fb0663e9bd02903813b","image/jpeg","2407482","2026-09-19 10:22:37.41633+00","2026-09-19 10:22:39.402097+00"
"bea15b8c-d896-5b09-ac81-60f9265d1850","t-001","f-001","b-001","wv-001","20260919_102245","farmiq-media","tenants/t-001/farms/f-001/barns/b-001/devices/wv-001/images/2026/09/19/430fa8e1-2e62-460a-8082-44f3fd122cf7.jpg","02ba17997f17147a9c18c44330336a43","image/jpeg","2093784","2026-09-19 10:22:45.904876+00","2026-09-19 10:22:46.988041+00"
"b77d6999-fe88-5e16-b7e0-4af9ef250dc6","t-001","f-001","b-001","wv-001","20260919_102245","farmiq-media","tenants/t-001/farms/f-001/barns/b-001/devices/wv-001/images/2026/09/19/d2f81c45-cb81-40e5-a008-3ef1ad0e3c1a.jpg","85419e5056853b378658d900f0682486","image/jpeg","2146699","2026-09-19 10:22:45.904876+00","2026-09-19 10:22:47.293481+00"
"c09cc856-b9c0-5afc-aa21-a9488e045b33","t-001","f-001","b-001","wv-001","20260919_102632","farmiq-media","tenants/t-001/farms/f-001/barns/b-001/devices/wv-001/images/2026/09/19/a1919152-fd4f-4ce5-ac4b-bb96b72ffc25.jpg","94e71e4b9aaab34966fc1dc497954cb8","image/jpeg","2416904","2026-09-19 10:26:32.03714+00","2026-09-19 10:26:32.677058+00"
"fdee5ec6-037b-58d7-8423-bdd4b127ff54","t-001","f-001","b-001","wv-001","20260919_102632","farmiq-media","tenants/t-001/farms/f-001/barns/b-001/devices/wv-001/images/2026/09/19/384245d9-2c1d-48db-a70b-ac9d4b3be427.jpg","a71db2761f30e40ffa1c8373918516e5","image/jpeg","2451032","2026-09-19 10:26:32.03714+00","2026-09-19 10:26:33.029642+00"
"28ebcbe0-8fb1-5b83-a842-7e997fd16847","t-001","f-001","b-001","wv-001","20260919_102707","farmiq-media","tenants/t-001/farms/f-001/barns/b-001/devices/wv-001/images/2026/09/19/cc30900c-0863-4dbc-8549-23154ae44d42.jpg","86d4d79c0de7316f99c3a4edd1080beb","image/jpeg","2357699","2026-09-19 10:27:07.531414+00","2026-09-19 10:27:08.858243+00"
"d816be57-0549-55cf-9a1c-6488be43df2a","t-001","f-001","b-001","wv-001","20260919_102707","farmiq-media","tenants/t-001/farms/f-001/barns/b-001/devices/wv-001/images/2026/09/19/7eb14c81-3681-4f2f-9829-fbfeb9140106.jpg","e0a5be9680228299f28cd0e0a0b4c1d1","image/jpeg","2396623","2026-09-19 10:27:07.531414+00","2026-09-19 10:27:09.225072+00"
"15382cde-f296-5380-9c5d-fd133bf31302","t-001","f-001","b-001","wv-001","20260919_102736","farmiq-media","tenants/t-001/farms/f-001/barns/b-001/devices/wv-001/images/2026/09/19/70c33000-c329-4ff8-9d2b-5c16206aaf92.jpg","1a931f1219711204fba8a34f2c605632","image/jpeg","2413569","2026-09-19 10:27:36.834057+00","2026-09-19 10:27:38.988489+00"
"30f0ec9c-bb6f-5458-afb8-5b52027971e6","t-001","f-001","b-001","wv-001","20260919_102736","farmiq-media","tenants/t-001/farms/f-001/barns/b-001/devices/wv-001/images/2026/09/19/1eb8190b-38ff-4c60-9ad9-9c0dc4c8d61d.jpg","4423e96e47bc7e7dc9a8e52baf8f5100","image/jpeg","2444525","2026-09-19 10:27:36.834057+00","2026-09-19 10:27:39.377346+00"
"86fe293f-e236-5a8b-91f2-a69f9a4637b3","t-001","f-001","b-001","wv-001","20260919_102752","farmiq-media","tenants/t-001/farms/f-001/barns/b-001/devices/wv-001/images/2026/09/19/1f1eff11-b8ac-40f1-82e3-fc87119c00b9.jpg","eb12e83682d1e0d2a8ab546eb29a4dcc","image/jpeg","2399603","2026-09-19 10:27:52.972878+00","2026-09-19 10:27:54.992135+00"
"ef8e04b3-692e-54d4-868c-db4cccb133ed","t-001","f-001","b-001","wv-001","20260919_102752","farmiq-media","tenants/t-001/farms/f-001/barns/b-001/devices/wv-001/images/2026/09/19/558e48e6-7721-4a9f-99e4-c2789469cc4c.jpg","a84488fdc1bbaca0f96f82f77b831cdb","image/jpeg","2441016","2026-09-19 10:27:52.972878+00","2026-09-19 10:27:55.364269+00"
"1c9d4f29-0f14-58d0-a11f-26debaafa472","t-001","f-001","b-001","wv-001","20260919_103656","farmiq-media","tenants/t-001/farms/f-001/barns/b-001/devices/wv-001/images/2026/09/19/529f9608-9d60-4650-8dd6-f19ebb621298.jpg","b6b8a879ecb334e534d39d017e00a8c0","image/jpeg","2419278","2026-09-19 10:36:56.817426+00","2026-09-19 10:36:57.315781+00"
"ea48b4e4-8bd0-55a6-86be-58b502d84c1a","t-001","f-001","b-001","wv-001","20260919_103656","farmiq-media","tenants/t-001/farms/f-001/barns/b-001/devices/wv-001/images/2026/09/19/0d4fac43-0678-4f2d-bcf6-384942cf0f41.jpg","7861fb69bb381ec6b7f77d6a631405e5","image/jpeg","2448137","2026-09-19 10:36:56.817426+00","2026-09-19 10:36:57.697187+00"
"a3e5642e-6806-582b-810c-7e1ea99ae767","t-001","f-001","b-001","wv-001","20260919_104316","farmiq-media","tenants/t-001/farms/f-001/barns/b-001/devices/wv-001/images/2026/09/19/6622e72a-53fb-48ed-8123-2f9c263e26d4.jpg","2c102c69b224a5083f4054ddaf02bc3c","image/jpeg","2214807","2026-09-19 10:43:16.21168+00","2026-09-19 10:43:18.22054+00"
"45ba928b-af64-5c97-be0e-2c0a84ec550f","t-001","f-001","b-001","wv-001","20260919_104316","farmiq-media","tenants/t-001/farms/f-001/barns/b-001/devices/wv-001/images/2026/09/19/8a20784d-23ae-4d3b-b9f5-703c828ed556.jpg","daa00c885deda50ce5b08f1c6ad54f8a","image/jpeg","2257509","2026-09-19 10:43:16.21168+00","2026-09-19 10:43:18.602154+00"
"f14752d2-4e34-5f75-ae3e-7afd148c2ace","t-001","f-001","b-001","wv-001","20260919_104439","farmiq-media","tenants/t-001/farms/f-001/barns/b-001/devices/wv-001/images/2026/09/19/eb4318d7-4a07-4224-9cb5-91e883535301.jpg","3827081090a7f5469ca8b66176ab49ed","image/jpeg","2334160","2026-09-19 10:44:39.694231+00","2026-09-19 10:44:40.845171+00"
"e31926be-578d-53fa-81ed-2da8d21aa5a6","t-001","f-001","b-001","wv-001","20260919_104439","farmiq-media","tenants/t-001/farms/f-001/barns/b-001/devices/wv-001/images/2026/09/19/d15e81ec-4896-4093-8a1a-d6a91d048bb7.jpg","ef9f5dca0a3f0bc56ab95f2873698166","image/jpeg","2370000","2026-09-19 10:44:39.694231+00","2026-09-19 10:44:41.251677+00"
"520aeb2f-a296-5410-9eaf-e80a2124fdbe","t-001","f-001","b-001","wv-001","20260919_104505","farmiq-media","tenants/t-001/farms/f-001/barns/b-001/devices/wv-001/images/2026/09/19/c6036884-d576-468c-b063-d1df67febac5.jpg","637e4c24018469b1bb71dadf19892bdb","image/jpeg","2217187","2026-09-19 10:45:05.433716+00","2026-09-19 10:45:07.078192+00"
"53d55157-10f8-55eb-8f82-0d36f55a922e","t-001","f-001","b-001","wv-001","20260919_104505","farmiq-media","tenants/t-001/farms/f-001/barns/b-001/devices/wv-001/images/2026/09/19/10693048-9479-4d31-8599-5402ea65fb9a.jpg","87ccdbeeec063267b935aff767c41eae","image/jpeg","2250496","2026-09-19 10:45:05.433716+00","2026-09-19 10:45:07.427363+00"
"3a70c28c-f7a3-5296-980e-bf80100bda4a","t-001","f-001","b-001","wv-001","20260919_104931","farmiq-media","tenants/t-001/farms/f-001/barns/b-001/devices/wv-001/images/2026/09/19/717aaba6-6b5b-4183-a296-4e90597b8a74.jpg","73470666dcc281f9b7c6a2f34e83f7ed","image/jpeg","2427060","2026-09-19 10:49:31.612062+00","2026-09-19 10:49:33.042394+00"
"06443348-a9ea-5023-aa52-39656a398416","t-001","f-001","b-001","wv-001","20260919_104931","farmiq-media","tenants/t-001/farms/f-001/barns/b-001/devices/wv-001/images/2026/09/19/57f973f7-3296-4881-8f3f-39932cf38d43.jpg","eea11be75da352688de3c1e44a5504d0","image/jpeg","2460324","2026-09-19 10:49:31.612062+00","2026-09-19 10:49:33.388053+00"
"15e7f02c-22cf-58fd-b2ed-e35e1dff208a","t-001","f-001","b-001","wv-001","20260919_105340","farmiq-media","tenants/t-001/farms/f-001/barns/b-001/devices/wv-001/images/2026/09/19/b322837c-4480-4cbd-aa6c-3fa5b723aacb.jpg","1a8a66b2b9ac15adb6506178deb516da","image/jpeg","2242428","2026-09-19 10:53:40.178729+00","2026-09-19 10:53:40.89585+00"
"e2d65c1e-c7cf-5105-bac0-9aa50de0e655","t-001","f-001","b-001","wv-001","20260919_105340","farmiq-media","tenants/t-001/farms/f-001/barns/b-001/devices/wv-001/images/2026/09/19/d2dcb3a9-2223-4221-b481-191a90c78c5e.jpg","c24f9997c2898ed3659e1f1924fc4686","image/jpeg","2281019","2026-09-19 10:53:40.178729+00","2026-09-19 10:53:41.220014+00"
"da6667a5-8ebb-5e88-aa15-6ce3e4166563","t-001","f-001","b-001","wv-001","20260919_105455","farmiq-media","tenants/t-001/farms/f-001/barns/b-001/devices/wv-001/images/2026/09/19/3ed79f74-c764-4b99-9884-9fd851a9393b.jpg","91029b9ec4dc3a0d7407751aafc83e11","image/jpeg","2434254","2026-09-19 10:54:55.981013+00","2026-09-19 10:54:57.389403+00"
"5f264045-364c-5d58-88b5-53b9604c24f9","t-001","f-001","b-001","wv-001","20260919_105455","farmiq-media","tenants/t-001/farms/f-001/barns/b-001/devices/wv-001/images/2026/09/19/810c8f06-7c4d-4c26-b32f-01ab45262a16.jpg","8b01d69971f59c0746bda8df7d48e038","image/jpeg","2465222","2026-09-19 10:54:55.981013+00","2026-09-19 10:54:57.813318+00"
"ebbcdbe4-615f-5698-be35-a0772f60545e","t-001","f-001","b-001","wv-001","20260919_105459","farmiq-media","tenants/t-001/farms/f-001/barns/b-001/devices/wv-001/images/2026/09/19/a920c383-a392-4cc7-ba3b-e14b78a9081e.jpg","404d1ca8ce659a39246ad3c67c638bf7","image/jpeg","2213270","2026-09-19 10:54:59.892557+00","2026-09-19 10:55:03.353807+00"
"669a1f14-8dae-5ba4-88c9-b92e700b41b8","t-001","f-001","b-001","wv-001","20260919_105459","farmiq-media","tenants/t-001/farms/f-001/barns/b-001/devices/wv-001/images/2026/09/19/fb027211-1eea-411f-84ed-ede796e97dbe.jpg","6911f464f8bc0b13663b38e20af9823c","image/jpeg","2246550","2026-09-19 10:54:59.892557+00","2026-09-19 10:55:03.724982+00"
"122c0021-89ca-5834-9c3b-f803161c4ad9","t-001","f-001","b-001","wv-001","20260919_105533","farmiq-media","tenants/t-001/farms/f-001/barns/b-001/devices/wv-001/images/2026/09/19/dfedd55b-e756-495f-96b2-b54e1dc17cf3.jpg","c73a8d2546beb5eb70cbbeee6a4325d6","image/jpeg","2179677","2026-09-19 10:55:33.076344+00","2026-09-19 10:55:35.633609+00"
"d39c991e-4bfb-5606-9600-83dd0e5baf60","t-001","f-001","b-001","wv-001","20260919_105533","farmiq-media","tenants/t-001/farms/f-001/barns/b-001/devices/wv-001/images/2026/09/19/efda2b0d-2e53-459a-ae4f-e338cc705571.jpg","4098c81860e45834677c93e62c2b6a1f","image/jpeg","2222050","2026-09-19 10:55:33.076344+00","2026-09-19 10:55:35.969654+00"
"0a37462d-d0a1-5f7e-a927-7806006cf200","t-001","f-001","b-001","wv-001","20260919_110614","farmiq-media","tenants/t-001/farms/f-001/barns/b-001/devices/wv-001/images/2026/09/19/2a3aeaa8-a919-4ab0-a35a-402bdb8d830a.jpg","e99bc7463d6195dd9dc9dc3f5ae5a4db","image/jpeg","2304088","2026-09-19 11:06:14.69124+00","2026-09-19 11:06:16.860768+00"
"bf08534b-c47c-53de-847d-3988bae1947d","t-001","f-001","b-001","wv-001","20260919_110614","farmiq-media","tenants/t-001/farms/f-001/barns/b-001/devices/wv-001/images/2026/09/19/33fbf497-9eb0-41ed-b870-e28200f3b858.jpg","a63cabe74edc939575845a955e05fda7","image/jpeg","2331106","2026-09-19 11:06:14.69124+00","2026-09-19 11:06:17.309574+00"
"eda87760-db71-5dda-aa08-71948c437ddb","t-001","f-001","b-001","wv-001","20260919_110711","farmiq-media","tenants/t-001/farms/f-001/barns/b-001/devices/wv-001/images/2026/09/19/3564ea84-da53-4d11-8c32-1cbd40e76240.jpg","41e16fe8cbb8a849540d166f62d06fae","image/jpeg","2375245","2026-09-19 11:07:11.041055+00","2026-09-19 11:07:13.324492+00"
"9874af5c-215e-524f-8153-9f552097200f","t-001","f-001","b-001","wv-001","20260919_110711","farmiq-media","tenants/t-001/farms/f-001/barns/b-001/devices/wv-001/images/2026/09/19/f4351f7b-381c-46ed-ae74-70c5108863d9.jpg","c0d58bf2cc0765d62bf974e729062a6a","image/jpeg","2396047","2026-09-19 11:07:11.041055+00","2026-09-19 11:07:13.666538+00"
"f66e705b-a713-5432-8b72-d8911700c063","t-001","f-001","b-001","wv-001","20260919_110717","farmiq-media","tenants/t-001/farms/f-001/barns/b-001/devices/wv-001/images/2026/09/19/91fd7164-e9e0-4027-9fa2-a03d88a837da.jpg","c3600650366242095d13cc90f22abdc4","image/jpeg","2143655","2026-09-19 11:07:17.062215+00","2026-09-19 11:07:19.245466+00"
"933b4aff-705c-5515-a61b-69506282daa6","t-001","f-001","b-001","wv-001","20260919_110717","farmiq-media","tenants/t-001/farms/f-001/barns/b-001/devices/wv-001/images/2026/09/19/e3a65a31-44b8-411a-9271-5d543224bdcb.jpg","58375eff850571d4f5c7379f138045b3","image/jpeg","2166107","2026-09-19 11:07:17.062215+00","2026-09-19 11:07:19.535009+00"
"6d3a15c0-902d-5ab5-8163-830807a669c6","t-001","f-001","b-001","wv-001","20260919_110751","farmiq-media","tenants/t-001/farms/f-001/barns/b-001/devices/wv-001/images/2026/09/19/3e231141-c1f8-457f-b65b-1977ae7ade59.jpg","d77fb62b64b3ab5e9028d37192d784b5","image/jpeg","2124955","2026-09-19 11:07:51.729466+00","2026-09-19 11:07:53.309443+00"
"13d1dc9d-8412-53bc-ba10-9ac8452ac2b2","t-001","f-001","b-001","wv-001","20260919_110751","farmiq-media","tenants/t-001/farms/f-001/barns/b-001/devices/wv-001/images/2026/09/19/5a1b0066-0377-4fef-8acf-50b70c231a6c.jpg","6fdfe7613f9aee3c398f22148b6fc319","image/jpeg","2148283","2026-09-19 11:07:51.729466+00","2026-09-19 11:07:53.63498+00"
"c20ef7a4-9664-52bb-a3d9-93d2222bbc67","t-001","f-001","b-001","wv-001","20260919_111029","farmiq-media","tenants/t-001/farms/f-001/barns/b-001/devices/wv-001/images/2026/09/19/1cb32c85-00db-4a9c-adbf-309c8678d34c.jpg","cc31f925352d0826cf6e69bd563f8b4f","image/jpeg","2050891","2026-09-19 11:10:29.072362+00","2026-09-19 11:10:30.477902+00"
"30f86822-6f1b-5e63-8fcf-db7be4ce2db1","t-001","f-001","b-001","wv-001","20260919_111029","farmiq-media","tenants/t-001/farms/f-001/barns/b-001/devices/wv-001/images/2026/09/19/c4d2e672-b13e-4d3b-aa27-ac069e9682f8.jpg","857c72548f0df33e3c8b7f24ae27dfe4","image/jpeg","2075965","2026-09-19 11:10:29.072362+00","2026-09-19 11:10:30.795081+00"
"403a4020-faff-5c61-ba12-26d63828f7f6","t-001","f-001","b-001","wv-001","20260919_111632","farmiq-media","tenants/t-001/farms/f-001/barns/b-001/devices/wv-001/images/2026/09/19/29a61f91-3451-4e5a-b31c-86c605f68a52.jpg","88b98e5089cd907b686b4540e775b436","image/jpeg","2316344","2026-09-19 11:16:32.169936+00","2026-09-19 11:16:33.313033+00"
"d76f1430-0b2e-5d9b-bbd1-ceeca37659c3","t-001","f-001","b-001","wv-001","20260919_111632","farmiq-media","tenants/t-001/farms/f-001/barns/b-001/devices/wv-001/images/2026/09/19/92043df1-8707-4c1a-9930-63e188441361.jpg","59d90ef03e508fb90515c65cfd82a5ab","image/jpeg","2342496","2026-09-19 11:16:32.169936+00","2026-09-19 11:16:33.663983+00"
"e465cf2c-31e9-5fa9-aff9-0063107ff188","t-001","f-001","b-001","wv-001","20260919_111855","farmiq-media","tenants/t-001/farms/f-001/barns/b-001/devices/wv-001/images/2026/09/19/87b92a2a-889f-40ae-8e59-18bc036f342f.jpg","fabcce7e43a1a5ff5c1fe52270545dba","image/jpeg","2514772","2026-09-19 11:18:55.200062+00","2026-09-19 11:18:56.346331+00"
"c9fd4510-52a9-5ff4-a2e1-8b3a8c356082","t-001","f-001","b-001","wv-001","20260919_111855","farmiq-media","tenants/t-001/farms/f-001/barns/b-001/devices/wv-001/images/2026/09/19/9daedb61-74d6-4cc6-b20f-5d96ee12224d.jpg","b4454724dc9d62d592a7bd61b1d10b07","image/jpeg","2532139","2026-09-19 11:18:55.200062+00","2026-09-19 11:18:56.787204+00"
"d02fcbec-5c74-574e-b507-2f6ee14ed033","t-001","f-001","b-001","wv-001","20260919_112250","farmiq-media","tenants/t-001/farms/f-001/barns/b-001/devices/wv-001/images/2026/09/19/dcac168e-9462-4f73-9704-bf79698f3060.jpg","2b6e1f175310d51e80c620abb54a82fa","image/jpeg","2594599","2026-09-19 11:22:50.234509+00","2026-09-19 11:22:52.154125+00"
"abdbc600-2e15-5dcf-9c04-1c5c52a8f4b6","t-001","f-001","b-001","wv-001","20260919_112250","farmiq-media","tenants/t-001/farms/f-001/barns/b-001/devices/wv-001/images/2026/09/19/c92da412-f70d-4246-8dc7-bae1354e12ce.jpg","787cbf06bb297ea8be71221596ba3523","image/jpeg","2605310","2026-09-19 11:22:50.234509+00","2026-09-19 11:22:52.51082+00"
"6828831d-897a-5820-8756-c8b9bdb142ad","t-001","f-001","b-001","wv-001","20260919_112353","farmiq-media","tenants/t-001/farms/f-001/barns/b-001/devices/wv-001/images/2026/09/19/07fa7de4-e20b-49db-adb7-eff726dcc7c2.jpg","046a1822c62acb72a7a9de71862b92a8","image/jpeg","2539437","2026-09-19 11:23:53.580304+00","2026-09-19 11:23:54.629212+00"
"07112627-9676-5107-9539-376711734e6e","t-001","f-001","b-001","wv-001","20260919_112353","farmiq-media","tenants/t-001/farms/f-001/barns/b-001/devices/wv-001/images/2026/09/19/3436548e-4ff6-4d31-82c9-9eda0164cbfb.jpg","c23e491b62ee992c10ee5490bbea16bc","image/jpeg","2557296","2026-09-19 11:23:53.580304+00","2026-09-19 11:23:55.081318+00"
"e9c35b2a-1b00-5c30-ab57-3a67613de86c","t-001","f-001","b-001","wv-001","20260919_112437","farmiq-media","tenants/t-001/farms/f-001/barns/b-001/devices/wv-001/images/2026/09/19/a4593ddc-29a1-4504-b5e7-1d360ff494ff.jpg","4fe47791494d402326d04025c4985b84","image/jpeg","2412664","2026-09-19 11:24:37.039736+00","2026-09-19 11:24:39.049737+00"
"724876d4-bcd1-5082-89bc-3ef6ca7d4826","t-001","f-001","b-001","wv-001","20260919_112437","farmiq-media","tenants/t-001/farms/f-001/barns/b-001/devices/wv-001/images/2026/09/19/742ebc0f-34b5-41c3-a3b1-ca6c4da97262.jpg","ed9def6aecc6a1665dcfe2210205afe2","image/jpeg","2437165","2026-09-19 11:24:37.039736+00","2026-09-19 11:24:39.378634+00"
"01136f86-0f71-5931-8a31-f06ab94ab43d","t-001","f-001","b-001","wv-001","20260919_112452","farmiq-media","tenants/t-001/farms/f-001/barns/b-001/devices/wv-001/images/2026/09/19/22a13909-974f-4b31-93a0-4fdc956ad607.jpg","05a064b2835823b0d6f30ed1b757e3c9","image/jpeg","2365807","2026-09-19 11:24:52.067549+00","2026-09-19 11:24:53.053732+00"
"7a496d3f-e73c-5489-a788-f5e478b99249","t-001","f-001","b-001","wv-001","20260919_112452","farmiq-media","tenants/t-001/farms/f-001/barns/b-001/devices/wv-001/images/2026/09/19/5c236a61-53e1-46e1-acb2-0cbd7e005357.jpg","02f9fcea80c988808d9a04a57447e462","image/jpeg","2385439","2026-09-19 11:24:52.067549+00","2026-09-19 11:24:53.447419+00"
"c6759eed-74c5-55af-8957-fb970aa233d7","t-001","f-001","b-001","wv-001","20260919_112825","farmiq-media","tenants/t-001/farms/f-001/barns/b-001/devices/wv-001/images/2026/09/19/ff556697-aea0-4903-9eb5-68a424b6a543.jpg","128289b5be37fc50158ad5e4447148b3","image/jpeg","2386825","2026-09-19 11:28:25.83956+00","2026-09-19 11:28:26.80227+00"
"c41a0a32-8904-5688-ad77-fc46851ef730","t-001","f-001","b-001","wv-001","20260919_112825","farmiq-media","tenants/t-001/farms/f-001/barns/b-001/devices/wv-001/images/2026/09/19/c37cc98e-21e3-441b-83c5-b9e94bf37ca6.jpg","a13ed7489e8f1749c4c1124b34a8ab7a","image/jpeg","2411420","2026-09-19 11:28:25.83956+00","2026-09-19 11:28:27.136697+00"
"0f5bb345-09f2-5ab0-9f42-e691c75768ff","t-001","f-001","b-001","wv-001","20260919_113032","farmiq-media","tenants/t-001/farms/f-001/barns/b-001/devices/wv-001/images/2026/09/19/24488eaf-d29b-4793-bf05-c56d35d77673.jpg","9fb4d956d517145c1623a229f25f3be6","image/jpeg","2189568","2026-09-19 11:30:32.027241+00","2026-09-19 11:30:33.692365+00"
"7e7907ab-2c9a-5a9a-a250-79baeacee77b","t-001","f-001","b-001","wv-001","20260919_113032","farmiq-media","tenants/t-001/farms/f-001/barns/b-001/devices/wv-001/images/2026/09/19/1fdc82ce-c65a-4529-b898-c2c67a223389.jpg","6aae2ca0f1267058660e407593d59f92","image/jpeg","2213306","2026-09-19 11:30:32.027241+00","2026-09-19 11:30:34.055163+00"
"23d1f50e-6967-5a6a-9501-b3d5b7c12535","t-001","f-001","b-001","wv-001","20260919_113350","farmiq-media","tenants/t-001/farms/f-001/barns/b-001/devices/wv-001/images/2026/09/19/df12c79c-27a5-48de-9865-50ce4211f9b6.jpg","2ada7bf0491af55f3889510c968e8db4","image/jpeg","2184689","2026-09-19 11:33:50.588754+00","2026-09-19 11:33:51.15455+00"
"3d1b38e8-8599-5681-b134-c20db6f7e0f8","t-001","f-001","b-001","wv-001","20260919_113350","farmiq-media","tenants/t-001/farms/f-001/barns/b-001/devices/wv-001/images/2026/09/19/0f342f5a-409c-4bc4-9fd1-439ff07ed7c0.jpg","ec7251a6d4fce19de99315caac64ccae","image/jpeg","2207557","2026-09-19 11:33:50.588754+00","2026-09-19 11:33:51.472698+00"
"886073f8-3c47-5b17-9e18-eddd3797cb44","t-001","f-001","b-001","wv-001","20260919_113418","farmiq-media","tenants/t-001/farms/f-001/barns/b-001/devices/wv-001/images/2026/09/19/3217325b-ffca-4341-bda6-48fdc02b63f1.jpg","36a9de1196fe196229a32c667a35bb46","image/jpeg","2354887","2026-09-19 11:34:18.603254+00","2026-09-19 11:34:19.214394+00"
"6e14dff3-6b14-5f0a-a8f8-2f251a6c651c","t-001","f-001","b-001","wv-001","20260919_113418","farmiq-media","tenants/t-001/farms/f-001/barns/b-001/devices/wv-001/images/2026/09/19/9349bbd6-8e41-4793-b7d1-1c93e653fab4.jpg","37f2079da117b7734a7dea45723cbb4c","image/jpeg","2381139","2026-09-19 11:34:18.603254+00","2026-09-19 11:34:19.579097+00"
"90a0b302-b72f-5a47-8a2b-b8dbc9e90d9e","t-001","f-001","b-001","wv-001","20260919_113631","farmiq-media","tenants/t-001/farms/f-001/barns/b-001/devices/wv-001/images/2026/09/19/bee678b0-fa72-4747-bd24-99792897a421.jpg","7aa9df2c870b8934c391b4ed3187549f","image/jpeg","2417972","2026-09-19 11:36:31.624428+00","2026-09-19 11:36:36.592198+00"
"89a3aa6f-10b5-560d-b4a9-f7ca2194c786","t-001","f-001","b-001","wv-001","20260919_113631","farmiq-media","tenants/t-001/farms/f-001/barns/b-001/devices/wv-001/images/2026/09/19/3affb282-35a2-4b6e-9857-67d1289b2884.jpg","6a34b125684e387902521f7c33458b3a","image/jpeg","2445565","2026-09-19 11:36:31.624428+00","2026-09-19 11:36:37.278552+00"
"908b5043-0428-5e7a-ac5b-1338f2a10911","t-001","f-001","b-001","wv-001","20260919_113806","farmiq-media","tenants/t-001/farms/f-001/barns/b-001/devices/wv-001/images/2026/09/19/895447e0-bdd0-4597-907a-28ca8c1e1440.jpg","1c3cd7968dcf113480a02ebca87bebe9","image/jpeg","2398347","2026-09-19 11:38:06.337193+00","2026-09-19 11:38:06.82084+00"
"2c70296a-a9b8-5dea-839b-9b3629355c8a","t-001","f-001","b-001","wv-001","20260919_113806","farmiq-media","tenants/t-001/farms/f-001/barns/b-001/devices/wv-001/images/2026/09/19/143215fd-fd14-4bef-b55a-c75327b6acdc.jpg","bdad221a067fdb30c5f9e9ff4a5a39a3","image/jpeg","2420546","2026-09-19 11:38:06.337193+00","2026-09-19 11:38:07.145885+00"
"5979f01d-478e-5937-896c-2995fced0885","t-001","f-001","b-001","wv-001","20260919_113837","farmiq-media","tenants/t-001/farms/f-001/barns/b-001/devices/wv-001/images/2026/09/19/f705dc2f-7778-48b2-b75c-b39ee3d0d590.jpg","1bd717dbdf57acc6e64d0bf3b470403b","image/jpeg","2327685","2026-09-19 11:38:37.314529+00","2026-09-19 11:38:38.766641+00"
"b73fc907-d299-5b23-8d49-40dd118d93c1","t-001","f-001","b-001","wv-001","20260919_113837","farmiq-media","tenants/t-001/farms/f-001/barns/b-001/devices/wv-001/images/2026/09/19/21bde2af-644a-4bf7-8a92-da7e38208b30.jpg","8054efe47c985fdb9cd64e2167cc167e","image/jpeg","2353071","2026-09-19 11:38:37.314529+00","2026-09-19 11:38:39.056111+00"
"0100173e-b8ff-5d75-9d65-7a92238e140f","t-001","f-001","b-001","wv-001","20260919_113943","farmiq-media","tenants/t-001/farms/f-001/barns/b-001/devices/wv-001/images/2026/09/19/4ecc2b5a-32d5-4619-aa54-637dfa81b677.jpg","719b3ccc669bfa14e83dc85621a9e329","image/jpeg","2247544","2026-09-19 11:39:43.960824+00","2026-09-19 11:39:45.118991+00"
"9338eb01-f951-58d5-8206-cd3f0b59676f","t-001","f-001","b-001","wv-001","20260919_113943","farmiq-media","tenants/t-001/farms/f-001/barns/b-001/devices/wv-001/images/2026/09/19/b068a6c0-dcff-4dad-bab9-3e257fe38fc7.jpg","7049eb8fd8f89f529e8153c4e829e121","image/jpeg","2272211","2026-09-19 11:39:43.960824+00","2026-09-19 11:39:45.497276+00"
"78f1a94a-ab26-5eb7-98f2-3433fb877e0f","t-001","f-001","b-001","wv-001","20260919_114228","farmiq-media","tenants/t-001/farms/f-001/barns/b-001/devices/wv-001/images/2026/09/19/8a4e3f0e-0a33-4b22-ad95-943b61969a8c.jpg","ce04cb1f1e394c346cb746cb0aee7ac9","image/jpeg","2375265","2026-09-19 11:42:28.345899+00","2026-09-19 11:42:30.420458+00"
"2e67ae40-c4c6-532f-88b8-b4a2ed2a348b","t-001","f-001","b-001","wv-001","20260919_114228","farmiq-media","tenants/t-001/farms/f-001/barns/b-001/devices/wv-001/images/2026/09/19/5e158431-5205-40e3-b901-8a4086530230.jpg","c398a7b5a12771276e3dab2fabeab9e9","image/jpeg","2398973","2026-09-19 11:42:28.345899+00","2026-09-19 11:42:30.812995+00"
"04a83db6-293d-556a-8f3b-6eda3d465324","t-001","f-001","b-001","wv-001","20260919_114305","farmiq-media","tenants/t-001/farms/f-001/barns/b-001/devices/wv-001/images/2026/09/19/8cf2dac2-f625-41e4-9c3b-8ba205c23ec9.jpg","6870b34a49015804fcd03a2afc166f25","image/jpeg","2360098","2026-09-19 11:43:05.869114+00","2026-09-19 11:43:06.57047+00"
"e2402fa8-ff06-5380-a7df-1f3fcbc5bd6d","t-001","f-001","b-001","wv-001","20260919_114305","farmiq-media","tenants/t-001/farms/f-001/barns/b-001/devices/wv-001/images/2026/09/19/9df69577-1468-4a45-af8a-82beaf6fbbde.jpg","bab93d5448df361ae176a6849e746b0f","image/jpeg","2383661","2026-09-19 11:43:05.869114+00","2026-09-19 11:43:06.938469+00"
"6256da73-d314-57d6-ae63-a8362dc5185a","t-001","f-001","b-001","wv-001","20260919_114405","farmiq-media","tenants/t-001/farms/f-001/barns/b-001/devices/wv-001/images/2026/09/19/6f9246e9-5f0f-4d67-80c3-5c5417ac5d31.jpg","ffbaa3fb4b11f075ec6e4b500f9bc605","image/jpeg","2413158","2026-09-19 11:44:05.571907+00","2026-09-19 11:44:06.965492+00"
"2c9f4a08-1fd6-5f89-89ff-0595852acab6","t-001","f-001","b-001","wv-001","20260919_114405","farmiq-media","tenants/t-001/farms/f-001/barns/b-001/devices/wv-001/images/2026/09/19/a6a84153-2f5f-4b79-a1cb-9828948002e3.jpg","8f8c01968e72631c0d127cb0adb4a0dc","image/jpeg","2436630","2026-09-19 11:44:05.571907+00","2026-09-19 11:44:07.339054+00"
"0c110254-3b03-5051-a605-92a96c323a2c","t-001","f-001","b-001","wv-001","20260919_114443","farmiq-media","tenants/t-001/farms/f-001/barns/b-001/devices/wv-001/images/2026/09/19/c0c8c7fe-f760-41bd-a707-b78536aa233f.jpg","0dcf56b26b447e4156a390b3ec62cd22","image/jpeg","2211343","2026-09-19 11:44:43.53152+00","2026-09-19 11:44:45.106589+00"
"8a84d482-0c56-56b0-910f-d6ef8540c9ba","t-001","f-001","b-001","wv-001","20260919_114443","farmiq-media","tenants/t-001/farms/f-001/barns/b-001/devices/wv-001/images/2026/09/19/c0aa1b2d-ecbb-4d00-88cb-65b9307aedf9.jpg","716e9f76fca51988d8c1a0ccc6dc9366","image/jpeg","2242022","2026-09-19 11:44:43.53152+00","2026-09-19 11:44:45.373601+00"
"72561f29-ea16-5c2c-966b-89b652b5a4ce","t-001","f-001","b-001","wv-001","20260919_114618","farmiq-media","tenants/t-001/farms/f-001/barns/b-001/devices/wv-001/images/2026/09/19/e1c822bc-8d39-4e0c-9856-062960d9594b.jpg","01ce27ae2b0e144543b1b2690c7d5af2","image/jpeg","2028570","2026-09-19 11:46:18.15712+00","2026-09-19 11:46:19.61866+00"
"bcfff6b1-4dc4-5dae-8302-35334faff118","t-001","f-001","b-001","wv-001","20260919_114618","farmiq-media","tenants/t-001/farms/f-001/barns/b-001/devices/wv-001/images/2026/09/19/a6db5629-cf8d-439e-95a6-efdbd25b47a5.jpg","cf30d78b9cb4b38fc39030e56f1f8992","image/jpeg","2059198","2026-09-19 11:46:18.15712+00","2026-09-19 11:46:19.947254+00"
"77882fc5-88c8-5b69-9c4e-b3f73946dfb8","t-001","f-001","b-001","wv-001","20260919_114648","farmiq-media","tenants/t-001/farms/f-001/barns/b-001/devices/wv-001/images/2026/09/19/6ca44d6c-92e7-435d-8b3b-53de80b5a71c.jpg","64aa1eac177d027e63e331399574a7c4","image/jpeg","2395648","2026-09-19 11:46:48.349477+00","2026-09-19 11:46:49.61364+00"
"0d729d14-c700-59fa-8d42-c0a77c5ccb48","t-001","f-001","b-001","wv-001","20260919_114648","farmiq-media","tenants/t-001/farms/f-001/barns/b-001/devices/wv-001/images/2026/09/19/f92989e8-addc-4274-9bcd-545a1eaeb3b7.jpg","49560c3801c7f2fec44cfaf6201b1cf5","image/jpeg","2414405","2026-09-19 11:46:48.349477+00","2026-09-19 11:46:49.954317+00"
"055e8b06-9265-57d8-a690-cb1ac962ac31","t-001","f-001","b-001","wv-001","20260919_114659","farmiq-media","tenants/t-001/farms/f-001/barns/b-001/devices/wv-001/images/2026/09/19/852a58ef-e852-4af7-bccb-edb58aff1e39.jpg","cc0864ec66a8d4d08c059e15b1357e12","image/jpeg","2075171","2026-09-19 11:46:59.180565+00","2026-09-19 11:47:01.453523+00"
"4e1aa957-c5be-5443-956a-184c5ef78198","t-001","f-001","b-001","wv-001","20260919_114659","farmiq-media","tenants/t-001/farms/f-001/barns/b-001/devices/wv-001/images/2026/09/19/dca14707-5459-4832-bf49-991677b78a51.jpg","69dfa888ad4bab34dd5f244dead92023","image/jpeg","2109272","2026-09-19 11:46:59.180565+00","2026-09-19 11:47:01.739011+00"
"3067e1e2-ee9f-5552-972f-d1f936892170","t-001","f-001","b-001","wv-001","20260919_114735","farmiq-media","tenants/t-001/farms/f-001/barns/b-001/devices/wv-001/images/2026/09/19/893f2555-c621-43c3-91ec-14985f4b40c4.jpg","bf58d77b2f76d9daac5634c64db1072c","image/jpeg","2330054","2026-09-19 11:47:35.628276+00","2026-09-19 11:47:40.13591+00"
"cb41f55d-323d-5ecc-9c38-f6c545712ed0","t-001","f-001","b-001","wv-001","20260919_114735","farmiq-media","tenants/t-001/farms/f-001/barns/b-001/devices/wv-001/images/2026/09/19/32973265-4ca0-4f77-be8c-0e061c64fad0.jpg","928bf8a61ff14fa1eca892df4fffdd78","image/jpeg","2355744","2026-09-19 11:47:35.628276+00","2026-09-19 11:47:40.502026+00"
"bee872c1-107e-525f-9363-fb9d82367563","t-001","f-001","b-001","wv-001","20260919_114933","farmiq-media","tenants/t-001/farms/f-001/barns/b-001/devices/wv-001/images/2026/09/19/d50a087b-c4e2-4e86-aded-c82cc7e8aa87.jpg","0ff6fd094adfa6546baee15042bd2449","image/jpeg","2434519","2026-09-19 11:49:33.434681+00","2026-09-19 11:49:34.994856+00"
"be38fafb-6ffd-5960-94de-92e892f0564a","t-001","f-001","b-001","wv-001","20260919_114933","farmiq-media","tenants/t-001/farms/f-001/barns/b-001/devices/wv-001/images/2026/09/19/bc53c895-62b9-472b-a0d8-c63f9d21374b.jpg","bfaf5d4b027adc5400fda10850e7d9a3","image/jpeg","2455455","2026-09-19 11:49:33.434681+00","2026-09-19 11:49:35.406429+00"
"3f9fa614-3030-5d67-84b9-2f5004b29fd4","t-001","f-001","b-001","wv-001","20260919_115341","farmiq-media","tenants/t-001/farms/f-001/barns/b-001/devices/wv-001/images/2026/09/19/dd8a5707-cca2-4286-9178-fc0294edb538.jpg","238dc676008d9fe9a5a7e38a06e643e8","image/jpeg","2419954","2026-09-19 11:53:41.321705+00","2026-09-19 11:53:42.88449+00"
"4b0e0546-6f2e-5ab7-9217-d3fe8dabe754","t-001","f-001","b-001","wv-001","20260919_115341","farmiq-media","tenants/t-001/farms/f-001/barns/b-001/devices/wv-001/images/2026/09/19/d2988ff2-5c40-437c-b58b-6c179fd96c4b.jpg","e304ec1d2f9deec56d212b8312d55030","image/jpeg","2442493","2026-09-19 11:53:41.321705+00","2026-09-19 11:53:43.27127+00"
"a7c47a6a-0a99-5ddc-a77e-43d4d9e8ca50","t-001","f-001","b-001","wv-001","20260919_115423","farmiq-media","tenants/t-001/farms/f-001/barns/b-001/devices/wv-001/images/2026/09/19/3c86129b-c3e6-48d0-a60a-c82ce54ce73a.jpg","b81d558b026f47b8bd0a4d36e5e0441a","image/jpeg","1426893","2026-09-19 11:54:23.782271+00","2026-09-19 11:54:25.018348+00"
"ba39846a-9f0d-56c6-8246-914ed55e132d","t-001","f-001","b-001","wv-001","20260919_115423","farmiq-media","tenants/t-001/farms/f-001/barns/b-001/devices/wv-001/images/2026/09/19/c0a4db4a-aebf-4911-abc4-84df2c6594d7.jpg","cd9821d08eeede9ed99fd76959ec530a","image/jpeg","1462079","2026-09-19 11:54:23.782271+00","2026-09-19 11:54:25.258816+00"
"258bc426-30d5-5798-9ea8-bae10f54701d","t-001","f-001","b-001","wv-001","20260919_115538","farmiq-media","tenants/t-001/farms/f-001/barns/b-001/devices/wv-001/images/2026/09/19/18ef2231-5628-45e8-884e-eb9404803bdd.jpg","bc6d210ac487c0357bf7ca918d76f44d","image/jpeg","1386964","2026-09-19 11:55:38.002456+00","2026-09-19 11:55:39.237252+00"
"b6df8607-b5eb-592b-a5f3-2e5857d9cb0d","t-001","f-001","b-001","wv-001","20260919_115538","farmiq-media","tenants/t-001/farms/f-001/barns/b-001/devices/wv-001/images/2026/09/19/bbea7d73-6f8c-495c-b828-74efe9d940f0.jpg","bbb1d4cc8a53e9df5c34ce3f17758e70","image/jpeg","1416484","2026-09-19 11:55:38.002456+00","2026-09-19 11:55:39.466211+00"
"b20b6c63-c81b-5400-98dc-e7600bd8f971","t-001","f-001","b-001","wv-001","20260919_115551","farmiq-media","tenants/t-001/farms/f-001/barns/b-001/devices/wv-001/images/2026/09/19/30aefefb-57c7-4cd8-8247-d6e488c3b46d.jpg","6a77b7a42725877d63959ce0db3cf26f","image/jpeg","1489917","2026-09-19 11:55:51.649068+00","2026-09-19 11:55:52.954885+00"
"b3624459-a76f-59bf-81b6-50ca1f09ec7e","t-001","f-001","b-001","wv-001","20260919_115551","farmiq-media","tenants/t-001/farms/f-001/barns/b-001/devices/wv-001/images/2026/09/19/ea520cb1-8b08-4587-8523-fcbe8ec7257a.jpg","0f68681b8bc75af7517604d336ca06a7","image/jpeg","1519117","2026-09-19 11:55:51.649068+00","2026-09-19 11:55:53.208579+00"
"930a135d-f614-541f-84fe-0e30f49a8ad7","t-001","f-001","b-001","wv-001","20260919_115621","farmiq-media","tenants/t-001/farms/f-001/barns/b-001/devices/wv-001/images/2026/09/19/be0e9089-842d-4039-a6c0-b0a085f487d8.jpg","07e77c6ece5ccfbabc70448ff80d6a40","image/jpeg","1396221","2026-09-19 11:56:21.00671+00","2026-09-19 11:56:22.847939+00"
"5471315a-7846-515d-8129-82183f0c02d8","t-001","f-001","b-001","wv-001","20260919_115621","farmiq-media","tenants/t-001/farms/f-001/barns/b-001/devices/wv-001/images/2026/09/19/682305c6-0aa1-4811-a66c-2ee0079002b7.jpg","c7d0a12e89ba544ac83c9d1b2fe9382e","image/jpeg","1416028","2026-09-19 11:56:21.00671+00","2026-09-19 11:56:23.071854+00"
"9d7eae2d-eba4-5a5d-b5ae-21474b35abff","t-001","f-001","b-001","wv-001","20260919_115928","farmiq-media","tenants/t-001/farms/f-001/barns/b-001/devices/wv-001/images/2026/09/19/3964a2cf-4259-4b91-8607-321fa8bf0822.jpg","5dec8b17d780825cc00bb21d82c7a1d4","image/jpeg","1525319","2026-09-19 11:59:28.760498+00","2026-09-19 11:59:29.961191+00"
"4a1950a6-558a-564c-a038-30954a7ad785","t-001","f-001","b-001","wv-001","20260919_115928","farmiq-media","tenants/t-001/farms/f-001/barns/b-001/devices/wv-001/images/2026/09/19/1d701cf7-31ef-47fc-a520-68fe5f5dd5ca.jpg","ac3c2738ef54234316d2363f65375c3c","image/jpeg","1554722","2026-09-19 11:59:28.760498+00","2026-09-19 11:59:30.215054+00"
"507c08a9-7882-52f9-98cc-94699a5c20cf","t-001","f-001","b-001","wv-001","20260919_120026","farmiq-media","tenants/t-001/farms/f-001/barns/b-001/devices/wv-001/images/2026/09/19/5f0ea29e-8dfa-461a-a391-0fb1c43657d8.jpg","0a01eede4ca62fe6f048d4de831ce94b","image/jpeg","1535571","2026-09-19 12:00:26.063853+00","2026-09-19 12:00:28.073136+00"
"649b0659-2075-5477-9352-fb7fb6ec1ba3","t-001","f-001","b-001","wv-001","20260919_120026","farmiq-media","tenants/t-001/farms/f-001/barns/b-001/devices/wv-001/images/2026/09/19/b085c1b0-02ea-40ed-81df-b99c850c60b2.jpg","ba81022292211f4e078333b99fe11fcf","image/jpeg","1563432","2026-09-19 12:00:26.063853+00","2026-09-19 12:00:28.322552+00"
"fdc74355-4593-54b0-90c3-27282bf5a7d5","t-001","f-001","b-001","wv-001","20260919_120058","farmiq-media","tenants/t-001/farms/f-001/barns/b-001/devices/wv-001/images/2026/09/19/8e7258da-b581-47e5-91df-842239824f82.jpg","ac53af2eda20a0ea37b1c5723671ce06","image/jpeg","1474419","2026-09-19 12:00:58.059922+00","2026-09-19 12:00:59.937369+00"
"76b90608-110d-5137-8b36-c6c34f709f54","t-001","f-001","b-001","wv-001","20260919_120058","farmiq-media","tenants/t-001/farms/f-001/barns/b-001/devices/wv-001/images/2026/09/19/b1741337-af9d-4c85-8a6a-906b45ec77de.jpg","e94d01879c0370d387a2e79f6dada84f","image/jpeg","1502721","2026-09-19 12:00:58.059922+00","2026-09-19 12:01:00.163582+00"
"1f9eea89-5804-52b4-95c4-277cdfd0319d","t-001","f-001","b-001","wv-001","20260919_120457","farmiq-media","tenants/t-001/farms/f-001/barns/b-001/devices/wv-001/images/2026/09/19/76c33a8e-c879-4005-bc91-b38ef63da6ac.jpg","cf19e4885a3a5ed1ea60a10eac639b51","image/jpeg","1793644","2026-09-19 12:04:57.680673+00","2026-09-19 12:04:59.615325+00"
"a06ed254-6afa-5eb9-9a85-106d6f9fdb29","t-001","f-001","b-001","wv-001","20260919_120457","farmiq-media","tenants/t-001/farms/f-001/barns/b-001/devices/wv-001/images/2026/09/19/1c8be254-4599-4497-9a78-ae620f144153.jpg","dbc8607df872e1a9a089179cdaf6f27a","image/jpeg","1809288","2026-09-19 12:04:57.680673+00","2026-09-19 12:04:59.946097+00"
"43a10621-7124-5f03-9339-08922bddb59d","t-001","f-001","b-001","wv-001","20260919_120529","farmiq-media","tenants/t-001/farms/f-001/barns/b-001/devices/wv-001/images/2026/09/19/df824db4-4289-4621-89fc-363a6766b2be.jpg","43c74a0c7479641bca4b11aea517f2ab","image/jpeg","1301552","2026-09-19 12:05:29.587151+00","2026-09-19 12:05:31.610973+00"
"a108a7c4-971a-5eda-8724-bcc34471c198","t-001","f-001","b-001","wv-001","20260919_120529","farmiq-media","tenants/t-001/farms/f-001/barns/b-001/devices/wv-001/images/2026/09/19/0af7aa20-769e-4371-b40f-2653297a6552.jpg","e0b0dd896da10544b71604c87ced3a7f","image/jpeg","1326316","2026-09-19 12:05:29.587151+00","2026-09-19 12:05:31.839583+00"
"25a26fd3-98dd-5d7b-b450-f980590f77f9","t-001","f-001","b-001","wv-001","20260919_120533","farmiq-media","tenants/t-001/farms/f-001/barns/b-001/devices/wv-001/images/2026/09/19/3b9f7097-bc4e-4b7f-a9e1-e31dfe00a9d9.jpg","7043b45a403d98a51a30d62c7ef45295","image/jpeg","1295655","2026-09-19 12:05:33.496105+00","2026-09-19 12:05:37.213391+00"
"fd9239e9-85d4-505e-a5ca-bbfc86105374","t-001","f-001","b-001","wv-001","20260919_120533","farmiq-media","tenants/t-001/farms/f-001/barns/b-001/devices/wv-001/images/2026/09/19/54e7df83-c58c-4041-94fb-a884b3d1eb6f.jpg","93219d78d1c33f52b5019151ff6f57cb","image/jpeg","1319935","2026-09-19 12:05:33.496105+00","2026-09-19 12:05:37.421238+00"
"6010848d-f94a-5f95-b553-f834c889618d","t-001","f-001","b-001","wv-001","20260919_120748","farmiq-media","tenants/t-001/farms/f-001/barns/b-001/devices/wv-001/images/2026/09/19/47527c7e-dab2-4103-9299-4052d1209cfa.jpg","88bb84ada82e51bb34e9dd635a170c80","image/jpeg","1562453","2026-09-19 12:07:48.105703+00","2026-09-19 12:07:49.906572+00"
"220e3e33-57d5-58a8-b2f5-31eebec81145","t-001","f-001","b-001","wv-001","20260919_120748","farmiq-media","tenants/t-001/farms/f-001/barns/b-001/devices/wv-001/images/2026/09/19/86089e69-e108-416d-bef4-04e9ad78025a.jpg","aa262a4b318eabe834e12beaae4a281c","image/jpeg","1581328","2026-09-19 12:07:48.105703+00","2026-09-19 12:07:50.149772+00"
"31f61917-48e5-545c-9ee2-554d3b7e382b","t-001","f-001","b-001","wv-001","20260919_120859","farmiq-media","tenants/t-001/farms/f-001/barns/b-001/devices/wv-001/images/2026/09/19/a0a3e40f-f966-4437-aeb8-9913e48b4e8b.jpg","3ddff50bc3212984e78a4dd179044280","image/jpeg","1545283","2026-09-19 12:08:59.039133+00","2026-09-19 12:09:00.10889+00"
"6e071087-e603-5c31-a9bd-12d6a5c5cf2b","t-001","f-001","b-001","wv-001","20260919_120859","farmiq-media","tenants/t-001/farms/f-001/barns/b-001/devices/wv-001/images/2026/09/19/acbda93f-0a63-4740-a9a4-98663fab8811.jpg","71f334f11aa9c39d2a7cefee98b00cfb","image/jpeg","1562346","2026-09-19 12:08:59.039133+00","2026-09-19 12:09:00.40792+00"
"d5cbf7dd-379e-59b0-9722-e6dcdb984bd3","t-001","f-001","b-001","wv-001","20260919_120956","farmiq-media","tenants/t-001/farms/f-001/barns/b-001/devices/wv-001/images/2026/09/19/5a46807c-6f54-4525-820b-7119a2e6af24.jpg","e10c520bf3875d20042c4b5da8675f60","image/jpeg","1574370","2026-09-19 12:09:56.997993+00","2026-09-19 12:09:58.215242+00"
"d31e1211-3e59-50db-ae3b-5b695f28d85e","t-001","f-001","b-001","wv-001","20260919_120956","farmiq-media","tenants/t-001/farms/f-001/barns/b-001/devices/wv-001/images/2026/09/19/d5516fc6-5edd-447c-bea5-e3fffb99906b.jpg","bbd6924a518ee14d4609e1c82cd249b8","image/jpeg","1591512","2026-09-19 12:09:56.997993+00","2026-09-19 12:09:58.479123+00"
"a7b5fa58-541b-5840-be6d-a12cf152533b","t-001","f-001","b-001","wv-001","20260919_121056","farmiq-media","tenants/t-001/farms/f-001/barns/b-001/devices/wv-001/images/2026/09/19/f5130489-7651-4e9d-8e9a-505e453cc534.jpg","33ef05562d1df5dafdf720d356d50c09","image/jpeg","1592581","2026-09-19 12:10:56.202524+00","2026-09-19 12:10:58.33994+00"
"58f12263-9937-5028-955b-6010af462f86","t-001","f-001","b-001","wv-001","20260919_121056","farmiq-media","tenants/t-001/farms/f-001/barns/b-001/devices/wv-001/images/2026/09/19/8bb9f686-deb0-421a-80bc-1e96a42bd1f7.jpg","8f09e735262821f128c89556d20125f3","image/jpeg","1610293","2026-09-19 12:10:56.202524+00","2026-09-19 12:10:58.59563+00"
"df7272b7-0a2e-5131-9a71-079b3435e3cd","t-001","f-001","b-001","wv-001","20260919_121120","farmiq-media","tenants/t-001/farms/f-001/barns/b-001/devices/wv-001/images/2026/09/19/0a715ba7-853b-4bb3-9e06-dde047d0ea9e.jpg","796ffa1ef1258dfd17da60b8e206ae57","image/jpeg","1563127","2026-09-19 12:11:20.105392+00","2026-09-19 12:11:22.139658+00"
"d8320772-af9f-5f86-a1ba-3a57e4e3ac18","t-001","f-001","b-001","wv-001","20260919_121120","farmiq-media","tenants/t-001/farms/f-001/barns/b-001/devices/wv-001/images/2026/09/19/042509f0-912e-4d96-afa1-020ea2ac3c8d.jpg","c76e5e1e7256f1514b503a5efe2974cc","image/jpeg","1580737","2026-09-19 12:11:20.105392+00","2026-09-19 12:11:22.388298+00"
"2dba9b83-be38-56eb-ad56-eee528a9c002","t-001","f-001","b-001","wv-001","20260919_122300","farmiq-media","tenants/t-001/farms/f-001/barns/b-001/devices/wv-001/images/2026/09/19/de0c2b94-d4df-4a0b-8ed4-379f0e0df1fe.jpg","ab1e40636e098b728c54ecd539e2a5cd","image/jpeg","1413974","2026-09-19 12:23:00.199842+00","2026-09-19 12:23:02.096787+00"
"8ac87153-5f96-5fe1-a0a1-369f805d3ee4","t-001","f-001","b-001","wv-001","20260919_122300","farmiq-media","tenants/t-001/farms/f-001/barns/b-001/devices/wv-001/images/2026/09/19/06716f75-2709-4a05-8b8d-042d48b00b05.jpg","7910bb106bc5d0f7796ea8c290459fce","image/jpeg","1432729","2026-09-19 12:23:00.199842+00","2026-09-19 12:23:02.352094+00"
"cff2e4d4-d658-552a-b65b-53951d450aef","t-001","f-001","b-001","wv-001","20260919_122509","farmiq-media","tenants/t-001/farms/f-001/barns/b-001/devices/wv-001/images/2026/09/19/4834ed9d-46bd-4f37-8924-719a3a43827b.jpg","73fb59f3d09b70eeb62b4dc72a06eb50","image/jpeg","1530622","2026-09-19 12:25:09.48976+00","2026-09-19 12:25:10.939732+00"
"849177c5-2e00-5f6b-a494-cf1e57cc9cf9","t-001","f-001","b-001","wv-001","20260919_122509","farmiq-media","tenants/t-001/farms/f-001/barns/b-001/devices/wv-001/images/2026/09/19/0f94f5b4-bc75-4c31-8711-c9fe702d3b55.jpg","add5f5c463d7bc821e0dc43da305ee98","image/jpeg","1547456","2026-09-19 12:25:09.48976+00","2026-09-19 12:25:11.216777+00"
"3c08615b-3fcb-500c-8a6e-be7df8a0401e","t-001","f-001","b-001","wv-001","20260919_122531","farmiq-media","tenants/t-001/farms/f-001/barns/b-001/devices/wv-001/images/2026/09/19/07874e4d-d71c-4d80-b61a-5050b0a40c19.jpg","6fac52f5ff7eb7ee7f81db9b4e244fcf","image/jpeg","1459795","2026-09-19 12:25:31.134138+00","2026-09-19 12:25:32.783231+00"
"4ecf15d9-b44b-5ebc-83c6-75a4afd31a0f","t-001","f-001","b-001","wv-001","20260919_122531","farmiq-media","tenants/t-001/farms/f-001/barns/b-001/devices/wv-001/images/2026/09/19/03d00c76-3ce3-4e5a-80d7-b62990512814.jpg","b618d8de6d20bc9de31425fe035ba146","image/jpeg","1479872","2026-09-19 12:25:31.134138+00","2026-09-19 12:25:33.083737+00"
"b0adf38d-64f8-58a3-bbdf-477b87c5da1c","t-001","f-001","b-001","wv-001","20260919_122723","farmiq-media","tenants/t-001/farms/f-001/barns/b-001/devices/wv-001/images/2026/09/19/de58975e-699c-441b-8aa9-3bea4dbe5baa.jpg","0410e1ac430bd1b1916e2d4f50b6ed91","image/jpeg","1468156","2026-09-19 12:27:23.852576+00","2026-09-19 12:27:25.31831+00"
"3dc47dfd-42c0-521f-ae2c-b4316ff58671","t-001","f-001","b-001","wv-001","20260919_122723","farmiq-media","tenants/t-001/farms/f-001/barns/b-001/devices/wv-001/images/2026/09/19/afdf3835-d093-4ce8-b783-5952e33a7450.jpg","faae303efdba3bbee3d2d27bbfe29b3e","image/jpeg","1489423","2026-09-19 12:27:23.852576+00","2026-09-19 12:27:25.564308+00"
"e81287ab-ca44-5fe1-8e1a-dc28997aa26e","t-001","f-001","b-001","wv-001","20260919_122738","farmiq-media","tenants/t-001/farms/f-001/barns/b-001/devices/wv-001/images/2026/09/19/6c3a2890-f4f1-4b9f-8784-50a83263bf6e.jpg","dc74331e791986ed430d5fe14fdcb164","image/jpeg","1334376","2026-09-19 12:27:38.05879+00","2026-09-19 12:27:38.964454+00"
"50e0ab60-8e4d-5027-a269-e30e00edbfc8","t-001","f-001","b-001","wv-001","20260919_122738","farmiq-media","tenants/t-001/farms/f-001/barns/b-001/devices/wv-001/images/2026/09/19/986b1094-7521-44fc-ab25-b81ec34ce33f.jpg","fae37f8b42c3f9ba7cf7ddcf566aec13","image/jpeg","1354794","2026-09-19 12:27:38.05879+00","2026-09-19 12:27:39.178735+00"
"079036a2-5068-51fb-b10b-b43d2b37735d","t-001","f-001","b-001","wv-001","20260919_123058","farmiq-media","tenants/t-001/farms/f-001/barns/b-001/devices/wv-001/images/2026/09/19/c66050f5-5fed-47f8-9023-9229499413f2.jpg","ef87ca5038be20e0097f21cd9b3bf3f1","image/jpeg","1543008","2026-09-19 12:30:58.855349+00","2026-09-19 12:31:00.306503+00"
"a733e09f-449a-5320-adda-66f8ca134d75","t-001","f-001","b-001","wv-001","20260919_123058","farmiq-media","tenants/t-001/farms/f-001/barns/b-001/devices/wv-001/images/2026/09/19/15927d22-2edf-4b3a-ad7d-b456163cc081.jpg","83f0d0c0d0fcfcfbc4437644908cb4fb","image/jpeg","1559821","2026-09-19 12:30:58.855349+00","2026-09-19 12:31:00.590214+00"
"5dd33543-73c5-5c7c-a83a-cd71751ff91b","t-001","f-001","b-001","wv-001","20260919_123233","farmiq-media","tenants/t-001/farms/f-001/barns/b-001/devices/wv-001/images/2026/09/19/1584423a-6449-4737-b145-11497ec6ce70.jpg","711b7acd9ccc68ef0095fe2188910ce4","image/jpeg","1672240","2026-09-19 12:32:33.942366+00","2026-09-19 12:32:34.750387+00"
"a70caa1f-7579-5343-b867-a91307a8b685","t-001","f-001","b-001","wv-001","20260919_123233","farmiq-media","tenants/t-001/farms/f-001/barns/b-001/devices/wv-001/images/2026/09/19/d6b2091e-46d8-4050-b1a5-ffe486dbb67f.jpg","5acd0617241ef4ec67aef236cff5a799","image/jpeg","1689546","2026-09-19 12:32:33.942366+00","2026-09-19 12:32:35.008274+00"
"b3bd2087-476d-540f-8466-d4640f395425","t-001","f-001","b-001","wv-001","20260919_123309","farmiq-media","tenants/t-001/farms/f-001/barns/b-001/devices/wv-001/images/2026/09/19/0d2df8a0-1953-4515-b40e-107e9253e215.jpg","98e99dff6369109f19264b580620a4b8","image/jpeg","1570861","2026-09-19 12:33:09.861098+00","2026-09-19 12:33:10.737683+00"
"4e166d06-fcf5-5679-bde4-d866c67dd1a8","t-001","f-001","b-001","wv-001","20260919_123309","farmiq-media","tenants/t-001/farms/f-001/barns/b-001/devices/wv-001/images/2026/09/19/94fdf42d-7653-45a2-b0b6-c6731f56371f.jpg","1b9189d55eb61ba6913881b063ab0edb","image/jpeg","1589287","2026-09-19 12:33:09.861098+00","2026-09-19 12:33:10.993082+00"
"d508dc8f-1500-54e8-b6f8-fb30d33f2677","t-001","f-001","b-001","wv-001","20260919_123718","farmiq-media","tenants/t-001/farms/f-001/barns/b-001/devices/wv-001/images/2026/09/19/bf431740-f248-4400-85b8-546d226ff6ce.jpg","e1ecda0180a1f38ee439010d592dd764","image/jpeg","1537841","2026-09-19 12:37:18.879119+00","2026-09-19 12:37:20.381978+00"
"3af0deeb-a2f4-55ac-b2a8-a774b89eac8d","t-001","f-001","b-001","wv-001","20260919_123718","farmiq-media","tenants/t-001/farms/f-001/barns/b-001/devices/wv-001/images/2026/09/19/7354b376-1ede-4caf-a155-6c6dee89584c.jpg","74d74b19c984e5441f7b8aa7fb0591e4","image/jpeg","1557935","2026-09-19 12:37:18.879119+00","2026-09-19 12:37:20.625751+00"
"ba16da59-87d2-5b84-87ec-e53bf7c97738","t-001","f-001","b-001","wv-001","20260919_123825","farmiq-media","tenants/t-001/farms/f-001/barns/b-001/devices/wv-001/images/2026/09/19/d55b84ed-f91d-40af-a65e-73dc7a08eaa8.jpg","b20008b58a1daa94ac54fc9752fc1c3f","image/jpeg","1551443","2026-09-19 12:38:25.091026+00","2026-09-19 12:38:26.477628+00"
"8278fdae-8c55-5426-b8e4-2bc77ea6217a","t-001","f-001","b-001","wv-001","20260919_123825","farmiq-media","tenants/t-001/farms/f-001/barns/b-001/devices/wv-001/images/2026/09/19/68f9d0be-0d0b-4d61-9d05-92bf76c07253.jpg","b83d74ce4fd7bec0bf29ffa78c514b01","image/jpeg","1570808","2026-09-19 12:38:25.091026+00","2026-09-19 12:38:26.706751+00"
"f138f269-ee03-5d63-8567-53dba4fd4ef1","t-001","f-001","b-001","wv-001","20260919_123854","farmiq-media","tenants/t-001/farms/f-001/barns/b-001/devices/wv-001/images/2026/09/19/81d917dc-929f-4d5b-965f-5a588baf3932.jpg","981e1eb72d257e2132483a9b9c8dfce6","image/jpeg","1588902","2026-09-19 12:38:54.7425+00","2026-09-19 12:38:56.288002+00"
"6d9417b5-1a31-569d-97d1-5da223a8a366","t-001","f-001","b-001","wv-001","20260919_123854","farmiq-media","tenants/t-001/farms/f-001/barns/b-001/devices/wv-001/images/2026/09/19/950bd4e0-2473-47dd-837a-f481947d9272.jpg","c6a1c80236d81d8d56ac9717bda129d7","image/jpeg","1606404","2026-09-19 12:38:54.7425+00","2026-09-19 12:38:56.510298+00"
"01356952-d23b-5ae7-95f5-eae180efefaf","t-001","f-001","b-001","wv-001","20260919_124005","farmiq-media","tenants/t-001/farms/f-001/barns/b-001/devices/wv-001/images/2026/09/19/65afd930-6986-4422-9641-b66be93f9c1f.jpg","fb16d286605a34abfbb19424785f2a09","image/jpeg","1292823","2026-09-19 12:40:05.804082+00","2026-09-19 12:40:06.408078+00"
"4872309b-afe2-5680-90ac-2c514814d199","t-001","f-001","b-001","wv-001","20260919_124005","farmiq-media","tenants/t-001/farms/f-001/barns/b-001/devices/wv-001/images/2026/09/19/952fc4f7-7def-4c2a-9c74-1133556e6b15.jpg","71286d10bbcf8547b87793c5d1ac31e0","image/jpeg","1313074","2026-09-19 12:40:05.804082+00","2026-09-19 12:40:06.644723+00"
"06191e3f-664d-5a61-bccc-fd3ba5c7c04d","t-001","f-001","b-001","wv-001","20260919_124009","farmiq-media","tenants/t-001/farms/f-001/barns/b-001/devices/wv-001/images/2026/09/19/eaeff22d-11bf-46ed-be20-965a82b03421.jpg","6201bfc685b5e60a2e6c3ab2ca33c788","image/jpeg","1440577","2026-09-19 12:40:09.729636+00","2026-09-19 12:40:12.014641+00"
"6138e49c-180e-5958-a7e5-61d5cd0cebb5","t-001","f-001","b-001","wv-001","20260919_124009","farmiq-media","tenants/t-001/farms/f-001/barns/b-001/devices/wv-001/images/2026/09/19/24b7a2b4-0fe3-4a33-a2f5-5b54a8f04ac1.jpg","4d2168cdebf56e7df16372c5e10a3b6f","image/jpeg","1461699","2026-09-19 12:40:09.729636+00","2026-09-19 12:40:12.22119+00"
"0408b1b8-5d8d-547e-8a22-72589fcca582","t-001","f-001","b-001","wv-001","20260919_124022","farmiq-media","tenants/t-001/farms/f-001/barns/b-001/devices/wv-001/images/2026/09/19/efd74f7c-11f4-4e52-9f33-11b1141001f7.jpg","1552f8e7bce62ac18fa1e50aaeec7628","image/jpeg","1425573","2026-09-19 12:40:22.115307+00","2026-09-19 12:40:23.558061+00"
"881c3c12-35ae-583a-aa5d-f3181489fb1d","t-001","f-001","b-001","wv-001","20260919_124022","farmiq-media","tenants/t-001/farms/f-001/barns/b-001/devices/wv-001/images/2026/09/19/23de74f4-083e-464b-a7e0-51760cd5353b.jpg","abdd71bb878fe01b7efdba934c7b76be","image/jpeg","1444707","2026-09-19 12:40:22.115307+00","2026-09-19 12:40:23.774996+00"
"f67750c8-0538-5a0c-b053-791e91db80bc","t-001","f-001","b-001","wv-001","20260919_124618","farmiq-media","tenants/t-001/farms/f-001/barns/b-001/devices/wv-001/images/2026/09/19/bbef2cbd-d774-469f-b914-01a97947ef80.jpg","49e8bcb3bde10d8f426d0baca8470ea1","image/jpeg","2166682","2026-09-19 12:46:18.91765+00","2026-09-19 12:46:20.144425+00"
"c6c605ed-4327-5d08-bfc9-00d39f74cb8d","t-001","f-001","b-001","wv-001","20260919_124618","farmiq-media","tenants/t-001/farms/f-001/barns/b-001/devices/wv-001/images/2026/09/19/7cbc8f23-543d-4e26-9507-4b42b8cfe260.jpg","327f9828dd6eedd0c9474c39ad7fc97f","image/jpeg","2183057","2026-09-19 12:46:18.91765+00","2026-09-19 12:46:20.496715+00"
"b6f09030-9a75-5dbd-ad87-84828cd08388","t-001","f-001","b-001","wv-001","20260919_124657","farmiq-media","tenants/t-001/farms/f-001/barns/b-001/devices/wv-001/images/2026/09/19/800b6091-7e9d-4b15-9c21-540dfb197e1d.jpg","eff1a41d1b359e1e795e15bb541c3e3a","image/jpeg","1544513","2026-09-19 12:46:57.149352+00","2026-09-19 12:46:58.254438+00"
"2850e23c-17c1-5c50-86e9-846d783c5816","t-001","f-001","b-001","wv-001","20260919_124657","farmiq-media","tenants/t-001/farms/f-001/barns/b-001/devices/wv-001/images/2026/09/19/27cc6a1b-defd-4fc7-9cb4-c76036a89638.jpg","6231ad03b66c23cac661d366e6013ada","image/jpeg","1566807","2026-09-19 12:46:57.149352+00","2026-09-19 12:46:58.523073+00"
"ea98aacb-bd6c-5297-ad2a-72559ece14e6","t-001","f-001","b-001","wv-001","20260919_125144","farmiq-media","tenants/t-001/farms/f-001/barns/b-001/devices/wv-001/images/2026/09/19/ef373d25-edb3-4f67-b1de-a5fa69ad3e13.jpg","1769077c58ad5d8be3ae866ea94ff258","image/jpeg","1575478","2026-09-19 12:51:44.139535+00","2026-09-19 12:51:46.159539+00"
"b87b4e80-c0e5-50bc-ac96-20afbd94b905","t-001","f-001","b-001","wv-001","20260919_125144","farmiq-media","tenants/t-001/farms/f-001/barns/b-001/devices/wv-001/images/2026/09/19/7a1a49ff-22b6-4893-a3c2-24dbcf3d3ad1.jpg","8c9cd293982564a49388794c1797e73f","image/jpeg","1596106","2026-09-19 12:51:44.139535+00","2026-09-19 12:51:46.447463+00"
"95aa84bd-75c3-5cc0-b945-3614336946f3","t-001","f-001","b-001","wv-001","20260919_125308","farmiq-media","tenants/t-001/farms/f-001/barns/b-001/devices/wv-001/images/2026/09/19/4ea90e94-31a9-4ff4-b50e-3b99b9d46c27.jpg","eb97743dbea5c5b8de43ffbd5c56f0d0","image/jpeg","1677935","2026-09-19 12:53:08.185776+00","2026-09-19 12:53:08.656837+00"
"f49dc34e-fe39-5818-9e48-1d9bbc773edf","t-001","f-001","b-001","wv-001","20260919_125308","farmiq-media","tenants/t-001/farms/f-001/barns/b-001/devices/wv-001/images/2026/09/19/62a33f3e-3da2-483b-b942-53d223e0ca23.jpg","325c8790167127ea0b6266732991d1a6","image/jpeg","1697832","2026-09-19 12:53:08.185776+00","2026-09-19 12:53:08.920941+00"
"7d1d77b8-ed6f-519a-95c4-e0df8cc546a8","t-001","f-001","b-001","wv-001","20260919_125329","farmiq-media","tenants/t-001/farms/f-001/barns/b-001/devices/wv-001/images/2026/09/19/2b248a74-7d65-4738-a135-e1cbe0a9d35a.jpg","17340e24388a4aa94e68fbb8373577b9","image/jpeg","1642190","2026-09-19 12:53:29.296894+00","2026-09-19 12:53:32.32404+00"
"bc6987a4-7c39-55a4-81bb-bc582bf46bfd","t-001","f-001","b-001","wv-001","20260919_125329","farmiq-media","tenants/t-001/farms/f-001/barns/b-001/devices/wv-001/images/2026/09/19/dc9ba7ce-23b6-4d74-b89e-21b356702120.jpg","79268ba110a48860a2b8d51bff8cdb05","image/jpeg","1661094","2026-09-19 12:53:29.296894+00","2026-09-19 12:53:34.129908+00"
"94dce3df-d068-517b-95cf-e06511a7a116","t-001","f-001","b-001","wv-001","20260919_125805","farmiq-media","tenants/t-001/farms/f-001/barns/b-001/devices/wv-001/images/2026/09/19/38400fb5-92ba-41df-a03e-57a60eefc2f5.jpg","9d353604e1a08ebe762bcaa9c706d0cd","image/jpeg","1660304","2026-09-19 12:58:05.879451+00","2026-09-19 12:58:06.49276+00"
"6523a580-268d-55f5-b235-e6ff7119d097","t-001","f-001","b-001","wv-001","20260919_125805","farmiq-media","tenants/t-001/farms/f-001/barns/b-001/devices/wv-001/images/2026/09/19/c37887e3-d245-4287-96c7-4ad132016ad3.jpg","6a83613eace6249ab9eabe765c634418","image/jpeg","1680946","2026-09-19 12:58:05.879451+00","2026-09-19 12:58:06.778491+00"
"ebb8c600-58db-518b-b268-9cc6da3cff2a","t-001","f-001","b-001","wv-001","20260919_125840","farmiq-media","tenants/t-001/farms/f-001/barns/b-001/devices/wv-001/images/2026/09/19/b50af83c-8fe4-4751-b6fa-e131d7328c60.jpg","8e583eaf7e2531a833fff6be01375e13","image/jpeg","1569924","2026-09-19 12:58:40.499619+00","2026-09-19 12:58:44.25922+00"
"ccd25f69-0fae-5d85-bbe9-aae9de3ce8d7","t-001","f-001","b-001","wv-001","20260919_125840","farmiq-media","tenants/t-001/farms/f-001/barns/b-001/devices/wv-001/images/2026/09/19/13e23b89-aa71-4780-9d38-c14c14e71261.jpg","6bbcd8f2746af36ed29babf380c9b0b6","image/jpeg","1590597","2026-09-19 12:58:40.499619+00","2026-09-19 12:58:44.791646+00"
"238e755d-9edf-5ad0-bb26-0b5ae1926693","t-001","f-001","b-001","wv-001","20260919_130227","farmiq-media","tenants/t-001/farms/f-001/barns/b-001/devices/wv-001/images/2026/09/19/69137108-7226-43a1-93e5-271a69363aad.jpg","7ebd4465325fd01b257769596a889fc6","image/jpeg","1538302","2026-09-19 13:02:27.034097+00","2026-09-19 13:02:27.546211+00"
"0c79f47c-3ed2-5fbe-9411-6357f16edab4","t-001","f-001","b-001","wv-001","20260919_130227","farmiq-media","tenants/t-001/farms/f-001/barns/b-001/devices/wv-001/images/2026/09/19/7494b596-052c-4ece-a1ba-f1e4925ab239.jpg","8b3b83af5afbae9a00165e4b8444ae5f","image/jpeg","1558125","2026-09-19 13:02:27.034097+00","2026-09-19 13:02:27.816167+00"
"5c0b0007-9dc8-50be-bcc6-8cc6acc8f228","t-001","f-001","b-001","wv-001","20260919_130412","farmiq-media","tenants/t-001/farms/f-001/barns/b-001/devices/wv-001/images/2026/09/19/ac8e6b36-777b-46b8-80a7-73eb142e2616.jpg","ddedc643a3d02b0bec199f32fb091e50","image/jpeg","1528910","2026-09-19 13:04:12.248758+00","2026-09-19 13:04:16.873456+00"
"f6e1b693-63a7-5b5d-beb6-77193ba443ef","t-001","f-001","b-001","wv-001","20260919_130412","farmiq-media","tenants/t-001/farms/f-001/barns/b-001/devices/wv-001/images/2026/09/19/24dab0cd-ff4f-40d9-b9fe-1d8dc2ee21d3.jpg","37d3b65e76046262d1d7197ba15b4500","image/jpeg","1548784","2026-09-19 13:04:12.248758+00","2026-09-19 13:04:42.293157+00"
"49cfce3a-64c9-52e1-990f-2563ce0f7802","t-001","f-001","b-001","wv-001","20260919_132014","farmiq-media","tenants/t-001/farms/f-001/barns/b-001/devices/wv-001/images/2026/09/19/87ad973a-6959-4c29-8ca2-0b9186ad0588.jpg","1db459cca2c9ba0454f6908f02bed14d","image/jpeg","1591490","2026-09-19 13:20:14.31318+00","2026-09-19 13:20:15.916571+00"
"edd54d2a-da05-5937-b5c3-b7f6d37d8fb0","t-001","f-001","b-001","wv-001","20260919_132014","farmiq-media","tenants/t-001/farms/f-001/barns/b-001/devices/wv-001/images/2026/09/19/6216deec-b73c-4478-98fe-de39d83fe0ed.jpg","722207d7e3d123f03949cd4b1978b20b","image/jpeg","1609422","2026-09-19 13:20:14.31318+00","2026-09-19 13:20:16.191208+00"
"0d6214d5-6e80-50fd-8425-edfb86cc5278","t-001","f-001","b-001","wv-001","20260919_134322","farmiq-media","tenants/t-001/farms/f-001/barns/b-001/devices/wv-001/images/2026/09/19/88eae569-4e01-49da-a789-e768e38815b8.jpg","1b32f9a426812cae5f80c7b96d34e85c","image/jpeg","1742539","2026-09-19 13:43:22.367768+00","2026-09-19 13:43:24.285374+00"
"33c9b07b-b6b9-5da8-b678-fa2cd33339a8","t-001","f-001","b-001","wv-001","20260919_134322","farmiq-media","tenants/t-001/farms/f-001/barns/b-001/devices/wv-001/images/2026/09/19/8853dab2-0422-433e-b5eb-b4c768a49740.jpg","67d16370c7b6bbe7b99e32c51ca5caec","image/jpeg","1761091","2026-09-19 13:43:22.367768+00","2026-09-19 13:43:24.550289+00"
"bbccafb1-b8e0-56b3-b9da-90eb52a14e72","t-001","f-001","b-001","wv-001","20260919_134357","farmiq-media","tenants/t-001/farms/f-001/barns/b-001/devices/wv-001/images/2026/09/19/0748b6d8-2f3c-48cb-b518-b898b4fdfefd.jpg","f89fba55ca00eec3ba7a1a726ef5f247","image/jpeg","1553085","2026-09-19 13:43:57.368798+00","2026-09-19 13:43:58.245224+00"
"47001325-2a05-548a-a3e4-5c41a0161493","t-001","f-001","b-001","wv-001","20260919_134357","farmiq-media","tenants/t-001/farms/f-001/barns/b-001/devices/wv-001/images/2026/09/19/f640d73c-7c43-4b63-b72e-ce8e99b37634.jpg","12db31fbbf78ed5be841b7d7296d1d7a","image/jpeg","1573921","2026-09-19 13:43:57.368798+00","2026-09-19 13:43:58.477813+00"
"d98cffbb-ac24-56cc-8c3d-85bd1a28a673","t-001","f-001","b-001","wv-001","20260919_134536","farmiq-media","tenants/t-001/farms/f-001/barns/b-001/devices/wv-001/images/2026/09/19/606588f7-6784-4918-a362-3c876cdab298.jpg","8cf70f892b053b7b0c103c94a7ac9dfe","image/jpeg","1730857","2026-09-19 13:45:36.800168+00","2026-09-19 13:45:38.723105+00"
"67601ecb-3fa9-56a0-8ead-c9aa3eeb6f4d","t-001","f-001","b-001","wv-001","20260919_134536","farmiq-media","tenants/t-001/farms/f-001/barns/b-001/devices/wv-001/images/2026/09/19/7f66989f-1c7e-4914-bf2c-2a11cf2fd505.jpg","becd642607544625f17e28bc136ac2bb","image/jpeg","1750462","2026-09-19 13:45:36.800168+00","2026-09-19 13:45:39.006488+00"
"bd609634-a847-5b46-94ec-abbee41e5803","t-001","f-001","b-001","wv-001","20260919_134553","farmiq-media","tenants/t-001/farms/f-001/barns/b-001/devices/wv-001/images/2026/09/19/15f32fd5-a418-4f47-a50c-2ad8a765abef.jpg","e7922c59291b5831b6c3b0b5f0ab76a5","image/jpeg","1512317","2026-09-19 13:45:53.074988+00","2026-09-19 13:45:54.488835+00"
"3bf95301-80d0-5e0c-8b76-e5e2088771b3","t-001","f-001","b-001","wv-001","20260919_134553","farmiq-media","tenants/t-001/farms/f-001/barns/b-001/devices/wv-001/images/2026/09/19/d79c4e03-034e-4281-b340-c2d162731547.jpg","b0a64b81a160ac1debba62e3914d2964","image/jpeg","1530230","2026-09-19 13:45:53.074988+00","2026-09-19 13:45:54.68793+00"
"d438ddbb-2580-5721-a0ed-1a93f56fd669","t-001","f-001","b-001","wv-001","20260919_134814","farmiq-media","tenants/t-001/farms/f-001/barns/b-001/devices/wv-001/images/2026/09/19/168d7e7f-d0ef-4a1b-a11f-7c268273e29d.jpg","5576e1935ae2c0da84aebe440186596a","image/jpeg","1661477","2026-09-19 13:48:14.453641+00","2026-09-19 13:48:16.381497+00"
"e2fe3f9c-bbc1-5dc9-9793-83e20f4f1482","t-001","f-001","b-001","wv-001","20260919_134814","farmiq-media","tenants/t-001/farms/f-001/barns/b-001/devices/wv-001/images/2026/09/19/8f2547bb-74ae-4621-b897-6f463ac53ef9.jpg","f987b2c603186f72a69a6c3b87e0067d","image/jpeg","1677693","2026-09-19 13:48:14.453641+00","2026-09-19 13:48:20.143219+00"
"8e73a263-12ef-57e6-8bd8-ba0da17feeb5","t-001","f-001","b-001","wv-001","20260919_135027","farmiq-media","tenants/t-001/farms/f-001/barns/b-001/devices/wv-001/images/2026/09/19/3b99f5cf-4550-4c60-875f-8e562631404c.jpg","c179b75be6e944474a44a586f0a5cf87","image/jpeg","1699449","2026-09-19 13:50:27.006258+00","2026-09-19 13:50:29.246166+00"
"f4171c68-d549-58b2-82c3-d37ca85bdf1a","t-001","f-001","b-001","wv-001","20260919_135027","farmiq-media","tenants/t-001/farms/f-001/barns/b-001/devices/wv-001/images/2026/09/19/a07181f6-51bb-413c-a5d4-fa274bf660cd.jpg","66eb26f3620d0529a88324248970a98b","image/jpeg","1714189","2026-09-19 13:50:27.006258+00","2026-09-19 13:50:29.518985+00"
"edebf46c-cef2-5bc6-a2bd-2249731a0639","t-001","f-001","b-001","wv-001","20260919_135234","farmiq-media","tenants/t-001/farms/f-001/barns/b-001/devices/wv-001/images/2026/09/19/d86eeeba-2a19-4a25-af23-e1497d63d73e.jpg","68c3ab92f07df858990abfb706b173a4","image/jpeg","1636164","2026-09-19 13:52:34.775795+00","2026-09-19 13:52:35.912129+00"
"b8017bfd-e361-560c-8939-6ea7ceb6a477","t-001","f-001","b-001","wv-001","20260919_135234","farmiq-media","tenants/t-001/farms/f-001/barns/b-001/devices/wv-001/images/2026/09/19/1b73b8bd-0362-43a1-a461-b6b7bd7f1f85.jpg","50264f4721e7203b73010d57699d5f83","image/jpeg","1651633","2026-09-19 13:52:34.775795+00","2026-09-19 13:52:36.204388+00"
"d18f76d5-f7a7-5fc5-afd9-91820d8eb24f","t-001","f-001","b-001","wv-001","20260919_135324","farmiq-media","tenants/t-001/farms/f-001/barns/b-001/devices/wv-001/images/2026/09/19/4ca74d93-ba56-4009-9e57-dc1882f434f1.jpg","92dc5e81f0ce87eecb21fc6150b5cf5e","image/jpeg","1608540","2026-09-19 13:53:24.310511+00","2026-09-19 13:53:25.991499+00"
"3d06d72a-b5ba-53fa-9eed-7503144483ef","t-001","f-001","b-001","wv-001","20260919_135324","farmiq-media","tenants/t-001/farms/f-001/barns/b-001/devices/wv-001/images/2026/09/19/20d9e2c1-38c3-4e11-8c0c-1077bbb540d8.jpg","464b555ad58d1f56093cac6579f4c656","image/jpeg","1625861","2026-09-19 13:53:24.310511+00","2026-09-19 13:53:26.226393+00"
"65fe26a0-77cc-52d8-a5f9-1576ea6893e5","t-001","f-001","b-001","wv-001","20260919_135401","farmiq-media","tenants/t-001/farms/f-001/barns/b-001/devices/wv-001/images/2026/09/19/a2c6fb03-3afc-4f51-a1f5-7af516f7d30e.jpg","dcacc8b6bfde2d4cd2ec13142d90bb5c","image/jpeg","1601149","2026-09-19 13:54:01.738941+00","2026-09-19 13:54:04.79677+00"
"24e51c95-f1a5-5fd4-b477-da1d015d6575","t-001","f-001","b-001","wv-001","20260919_135401","farmiq-media","tenants/t-001/farms/f-001/barns/b-001/devices/wv-001/images/2026/09/19/da068bd0-0112-44bb-8ee3-feb4978f55ed.jpg","c8aad76a95eac976c4eeca1fced00b47","image/jpeg","1617091","2026-09-19 13:54:01.738941+00","2026-09-19 13:54:05.079784+00"
"6e17c8fd-9aa7-59f3-ad78-76293c340068","t-001","f-001","b-001","wv-001","20260919_135431","farmiq-media","tenants/t-001/farms/f-001/barns/b-001/devices/wv-001/images/2026/09/19/08b92659-c7fd-41b2-aa98-f5b36fe5cb14.jpg","ce8751329b425abf5e094623c4158c15","image/jpeg","1577404","2026-09-19 13:54:31.068079+00","2026-09-19 13:54:32.677422+00"
"821c4865-7661-5501-b674-ca2b98499ecd","t-001","f-001","b-001","wv-001","20260919_135431","farmiq-media","tenants/t-001/farms/f-001/barns/b-001/devices/wv-001/images/2026/09/19/8d4647a0-d2b6-411a-a333-e44fe5c8ace1.jpg","52c99786cd5b0f23167dda08af013d4e","image/jpeg","1593467","2026-09-19 13:54:31.068079+00","2026-09-19 13:54:32.953168+00"
"5151e20e-b42e-5a9a-9dc7-5eb48b004766","t-001","f-001","b-001","wv-001","20260919_135752","farmiq-media","tenants/t-001/farms/f-001/barns/b-001/devices/wv-001/images/2026/09/19/f1195c67-7bb1-4ab3-abb6-5ffd95cc9176.jpg","2bc76e6b399f826a5afe1456346adecf","image/jpeg","1639729","2026-09-19 13:57:52.363601+00","2026-09-19 13:57:53.958501+00"
"75b0cb60-94bf-561a-9b59-d73e896b775c","t-001","f-001","b-001","wv-001","20260919_135752","farmiq-media","tenants/t-001/farms/f-001/barns/b-001/devices/wv-001/images/2026/09/19/480dcfd5-21bd-4294-b6ad-e7122f1eb297.jpg","8e1129191cda0493836023fca0ae74c7","image/jpeg","1657409","2026-09-19 13:57:52.363601+00","2026-09-19 13:57:54.226539+00"
"a4ac9350-e48b-5144-ae9f-fa1c7f6c8864","t-001","f-001","b-001","wv-001","20260919_135839","farmiq-media","tenants/t-001/farms/f-001/barns/b-001/devices/wv-001/images/2026/09/19/2962dca5-632b-49df-afbd-8a6c13cd69d5.jpg","053292b89135ac8564bb05cc17f332eb","image/jpeg","1552688","2026-09-19 13:58:39.133084+00","2026-09-19 13:58:39.989337+00"
"d2403724-b5ea-5802-ba1d-cf3c414e790b","t-001","f-001","b-001","wv-001","20260919_135839","farmiq-media","tenants/t-001/farms/f-001/barns/b-001/devices/wv-001/images/2026/09/19/c7ac7d35-739d-4000-9ae5-81b556070321.jpg","a50fa5eb2c061bd84cb9729a60711477","image/jpeg","1571145","2026-09-19 13:58:39.133084+00","2026-09-19 13:58:40.244936+00"
"60b33be3-f4a0-5b62-a070-29b1042b28f0","t-001","f-001","b-001","wv-001","20260919_135902","farmiq-media","tenants/t-001/farms/f-001/barns/b-001/devices/wv-001/images/2026/09/19/b55e2ffd-a5b2-4c29-85e5-8e000f66bf28.jpg","ba50c4a0be3d1ce1a18d256380f3dead","image/jpeg","1607962","2026-09-19 13:59:02.453175+00","2026-09-19 13:59:03.835929+00"
"0ca96c55-f9f2-5c96-b9ab-d8e9eb793a44","t-001","f-001","b-001","wv-001","20260919_135902","farmiq-media","tenants/t-001/farms/f-001/barns/b-001/devices/wv-001/images/2026/09/19/ba459da6-13b8-4e3c-b9b9-3abb33b3760b.jpg","db31a4d1da67d9d4fb0459c3a5270951","image/jpeg","1623958","2026-09-19 13:59:02.453175+00","2026-09-19 13:59:04.188968+00"
"e797ff3c-3df8-57d3-9683-210a51151af1","t-001","f-001","b-001","wv-001","20260919_140023","farmiq-media","tenants/t-001/farms/f-001/barns/b-001/devices/wv-001/images/2026/09/19/b4f3ac87-14b5-4c03-b71d-e4405e90976b.jpg","095c89740c1583b07742cfaae876762f","image/jpeg","1626484","2026-09-19 14:00:23.320994+00","2026-09-19 14:00:24.219824+00"
"81d9cef9-e086-50e1-a669-477db90928c9","t-001","f-001","b-001","wv-001","20260919_140023","farmiq-media","tenants/t-001/farms/f-001/barns/b-001/devices/wv-001/images/2026/09/19/10a90ef9-5efa-4e01-8104-f211b16fbff5.jpg","642ff6e1bee926a6ea4059143205613e","image/jpeg","1643180","2026-09-19 14:00:23.320994+00","2026-09-19 14:00:24.491886+00"
"f48560e4-be20-5f10-a3be-9b01426ab82a","t-001","f-001","b-001","wv-001","20260919_140322","farmiq-media","tenants/t-001/farms/f-001/barns/b-001/devices/wv-001/images/2026/09/19/dc7cb3a2-c90f-42ce-8b22-7b8acd6dfc48.jpg","db52b4b0ded4f119ff48d1fe35895d7e","image/jpeg","1524207","2026-09-19 14:03:22.175626+00","2026-09-19 14:03:23.363647+00"
"d53126d9-ae7d-5af8-98ec-56aedb6d3abf","t-001","f-001","b-001","wv-001","20260919_140322","farmiq-media","tenants/t-001/farms/f-001/barns/b-001/devices/wv-001/images/2026/09/19/152e5e9f-4aa6-42c4-9427-21a3eb8abf40.jpg","a7ce4b9a8f453e230c6b49b7430c9563","image/jpeg","1548173","2026-09-19 14:03:22.175626+00","2026-09-19 14:03:23.65301+00"
"c8c6e9c4-dbc6-5f48-9e11-d5696f480859","t-001","f-001","b-001","wv-001","20260919_140422","farmiq-media","tenants/t-001/farms/f-001/barns/b-001/devices/wv-001/images/2026/09/19/2eda7b0a-98f9-4719-a00e-83581a578a3b.jpg","86eabb423d90bccfec97f964bc03e01d","image/jpeg","1598103","2026-09-19 14:04:22.199136+00","2026-09-19 14:04:23.549768+00"
"58d4f089-aaf3-5340-833f-8ffe612647a1","t-001","f-001","b-001","wv-001","20260919_140422","farmiq-media","tenants/t-001/farms/f-001/barns/b-001/devices/wv-001/images/2026/09/19/870512b5-b1b8-47b5-b25c-c0f5f9be8792.jpg","2f954f31871aabaaeea4e86eea3a27dd","image/jpeg","1621330","2026-09-19 14:04:22.199136+00","2026-09-19 14:04:23.807618+00"
"5e4adbeb-be95-5eed-9da1-929a4232f098","t-001","f-001","b-001","wv-001","20260919_140703","farmiq-media","tenants/t-001/farms/f-001/barns/b-001/devices/wv-001/images/2026/09/19/8df9328d-8d19-4f11-9324-96fcf7da038b.jpg","9c0193d83db3c03fb1904c27c377014b","image/jpeg","1576972","2026-09-19 14:07:03.580767+00","2026-09-19 14:07:04.58478+00"
"414db108-ccbf-530d-aa5a-265e8f967992","t-001","f-001","b-001","wv-001","20260919_140703","farmiq-media","tenants/t-001/farms/f-001/barns/b-001/devices/wv-001/images/2026/09/19/3982091d-bba9-441a-8c6b-d25f0e65684b.jpg","93d27560db24b7428c0947e6b631ce67","image/jpeg","1596980","2026-09-19 14:07:03.580767+00","2026-09-19 14:07:04.861014+00"
"32664060-a1be-522a-a451-56033936df3a","t-001","f-001","b-001","wv-001","20260919_140722","farmiq-media","tenants/t-001/farms/f-001/barns/b-001/devices/wv-001/images/2026/09/19/680001c0-e218-4ebf-9987-05f46c64ed5a.jpg","2564697439a8e0fb70b447078760455b","image/jpeg","1941474","2026-09-19 14:07:22.812033+00","2026-09-19 14:07:24.45711+00"
"dee0609a-0eef-500b-aa20-4ec75b93fcf1","t-001","f-001","b-001","wv-001","20260919_140722","farmiq-media","tenants/t-001/farms/f-001/barns/b-001/devices/wv-001/images/2026/09/19/94d1c85e-82c6-4d3b-a779-61bc5a912340.jpg","eaec4ca486973df695aa698a5e0bcb8e","image/jpeg","1954434","2026-09-19 14:07:22.812033+00","2026-09-19 14:07:24.759399+00"
"f930112f-8754-5a2f-ab5f-a78769f7614e","t-001","f-001","b-001","wv-001","20260919_140757","farmiq-media","tenants/t-001/farms/f-001/barns/b-001/devices/wv-001/images/2026/09/19/c0644c8d-d59c-402b-9c0b-0bc7c019c9df.jpg","c188855152b9e5ef068530468d19053c","image/jpeg","1549183","2026-09-19 14:07:57.127636+00","2026-09-19 14:07:58.431154+00"
"736f7cc1-072d-5e7f-b7a6-b06a218c5ff9","t-001","f-001","b-001","wv-001","20260919_140757","farmiq-media","tenants/t-001/farms/f-001/barns/b-001/devices/wv-001/images/2026/09/19/02f81a37-00c0-442c-9bfa-297999e7abb7.jpg","35e2c1f5934c913506bc9fd6da021140","image/jpeg","1566934","2026-09-19 14:07:57.127636+00","2026-09-19 14:07:58.717396+00"
"7ab3c02b-94b1-54b0-a8e0-60b844a41cc4","t-001","f-001","b-001","wv-001","20260919_140810","farmiq-media","tenants/t-001/farms/f-001/barns/b-001/devices/wv-001/images/2026/09/19/16a18059-35e7-4102-97ee-4c4acee1bb0e.jpg","4f1bf30c09d3455174f40c5ca010cc79","image/jpeg","1574747","2026-09-19 14:08:10.31403+00","2026-09-19 14:08:12.16006+00"
"22486238-58cb-5b63-b083-ea9fb68234f5","t-001","f-001","b-001","wv-001","20260919_140810","farmiq-media","tenants/t-001/farms/f-001/barns/b-001/devices/wv-001/images/2026/09/19/b2309247-f7ee-42eb-ba1b-04a3808aab7c.jpg","f47b0a363f02a5895318de6b68386c00","image/jpeg","1591658","2026-09-19 14:08:10.31403+00","2026-09-19 14:08:12.409099+00"
"8d73d5c1-2746-52cf-bf1b-0f6f725e7048","t-001","f-001","b-001","wv-001","20260919_140823","farmiq-media","tenants/t-001/farms/f-001/barns/b-001/devices/wv-001/images/2026/09/19/392d0d41-0009-46a3-85e7-5afb440e3ef9.jpg","8c264e7c43e9d35dbc93b693c2ea8dbd","image/jpeg","1530582","2026-09-19 14:08:23.069136+00","2026-09-19 14:08:23.811086+00"
"d9056fb0-96ab-593a-a0a9-a2c3b74c2d03","t-001","f-001","b-001","wv-001","20260919_140823","farmiq-media","tenants/t-001/farms/f-001/barns/b-001/devices/wv-001/images/2026/09/19/5a1ffe3e-a3c6-4b4a-a9c7-6f12bac9cda4.jpg","b9889e83f60c2d9f9ca7a272dc1055d2","image/jpeg","1553568","2026-09-19 14:08:23.069136+00","2026-09-19 14:08:24.028522+00"
"244cf355-2f6c-52af-94ec-3157acb9420f","t-001","f-001","b-001","wv-001","20260919_140905","farmiq-media","tenants/t-001/farms/f-001/barns/b-001/devices/wv-001/images/2026/09/19/137075d7-f530-4732-b8b3-080a07901524.jpg","d405a62a13f128db9db856acf6bdd674","image/jpeg","1644449","2026-09-19 14:09:05.598932+00","2026-09-19 14:09:07.828346+00"
"6c3b159a-a4ca-585f-83ab-4e96de14b2c2","t-001","f-001","b-001","wv-001","20260919_140905","farmiq-media","tenants/t-001/farms/f-001/barns/b-001/devices/wv-001/images/2026/09/19/48c741db-ccaf-44d4-bc29-52b625326b77.jpg","9675c21bbf197bd4de7f027ad379ce84","image/jpeg","1666885","2026-09-19 14:09:05.598932+00","2026-09-19 14:09:08.092547+00"
"003a69c8-e7d4-5807-baaa-7dc7c5870ce8","t-001","f-001","b-001","wv-001","20260919_141005","farmiq-media","tenants/t-001/farms/f-001/barns/b-001/devices/wv-001/images/2026/09/19/3a9eeee8-607d-46e9-893a-d64d64d0bb36.jpg","e4acacf73f5379f4516d90858d5f4fef","image/jpeg","1578943","2026-09-19 14:10:05.579208+00","2026-09-19 14:10:08.619317+00"
"5ab3f495-7348-5c36-940c-084495eb885e","t-001","f-001","b-001","wv-001","20260919_141005","farmiq-media","tenants/t-001/farms/f-001/barns/b-001/devices/wv-001/images/2026/09/19/cd0f8f4a-e45c-4baf-aa0d-c274d657fb34.jpg","2968e77f4b45c2f6afa134191948c406","image/jpeg","1595317","2026-09-19 14:10:05.579208+00","2026-09-19 14:10:10.699904+00"
"0fd05cee-ec76-5853-9414-ec1740910b91","t-001","f-001","b-001","wv-001","20260919_141029","farmiq-media","tenants/t-001/farms/f-001/barns/b-001/devices/wv-001/images/2026/09/19/2c03a184-d3ba-49b4-8dac-27bb4dfb09ab.jpg","ee6cda2ffbe85817e204fbc1ae667467","image/jpeg","1642028","2026-09-19 14:10:29.581243+00","2026-09-19 14:10:35.325941+00"
"bc30ca02-8156-5087-a6ac-f324619ef330","t-001","f-001","b-001","wv-001","20260919_141029","farmiq-media","tenants/t-001/farms/f-001/barns/b-001/devices/wv-001/images/2026/09/19/d75d2355-2e1d-431c-8976-746cbceaa7b8.jpg","764d66298ced40fa232b581c54e22882","image/jpeg","1662914","2026-09-19 14:10:29.581243+00","2026-09-19 14:10:36.898492+00"
"9c7e5d0d-f99b-5130-8356-5f74b639c7a0","t-001","f-001","b-001","wv-001","20260919_141226","farmiq-media","tenants/t-001/farms/f-001/barns/b-001/devices/wv-001/images/2026/09/19/a97e60cd-8b48-4e6b-b8ed-22ecc71319b4.jpg","d35359f4597d89d8ba2427317626d986","image/jpeg","1558389","2026-09-19 14:12:26.226242+00","2026-09-19 14:12:27.246715+00"
"7fbb027e-22b2-503a-9df4-d73408a8bbbd","t-001","f-001","b-001","wv-001","20260919_141226","farmiq-media","tenants/t-001/farms/f-001/barns/b-001/devices/wv-001/images/2026/09/19/12b4fb13-ea18-4fcb-af2d-6f5d74d041f3.jpg","d2d68df39462b311f5b8f3e52e705622","image/jpeg","1581060","2026-09-19 14:12:26.226242+00","2026-09-19 14:12:27.500819+00"
"983d8876-07e4-5159-a692-9016f1776943","t-001","f-001","b-001","wv-001","20260919_141318","farmiq-media","tenants/t-001/farms/f-001/barns/b-001/devices/wv-001/images/2026/09/19/aa2c4b8e-5896-487d-8c28-4f940fa97c14.jpg","ba5e08508a10db0398e029731e44b2f9","image/jpeg","1560221","2026-09-19 14:13:18.018549+00","2026-09-19 14:13:19.456568+00"
"746606f9-d27b-5b61-854f-c79085c5537c","t-001","f-001","b-001","wv-001","20260919_141318","farmiq-media","tenants/t-001/farms/f-001/barns/b-001/devices/wv-001/images/2026/09/19/b8169270-6077-4b6f-a2e2-1451f0e2eb49.jpg","c406ffb8f2a5de6e907654803e500fde","image/jpeg","1583865","2026-09-19 14:13:18.018549+00","2026-09-19 14:13:19.71698+00"
"b21726e3-b4fa-581d-9529-89c60519ed21","t-001","f-001","b-001","wv-001","20260919_141359","farmiq-media","tenants/t-001/farms/f-001/barns/b-001/devices/wv-001/images/2026/09/19/46acbbfb-da7e-4104-892b-50a73fe5a35c.jpg","62d805d2bfaa3cedbc5c42ac54f9996b","image/jpeg","1559352","2026-09-19 14:13:59.120561+00","2026-09-19 14:13:59.558012+00"
"7fc58a75-d62e-5f73-9776-406ed5dbcbaa","t-001","f-001","b-001","wv-001","20260919_141359","farmiq-media","tenants/t-001/farms/f-001/barns/b-001/devices/wv-001/images/2026/09/19/cbc0f825-2559-49bb-9633-b7ea43400c02.jpg","c985df4af266cf3c5907ff3e66826d53","image/jpeg","1575730","2026-09-19 14:13:59.120561+00","2026-09-19 14:13:59.819994+00"
"a14fdc1d-45c0-50b3-8a73-b3918e0e7d2a","t-001","f-001","b-001","wv-001","20260919_141454","farmiq-media","tenants/t-001/farms/f-001/barns/b-001/devices/wv-001/images/2026/09/19/45f4f282-d0cd-4968-9d7f-67cdbdd61aff.jpg","f546c4d5e59a564251c7a0e91992f096","image/jpeg","1721271","2026-09-19 14:14:54.192585+00","2026-09-19 14:14:55.826894+00"
"f0dbeda5-8ba8-5ebf-9ae5-826470e00cae","t-001","f-001","b-001","wv-001","20260919_141454","farmiq-media","tenants/t-001/farms/f-001/barns/b-001/devices/wv-001/images/2026/09/19/a0718ce5-694b-4824-82a8-39dce3cf9031.jpg","a477837d6b212a490b5fe70e5a2a465b","image/jpeg","1736074","2026-09-19 14:14:54.192585+00","2026-09-19 14:14:56.111051+00"
"5bc103a5-60fb-51ce-9f01-67af3dd23c63","t-001","f-001","b-001","wv-001","20260919_141514","farmiq-media","tenants/t-001/farms/f-001/barns/b-001/devices/wv-001/images/2026/09/19/7ce1aff9-7b2b-422a-bec1-ea76dbebf919.jpg","80566c92c001fb9a349c5a0ea3f16b0c","image/jpeg","1613923","2026-09-19 14:15:14.755806+00","2026-09-19 14:15:15.639426+00"
"8d96f2c7-8da8-5091-853f-53a4ff179b31","t-001","f-001","b-001","wv-001","20260919_141514","farmiq-media","tenants/t-001/farms/f-001/barns/b-001/devices/wv-001/images/2026/09/19/a50ce940-5187-406e-b691-208326a2a156.jpg","6c439596e958d3701c944cc6db9a4f0f","image/jpeg","1635291","2026-09-19 14:15:14.755806+00","2026-09-19 14:15:15.843287+00"
"2192f043-fe35-5eab-9828-aec122c73151","t-001","f-001","b-001","wv-001","20260919_141605","farmiq-media","tenants/t-001/farms/f-001/barns/b-001/devices/wv-001/images/2026/09/19/af374732-ea78-406b-8fa7-12167c69efb5.jpg","9e69aa51d375999c3aa5d5046dc4cbff","image/jpeg","1608224","2026-09-19 14:16:05.44969+00","2026-09-19 14:16:07.716199+00"
"b26de151-666c-5ca1-ba60-b267cbb8d4fb","t-001","f-001","b-001","wv-001","20260919_141605","farmiq-media","tenants/t-001/farms/f-001/barns/b-001/devices/wv-001/images/2026/09/19/35f4036d-684f-4f51-bbfc-69622ef5d00c.jpg","437f7c3b70a18be323e4f648aafd5616","image/jpeg","1624943","2026-09-19 14:16:05.44969+00","2026-09-19 14:16:07.981386+00"
"8e5ae3c9-f7f4-5e33-b858-f093b318eaee","t-001","f-001","b-001","wv-001","20260919_141632","farmiq-media","tenants/t-001/farms/f-001/barns/b-001/devices/wv-001/images/2026/09/19/12da8e18-3c27-4744-b351-eeef8174043e.jpg","10520ffba60a6960f6a2e9a6e6c4c57e","image/jpeg","1525026","2026-09-19 14:16:32.01308+00","2026-09-19 14:16:33.617791+00"
"1da259e8-9f43-51af-9f7d-523703d218f8","t-001","f-001","b-001","wv-001","20260919_141632","farmiq-media","tenants/t-001/farms/f-001/barns/b-001/devices/wv-001/images/2026/09/19/4eefb406-cdb4-4f54-b053-20411ae175ff.jpg","85f8a0906cddb50c0fc4ce982a882a75","image/jpeg","1542598","2026-09-19 14:16:32.01308+00","2026-09-19 14:16:33.887915+00"
"df809834-07aa-5dc0-bbda-d80699ed6e0f","t-001","f-001","b-001","wv-001","20260919_141648","farmiq-media","tenants/t-001/farms/f-001/barns/b-001/devices/wv-001/images/2026/09/19/dc22b3a3-6886-4d4e-837a-8f563fdfa728.jpg","ac191f0197ebe367c5b02c0e13f3ab50","image/jpeg","1674829","2026-09-19 14:16:48.665184+00","2026-09-19 14:16:49.475374+00"
"ff42883c-843b-5428-b98d-d6d08b209a65","t-001","f-001","b-001","wv-001","20260919_141648","farmiq-media","tenants/t-001/farms/f-001/barns/b-001/devices/wv-001/images/2026/09/19/cad237cb-5fd1-4e68-a85d-0fb4e7168581.jpg","1e1daf0e77dda13f1ea0f1551f45d76f","image/jpeg","1691214","2026-09-19 14:16:48.665184+00","2026-09-19 14:16:49.770368+00"
"c110125f-8740-5b01-84fc-8a8ee2372e90","t-001","f-001","b-001","wv-001","20260919_141719","farmiq-media","tenants/t-001/farms/f-001/barns/b-001/devices/wv-001/images/2026/09/19/0645d040-edb2-4005-ba6a-266446ba53a0.jpg","ce6059a5facd7fc998b8ca3cccfa53fb","image/jpeg","1575242","2026-09-19 14:17:19.181019+00","2026-09-19 14:17:21.404984+00"
"c3ed6393-96c6-5f1e-8a65-acc65f029298","t-001","f-001","b-001","wv-001","20260919_141719","farmiq-media","tenants/t-001/farms/f-001/barns/b-001/devices/wv-001/images/2026/09/19/95e084b6-123e-4ce3-ab4e-24ebdff21989.jpg","b1b8b46cf6814c720159a576cf1d0a91","image/jpeg","1599354","2026-09-19 14:17:19.181019+00","2026-09-19 14:17:21.642222+00"
"4553a15f-7729-5cd6-8c39-6974cbd29bcb","t-001","f-001","b-001","wv-001","20260919_141846","farmiq-media","tenants/t-001/farms/f-001/barns/b-001/devices/wv-001/images/2026/09/19/e8f96d36-c7b7-4ad3-ba4f-f0133f7eb2ec.jpg","d85f0b2e7a4b18361b4c28de289bd0cb","image/jpeg","1624282","2026-09-19 14:18:46.777436+00","2026-09-19 14:18:47.734265+00"
"f8297744-3cf2-504f-8e7d-d098410b1af9","t-001","f-001","b-001","wv-001","20260919_141846","farmiq-media","tenants/t-001/farms/f-001/barns/b-001/devices/wv-001/images/2026/09/19/bb03308e-35ad-415a-b8a4-53b4c8f7ff31.jpg","79cca6f2a737f1604391cb6b1519b28b","image/jpeg","1647245","2026-09-19 14:18:46.777436+00","2026-09-19 14:18:48.007107+00"
"0096b8ef-109f-512f-90a9-f3e110217220","t-001","f-001","b-001","wv-001","20260919_141944","farmiq-media","tenants/t-001/farms/f-001/barns/b-001/devices/wv-001/images/2026/09/19/8903253d-a61b-430f-a790-e78b81f9e635.jpg","764eea7c1f97d799537ce06c46600dfc","image/jpeg","1528930","2026-09-19 14:19:44.054721+00","2026-09-19 14:19:45.828438+00"
"4daaf36e-78de-597e-bfef-6a7c7e6e34b9","t-001","f-001","b-001","wv-001","20260919_141944","farmiq-media","tenants/t-001/farms/f-001/barns/b-001/devices/wv-001/images/2026/09/19/fcb2cafd-91a2-4271-9bbe-0673ce84780c.jpg","d0f30d8b586aca45770654f8881aa555","image/jpeg","1551601","2026-09-19 14:19:44.054721+00","2026-09-19 14:19:46.08459+00"
"ddfb3aa5-7797-51aa-9786-bd97b58a31e0","t-001","f-001","b-001","wv-001","20260919_142924","farmiq-media","tenants/t-001/farms/f-001/barns/b-001/devices/wv-001/images/2026/09/19/c564b1bb-6072-4560-92ff-8d6ff6e38766.jpg","3b7bada94cd1288fe0b3fe0a6dc07d3d","image/jpeg","1742015","2026-09-19 14:29:24.337582+00","2026-09-19 14:29:26.208308+00"
"d5b48c80-8444-543f-8e2f-88f792af9392","t-001","f-001","b-001","wv-001","20260919_142924","farmiq-media","tenants/t-001/farms/f-001/barns/b-001/devices/wv-001/images/2026/09/19/a6843bd8-629a-451e-a970-ac5a189d64bf.jpg","56ca33cdd1beda26d27ae7b05561ac75","image/jpeg","1763326","2026-09-19 14:29:24.337582+00","2026-09-19 14:29:26.524579+00"
"e6f8737a-327d-5a4e-8d85-49c08e0a718b","t-001","f-001","b-001","wv-001","20260919_143127","farmiq-media","tenants/t-001/farms/f-001/barns/b-001/devices/wv-001/images/2026/09/19/9c7fd442-2dae-436a-901f-e86119294155.jpg","1b4b3cad720a2cda1d29090a273faad3","image/jpeg","1743790","2026-09-19 14:31:27.625125+00","2026-09-19 14:31:29.057349+00"
"b0a08ba1-3104-5a3e-ac34-c1c36b655550","t-001","f-001","b-001","wv-001","20260919_143127","farmiq-media","tenants/t-001/farms/f-001/barns/b-001/devices/wv-001/images/2026/09/19/5c92050d-ea36-49f9-8a4c-ac6debebfefc.jpg","2a7d8242eb67d1c583c5ddffc39f95e7","image/jpeg","1758956","2026-09-19 14:31:27.625125+00","2026-09-19 14:31:29.32754+00"
"263a0ca2-7851-5bfb-8186-05cff2be3ccb","t-001","f-001","b-001","wv-001","20260919_143138","farmiq-media","tenants/t-001/farms/f-001/barns/b-001/devices/wv-001/images/2026/09/19/893807d0-1c54-4f7c-bbf4-624e930f48ba.jpg","947ebd34cf8baae3a9ee6010adde4e37","image/jpeg","1633394","2026-09-19 14:31:38.839963+00","2026-09-19 14:31:40.868516+00"
"e50cfff7-faad-55e7-94bb-2c3d0056c563","t-001","f-001","b-001","wv-001","20260919_143138","farmiq-media","tenants/t-001/farms/f-001/barns/b-001/devices/wv-001/images/2026/09/19/fa7bf26c-80ce-42b3-a463-4b80c6d1fb8c.jpg","6fe035ab06af18d0336588456c2061ee","image/jpeg","1650555","2026-09-19 14:31:38.839963+00","2026-09-19 14:31:41.138566+00"
"5208d03f-50a6-5fb3-a8f9-90006991135d","t-001","f-001","b-001","wv-001","20260919_143201","farmiq-media","tenants/t-001/farms/f-001/barns/b-001/devices/wv-001/images/2026/09/19/6ec87e13-2974-4e44-b400-b768dad1719c.jpg","faa14fbd033d561df17e747200390d9a","image/jpeg","1538795","2026-09-19 14:32:01.178852+00","2026-09-19 14:32:02.668363+00"
"b9ea9916-74bd-5fd3-a940-acfbaf0a752c","t-001","f-001","b-001","wv-001","20260919_143201","farmiq-media","tenants/t-001/farms/f-001/barns/b-001/devices/wv-001/images/2026/09/19/26b291d7-a91c-48e7-8bf1-57bb18a31ddf.jpg","4153270a2a7497a51f73ae01d026f1ed","image/jpeg","1562007","2026-09-19 14:32:01.178852+00","2026-09-19 14:32:02.950461+00"
"faf6de1e-05d8-5c60-b355-9d1eb085b159","t-001","f-001","b-001","wv-001","20260919_143225","farmiq-media","tenants/t-001/farms/f-001/barns/b-001/devices/wv-001/images/2026/09/19/e323687d-bbf3-4134-85d3-ef9247a22f1e.jpg","6bf748d1643a81043c130055f3a30e55","image/jpeg","1484657","2026-09-19 14:32:25.343588+00","2026-09-19 14:32:30.06895+00"
"834012e5-1e23-5b31-86be-3ebed818f637","t-001","f-001","b-001","wv-001","20260919_143225","farmiq-media","tenants/t-001/farms/f-001/barns/b-001/devices/wv-001/images/2026/09/19/deeb73bd-3004-4c46-92ab-dbf01562b6f6.jpg","a6d55f0afe99cc6d48dfa3e2180febd3","image/jpeg","1506628","2026-09-19 14:32:25.343588+00","2026-09-19 14:32:42.458559+00"
"3452bf95-9660-53cd-ba2f-647ab3f8b80f","t-001","f-001","b-001","wv-001","20260919_143327","farmiq-media","tenants/t-001/farms/f-001/barns/b-001/devices/wv-001/images/2026/09/19/6a6f6a6d-4b89-4c54-a419-6d4f04d169e0.jpg","e97e2548d843bdbdc6dccb8fcd993dd5","image/jpeg","1629866","2026-09-19 14:33:27.080007+00","2026-09-19 14:33:28.405724+00"
"c2818a12-336e-5758-8431-798cc778cadb","t-001","f-001","b-001","wv-001","20260919_143327","farmiq-media","tenants/t-001/farms/f-001/barns/b-001/devices/wv-001/images/2026/09/19/83533e9c-7e65-4489-beff-81e2d9e3051d.jpg","cae8f54003f66013715f712e5ddd80bd","image/jpeg","1646551","2026-09-19 14:33:27.080007+00","2026-09-19 14:33:28.681826+00"
"6cb5782e-f8c4-51ec-80d6-d3171071fa7a","t-001","f-001","b-001","wv-001","20260919_143345","farmiq-media","tenants/t-001/farms/f-001/barns/b-001/devices/wv-001/images/2026/09/19/18ce48bd-398b-4e72-b447-3e7a684a8d07.jpg","70c54415ac20f77a224bda3b5d66a49c","image/jpeg","1617150","2026-09-19 14:33:45.182483+00","2026-09-19 14:33:46.205157+00"
"d280065b-34f7-5a39-b4ce-8c0b590c5e3a","t-001","f-001","b-001","wv-001","20260919_143345","farmiq-media","tenants/t-001/farms/f-001/barns/b-001/devices/wv-001/images/2026/09/19/52ed575b-4acb-4e45-8f98-6e41eafdd325.jpg","b67443c09e81633933ee47e174686d8d","image/jpeg","1633632","2026-09-19 14:33:45.182483+00","2026-09-19 14:33:46.453943+00"
"f4adedc3-6914-512d-9591-f8baf464daf9","t-001","f-001","b-001","wv-001","20260919_143349","farmiq-media","tenants/t-001/farms/f-001/barns/b-001/devices/wv-001/images/2026/09/19/c514d298-0c9c-4872-9780-34a8d3ea2ec3.jpg","a234b60ba352793ecafd61f8d557419e","image/jpeg","1592867","2026-09-19 14:33:49.323429+00","2026-09-19 14:33:51.866263+00"
"4b9fd83d-0a10-5b6a-accc-cb27e2599c9b","t-001","f-001","b-001","wv-001","20260919_143349","farmiq-media","tenants/t-001/farms/f-001/barns/b-001/devices/wv-001/images/2026/09/19/85ddccdf-f1c1-4d05-9f14-32011d81f3df.jpg","76e84dcf9eb52c02b40e21b7241e816f","image/jpeg","1615197","2026-09-19 14:33:49.323429+00","2026-09-19 14:33:52.135766+00"
"12f481a0-5d2c-5a16-91e2-6b30d1a79943","t-001","f-001","b-001","wv-001","20260919_143419","farmiq-media","tenants/t-001/farms/f-001/barns/b-001/devices/wv-001/images/2026/09/19/95ee5f2a-9e0e-4726-98d3-b0afaffcaf3f.jpg","f0723820899fd025b2ca8347688ce378","image/jpeg","1560868","2026-09-19 14:34:19.464015+00","2026-09-19 14:34:21.842465+00"
"60bee2c2-1f3a-5020-9a15-871e45610ed1","t-001","f-001","b-001","wv-001","20260919_143419","farmiq-media","tenants/t-001/farms/f-001/barns/b-001/devices/wv-001/images/2026/09/19/3b91ca5c-d304-45ec-80de-ed075a6548a6.jpg","0c48b10a5fd9a31584d773a847bb4c96","image/jpeg","1582803","2026-09-19 14:34:19.464015+00","2026-09-19 14:34:22.10646+00"
"cf4b4e9b-0645-566d-bd04-95939489167b","t-001","f-001","b-001","wv-001","20260919_143738","farmiq-media","tenants/t-001/farms/f-001/barns/b-001/devices/wv-001/images/2026/09/19/66ea11c9-aeaf-43df-a89b-a7373a89d93e.jpg","f881ffd7558048351fbaa1ca34b75b94","image/jpeg","1550397","2026-09-19 14:37:38.431668+00","2026-09-19 14:37:39.048689+00"
"19bd2657-ee20-5fa5-9154-e1d70ac8e19a","t-001","f-001","b-001","wv-001","20260919_143738","farmiq-media","tenants/t-001/farms/f-001/barns/b-001/devices/wv-001/images/2026/09/19/88ab35c1-65ec-4c4a-a28b-b0105f3a5416.jpg","78a485eff8b288458d0665f6de0afcfa","image/jpeg","1566981","2026-09-19 14:37:38.431668+00","2026-09-19 14:37:39.325817+00"
"98ce53c7-3112-53b4-b9c2-e3365752ac68","t-001","f-001","b-001","wv-001","20260919_143912","farmiq-media","tenants/t-001/farms/f-001/barns/b-001/devices/wv-001/images/2026/09/19/a626e85b-c87a-4d56-828d-734ae5abae47.jpg","cc1b532a21e5e5a13d40c9c510b35d6a","image/jpeg","1548573","2026-09-19 14:39:12.94014+00","2026-09-19 14:39:13.509064+00"
"39f035db-fded-52ad-8a27-b2e0d7e9dc1a","t-001","f-001","b-001","wv-001","20260919_143912","farmiq-media","tenants/t-001/farms/f-001/barns/b-001/devices/wv-001/images/2026/09/19/e783bb33-a2ec-406b-8ab8-7f3f84211e60.jpg","6b9ac9f4b24e30be1da278b11eb8f53c","image/jpeg","1565570","2026-09-19 14:39:12.94014+00","2026-09-19 14:39:13.85723+00"
"812af303-d14a-5d9f-92b9-ae6166e3f7b7","t-001","f-001","b-001","wv-001","20260919_144225","farmiq-media","tenants/t-001/farms/f-001/barns/b-001/devices/wv-001/images/2026/09/19/9986215d-202e-430a-ac76-0106a37b29e5.jpg","705a31d32c56d854d9007af229f57e8c","image/jpeg","1524742","2026-09-19 14:42:25.808692+00","2026-09-19 14:42:26.860595+00"
"6b623623-a1ac-53ec-abaa-f324eb6bdd3e","t-001","f-001","b-001","wv-001","20260919_144225","farmiq-media","tenants/t-001/farms/f-001/barns/b-001/devices/wv-001/images/2026/09/19/d8e7e4e3-0673-4fb7-8945-5a822ca0924c.jpg","065fbf9df69ac4a15bdb6806843453f1","image/jpeg","1541855","2026-09-19 14:42:25.808692+00","2026-09-19 14:42:27.091323+00"
"f00a9339-2bc5-5542-812e-e04ff3997855","t-001","f-001","b-001","wv-001","20260919_144244","farmiq-media","tenants/t-001/farms/f-001/barns/b-001/devices/wv-001/images/2026/09/19/a41d8396-36dd-4805-aff6-9129f76447b5.jpg","9573a454403de0ed90c367b563ddf4bd","image/jpeg","1559349","2026-09-19 14:42:44.017782+00","2026-09-19 14:42:44.761456+00"
"e97986d8-3271-5dcc-a923-10200284ad81","t-001","f-001","b-001","wv-001","20260919_144244","farmiq-media","tenants/t-001/farms/f-001/barns/b-001/devices/wv-001/images/2026/09/19/19e41618-0868-43ff-98f8-e7612501ebb4.jpg","650c27c3aa064b3baccb2480b345ad5f","image/jpeg","1577531","2026-09-19 14:42:44.017782+00","2026-09-19 14:42:45.01873+00"
"e5d3b6fa-275f-5cd9-b502-82f65959bace","t-001","f-001","b-001","wv-001","20260919_153008","farmiq-media","tenants/t-001/farms/f-001/barns/b-001/devices/wv-001/images/2026/09/19/6695112d-ddea-43e3-9fdd-98bf770987ef.jpg","0fe7be69d1caaa9c9e04ae95aac6a910","image/jpeg","1501416","2026-09-19 15:30:08.694169+00","2026-09-19 15:30:10.980132+00"
"aa096493-4f8b-5ae0-a04c-152f96cc3d07","t-001","f-001","b-001","wv-001","20260919_153008","farmiq-media","tenants/t-001/farms/f-001/barns/b-001/devices/wv-001/images/2026/09/19/74eec510-ebab-4ff8-845d-765eb73f2da8.jpg","2a2627e320fc3e4322d280fbb14cbfdb","image/jpeg","1520948","2026-09-19 15:30:08.694169+00","2026-09-19 15:30:11.227875+00"
"ed5d8ff4-bf85-576d-9ddc-fec31101b45a","t-001","f-001","b-001","wv-001","20260919_153400","farmiq-media","tenants/t-001/farms/f-001/barns/b-001/devices/wv-001/images/2026/09/19/4c533da4-1664-4950-a37e-269a8022376b.jpg","024f2ccdc76091ae84d120f325991481","image/jpeg","1740127","2026-09-19 15:34:00.172727+00","2026-09-19 15:34:00.544117+00"
"6e40e230-868d-5338-a701-2d6251ed0600","t-001","f-001","b-001","wv-001","20260919_153400","farmiq-media","tenants/t-001/farms/f-001/barns/b-001/devices/wv-001/images/2026/09/19/ff74e0d6-9931-4c21-a69f-c427e6ccde26.jpg","688f8e871dcbbf59a59e6e155265aa9f","image/jpeg","1755412","2026-09-19 15:34:00.172727+00","2026-09-19 15:34:00.824379+00"
"2b50b392-8fda-5d7d-95f8-7ad2829ae0ae","t-001","f-001","b-001","wv-001","20260919_153431","farmiq-media","tenants/t-001/farms/f-001/barns/b-001/devices/wv-001/images/2026/09/19/2af4353e-a373-4205-9b2b-d2a54d5c9a82.jpg","9936d1ea12bbe01bd6631d83bd748867","image/jpeg","1554781","2026-09-19 15:34:31.126764+00","2026-09-19 15:34:32.485939+00"
"28d4bc36-836f-5f35-8a94-193f4a27326c","t-001","f-001","b-001","wv-001","20260919_153431","farmiq-media","tenants/t-001/farms/f-001/barns/b-001/devices/wv-001/images/2026/09/19/eac74777-19ac-45f3-8a09-9520cea7c843.jpg","dd4c64344985b668fc3e24a033ddd73f","image/jpeg","1579187","2026-09-19 15:34:31.126764+00","2026-09-19 15:34:32.761841+00"
"86b8bf23-5815-53f5-b0e9-4e2cce93fd53","t-001","f-001","b-001","wv-001","20260919_153452","farmiq-media","tenants/t-001/farms/f-001/barns/b-001/devices/wv-001/images/2026/09/19/ffaee1f5-aa7d-400e-8055-9d24add0f7c7.jpg","41edd0c655008538aadbacdbe4c82eef","image/jpeg","1543730","2026-09-19 15:34:52.804214+00","2026-09-19 15:34:54.362862+00"
"90143c46-f757-5e05-a9e6-8000630cb512","t-001","f-001","b-001","wv-001","20260919_153452","farmiq-media","tenants/t-001/farms/f-001/barns/b-001/devices/wv-001/images/2026/09/19/ca71ca32-c143-4e0c-a454-043897d78cfe.jpg","53dab7c5018fb27c86c265463ddd70de","image/jpeg","1567970","2026-09-19 15:34:52.804214+00","2026-09-19 15:34:54.611919+00"
"6788d609-5b84-5e73-a35a-6d13979e186d","t-001","f-001","b-001","wv-001","20260919_153655","farmiq-media","tenants/t-001/farms/f-001/barns/b-001/devices/wv-001/images/2026/09/19/afa61a99-93b5-4571-bcd2-0f9097eb17ab.jpg","888f3f2848ae4841a18a0fe59ee0c349","image/jpeg","1513169","2026-09-19 15:36:55.12973+00","2026-09-19 15:36:57.050013+00"
"6108e148-ae34-5572-9c2c-08cc652ee4b0","t-001","f-001","b-001","wv-001","20260919_153655","farmiq-media","tenants/t-001/farms/f-001/barns/b-001/devices/wv-001/images/2026/09/19/afbc7237-d8e5-45c0-97b2-832740a4a1bf.jpg","e3d31b3d99f2212937c0c58283a06714","image/jpeg","1536785","2026-09-19 15:36:55.12973+00","2026-09-19 15:36:57.325032+00"
"4ef30556-0fd7-5519-86f0-7a8b351814f4","t-001","f-001","b-001","wv-001","20260919_153754","farmiq-media","tenants/t-001/farms/f-001/barns/b-001/devices/wv-001/images/2026/09/19/84397403-740d-44be-8512-5a9ba8d93862.jpg","fa89b1fb985deda7e081cb6726e9df8d","image/jpeg","1273879","2026-09-19 15:37:54.977196+00","2026-09-19 15:37:57.179769+00"
"8bed886b-c962-505c-8d17-7ca0871e2a7f","t-001","f-001","b-001","wv-001","20260919_153754","farmiq-media","tenants/t-001/farms/f-001/barns/b-001/devices/wv-001/images/2026/09/19/6aa99fdd-9245-4416-bea4-3fc126af5ac6.jpg","73358162035caf953952896e077b09f7","image/jpeg","1301551","2026-09-19 15:37:54.977196+00","2026-09-19 15:37:57.391391+00"
"1668556a-6902-50f0-b2c6-6edf21e29601","t-001","f-001","b-001","wv-001","20260919_155106","farmiq-media","tenants/t-001/farms/f-001/barns/b-001/devices/wv-001/images/2026/09/19/45e4b71b-1307-4f07-92f1-2666152270d4.jpg","40437667d270af4d1bad162665078826","image/jpeg","1650633","2026-09-19 15:51:06.772092+00","2026-09-19 15:51:07.141596+00"
"0e19b406-184f-5d19-a939-b45c1ba37321","t-001","f-001","b-001","wv-001","20260919_155106","farmiq-media","tenants/t-001/farms/f-001/barns/b-001/devices/wv-001/images/2026/09/19/1278d7b6-5fcd-40a2-a484-f6ccdfe8066b.jpg","24f212f761a4b9e707a160a366cf1359","image/jpeg","1674484","2026-09-19 15:51:06.772092+00","2026-09-19 15:51:07.452073+00"
"dcc7f6f2-8e15-5ab3-8837-514844a25755","t-001","f-001","b-001","wv-001","20260919_155137","farmiq-media","tenants/t-001/farms/f-001/barns/b-001/devices/wv-001/images/2026/09/19/26c08c8c-5745-41f6-97e2-17dda0e8a3ab.jpg","0607150d39a19f5b7edca065040bffb0","image/jpeg","1517486","2026-09-19 15:51:37.952329+00","2026-09-19 15:51:39.104795+00"
"e72ced32-a5a8-557a-9909-a2399c04fabb","t-001","f-001","b-001","wv-001","20260919_155137","farmiq-media","tenants/t-001/farms/f-001/barns/b-001/devices/wv-001/images/2026/09/19/aa65b67b-cde1-440c-bf96-9754280af52b.jpg","6f55245beadecdf9a9f6a7929c35c829","image/jpeg","1543146","2026-09-19 15:51:37.952329+00","2026-09-19 15:51:39.341575+00"
"82adfe37-5fcd-5894-be40-323940440e7c","t-001","f-001","b-001","wv-001","20260919_155447","farmiq-media","tenants/t-001/farms/f-001/barns/b-001/devices/wv-001/images/2026/09/19/b7075dd8-f372-4685-8ded-22f7297a7e4a.jpg","17e0a6e4d5f591ca3e1e527746a5344e","image/jpeg","1428389","2026-09-19 15:54:47.514818+00","2026-09-19 15:54:48.569801+00"
"7eb6670a-ddd1-57d7-8879-c7b14b7c5110","t-001","f-001","b-001","wv-001","20260919_155447","farmiq-media","tenants/t-001/farms/f-001/barns/b-001/devices/wv-001/images/2026/09/19/2519571c-70e1-49e7-a8f0-ae54a2b24891.jpg","2d0ffe5982d9696734c85283ee3aa920","image/jpeg","1453905","2026-09-19 15:54:47.514818+00","2026-09-19 15:54:49.602547+00"
"bdcf4ee5-22db-584f-8c5b-17fa7fdbc999","t-001","f-001","b-001","wv-001","20260919_155523","farmiq-media","tenants/t-001/farms/f-001/barns/b-001/devices/wv-001/images/2026/09/19/39d6f702-4e3f-4f71-9b3b-6d69663e0ae0.jpg","a19c94f3d0069f9fee467c2d2a6fb8e9","image/jpeg","1588768","2026-09-19 15:55:23.595324+00","2026-09-19 15:55:24.097175+00"
"50af35ce-4f2c-55ff-a2e4-8b6be93d2d19","t-001","f-001","b-001","wv-001","20260919_155523","farmiq-media","tenants/t-001/farms/f-001/barns/b-001/devices/wv-001/images/2026/09/19/49eea2a2-a463-4cdf-bf2e-8ecd87baca3f.jpg","de8db21117cd8358d77cf98fe2f68e79","image/jpeg","1607598","2026-09-19 15:55:23.595324+00","2026-09-19 15:55:24.374351+00"
"0947ea31-9f69-56a1-82d2-18f4e7e985ad","t-001","f-001","b-001","wv-001","20260919_155547","farmiq-media","tenants/t-001/farms/f-001/barns/b-001/devices/wv-001/images/2026/09/19/223c2f47-5e1f-4d5b-a886-139a95bfb526.jpg","8e79b22a0c5b5ec910a79f2ae2c3f8b0","image/jpeg","1551874","2026-09-19 15:55:47.719998+00","2026-09-19 15:55:50.064559+00"
"aa46aade-5e99-56c7-ab8b-368c07b0d021","t-001","f-001","b-001","wv-001","20260919_155547","farmiq-media","tenants/t-001/farms/f-001/barns/b-001/devices/wv-001/images/2026/09/19/a93e7df2-3fe8-4267-90d0-1ebe66ddc091.jpg","6097252e03aa917f2fc0acd3d97dd904","image/jpeg","1569982","2026-09-19 15:55:47.719998+00","2026-09-19 15:55:50.316436+00"
"3d90464f-74c2-5437-ab1c-3817375a0a9a","t-001","f-001","b-001","wv-001","20260919_155701","farmiq-media","tenants/t-001/farms/f-001/barns/b-001/devices/wv-001/images/2026/09/19/9699d189-d0b1-43a7-995f-dd37deb5fba8.jpg","779b7a92d9286b8c0d9b184caa21ac6c","image/jpeg","1390279","2026-09-19 15:57:01.790993+00","2026-09-19 15:57:02.264836+00"
"f7c17bcc-7341-5fa6-8856-d3a1263613b1","t-001","f-001","b-001","wv-001","20260919_155701","farmiq-media","tenants/t-001/farms/f-001/barns/b-001/devices/wv-001/images/2026/09/19/07158d0d-82b1-4eb7-87ac-00bc37ab0840.jpg","813eb932f1a7688eeffdad1de31e43ba","image/jpeg","1420111","2026-09-19 15:57:01.790993+00","2026-09-19 15:57:02.512682+00"
"0cbbe2b7-b825-5172-b991-27b58d62ac9c","t-001","f-001","b-001","wv-001","20260919_160630","farmiq-media","tenants/t-001/farms/f-001/barns/b-001/devices/wv-001/images/2026/09/19/005c91e6-4ded-431d-959f-ac579fc26492.jpg","cd40256993a571a8e4fda9d6cbfb5d3a","image/jpeg","1482324","2026-09-19 16:06:30.898592+00","2026-09-19 16:06:32.402805+00"
"7f3e2f59-bd3c-576a-a778-0ae5179e575b","t-001","f-001","b-001","wv-001","20260919_160630","farmiq-media","tenants/t-001/farms/f-001/barns/b-001/devices/wv-001/images/2026/09/19/c1550c71-e6c2-4e65-b464-c496c152d2d6.jpg","bf4285e5b16072ae3830d7cbd1635593","image/jpeg","1507458","2026-09-19 16:06:30.898592+00","2026-09-19 16:06:32.650592+00"
"f775ffa8-386a-5e60-abe3-89d49c12ee11","t-001","f-001","b-001","wv-001","20260919_160702","farmiq-media","tenants/t-001/farms/f-001/barns/b-001/devices/wv-001/images/2026/09/19/a9ea7b1a-c981-42a8-993a-f68eb89a1e25.jpg","a98637ed91f3ff91c3997f967d8b7837","image/jpeg","1602943","2026-09-19 16:07:02.180133+00","2026-09-19 16:07:04.300122+00"
"e3ef56e8-c354-516e-98ac-48095d5c3cfa","t-001","f-001","b-001","wv-001","20260919_160702","farmiq-media","tenants/t-001/farms/f-001/barns/b-001/devices/wv-001/images/2026/09/19/cc4e9cf7-8e63-4cd8-86b4-050e7aa5f4a9.jpg","d9b75b42bc523f34072776223a96b2fd","image/jpeg","1626718","2026-09-19 16:07:02.180133+00","2026-09-19 16:07:04.558597+00"
"a181c209-a5a4-5472-932e-f0b4db86696f","t-001","f-001","b-001","wv-001","20260919_160746","farmiq-media","tenants/t-001/farms/f-001/barns/b-001/devices/wv-001/images/2026/09/19/12d9a42b-8ad4-4b90-9c20-ae2ea2ad560b.jpg","9cef779c23d5c08c8cd52e6ca76750dc","image/jpeg","1567736","2026-09-19 16:07:46.508243+00","2026-09-19 16:07:48.343232+00"
"322495f9-452b-57a4-9012-36b36ce79a6c","t-001","f-001","b-001","wv-001","20260919_160746","farmiq-media","tenants/t-001/farms/f-001/barns/b-001/devices/wv-001/images/2026/09/19/5acbfa49-cd77-4b79-b04a-8e58836a21c9.jpg","f56366fe3b5309a8f0a563bfc04d5241","image/jpeg","1592766","2026-09-19 16:07:46.508243+00","2026-09-19 16:07:48.633026+00"
"d8b594f0-835b-57e3-823b-135e79bd3673","t-001","f-001","b-001","wv-001","20260919_160815","farmiq-media","tenants/t-001/farms/f-001/barns/b-001/devices/wv-001/images/2026/09/19/9690e5e4-0623-4250-a13a-8cb187969f58.jpg","69a3d37ae0c8fff0bb4846a948329920","image/jpeg","1554683","2026-09-19 16:08:15.223207+00","2026-09-19 16:08:16.240202+00"
"6b6ed4f2-d30a-57c9-86a3-d2116385cf89","t-001","f-001","b-001","wv-001","20260919_160815","farmiq-media","tenants/t-001/farms/f-001/barns/b-001/devices/wv-001/images/2026/09/19/3317f11f-d171-4f51-93a1-d711ca03ee2d.jpg","91ee4e479436aedd41638f74f3c331cc","image/jpeg","1580093","2026-09-19 16:08:15.223207+00","2026-09-19 16:08:16.528687+00"
"33b55220-d3fc-58f0-85c2-15792f98c03f","t-001","f-001","b-001","wv-001","20260919_161023","farmiq-media","tenants/t-001/farms/f-001/barns/b-001/devices/wv-001/images/2026/09/19/fbc2af73-90a4-4ee9-83da-3baf5e5b3b11.jpg","ee1635740d119fe335e3abeeb160d5b6","image/jpeg","1609054","2026-09-19 16:10:23.198061+00","2026-09-19 16:10:25.05716+00"
"2a737724-4f73-5297-beb8-1d09d7face1f","t-001","f-001","b-001","wv-001","20260919_161023","farmiq-media","tenants/t-001/farms/f-001/barns/b-001/devices/wv-001/images/2026/09/19/3bf2be44-1089-4918-909f-38b3140f0582.jpg","e71e219eac9c79d1c0a034948938d37f","image/jpeg","1632528","2026-09-19 16:10:23.198061+00","2026-09-19 16:10:25.37443+00"
"98614666-3297-5743-9d35-3c6bcd5e7fc7","t-001","f-001","b-001","wv-001","20260919_161212","farmiq-media","tenants/t-001/farms/f-001/barns/b-001/devices/wv-001/images/2026/09/19/c9a22331-bb76-41b0-a564-0cb1969f0f47.jpg","9051c316b2d6e5f4b872a7e209b6ea06","image/jpeg","1567507","2026-09-19 16:12:12.927234+00","2026-09-19 16:12:13.804436+00"
"4620a748-7445-5b9e-8427-9cdbd6486892","t-001","f-001","b-001","wv-001","20260919_161212","farmiq-media","tenants/t-001/farms/f-001/barns/b-001/devices/wv-001/images/2026/09/19/e434fda4-3047-4249-bb3f-27f409b4856f.jpg","005d08b6d7befab697b6671e7f194c1f","image/jpeg","1591060","2026-09-19 16:12:12.927234+00","2026-09-19 16:12:14.091947+00"
"9f623f80-20ce-5670-ac66-a169d7f3fe4a","t-001","f-001","b-001","wv-001","20260919_161255","farmiq-media","tenants/t-001/farms/f-001/barns/b-001/devices/wv-001/images/2026/09/19/52c9dd48-b127-40c6-a4cc-4d5634468124.jpg","ef70e50a25a753f6301df219b0e67bf1","image/jpeg","1669604","2026-09-19 16:12:55.394859+00","2026-09-19 16:12:55.884766+00"
"a170d6a4-e74d-5617-8de4-a1eacb7b246e","t-001","f-001","b-001","wv-001","20260919_161255","farmiq-media","tenants/t-001/farms/f-001/barns/b-001/devices/wv-001/images/2026/09/19/3c2133b5-762d-4e10-bd50-973b586b1809.jpg","966b8a5704f1ef4bfe771212fa09fe8a","image/jpeg","1684495","2026-09-19 16:12:55.394859+00","2026-09-19 16:12:56.182941+00"
"2b187d7e-6d9e-5884-85b9-5543e000da03","t-001","f-001","b-001","wv-001","20260919_161259","farmiq-media","tenants/t-001/farms/f-001/barns/b-001/devices/wv-001/images/2026/09/19/da466ced-8dde-41d3-adf7-08d2d799828e.jpg","2772fd28952e534d1c1287bfc1e35dd5","image/jpeg","1620392","2026-09-19 16:12:59.711947+00","2026-09-19 16:13:01.599711+00"
"90b3458e-8765-52e8-beda-a1a95b7f3943","t-001","f-001","b-001","wv-001","20260919_161259","farmiq-media","tenants/t-001/farms/f-001/barns/b-001/devices/wv-001/images/2026/09/19/10c65df3-5d6e-48f8-9dff-a1624dd0a7b5.jpg","b7b3b311dd7c908001d22e5b99e1594b","image/jpeg","1636385","2026-09-19 16:12:59.711947+00","2026-09-19 16:13:02.079158+00"
"9e7b52ff-370d-5237-81cc-9bdd5063fb40","t-001","f-001","b-001","wv-001","20260919_161318","farmiq-media","tenants/t-001/farms/f-001/barns/b-001/devices/wv-001/images/2026/09/19/d5dc8a05-c00f-4b97-a114-accd63b10107.jpg","0e0d5c5fa49167baffb77fb5285bb699","image/jpeg","1491571","2026-09-19 16:13:18.147935+00","2026-09-19 16:13:19.657166+00"
"2927ad66-828a-5d96-b21b-aea9973ebf2f","t-001","f-001","b-001","wv-001","20260919_161318","farmiq-media","tenants/t-001/farms/f-001/barns/b-001/devices/wv-001/images/2026/09/19/38cad55d-4dec-4992-aaf8-5762267db23b.jpg","396de7038ca159de6f12922950cfbedd","image/jpeg","1516018","2026-09-19 16:13:18.147935+00","2026-09-19 16:13:19.936133+00"
"6e472104-97a9-5b16-a841-ba741bb61b38","t-001","f-001","b-001","wv-001","20260919_161342","farmiq-media","tenants/t-001/farms/f-001/barns/b-001/devices/wv-001/images/2026/09/19/e6aec80e-91a7-4b61-8703-595ddc248d98.jpg","ba53c980ca4a5a6ab78facf2e095041d","image/jpeg","1523509","2026-09-19 16:13:42.087777+00","2026-09-19 16:13:43.479143+00"
"476c7802-9eb2-5c84-b808-92be1232e65d","t-001","f-001","b-001","wv-001","20260919_161342","farmiq-media","tenants/t-001/farms/f-001/barns/b-001/devices/wv-001/images/2026/09/19/0e963540-4c14-45e6-b12a-53fa0d3167d5.jpg","4ffa1c5629ed4b56367051734466ddec","image/jpeg","1547580","2026-09-19 16:13:42.087777+00","2026-09-19 16:13:43.79541+00"
"c76639a7-f460-5eb2-8e1c-34cb9b597924","t-001","f-001","b-001","wv-001","20260919_161612","farmiq-media","tenants/t-001/farms/f-001/barns/b-001/devices/wv-001/images/2026/09/19/d28df194-1e24-4e49-af9f-ac68aeb89288.jpg","b8bd704638d7e43e199c6dcda981de0f","image/jpeg","1716603","2026-09-19 16:16:12.360245+00","2026-09-19 16:16:14.469886+00"
"c2880479-1025-5d51-9f38-107693f71ec7","t-001","f-001","b-001","wv-001","20260919_161612","farmiq-media","tenants/t-001/farms/f-001/barns/b-001/devices/wv-001/images/2026/09/19/d12e00c6-f08c-406f-baef-6dbb82a91458.jpg","724739516c2bff60b7e768a34c66e592","image/jpeg","1731348","2026-09-19 16:16:12.360245+00","2026-09-19 16:16:14.77388+00"
"133f76dd-a079-572e-914b-17036c9d0029","t-001","f-001","b-001","wv-001","20260919_161617","farmiq-media","tenants/t-001/farms/f-001/barns/b-001/devices/wv-001/images/2026/09/19/05a6e228-9941-4a90-a2f6-699db54093c0.jpg","e70a87d45f0d08820bf2cda7d30624cf","image/jpeg","1655195","2026-09-19 16:16:17.654814+00","2026-09-19 16:16:20.235205+00"
"0ee6e96f-7656-5c04-bd06-e06624c38d03","t-001","f-001","b-001","wv-001","20260919_161617","farmiq-media","tenants/t-001/farms/f-001/barns/b-001/devices/wv-001/images/2026/09/19/80339556-2aea-4bd9-9d33-50f01b2cbd05.jpg","7d73bdc16b2d9fddc09a4f8845697b72","image/jpeg","1676714","2026-09-19 16:16:17.654814+00","2026-09-19 16:16:20.529268+00"
"1155af04-d51d-50fa-9525-21d854d38729","t-001","f-001","b-001","wv-001","20260919_161642","farmiq-media","tenants/t-001/farms/f-001/barns/b-001/devices/wv-001/images/2026/09/19/d0c8b89a-e989-440e-ab75-13a9a83b8cc6.jpg","7b50b4d22e71fa2255fc764d52d96247","image/jpeg","1577953","2026-09-19 16:16:42.487503+00","2026-09-19 16:16:45.844525+00"
"0475e144-f396-5f6c-9658-b27a407a59ee","t-001","f-001","b-001","wv-001","20260919_161642","farmiq-media","tenants/t-001/farms/f-001/barns/b-001/devices/wv-001/images/2026/09/19/bb8d4da9-37d3-4fd7-b3ab-a128d9c80295.jpg","b5fb6dd160697c1b1b12841e6f937563","image/jpeg","1599707","2026-09-19 16:16:42.487503+00","2026-09-19 16:16:47.944726+00"
"eb5cb19a-b6ad-52d8-82c2-c787e76d7625","t-001","f-001","b-001","wv-001","20260919_161931","farmiq-media","tenants/t-001/farms/f-001/barns/b-001/devices/wv-001/images/2026/09/19/054991c4-94f6-48b1-a30a-a452615733fb.jpg","f598b1148c80023d6b4e6ab96001719d","image/jpeg","1568614","2026-09-19 16:19:31.011464+00","2026-09-19 16:19:33.02594+00"
"a90727fe-9a9b-5aaa-a407-6391c6fd6bbd","t-001","f-001","b-001","wv-001","20260919_161931","farmiq-media","tenants/t-001/farms/f-001/barns/b-001/devices/wv-001/images/2026/09/19/e3f08e69-6a63-4926-99fd-af9285bfa4be.jpg","1fbc3286c3253cfc912be8eed4b094d4","image/jpeg","1590688","2026-09-19 16:19:31.011464+00","2026-09-19 16:19:33.326477+00"
"555b7494-d74b-582c-9c5b-1e3642c8e067","t-001","f-001","b-001","wv-001","20260919_162015","farmiq-media","tenants/t-001/farms/f-001/barns/b-001/devices/wv-001/images/2026/09/19/f0c3bb40-049e-4e9f-9fa7-fe3ca4fdca00.jpg","bad234be5fc76600cfafc344c388d7a9","image/jpeg","1494285","2026-09-19 16:20:15.683794+00","2026-09-19 16:20:17.034436+00"
"7a6ff357-025a-5746-bc8d-508f2d229564","t-001","f-001","b-001","wv-001","20260919_162015","farmiq-media","tenants/t-001/farms/f-001/barns/b-001/devices/wv-001/images/2026/09/19/406d19b4-576e-4101-9007-77197acbc27f.jpg","21609c16d387dcb8f8b07a3841e7f079","image/jpeg","1525897","2026-09-19 16:20:15.683794+00","2026-09-19 16:20:17.278087+00"
"616b1ae9-8876-5c57-b743-58d268d12706","t-001","f-001","b-001","wv-001","20260919_162131","farmiq-media","tenants/t-001/farms/f-001/barns/b-001/devices/wv-001/images/2026/09/19/9795f8b8-aa17-466f-9920-b80a286ded5f.jpg","c12fc3c89baf146937ea93bfcbf9e6ae","image/jpeg","1583938","2026-09-19 16:21:31.858153+00","2026-09-19 16:21:33.341287+00"
"3ebbabaf-eb65-53ac-b64d-ff3b8e79b6e7","t-001","f-001","b-001","wv-001","20260919_162131","farmiq-media","tenants/t-001/farms/f-001/barns/b-001/devices/wv-001/images/2026/09/19/4af60bcf-39ee-4422-9b63-4a07861b32d8.jpg","a106657249326d3810150440802ce2fd","image/jpeg","1600512","2026-09-19 16:21:31.858153+00","2026-09-19 16:21:33.630526+00"
"b9e8718e-0acf-55a4-b561-b17750d03125","t-001","f-001","b-001","wv-001","20260919_162137","farmiq-media","tenants/t-001/farms/f-001/barns/b-001/devices/wv-001/images/2026/09/19/3b828922-4ed0-461b-ac41-e823a416fa37.jpg","53f5e4aad5cd713b134c7c1374130601","image/jpeg","1649781","2026-09-19 16:21:37.548527+00","2026-09-19 16:21:39.09632+00"
"02a55f4f-71c0-538c-a6ba-d936938c57a0","t-001","f-001","b-001","wv-001","20260919_162137","farmiq-media","tenants/t-001/farms/f-001/barns/b-001/devices/wv-001/images/2026/09/19/297a420d-55c5-49cd-a503-8d743dc52e93.jpg","9266530aa80ed9ba02f0c144cbdb96fb","image/jpeg","1673229","2026-09-19 16:21:37.548527+00","2026-09-19 16:21:39.391108+00"
"395bfda2-aea3-5cee-9c94-18ac6c94948b","t-001","f-001","b-001","wv-001","20260919_162202","farmiq-media","tenants/t-001/farms/f-001/barns/b-001/devices/wv-001/images/2026/09/19/938cdcfb-0f9b-4ded-942e-ee2fbc49acc8.jpg","642be9b75240937b29ca530aee1b0ebf","image/jpeg","1679436","2026-09-19 16:22:02.101891+00","2026-09-19 16:22:04.046793+00"
"59e4693b-a4a3-5314-8c6e-dbc56bd00ac9","t-001","f-001","b-001","wv-001","20260919_162202","farmiq-media","tenants/t-001/farms/f-001/barns/b-001/devices/wv-001/images/2026/09/19/62756014-147b-4996-9381-910b71729e57.jpg","e2549b957f7fba5b3196ac2dbb9b31a2","image/jpeg","1707003","2026-09-19 16:22:02.101891+00","2026-09-19 16:22:05.487946+00"
"2d2cbc6e-0bdc-5ee7-9431-f1f84405f16c","t-001","f-001","b-001","wv-001","20260919_162749","farmiq-media","tenants/t-001/farms/f-001/barns/b-001/devices/wv-001/images/2026/09/19/b702da02-f936-4950-966a-0418988b802a.jpg","6d76a99f4bf8b13095b3c20e988ad252","image/jpeg","1628335","2026-09-19 16:27:49.214895+00","2026-09-19 16:27:59.431341+00"
"6fcfaeaf-4ca2-5a08-b9d5-34847da5f31b","t-001","f-001","b-001","wv-001","20260919_162749","farmiq-media","tenants/t-001/farms/f-001/barns/b-001/devices/wv-001/images/2026/09/19/5fc7196a-ea45-4aca-bcd7-2e2be2dfe686.jpg","205244411650f8ad7964bdc2fa3fc09b","image/jpeg","1655462","2026-09-19 16:27:49.214895+00","2026-09-19 16:28:00.011619+00"
"3154e8d7-9eec-5ab9-827b-d8b4ce0a0d85","t-001","f-001","b-001","wv-001","20260919_163420","farmiq-media","tenants/t-001/farms/f-001/barns/b-001/devices/wv-001/images/2026/09/19/39ec226c-5810-4c24-aab0-9b345f355300.jpg","11a99c59f0f91a4913ad2812e32b50d9","image/jpeg","1527095","2026-09-19 16:34:20.880067+00","2026-09-19 16:34:21.62683+00"
"5354ba46-7a1b-52bb-8801-15c7f2fe47fc","t-001","f-001","b-001","wv-001","20260919_163420","farmiq-media","tenants/t-001/farms/f-001/barns/b-001/devices/wv-001/images/2026/09/19/66a039b0-cda7-41cd-ab3f-7f81d9fc72ab.jpg","1f3324950adba6bef691f8436d91a126","image/jpeg","1549961","2026-09-19 16:34:20.880067+00","2026-09-19 16:34:21.917866+00"
"4e0d01d3-1a19-55fc-97dd-8162e58d14ea","t-001","f-001","b-001","wv-001","20260919_163627","farmiq-media","tenants/t-001/farms/f-001/barns/b-001/devices/wv-001/images/2026/09/19/8331e6e5-a89b-49ae-a663-5701f4fe773e.jpg","b749a6f43f4632244a99e27663f665a3","image/jpeg","1646099","2026-09-19 16:36:27.802084+00","2026-09-19 16:36:28.388396+00"
"0c05cb9f-b0a0-5558-b4b7-5444c3169bb5","t-001","f-001","b-001","wv-001","20260919_163627","farmiq-media","tenants/t-001/farms/f-001/barns/b-001/devices/wv-001/images/2026/09/19/201238eb-4d27-47e4-b4f8-76d14687579a.jpg","432488595e3c1da16417bf412997fbde","image/jpeg","1669070","2026-09-19 16:36:27.802084+00","2026-09-19 16:36:28.664502+00"
"57639d3b-5a25-51c7-a981-61a8ea749aea","t-001","f-001","b-001","wv-001","20260919_163650","farmiq-media","tenants/t-001/farms/f-001/barns/b-001/devices/wv-001/images/2026/09/19/8fee7d2a-3a84-448c-ae24-729aa4c238fa.jpg","f9a8763940bd1c038e2cd7873d8d6842","image/jpeg","1633379","2026-09-19 16:36:50.626804+00","2026-09-19 16:36:52.399397+00"
"26aa469c-927d-501d-a248-cd856ada77b1","t-001","f-001","b-001","wv-001","20260919_163650","farmiq-media","tenants/t-001/farms/f-001/barns/b-001/devices/wv-001/images/2026/09/19/7b044556-6274-4cd2-a0e3-42da35f5eb4a.jpg","19ffa2c89c55c5e47549ce788881d662","image/jpeg","1654974","2026-09-19 16:36:50.626804+00","2026-09-19 16:36:52.71941+00"
"e63a61d2-569a-5070-9d19-6693c1557157","t-001","f-001","b-001","wv-001","20260919_163716","farmiq-media","tenants/t-001/farms/f-001/barns/b-001/devices/wv-001/images/2026/09/19/dd9901d8-5fb6-40ce-8bc0-3b6b238ce39a.jpg","51f1d1e3ae8d10ce387a58e5a43635e9","image/jpeg","1583373","2026-09-19 16:37:16.071075+00","2026-09-19 16:37:18.406006+00"
"2ee2d248-2a6e-5aa7-8f02-c4df91b5fe18","t-001","f-001","b-001","wv-001","20260919_163716","farmiq-media","tenants/t-001/farms/f-001/barns/b-001/devices/wv-001/images/2026/09/19/84a8b062-c772-4eb4-95c8-79189fde55a2.jpg","715ea6afb7398fc3ecbd33397119f035","image/jpeg","1606427","2026-09-19 16:37:16.071075+00","2026-09-19 16:37:18.701246+00"
"53f2b5a2-d9db-58c0-aebe-679c8e1ee91f","t-001","f-001","b-001","wv-001","20260919_164003","farmiq-media","tenants/t-001/farms/f-001/barns/b-001/devices/wv-001/images/2026/09/19/4db6ef72-7a10-4cad-b2a5-73fce5bea32a.jpg","66e2da73f76626b19677a9ae0c7bffe4","image/jpeg","1510513","2026-09-19 16:40:03.203499+00","2026-09-19 16:40:05.494752+00"
"f1971d1a-110d-5275-adc0-5624cb6e53d7","t-001","f-001","b-001","wv-001","20260919_164003","farmiq-media","tenants/t-001/farms/f-001/barns/b-001/devices/wv-001/images/2026/09/19/1cfcf116-ac68-4ca7-93a2-68ca0db2c6fd.jpg","63a50f3514a6c653e7141314675edea3","image/jpeg","1538511","2026-09-19 16:40:03.203499+00","2026-09-19 16:40:05.850117+00"
"39027025-07a3-533e-8c73-3ba9d7164ad2","t-001","f-001","b-001","wv-001","20260919_164254","farmiq-media","tenants/t-001/farms/f-001/barns/b-001/devices/wv-001/images/2026/09/19/f64217cc-94df-42be-b15b-0e1765d70a3d.jpg","68f7694e21a778fee44b9a73b2c86fd0","image/jpeg","1410768","2026-09-19 16:42:54.322039+00","2026-09-19 16:42:56.668179+00"
"62480650-6f23-5d16-a8af-13b470445b4b","t-001","f-001","b-001","wv-001","20260919_164254","farmiq-media","tenants/t-001/farms/f-001/barns/b-001/devices/wv-001/images/2026/09/19/2a017f2f-1993-4b31-9e18-fea4f8229427.jpg","e89ba37246b64843cacf8bae7ed207c0","image/jpeg","1446553","2026-09-19 16:42:54.322039+00","2026-09-19 16:42:56.932933+00"
"b259b37a-af49-5859-93da-51a237a80a9a","t-001","f-001","b-001","wv-001","20260919_164308","farmiq-media","tenants/t-001/farms/f-001/barns/b-001/devices/wv-001/images/2026/09/19/966fba2c-eaac-4fea-b109-6266c2de092b.jpg","00a468f154f750a6e9061ef14398007b","image/jpeg","1453859","2026-09-19 16:43:08.805667+00","2026-09-19 16:43:10.438821+00"
"1144f370-793f-56ea-a3be-8da5235bbedb","t-001","f-001","b-001","wv-001","20260919_164308","farmiq-media","tenants/t-001/farms/f-001/barns/b-001/devices/wv-001/images/2026/09/19/888fd81f-27fd-47d2-8e4d-df5cfd2f8113.jpg","2699bde185a6ba11b6ee791b0bed85b7","image/jpeg","1480911","2026-09-19 16:43:08.805667+00","2026-09-19 16:43:10.724324+00"
"d0cf65db-3326-572b-9b0c-16cf7a627cda","t-001","f-001","b-001","wv-001","20260919_164359","farmiq-media","tenants/t-001/farms/f-001/barns/b-001/devices/wv-001/images/2026/09/19/fe9e0dec-3344-4ab7-830e-716136c98961.jpg","1a9108f019c59424084d7193d2e224b0","image/jpeg","1507320","2026-09-19 16:43:59.381248+00","2026-09-19 16:44:03.248826+00"
"a255a1b4-6f20-52cb-93b2-96cacb43f1d9","t-001","f-001","b-001","wv-001","20260919_164359","farmiq-media","tenants/t-001/farms/f-001/barns/b-001/devices/wv-001/images/2026/09/19/1892cf18-13fb-41e8-a820-0d8dd10416fb.jpg","8e3a53027c2307797e036f072cfdc627","image/jpeg","1532450","2026-09-19 16:43:59.381248+00","2026-09-19 16:44:06.456019+00"
"53ab638a-c7b8-5198-99fe-e119223bae01","t-001","f-001","b-001","wv-001","20260919_164453","farmiq-media","tenants/t-001/farms/f-001/barns/b-001/devices/wv-001/images/2026/09/19/aacac478-e191-4157-9d12-786c7f510d79.jpg","d6efca57118e1f76792ce5f548013479","image/jpeg","1593810","2026-09-19 16:44:53.298066+00","2026-09-19 16:44:54.321153+00"
"a0413847-b4a8-583c-ac30-e05e768d6055","t-001","f-001","b-001","wv-001","20260919_164453","farmiq-media","tenants/t-001/farms/f-001/barns/b-001/devices/wv-001/images/2026/09/19/296e155f-08d0-454e-8af9-6ece341ebab1.jpg","898539e936bc9a4ed77959c968d9dc8d","image/jpeg","1611633","2026-09-19 16:44:53.298066+00","2026-09-19 16:44:54.630169+00"
"1b1f9d90-66af-58b6-8cd3-bcec8bc04a19","t-001","f-001","b-001","wv-001","20260919_164558","farmiq-media","tenants/t-001/farms/f-001/barns/b-001/devices/wv-001/images/2026/09/19/5bb53204-373c-4b16-83fd-057dd9b3e21a.jpg","24ce7d9e4a396a228fba13b873754501","image/jpeg","1469390","2026-09-19 16:45:58.447068+00","2026-09-19 16:46:00.633892+00"
"fe637b9f-ff03-5385-9516-9ab7c23cb3f9","t-001","f-001","b-001","wv-001","20260919_164558","farmiq-media","tenants/t-001/farms/f-001/barns/b-001/devices/wv-001/images/2026/09/19/5ea54d91-8707-4c96-b6ca-b9adcba40ac6.jpg","faf10034d0f7da126048b68f102a9c66","image/jpeg","1495932","2026-09-19 16:45:58.447068+00","2026-09-19 16:46:00.953152+00"
"28f87dab-6bf1-5f88-b96e-a8fa0717fe42","t-001","f-001","b-001","wv-001","20260919_164631","farmiq-media","tenants/t-001/farms/f-001/barns/b-001/devices/wv-001/images/2026/09/19/7380ae8a-2c4e-4dda-8d56-3c07f1e30129.jpg","b7ad7d866cf40a5c3ba3a91fa64711ae","image/jpeg","1509067","2026-09-19 16:46:31.067405+00","2026-09-19 16:46:32.684521+00"
"952747a2-7c38-505c-ad93-6fc7826797e4","t-001","f-001","b-001","wv-001","20260919_164631","farmiq-media","tenants/t-001/farms/f-001/barns/b-001/devices/wv-001/images/2026/09/19/cd0375c0-ec79-49d7-bb04-eabe5e3ff5b0.jpg","d5086790d7c753e7bfbfaad40045e1f7","image/jpeg","1534405","2026-09-19 16:46:31.067405+00","2026-09-19 16:46:33.041655+00"
"ad5737ee-bec0-5ea3-af47-a9f9b08d3027","t-001","f-001","b-001","wv-001","20260919_164659","farmiq-media","tenants/t-001/farms/f-001/barns/b-001/devices/wv-001/images/2026/09/19/be0cdefb-b5e6-4d09-b151-52327c520b74.jpg","4203a8512a9753d6cf5483691b0beb22","image/jpeg","1544836","2026-09-19 16:46:59.217407+00","2026-09-19 16:47:00.721544+00"
"2a2a8bbd-7867-5582-bcf8-aff0cf038c43","t-001","f-001","b-001","wv-001","20260919_164659","farmiq-media","tenants/t-001/farms/f-001/barns/b-001/devices/wv-001/images/2026/09/19/051afc20-5d02-4e45-bd60-d62b8de1e7c6.jpg","2ee39b5b0823fb540a17eaa9fd48a2dd","image/jpeg","1564793","2026-09-19 16:46:59.217407+00","2026-09-19 16:47:01.040271+00"
"fe382a8a-e218-5b0d-ab21-225374408c73","t-001","f-001","b-001","wv-001","20260919_164739","farmiq-media","tenants/t-001/farms/f-001/barns/b-001/devices/wv-001/images/2026/09/19/bcac38df-28be-4a6c-b60f-5f90f7575bdb.jpg","99c2d35ad90258e83c116e87d7b1be9a","image/jpeg","1716016","2026-09-19 16:47:39.310565+00","2026-09-19 16:47:40.858038+00"
"76a03f49-aadf-5f70-b585-83af13efd454","t-001","f-001","b-001","wv-001","20260919_164739","farmiq-media","tenants/t-001/farms/f-001/barns/b-001/devices/wv-001/images/2026/09/19/0b3f39f2-e1fc-4c0e-a1a7-013f1e09a6e2.jpg","3ae2069c4ab3d5a1535c015ec9b41731","image/jpeg","1737495","2026-09-19 16:47:39.310565+00","2026-09-19 16:47:41.183905+00"
"a13bed1b-d3aa-5bbb-94b6-b56fa8d12cc1","t-001","f-001","b-001","wv-001","20260919_164921","farmiq-media","tenants/t-001/farms/f-001/barns/b-001/devices/wv-001/images/2026/09/19/e155ca10-a74b-490d-a116-d62a917834e2.jpg","865c8f7498b1a0e8e677926965a3c65c","image/jpeg","1441160","2026-09-19 16:49:21.685375+00","2026-09-19 16:49:23.553513+00"
"9d085cb1-0a22-59f9-8f39-eebd143340ba","t-001","f-001","b-001","wv-001","20260919_164921","farmiq-media","tenants/t-001/farms/f-001/barns/b-001/devices/wv-001/images/2026/09/19/10d5e6c1-1575-460b-b9e4-b604dd4eabd2.jpg","5ab4789e01ad5de65ea6a4cc46e02c93","image/jpeg","1461823","2026-09-19 16:49:21.685375+00","2026-09-19 16:49:23.821514+00"
"b7d70d1c-a612-59a1-bf94-3c3d468b6e14","t-001","f-001","b-001","wv-001","20260919_164925","farmiq-media","tenants/t-001/farms/f-001/barns/b-001/devices/wv-001/images/2026/09/19/a77bf3b4-1702-4011-9b02-baac5c5bcbe5.jpg","b5eeea3b34f22c28b4920892738d25a4","image/jpeg","1927485","2026-09-19 16:49:25.941903+00","2026-09-19 16:49:30.949086+00"
"cb9fb728-2f90-5861-8ce1-388329df8bb5","t-001","f-001","b-001","wv-001","20260919_164925","farmiq-media","tenants/t-001/farms/f-001/barns/b-001/devices/wv-001/images/2026/09/19/4658dde8-e991-4098-a9af-1b1a68ddda2c.jpg","51b17042f0221cadef750bc53782fc8c","image/jpeg","1942343","2026-09-19 16:49:25.941903+00","2026-09-19 16:49:31.848455+00"
"70689363-844b-530e-8a5a-d40f9a522008","t-001","f-001","b-001","wv-001","20260919_165120","farmiq-media","tenants/t-001/farms/f-001/barns/b-001/devices/wv-001/images/2026/09/19/38469061-95cb-401c-a022-bfd1b1b43222.jpg","78a7860902d98875257d115bb985d11f","image/jpeg","1440110","2026-09-19 16:51:20.186861+00","2026-09-19 16:51:21.799023+00"
"ba7ad44e-7714-507f-acfe-890fb128fb56","t-001","f-001","b-001","wv-001","20260919_165120","farmiq-media","tenants/t-001/farms/f-001/barns/b-001/devices/wv-001/images/2026/09/19/ab340b90-d7fb-4ae0-9f77-05b17695f2f2.jpg","952a6c46d260de0e1b5d6ba00201d763","image/jpeg","1466455","2026-09-19 16:51:20.186861+00","2026-09-19 16:51:22.053245+00"
"3c072351-0500-5794-bd81-2ab479107e72","t-001","f-001","b-001","wv-001","20260919_165158","farmiq-media","tenants/t-001/farms/f-001/barns/b-001/devices/wv-001/images/2026/09/19/843921ce-7906-43c1-b799-c84740f26be0.jpg","b3ca7a538b129aee64e1404d90c4d19b","image/jpeg","1490952","2026-09-19 16:51:58.871957+00","2026-09-19 16:51:59.814743+00"
"4c8d69e0-5bfc-551d-b6f0-08a83266b0aa","t-001","f-001","b-001","wv-001","20260919_165158","farmiq-media","tenants/t-001/farms/f-001/barns/b-001/devices/wv-001/images/2026/09/19/7b24c189-2f42-454a-b356-b3ae00097505.jpg","86ebd5ff3820b3781a983b9a98f58466","image/jpeg","1515726","2026-09-19 16:51:58.871957+00","2026-09-19 16:52:00.072485+00"
"f89f64e1-5d34-54a5-b5d6-78d5fb919c56","t-001","f-001","b-001","wv-001","20260919_165203","farmiq-media","tenants/t-001/farms/f-001/barns/b-001/devices/wv-001/images/2026/09/19/84346d33-b8e3-4a0b-8f03-046e9b2ef642.jpg","2274a0f342e5488c01452acaafd9a35a","image/jpeg","1467110","2026-09-19 16:52:03.096352+00","2026-09-19 16:52:05.542564+00"
"4fed0d09-73db-599b-959b-6baf97adef28","t-001","f-001","b-001","wv-001","20260919_165203","farmiq-media","tenants/t-001/farms/f-001/barns/b-001/devices/wv-001/images/2026/09/19/74644291-ecd9-47a7-b388-9bba63617841.jpg","4deb64b8e20ef96975a393c1466ffa91","image/jpeg","1504280","2026-09-19 16:52:03.096352+00","2026-09-19 16:52:05.825614+00"
"46f86c9f-c631-5e21-8048-0151ad1a0fd0","t-001","f-001","b-001","wv-001","20260919_165236","farmiq-media","tenants/t-001/farms/f-001/barns/b-001/devices/wv-001/images/2026/09/19/d55e4613-f86e-46a4-8107-30b59d11e538.jpg","facba68e0d6562263770a1ec7d570950","image/jpeg","1481276","2026-09-19 16:52:36.925833+00","2026-09-19 16:52:37.40833+00"
"c5398251-763c-558b-8495-b5f382e74506","t-001","f-001","b-001","wv-001","20260919_165236","farmiq-media","tenants/t-001/farms/f-001/barns/b-001/devices/wv-001/images/2026/09/19/2e9d5fde-54b3-40d1-817f-f6fd6c9538da.jpg","c9d10907121bbfd350fec7a9cea6bd5f","image/jpeg","1506634","2026-09-19 16:52:36.925833+00","2026-09-19 16:52:37.626412+00"
"50bba756-709f-5d26-8708-a4380a4303f9","t-001","f-001","b-001","wv-001","20260919_165241","farmiq-media","tenants/t-001/farms/f-001/barns/b-001/devices/wv-001/images/2026/09/19/5414371e-350b-4421-8eae-3a891d0e2f5c.jpg","4674a22dfd0b562989b33e0824182b8f","image/jpeg","1514721","2026-09-19 16:52:41.192101+00","2026-09-19 16:52:43.089944+00"
"41f2893f-3f39-50e7-b9cc-a19b577db1f7","t-001","f-001","b-001","wv-001","20260919_165241","farmiq-media","tenants/t-001/farms/f-001/barns/b-001/devices/wv-001/images/2026/09/19/c73dee39-0378-41a5-bbb5-7a0a78c78231.jpg","9c61c0a5482c540ba83a2611f6a71f0a","image/jpeg","1547759","2026-09-19 16:52:41.192101+00","2026-09-19 16:52:43.339136+00"
"237a9e54-e45f-59dd-96af-a44a488776f2","t-001","f-001","b-001","wv-001","20260919_165251","farmiq-media","tenants/t-001/farms/f-001/barns/b-001/devices/wv-001/images/2026/09/19/94bf3a58-98e0-49ae-8030-d263af406afb.jpg","4d3a34266d1ea7163cc34f33cac5da07","image/jpeg","1429308","2026-09-19 16:52:51.685319+00","2026-09-19 16:52:52.785835+00"
"b159c982-ce2a-5672-9b78-f840a4332b9c","t-001","f-001","b-001","wv-001","20260919_165251","farmiq-media","tenants/t-001/farms/f-001/barns/b-001/devices/wv-001/images/2026/09/19/72d7ad62-b412-4644-89ef-c682dedf22d5.jpg","66f309488274af0b9204ef8806ccc773","image/jpeg","1448390","2026-09-19 16:52:51.685319+00","2026-09-19 16:52:53.03732+00"
"1f172953-2059-52ba-be10-cc3be26bb537","t-001","f-001","b-001","wv-001","20260919_165339","farmiq-media","tenants/t-001/farms/f-001/barns/b-001/devices/wv-001/images/2026/09/19/58bd5e18-3f45-4df9-97e9-d8ad6c25df05.jpg","fe7fac1d3dc4997e2a8dd36bd4ccdcd8","image/jpeg","1428646","2026-09-19 16:53:39.111214+00","2026-09-19 16:53:40.798426+00"
"36c7df37-879f-53ae-8b8b-b196f36a00cd","t-001","f-001","b-001","wv-001","20260919_165339","farmiq-media","tenants/t-001/farms/f-001/barns/b-001/devices/wv-001/images/2026/09/19/08fcbb57-c4b1-466b-9329-a57d6a3bb0d0.jpg","397861055962d97a64b871746f1945ed","image/jpeg","1454058","2026-09-19 16:53:39.111214+00","2026-09-19 16:53:41.045284+00"
"0ffd0c96-30f3-5126-8d58-5e611718cc6e","t-001","f-001","b-001","wv-001","20260919_165353","farmiq-media","tenants/t-001/farms/f-001/barns/b-001/devices/wv-001/images/2026/09/19/9d182bee-559e-4a52-a6c5-05a31b6c108f.jpg","b43347f324c8b768b842c0edb9d367c8","image/jpeg","1461392","2026-09-19 16:53:53.496621+00","2026-09-19 16:53:54.550971+00"
"20c5a72a-db76-5117-961c-e0cc65fb094b","t-001","f-001","b-001","wv-001","20260919_165353","farmiq-media","tenants/t-001/farms/f-001/barns/b-001/devices/wv-001/images/2026/09/19/a9c00c54-6cef-4678-b05a-2bf6b3f65db1.jpg","9f0f74521a9fb729f36294cf386d99bf","image/jpeg","1486233","2026-09-19 16:53:53.496621+00","2026-09-19 16:53:54.807025+00"
"e8a10f60-12cb-5325-a28c-ba8ecd9d1f89","t-001","f-001","b-001","wv-001","20260919_165409","farmiq-media","tenants/t-001/farms/f-001/barns/b-001/devices/wv-001/images/2026/09/19/7dc94faa-a935-41e5-a24c-3385dadfedd7.jpg","f8c984c1475c84666e33ab2b70cc9dc4","image/jpeg","1432056","2026-09-19 16:54:09.299835+00","2026-09-19 16:54:10.315655+00"
"2a568861-5d84-549f-9df8-76dd2dedd649","t-001","f-001","b-001","wv-001","20260919_165409","farmiq-media","tenants/t-001/farms/f-001/barns/b-001/devices/wv-001/images/2026/09/19/413f1cbf-87f4-4338-843a-850efe28d848.jpg","7c8f2284f2ad68044d10933466bf6be5","image/jpeg","1457489","2026-09-19 16:54:09.299835+00","2026-09-19 16:54:10.564303+00"
"9ed2621b-cde0-51a5-a899-37f8d1b0c7c2","t-001","f-001","b-001","wv-001","20260919_165704","farmiq-media","tenants/t-001/farms/f-001/barns/b-001/devices/wv-001/images/2026/09/19/6e0c952e-0d4a-48b7-a120-d9e1ae3da68d.jpg","7515b575ca9a01627bbcc7ad35e461e5","image/jpeg","2490528","2026-09-19 16:57:04.311266+00","2026-09-19 16:57:05.483335+00"
"b60abe18-47b6-511c-a3b0-96694ddcfc25","t-001","f-001","b-001","wv-001","20260919_165704","farmiq-media","tenants/t-001/farms/f-001/barns/b-001/devices/wv-001/images/2026/09/19/6c67d643-450c-406e-bbd3-f30cdb09f671.jpg","528b1860d73fe95ef3637e12ac478fd5","image/jpeg","2503790","2026-09-19 16:57:04.311266+00","2026-09-19 16:57:05.854639+00"
"8a34922f-1927-51c9-99fb-da4bc917a0fb","t-001","f-001","b-001","wv-001","20260919_165908","farmiq-media","tenants/t-001/farms/f-001/barns/b-001/devices/wv-001/images/2026/09/19/6f6ab632-2000-4113-acd9-aa89124a83c3.jpg","5e54fe030dcff797beffe8b5bb76c043","image/jpeg","2111814","2026-09-19 16:59:08.958039+00","2026-09-19 16:59:10.459458+00"
"5de343ae-eba0-5bc5-8faa-5cac33b22c33","t-001","f-001","b-001","wv-001","20260919_165908","farmiq-media","tenants/t-001/farms/f-001/barns/b-001/devices/wv-001/images/2026/09/19/3205e06f-1e55-4336-8070-6730e1a9627f.jpg","1db363089563199d7453997768ccb208","image/jpeg","2129174","2026-09-19 16:59:08.958039+00","2026-09-19 16:59:10.796716+00"
"f2cec210-f721-5c88-90e8-67572c02b529","t-001","f-001","b-001","wv-001","20260919_170021","farmiq-media","tenants/t-001/farms/f-001/barns/b-001/devices/wv-001/images/2026/09/19/213c73d6-2267-4fe1-b30e-007a13bf6c71.jpg","58cdcf9cbba39757996527d149d866a8","image/jpeg","2408080","2026-09-19 17:00:21.823534+00","2026-09-19 17:00:23.063826+00"
"e0540050-6e98-5c8f-83a6-c8e0f4e1cf14","t-001","f-001","b-001","wv-001","20260919_170021","farmiq-media","tenants/t-001/farms/f-001/barns/b-001/devices/wv-001/images/2026/09/19/f303f5ea-0287-4dcd-815a-192092139f53.jpg","9c4a48407ade28680e1d85a2f87107c2","image/jpeg","2421234","2026-09-19 17:00:21.823534+00","2026-09-19 17:00:23.425576+00"
"a2611457-5888-5625-948d-b4940ab0ca7f","t-001","f-001","b-001","wv-001","20260919_170054","farmiq-media","tenants/t-001/farms/f-001/barns/b-001/devices/wv-001/images/2026/09/19/ac7f23ac-9dfa-4d54-b488-9395945e1e28.jpg","679453221b99afab29872a8ee37a8b4c","image/jpeg","2393981","2026-09-19 17:00:54.107645+00","2026-09-19 17:00:57.576756+00"
"7bc841d4-4e1a-542c-9f6a-cb5d8559ec62","t-001","f-001","b-001","wv-001","20260919_170054","farmiq-media","tenants/t-001/farms/f-001/barns/b-001/devices/wv-001/images/2026/09/19/fe1324a9-e8e1-40ec-b747-42352f393f15.jpg","7f375ab2f675bef7911886d7284933a2","image/jpeg","2411339","2026-09-19 17:00:54.107645+00","2026-09-19 17:00:57.98353+00"
"5c37bc10-babc-513f-88f3-d18c315fb168","t-001","f-001","b-001","wv-001","20260919_170058","farmiq-media","tenants/t-001/farms/f-001/barns/b-001/devices/wv-001/images/2026/09/19/2817cb06-ab83-4d09-85eb-a9a9d5fbf949.jpg","5fe4dcfd06dd8cf098e8fc2346ddf2ce","image/jpeg","2090122","2026-09-19 17:00:58.112931+00","2026-09-19 17:01:03.449626+00"
"13d65d3b-5f8b-5ad3-8e6c-07ef4571ae65","t-001","f-001","b-001","wv-001","20260919_170058","farmiq-media","tenants/t-001/farms/f-001/barns/b-001/devices/wv-001/images/2026/09/19/dfd0c123-5b06-4ef1-9f11-b18ee911e954.jpg","fd6a0cbb1db696a3c06d9bb7b2f3cc80","image/jpeg","2111003","2026-09-19 17:00:58.112931+00","2026-09-19 17:01:03.788391+00"
"054b4806-af3c-5c45-9c0a-686349549e1f","t-001","f-001","b-001","wv-001","20260919_170111","farmiq-media","tenants/t-001/farms/f-001/barns/b-001/devices/wv-001/images/2026/09/19/8f5dd3fa-5f79-4741-a3fb-0eedb1cf6431.jpg","6efa625b1cff6b5d07776c51bb62c245","image/jpeg","2323275","2026-09-19 17:01:11.206875+00","2026-09-19 17:01:13.4299+00"
"7a24638e-4755-54b5-9833-249ec3f3613a","t-001","f-001","b-001","wv-001","20260919_170111","farmiq-media","tenants/t-001/farms/f-001/barns/b-001/devices/wv-001/images/2026/09/19/7d9e911b-f9d2-445b-9018-c3fb6591c367.jpg","70140c1c1b60391f33e54a271470047b","image/jpeg","2345621","2026-09-19 17:01:11.206875+00","2026-09-19 17:01:13.805987+00"
"13748de6-5965-5945-8b5f-e8a940bd0f3b","t-001","f-001","b-001","wv-001","20260919_170115","farmiq-media","tenants/t-001/farms/f-001/barns/b-001/devices/wv-001/images/2026/09/19/2c94c71c-19cc-438b-ad79-ab398ce9ea63.jpg","fe455bf1ec6ac4be7cb4f2ece0a2dd7b","image/jpeg","2048555","2026-09-19 17:01:15.145555+00","2026-09-19 17:01:19.213645+00"
"b7823012-d486-5248-9cd2-8e2393201e61","t-001","f-001","b-001","wv-001","20260919_170115","farmiq-media","tenants/t-001/farms/f-001/barns/b-001/devices/wv-001/images/2026/09/19/256b11ae-4196-4962-9bfb-7fee2da2b276.jpg","e4f25611852a3184032dd93671f391c5","image/jpeg","2067020","2026-09-19 17:01:15.145555+00","2026-09-19 17:01:19.497362+00"
"6ba7eb95-c86b-5d62-a4aa-2bd4f70acfa5","t-001","f-001","b-001","wv-001","20260919_170120","farmiq-media","tenants/t-001/farms/f-001/barns/b-001/devices/wv-001/images/2026/09/19/ce0ae5c1-50ba-4c63-861a-adf958ef83ff.jpg","366ce45f8b64daa2fe514abf97933793","image/jpeg","2017643","2026-09-19 17:01:20.186479+00","2026-09-19 17:01:24.900665+00"
"ce230536-1a75-54c6-b38c-52603bd0e8d1","t-001","f-001","b-001","wv-001","20260919_170120","farmiq-media","tenants/t-001/farms/f-001/barns/b-001/devices/wv-001/images/2026/09/19/9d26f75d-1794-40ec-a674-f7315703aa06.jpg","fdf3c4bfbd2f4b055518fb63615d928d","image/jpeg","2042327","2026-09-19 17:01:20.186479+00","2026-09-19 17:01:25.173924+00"
"e9d83b48-974e-586e-8b6b-c8775d7f4aa7","t-001","f-001","b-001","wv-001","20260919_170129","farmiq-media","tenants/t-001/farms/f-001/barns/b-001/devices/wv-001/images/2026/09/19/2d663228-d9eb-424f-9b9a-8ae45f230a78.jpg","69ce569817f1803d58d34066c6c9f723","image/jpeg","2373761","2026-09-19 17:01:29.35575+00","2026-09-19 17:01:30.657245+00"
"7249da2e-97bd-5f1a-80be-8a0c0ff2fbf6","t-001","f-001","b-001","wv-001","20260919_170129","farmiq-media","tenants/t-001/farms/f-001/barns/b-001/devices/wv-001/images/2026/09/19/c517cbdb-775c-4765-8c50-695e23ced2d7.jpg","aacac538c822f91b37ca8573e27caba0","image/jpeg","2391300","2026-09-19 17:01:29.35575+00","2026-09-19 17:01:30.959318+00"
"f4072d6e-6e33-565a-a60c-1c2cbda1cf68","t-001","f-001","b-001","wv-001","20260919_170148","farmiq-media","tenants/t-001/farms/f-001/barns/b-001/devices/wv-001/images/2026/09/19/7ecb9c11-679e-46bb-9661-8d5e6180eb06.jpg","a1f059ad3e337b65f3814d78cf2ae135","image/jpeg","2312848","2026-09-19 17:01:48.548401+00","2026-09-19 17:01:50.615528+00"
"7765d8ea-a85e-57c2-9baf-89f91e366eeb","t-001","f-001","b-001","wv-001","20260919_170148","farmiq-media","tenants/t-001/farms/f-001/barns/b-001/devices/wv-001/images/2026/09/19/19cc435d-b4dd-4482-af05-172c844d08d8.jpg","dde03e98e719f7502cc781eea651d8db","image/jpeg","2340372","2026-09-19 17:01:48.548401+00","2026-09-19 17:01:50.998364+00"
"138e271e-8163-592c-88e1-7ac648d523ac","t-001","f-001","b-001","wv-001","20260919_170153","farmiq-media","tenants/t-001/farms/f-001/barns/b-001/devices/wv-001/images/2026/09/19/138f1a3e-898c-41fa-b349-57e3b5851a35.jpg","86845845489d222c98c47854b41a850d","image/jpeg","2075096","2026-09-19 17:01:53.179384+00","2026-09-19 17:01:56.537774+00"
"f5d667ca-2d63-5110-a1b6-b95e53ff4057","t-001","f-001","b-001","wv-001","20260919_170153","farmiq-media","tenants/t-001/farms/f-001/barns/b-001/devices/wv-001/images/2026/09/19/75123afd-8615-450f-af14-5c73002d343e.jpg","cfad4460b4d2010c9f896ddc2ff669eb","image/jpeg","2092416","2026-09-19 17:01:53.179384+00","2026-09-19 17:01:56.871122+00"
"a45dc8ac-ebb0-5366-93a6-83860158da64","t-001","f-001","b-001","wv-001","20260919_170200","farmiq-media","tenants/t-001/farms/f-001/barns/b-001/devices/wv-001/images/2026/09/19/d71d58a7-066e-44ba-9b43-dfbbedac3e32.jpg","c5654bc452c08a0ea51a421fcd06f113","image/jpeg","1961204","2026-09-19 17:02:00.438214+00","2026-09-19 17:02:02.311514+00"
"654124b6-0e85-5fcf-be1e-bf34ee30a72d","t-001","f-001","b-001","wv-001","20260919_170200","farmiq-media","tenants/t-001/farms/f-001/barns/b-001/devices/wv-001/images/2026/09/19/f07326fa-4e1c-4444-8b36-66a971e8551a.jpg","d99679c198dfed883ae139d74b6e86d4","image/jpeg","1993056","2026-09-19 17:02:00.438214+00","2026-09-19 17:02:02.646565+00"
"1b2f9ddd-7a3e-5224-a72d-0790cd78ea22","t-001","f-001","b-001","wv-001","20260919_170236","farmiq-media","tenants/t-001/farms/f-001/barns/b-001/devices/wv-001/images/2026/09/19/1ea0d377-f1d5-4d89-9c05-dce2a954aa08.jpg","fdc051e3cdd1d58a5b9d3cb7527ac08b","image/jpeg","2309442","2026-09-19 17:02:36.183186+00","2026-09-19 17:02:38.446595+00"
"8ffd5dde-984a-533e-b1ef-c4f16c006239","t-001","f-001","b-001","wv-001","20260919_170236","farmiq-media","tenants/t-001/farms/f-001/barns/b-001/devices/wv-001/images/2026/09/19/fc69e6e2-c4dc-4782-b6b5-9dd78cc5875e.jpg","b794f0fc220faa464d39d71283c17586","image/jpeg","2328815","2026-09-19 17:02:36.183186+00","2026-09-19 17:02:38.79817+00"
"9b0024d2-ab03-5b41-b284-26191fb5548f","t-001","f-001","b-001","wv-001","20260919_170240","farmiq-media","tenants/t-001/farms/f-001/barns/b-001/devices/wv-001/images/2026/09/19/90796ebc-97c1-45f0-b1fe-39ddbd1b22ca.jpg","243c607f63067f1b3e53c3caf979f224","image/jpeg","2059247","2026-09-19 17:02:40.184083+00","2026-09-19 17:02:44.34777+00"
"2a5ba3a4-89f1-5343-ab13-ded4a9cb5059","t-001","f-001","b-001","wv-001","20260919_170240","farmiq-media","tenants/t-001/farms/f-001/barns/b-001/devices/wv-001/images/2026/09/19/fe179040-c862-4910-a361-6cf86618fdea.jpg","7e78b2beb9e29fbd7500ca44b67dfbcc","image/jpeg","2090418","2026-09-19 17:02:40.184083+00","2026-09-19 17:02:44.689927+00"
"21807bfe-af6c-57d7-9826-f0d94227e00a","t-001","f-001","b-001","wv-001","20260919_170245","farmiq-media","tenants/t-001/farms/f-001/barns/b-001/devices/wv-001/images/2026/09/19/afcc991c-cae3-4f48-b9ec-12d6ac7fccc4.jpg","fb262a643afa16995a156147fa20bdc6","image/jpeg","2016219","2026-09-19 17:02:45.643444+00","2026-09-19 17:02:50.201362+00"
"0a9dcbbf-642a-5251-86fc-48ba5c5804c1","t-001","f-001","b-001","wv-001","20260919_170245","farmiq-media","tenants/t-001/farms/f-001/barns/b-001/devices/wv-001/images/2026/09/19/7fb89d1c-f971-4f06-8324-829fc8192c3a.jpg","0080c139dacc3c53d2f84c1f2053c297","image/jpeg","2046565","2026-09-19 17:02:45.643444+00","2026-09-19 17:02:50.585912+00"
"ac320c8b-da51-50ad-b613-f706ed0b3606","t-001","f-001","b-001","wv-001","20260919_170323","farmiq-media","tenants/t-001/farms/f-001/barns/b-001/devices/wv-001/images/2026/09/19/f16911fd-9bd9-407e-8225-f5a5be5b3ac6.jpg","e9f3070e12126fbcd9f9719c1aa07326","image/jpeg","2103636","2026-09-19 17:03:23.920801+00","2026-09-19 17:03:26.328343+00"
"e4b481cc-ec41-5ebd-8a19-4932f92ccfb4","t-001","f-001","b-001","wv-001","20260919_170323","farmiq-media","tenants/t-001/farms/f-001/barns/b-001/devices/wv-001/images/2026/09/19/7ba21ad7-5d81-4d92-a414-040a39e678b3.jpg","476594df2e79317cac73d8dfe56cd043","image/jpeg","2125405","2026-09-19 17:03:23.920801+00","2026-09-19 17:03:26.633007+00"
"5150c22d-9c52-5304-b2ea-69467f5ca24b","t-001","f-001","b-001","wv-001","20260919_170333","farmiq-media","tenants/t-001/farms/f-001/barns/b-001/devices/wv-001/images/2026/09/19/c240a41c-ca53-4a55-bf94-43ca8dfe3b7a.jpg","3d13327064fb2e477973261f49fec400","image/jpeg","2406153","2026-09-19 17:03:33.965956+00","2026-09-19 17:03:36.23506+00"
"4251b8e4-e324-5833-a3e4-907330135042","t-001","f-001","b-001","wv-001","20260919_170333","farmiq-media","tenants/t-001/farms/f-001/barns/b-001/devices/wv-001/images/2026/09/19/b1e1e6f6-083c-4f03-97e5-98855c1c0cdd.jpg","bb47f2c44ce369e53e137fedb6f0439d","image/jpeg","2421455","2026-09-19 17:03:33.965956+00","2026-09-19 17:03:36.588892+00"
"541b7e5b-b3b1-5a03-8550-6f5ceb029a2b","t-001","f-001","b-001","wv-001","20260919_170528","farmiq-media","tenants/t-001/farms/f-001/barns/b-001/devices/wv-001/images/2026/09/19/c8d09d73-6be7-465d-9750-9ce9827340a5.jpg","4dbb4946c924a65406d1697cb6ac9068","image/jpeg","2204748","2026-09-19 17:05:28.797297+00","2026-09-19 17:05:30.974032+00"
"6266a093-3646-5d71-a0a4-f74021912557","t-001","f-001","b-001","wv-001","20260919_170528","farmiq-media","tenants/t-001/farms/f-001/barns/b-001/devices/wv-001/images/2026/09/19/4bc97f68-8218-4c78-9725-f8a2fea48d50.jpg","7268987c3270fa136bbe744f01d96e89","image/jpeg","2219629","2026-09-19 17:05:28.797297+00","2026-09-19 17:05:31.294662+00"
"9b7c715d-fedb-5c60-8ae5-a04a27501f41","t-001","f-001","b-001","wv-001","20260919_170536","farmiq-media","tenants/t-001/farms/f-001/barns/b-001/devices/wv-001/images/2026/09/19/a4f33225-3510-45c0-8da9-7de69c35e73d.jpg","4287535fc5fad1ff19e190e0d5d4f1dd","image/jpeg","1993213","2026-09-19 17:05:36.3511+00","2026-09-19 17:05:38.729675+00"
"471c7755-f374-59cf-9f72-816adfd43452","t-001","f-001","b-001","wv-001","20260919_170536","farmiq-media","tenants/t-001/farms/f-001/barns/b-001/devices/wv-001/images/2026/09/19/ca986e40-550e-407d-9a57-0d3505d94a7d.jpg","951d254649137f98a5f23b924a0ac830","image/jpeg","2009414","2026-09-19 17:05:36.3511+00","2026-09-19 17:05:39.092244+00"
"f30433d9-778c-5b64-a18e-1e1380b0176f","t-001","f-001","b-001","wv-001","20260919_170603","farmiq-media","tenants/t-001/farms/f-001/barns/b-001/devices/wv-001/images/2026/09/19/bc469527-ca87-4475-a16e-4d5aaf5bd523.jpg","91e42d24713cad96d31b9895f6c37e8a","image/jpeg","2285174","2026-09-19 17:06:03.240226+00","2026-09-19 17:06:08.337089+00"
"32c3a6a3-b3da-546d-9789-0436fbca8fef","t-001","f-001","b-001","wv-001","20260919_170603","farmiq-media","tenants/t-001/farms/f-001/barns/b-001/devices/wv-001/images/2026/09/19/acdfbc5e-22d4-459d-8969-45e2e5735877.jpg","a95d3f3e8af66b11f55c4c593a211b3e","image/jpeg","2308080","2026-09-19 17:06:03.240226+00","2026-09-19 17:06:10.022433+00"
"8229c186-aea9-57d6-ace8-1220c8197ff7","t-001","f-001","b-001","wv-001","20260919_170713","farmiq-media","tenants/t-001/farms/f-001/barns/b-001/devices/wv-001/images/2026/09/19/6fab42b9-32cc-46b5-90a1-ebebd160d0f8.jpg","71c5641900bf61e1d8f75c9cd1df0601","image/jpeg","2329364","2026-09-19 17:07:13.722753+00","2026-09-19 17:07:14.525475+00"
"5d49cd16-f432-5ef2-8f94-e6cbd6f671bd","t-001","f-001","b-001","wv-001","20260919_170713","farmiq-media","tenants/t-001/farms/f-001/barns/b-001/devices/wv-001/images/2026/09/19/4e844f94-05bf-4d33-b15e-ae082cf2705b.jpg","48c6e218b4af7ca53e451540a703bb41","image/jpeg","2344306","2026-09-19 17:07:13.722753+00","2026-09-19 17:07:14.932164+00"
"68fbbced-5b14-5808-ae12-508cd0ec969d","t-001","f-001","b-001","wv-001","20260919_170835","farmiq-media","tenants/t-001/farms/f-001/barns/b-001/devices/wv-001/images/2026/09/19/7970e5c9-d71c-4619-bd9f-738fb0fe4e8f.jpg","400a2491f0191430391ac04e177d102a","image/jpeg","2158960","2026-09-19 17:08:35.522114+00","2026-09-19 17:08:37.05261+00"
"c031de18-8b25-57f1-b14f-eabebdcb860c","t-001","f-001","b-001","wv-001","20260919_170835","farmiq-media","tenants/t-001/farms/f-001/barns/b-001/devices/wv-001/images/2026/09/19/f8128e37-9c32-4af4-bac7-19c2beaacc2a.jpg","81ff85c6c9a93a0ac2dba7c1df680a86","image/jpeg","2181664","2026-09-19 17:08:35.522114+00","2026-09-19 17:08:37.4229+00"
"6e570bc9-eb4c-5b66-b4bc-c4c5b4758da1","t-001","f-001","b-001","wv-001","20260919_171001","farmiq-media","tenants/t-001/farms/f-001/barns/b-001/devices/wv-001/images/2026/09/19/2b9b7d7e-79b4-45c1-b018-6d8bc21a5764.jpg","53c83f5a8af8eb4c63a718fa11e9fd02","image/jpeg","2356035","2026-09-19 17:10:01.342105+00","2026-09-19 17:10:03.580142+00"
"7fd8fdbb-773a-56ab-8777-e96c1bec085b","t-001","f-001","b-001","wv-001","20260919_171001","farmiq-media","tenants/t-001/farms/f-001/barns/b-001/devices/wv-001/images/2026/09/19/1bfab7ad-8900-428c-ba2d-2bb70956067d.jpg","afd69c20af5fa62021b841efd1553a59","image/jpeg","2374676","2026-09-19 17:10:01.342105+00","2026-09-19 17:10:03.952479+00"
"a3b39eb3-8b8c-5a84-b01e-ea6951975e8f","t-001","f-001","b-001","wv-001","20260919_171055","farmiq-media","tenants/t-001/farms/f-001/barns/b-001/devices/wv-001/images/2026/09/19/ec9dd9bb-723d-4ffc-ad2c-ac595c0e365d.jpg","ae6a56a369b55f6b3ac6d398ca6844e6","image/jpeg","2299013","2026-09-19 17:10:55.55978+00","2026-09-19 17:10:57.962814+00"
"e8f573d0-2516-5bd0-836d-10e1f2cf326d","t-001","f-001","b-001","wv-001","20260919_171055","farmiq-media","tenants/t-001/farms/f-001/barns/b-001/devices/wv-001/images/2026/09/19/2162f4e8-b375-4146-a37b-8c00c2dac8db.jpg","c1458c2b699d2f8e0364f26770aec61a","image/jpeg","2317226","2026-09-19 17:10:55.55978+00","2026-09-19 17:10:58.345756+00"
"d334bc1a-46e6-502d-b1f3-851856ab7b51","t-001","f-001","b-001","wv-001","20260919_171103","farmiq-media","tenants/t-001/farms/f-001/barns/b-001/devices/wv-001/images/2026/09/19/72f11c09-293a-4652-b3f6-8153c7035d5a.jpg","765c7a736ab7fd40b694b532e219a97c","image/jpeg","2020916","2026-09-19 17:11:03.760308+00","2026-09-19 17:11:05.888923+00"
"7b924fa5-bb78-5dd0-abda-46f3b6a51c4b","t-001","f-001","b-001","wv-001","20260919_171103","farmiq-media","tenants/t-001/farms/f-001/barns/b-001/devices/wv-001/images/2026/09/19/8b60b0c8-3ee6-43d8-ac21-5e4437198417.jpg","26cbcf6f6c3fe7c7ce326edf2a13c62e","image/jpeg","2053040","2026-09-19 17:11:03.760308+00","2026-09-19 17:11:06.204873+00"
"7803fd12-e8f2-5618-8bce-75d6bd6ac1d1","t-001","f-001","b-001","wv-001","20260919_171133","farmiq-media","tenants/t-001/farms/f-001/barns/b-001/devices/wv-001/images/2026/09/19/09d129af-ab23-4d99-8c50-67d43e71ef38.jpg","c56bca7cf4b7107bd64bb3f9d61cc817","image/jpeg","2479393","2026-09-19 17:11:33.240443+00","2026-09-19 17:11:35.23129+00"
"6de0b51c-6219-5890-9050-ff25705ba476","t-001","f-001","b-001","wv-001","20260919_171133","farmiq-media","tenants/t-001/farms/f-001/barns/b-001/devices/wv-001/images/2026/09/19/551e9cdc-fe42-4670-8fcb-f2d764da861d.jpg","a7b4ce1352ab79059ccec0accce8d978","image/jpeg","2495069","2026-09-19 17:11:33.240443+00","2026-09-19 17:11:37.07429+00"
"8bf6c233-c750-5fcd-8f46-bfc49955fc63","t-001","f-001","b-001","wv-001","20260919_171139","farmiq-media","tenants/t-001/farms/f-001/barns/b-001/devices/wv-001/images/2026/09/19/ecb55c6e-477d-41db-9d9d-8a82ea22de9a.jpg","9e8fa6b7a85489e2610ce21eb5e9055e","image/jpeg","2210962","2026-09-19 17:11:39.574253+00","2026-09-19 17:11:45.581821+00"
"adc3e5d1-9cd0-56b9-b280-29c8f4e436ea","t-001","f-001","b-001","wv-001","20260919_171139","farmiq-media","tenants/t-001/farms/f-001/barns/b-001/devices/wv-001/images/2026/09/19/5224cdb8-16e4-4a11-8892-9cbaa7bdfd79.jpg","74364a8c3918715f3d931a154a20e48a","image/jpeg","2235660","2026-09-19 17:11:39.574253+00","2026-09-19 17:11:47.499213+00"
"eb6e9fa9-fc45-5365-9e21-1893174849af","t-001","f-001","b-001","wv-001","20260919_171159","farmiq-media","tenants/t-001/farms/f-001/barns/b-001/devices/wv-001/images/2026/09/19/71b2f6d8-94ea-4ea7-b84a-6f48b23f12ca.jpg","ec6ad05a24ee138aba60c04ced314685","image/jpeg","2227374","2026-09-19 17:11:59.521295+00","2026-09-19 17:12:01.469224+00"
"f8568720-ba30-5006-93bc-6bbbf002b4cf","t-001","f-001","b-001","wv-001","20260919_171159","farmiq-media","tenants/t-001/farms/f-001/barns/b-001/devices/wv-001/images/2026/09/19/e4727ff2-8340-40df-993c-c85b21c80ac3.jpg","9ebf079a13b8722d55297843553bc1cc","image/jpeg","2245356","2026-09-19 17:11:59.521295+00","2026-09-19 17:12:01.814668+00"
"23b1847b-1fce-54cd-9ead-a6be826dfb08","t-001","f-001","b-001","wv-001","20260919_171335","farmiq-media","tenants/t-001/farms/f-001/barns/b-001/devices/wv-001/images/2026/09/19/74294771-7688-4720-aa03-2c70fb900dd2.jpg","38510b70cf7ab6a4dd902de9b262605b","image/jpeg","2420976","2026-09-19 17:13:35.648303+00","2026-09-19 17:13:38.052829+00"
"83b9e619-41a0-53ab-a988-ede40667308f","t-001","f-001","b-001","wv-001","20260919_171335","farmiq-media","tenants/t-001/farms/f-001/barns/b-001/devices/wv-001/images/2026/09/19/0eafcb9a-f42a-4049-b019-e59da66840bc.jpg","8ed9d2a81c7a3327ecddeba42840d675","image/jpeg","2434140","2026-09-19 17:13:35.648303+00","2026-09-19 17:13:38.370879+00"
"d7553fd9-206f-553a-b976-0e3698d2fc44","t-001","f-001","b-001","wv-001","20260919_171524","farmiq-media","tenants/t-001/farms/f-001/barns/b-001/devices/wv-001/images/2026/09/19/f4c63978-92a6-4317-82d1-6a9dc6cb608a.jpg","404715837faf7b721c66f73a86302e15","image/jpeg","1750391","2026-09-19 17:15:24.664754+00","2026-09-19 17:15:26.832204+00"
"2ac396d7-f6c5-5d32-a4ab-dffa5a3b3189","t-001","f-001","b-001","wv-001","20260919_171524","farmiq-media","tenants/t-001/farms/f-001/barns/b-001/devices/wv-001/images/2026/09/19/a1ab3456-36e6-4203-a5eb-d2cd3b4cac0f.jpg","4db77bc46de7c06c5e066a1909ccdd1b","image/jpeg","1763536","2026-09-19 17:15:24.664754+00","2026-09-19 17:15:27.098187+00"
"34dd9a2c-7be8-5e9f-aaea-feb86f091bf2","t-001","f-001","b-001","wv-001","20260919_171559","farmiq-media","tenants/t-001/farms/f-001/barns/b-001/devices/wv-001/images/2026/09/19/d61fdbef-6426-4e17-bc98-e1450e468331.jpg","65fe16941a8a507d97e932e6071402ee","image/jpeg","2313913","2026-09-19 17:15:59.624284+00","2026-09-19 17:16:00.819811+00"
"fa40c488-d83b-52df-9e31-2ee0eaabad18","t-001","f-001","b-001","wv-001","20260919_171559","farmiq-media","tenants/t-001/farms/f-001/barns/b-001/devices/wv-001/images/2026/09/19/30d301a3-02da-4c5d-b2c9-75e45eb310fc.jpg","9822841080c4351411ec1f635138d699","image/jpeg","2327835","2026-09-19 17:15:59.624284+00","2026-09-19 17:16:01.129222+00"
"69b7b343-16d1-50db-906e-ffdf6c3f601b","t-001","f-001","b-001","wv-001","20260919_171603","farmiq-media","tenants/t-001/farms/f-001/barns/b-001/devices/wv-001/images/2026/09/19/62305b14-4e2c-4ad8-9b78-3a0fa6ce83b4.jpg","b2f5c2a038b8273a78ee8852abf38619","image/jpeg","2163971","2026-09-19 17:16:03.592154+00","2026-09-19 17:16:06.602395+00"
"a6e30dfc-d35c-5c98-ab55-d569d66100bc","t-001","f-001","b-001","wv-001","20260919_171603","farmiq-media","tenants/t-001/farms/f-001/barns/b-001/devices/wv-001/images/2026/09/19/71c1bfcd-984d-4fa1-b143-094fb96d95e2.jpg","d7966da720dd627b7f1ea110ba786c22","image/jpeg","2186081","2026-09-19 17:16:03.592154+00","2026-09-19 17:16:06.89591+00"
"63be459d-0f02-5a38-ad0a-710ceb47c6f1","t-001","f-001","b-001","wv-001","20260919_171617","farmiq-media","tenants/t-001/farms/f-001/barns/b-001/devices/wv-001/images/2026/09/19/c3196dbc-3a0d-4abd-850c-58a34537a72b.jpg","63eb1ff41d8ec0713a7fe5bcd9df1444","image/jpeg","2364104","2026-09-19 17:16:17.494782+00","2026-09-19 17:16:18.540563+00"
"cdf789c9-f6ec-5c38-a20c-0575f9aff592","t-001","f-001","b-001","wv-001","20260919_171617","farmiq-media","tenants/t-001/farms/f-001/barns/b-001/devices/wv-001/images/2026/09/19/19246c9c-19c2-49f8-ba5c-30b3ff1df0b5.jpg","2e44264ed83f0ff29700cca042eea09f","image/jpeg","2388973","2026-09-19 17:16:17.494782+00","2026-09-19 17:16:18.940637+00"
"fb32dc64-3658-5e75-b15c-41058bd834eb","t-001","f-001","b-001","wv-001","20260919_171900","farmiq-media","tenants/t-001/farms/f-001/barns/b-001/devices/wv-001/images/2026/09/19/399e4315-68be-4290-a083-6e5ddcaa8a5c.jpg","df1d9a03e2be295698cb4886e652ca53","image/jpeg","2491924","2026-09-19 17:19:00.476881+00","2026-09-19 17:19:01.75958+00"
"755c0e2d-51fe-59f1-bdf6-fe4cc81e6001","t-001","f-001","b-001","wv-001","20260919_171900","farmiq-media","tenants/t-001/farms/f-001/barns/b-001/devices/wv-001/images/2026/09/19/1e7acf85-6ef7-4710-95d1-be108ac2e7da.jpg","0faff228273f351a44effade58fbcb68","image/jpeg","2514997","2026-09-19 17:19:00.476881+00","2026-09-19 17:19:02.150852+00"
"142f59d6-1664-56a9-8d51-47437b7dd328","t-001","f-001","b-001","wv-001","20260919_172158","farmiq-media","tenants/t-001/farms/f-001/barns/b-001/devices/wv-001/images/2026/09/19/f9aebb71-f69c-4f75-84e8-3295e6feb90e.jpg","6b0d9066fbf8d60f75bdcb7c69339cb9","image/jpeg","2290397","2026-09-19 17:21:58.883495+00","2026-09-19 17:22:01.199392+00"
"e6fa55ef-2b22-51b6-a13d-05bcb57d5352","t-001","f-001","b-001","wv-001","20260919_172158","farmiq-media","tenants/t-001/farms/f-001/barns/b-001/devices/wv-001/images/2026/09/19/9f14d92c-cc32-463a-80cf-8246a6a4bf73.jpg","ef9d8bee731983f33d09e2a1cad087fe","image/jpeg","2308810","2026-09-19 17:21:58.883495+00","2026-09-19 17:22:01.576676+00"
"6f99f7ca-b711-5f77-80b5-0817c4250406","t-001","f-001","b-001","wv-001","20260919_172205","farmiq-media","tenants/t-001/farms/f-001/barns/b-001/devices/wv-001/images/2026/09/19/d22b40dd-e33d-43d0-8fd8-d3db94fcd72f.jpg","1debce087a94c56400971e93bc0c9ace","image/jpeg","2217863","2026-09-19 17:22:05.454069+00","2026-09-19 17:22:07.190054+00"
"822f7488-d89a-513f-af0b-339c2d601a29","t-001","f-001","b-001","wv-001","20260919_172205","farmiq-media","tenants/t-001/farms/f-001/barns/b-001/devices/wv-001/images/2026/09/19/610f192f-d2d5-423f-986a-2c13f02838b0.jpg","3ecb11e5b638622b0eed9fec9e7c0966","image/jpeg","2242621","2026-09-19 17:22:05.454069+00","2026-09-19 17:22:07.571834+00"
"91c3fcbd-43d7-508a-955a-1d9935455717","t-001","f-001","b-001","wv-001","20260919_172240","farmiq-media","tenants/t-001/farms/f-001/barns/b-001/devices/wv-001/images/2026/09/19/cad923ab-af64-4ceb-a498-b42b8749aa01.jpg","21a9d19f87335b206c270f956a2fb21f","image/jpeg","2311612","2026-09-19 17:22:40.518363+00","2026-09-19 17:22:42.402817+00"
"762fa648-9e65-5286-83bb-e71667b0d00a","t-001","f-001","b-001","wv-001","20260919_172240","farmiq-media","tenants/t-001/farms/f-001/barns/b-001/devices/wv-001/images/2026/09/19/fc6f0371-7123-4f20-8bf3-250843aa8614.jpg","7cefaeaa065e63c3701468e6668ebadc","image/jpeg","2329076","2026-09-19 17:22:40.518363+00","2026-09-19 17:22:43.089589+00"
"18c78e8b-0760-5755-9e1e-9e1fce39b744","t-001","f-001","b-001","wv-001","20260919_172322","farmiq-media","tenants/t-001/farms/f-001/barns/b-001/devices/wv-001/images/2026/09/19/727f5fd0-11e3-4781-a465-745466f7edb7.jpg","a49ef7c1a171f5b2fee7c76bc074afc1","image/jpeg","2115591","2026-09-19 17:23:22.139682+00","2026-09-19 17:23:23.726269+00"
"1d70ad09-688e-5513-bbe0-5c045bd4f668","t-001","f-001","b-001","wv-001","20260919_172322","farmiq-media","tenants/t-001/farms/f-001/barns/b-001/devices/wv-001/images/2026/09/19/c49521d9-6d2c-4963-af1c-9118a8e1f8dc.jpg","86f87e2c231d491e513da6f74d7bc656","image/jpeg","2137332","2026-09-19 17:23:22.139682+00","2026-09-19 17:23:24.0651+00"
"aa990fa9-08f9-5920-b5d6-97ff9bbb9030","t-001","f-001","b-001","wv-001","20260919_172410","farmiq-media","tenants/t-001/farms/f-001/barns/b-001/devices/wv-001/images/2026/09/19/dc9f9726-fb3c-42f4-95db-cc2fb539ab2c.jpg","ba4cf018f088b09dffd811d2ee709b37","image/jpeg","2371657","2026-09-19 17:24:10.422104+00","2026-09-19 17:24:12.005948+00"
"3888f649-a8c2-5d84-a7c5-6cbd086141ed","t-001","f-001","b-001","wv-001","20260919_172410","farmiq-media","tenants/t-001/farms/f-001/barns/b-001/devices/wv-001/images/2026/09/19/bca2b523-f092-4cb6-ad6b-c80955dd5680.jpg","19aa4fb7f96870b99aee4ef66f0961b4","image/jpeg","2391939","2026-09-19 17:24:10.422104+00","2026-09-19 17:24:12.414096+00"
"990bd56b-f3c0-5674-85f5-8d5865feeb34","t-001","f-001","b-001","wv-001","20260919_172414","farmiq-media","tenants/t-001/farms/f-001/barns/b-001/devices/wv-001/images/2026/09/19/868eaba3-ddff-4975-85c9-e1b88ee4b9ba.jpg","c24a2a87074900983fd8f068af11b5e3","image/jpeg","2050624","2026-09-19 17:24:14.978874+00","2026-09-19 17:24:17.942299+00"
"21a063cc-1cbe-57a4-a853-4efb6fc5ee53","t-001","f-001","b-001","wv-001","20260919_172414","farmiq-media","tenants/t-001/farms/f-001/barns/b-001/devices/wv-001/images/2026/09/19/44bdb13f-581e-4e82-ac02-312f18f2654f.jpg","f78150b1d5699efee1506c469305531c","image/jpeg","2073461","2026-09-19 17:24:14.978874+00","2026-09-19 17:24:18.265378+00"
"1b698c40-e23c-5a74-afa5-21399ed9dc01","t-001","f-001","b-001","wv-001","20260919_172516","farmiq-media","tenants/t-001/farms/f-001/barns/b-001/devices/wv-001/images/2026/09/19/0ca1cf41-c8d3-4517-b469-6ea534df5c48.jpg","f2693234fe0a78e9896a041cecda5e66","image/jpeg","2014414","2026-09-19 17:25:16.59753+00","2026-09-19 17:25:18.32676+00"
"5e0d6288-f9eb-5852-9ec9-5db43c646963","t-001","f-001","b-001","wv-001","20260919_172516","farmiq-media","tenants/t-001/farms/f-001/barns/b-001/devices/wv-001/images/2026/09/19/58ca78c4-f566-4963-b270-11cb4bf4ba1b.jpg","556c79c12f4792fe0f8827d513f552ab","image/jpeg","2032553","2026-09-19 17:25:16.59753+00","2026-09-19 17:25:18.6484+00"
"1d37a08c-2c29-5008-9a13-9f94a3ca27d9","t-001","f-001","b-001","wv-001","20260919_172533","farmiq-media","tenants/t-001/farms/f-001/barns/b-001/devices/wv-001/images/2026/09/19/073c05fb-b050-4676-ad2f-3b17969b3ee4.jpg","71ada1f8d4ff4d2c876c317c48f66872","image/jpeg","2295883","2026-09-19 17:25:33.335145+00","2026-09-19 17:25:34.244083+00"
"0b63c948-fe9f-5e52-8fd3-dcf48679764c","t-001","f-001","b-001","wv-001","20260919_172533","farmiq-media","tenants/t-001/farms/f-001/barns/b-001/devices/wv-001/images/2026/09/19/bfe6abd5-a3da-482c-9a14-b9169ba4566d.jpg","743711e6c19da82828f97e6020dfd72f","image/jpeg","2319431","2026-09-19 17:25:33.335145+00","2026-09-19 17:25:34.607106+00"
"3868b92a-f1db-57c6-8f14-912e298382e2","t-001","f-001","b-001","wv-001","20260919_172619","farmiq-media","tenants/t-001/farms/f-001/barns/b-001/devices/wv-001/images/2026/09/19/8189766f-303a-426e-b860-1e59b702e6c7.jpg","bc5f3960f83cd6de274196e2bcf87a34","image/jpeg","2117491","2026-09-19 17:26:19.055673+00","2026-09-19 17:26:20.502919+00"
"568fd3d5-4cfd-5ed7-bd7f-978c967d36e4","t-001","f-001","b-001","wv-001","20260919_172619","farmiq-media","tenants/t-001/farms/f-001/barns/b-001/devices/wv-001/images/2026/09/19/fc17aed2-3808-47a3-8dfb-a063a7bc6691.jpg","63280ec774a9ac02e353bb8a4617e14e","image/jpeg","2144405","2026-09-19 17:26:19.055673+00","2026-09-19 17:26:20.832268+00"
"6cbd5913-5804-5e0d-ad54-26554982fcde","t-001","f-001","b-001","wv-001","20260919_172630","farmiq-media","tenants/t-001/farms/f-001/barns/b-001/devices/wv-001/images/2026/09/19/2f36cb81-8106-4ae7-9494-d1492d1ec90b.jpg","4c4b00bffcbefa22633a0977d87bb3ac","image/jpeg","2022407","2026-09-19 17:26:30.105371+00","2026-09-19 17:26:32.499351+00"
"8eef4def-0df2-5bf5-8d88-dd1d82a02fce","t-001","f-001","b-001","wv-001","20260919_172630","farmiq-media","tenants/t-001/farms/f-001/barns/b-001/devices/wv-001/images/2026/09/19/69acd47a-3884-4e62-b04d-feda00019feb.jpg","c92076ebe4176281c1dd49026ae5851a","image/jpeg","2047197","2026-09-19 17:26:30.105371+00","2026-09-19 17:26:32.877+00"
"fce1f375-a1b2-517c-8085-a93b34c6f20c","t-001","f-001","b-001","wv-001","20260919_172648","farmiq-media","tenants/t-001/farms/f-001/barns/b-001/devices/wv-001/images/2026/09/19/e78589d3-d319-4d5e-a415-f70b939cba50.jpg","b6790620eb14cfa92f05c8d0733e964f","image/jpeg","2081582","2026-09-19 17:26:48.155504+00","2026-09-19 17:26:50.585068+00"
"f4860fe4-8840-5abf-934e-5fc31636c0f0","t-001","f-001","b-001","wv-001","20260919_172648","farmiq-media","tenants/t-001/farms/f-001/barns/b-001/devices/wv-001/images/2026/09/19/be22ff1b-aa1d-4acd-a05c-c8f8324757b9.jpg","187ef592f7b445ba2435d7506dcc9a4e","image/jpeg","2116192","2026-09-19 17:26:48.155504+00","2026-09-19 17:26:50.936103+00"
"a09bcbb0-712c-5e4c-8f85-01a1c54455bd","t-001","f-001","b-001","wv-001","20260919_172746","farmiq-media","tenants/t-001/farms/f-001/barns/b-001/devices/wv-001/images/2026/09/19/10056f0a-9634-4e21-b822-cb2880920ca6.jpg","e6807925bd6b3438af16f40e923235fb","image/jpeg","1966813","2026-09-19 17:27:46.403458+00","2026-09-19 17:27:46.861796+00"
"0e03deb8-f01b-5d34-b820-c647821ffedf","t-001","f-001","b-001","wv-001","20260919_172746","farmiq-media","tenants/t-001/farms/f-001/barns/b-001/devices/wv-001/images/2026/09/19/71efac4f-eed4-4d38-8ee5-2fc9123bbce2.jpg","95d67955a4e8c2cf3c45b58fb9f6591f","image/jpeg","1983148","2026-09-19 17:27:46.403458+00","2026-09-19 17:27:47.191237+00"
"7d68ec81-3bd4-5fbf-a291-1be907aab593","t-001","f-001","b-001","wv-001","20260919_172814","farmiq-media","tenants/t-001/farms/f-001/barns/b-001/devices/wv-001/images/2026/09/19/e3da15a2-f71f-4d55-8f69-956ea750cfad.jpg","187fff563845e01c2386d58d913e1575","image/jpeg","2406795","2026-09-19 17:28:14.626256+00","2026-09-19 17:28:17.509099+00"
"885398a2-6a1f-5200-a07e-c71111727b85","t-001","f-001","b-001","wv-001","20260919_172814","farmiq-media","tenants/t-001/farms/f-001/barns/b-001/devices/wv-001/images/2026/09/19/b329a1ef-a896-4691-8245-c2d072c6e01c.jpg","d0c0121086936e9364ea9b122d4d3eff","image/jpeg","2421122","2026-09-19 17:28:14.626256+00","2026-09-19 17:28:18.53226+00"
"1a883791-3402-5ad8-aac2-9c66758b5ce0","t-001","f-001","b-001","wv-001","20260919_172818","farmiq-media","tenants/t-001/farms/f-001/barns/b-001/devices/wv-001/images/2026/09/19/7965d152-1c5e-443e-be61-bb221ee199aa.jpg","5f35c752aa9d2f9ce5ab1de3eba81075","image/jpeg","2062501","2026-09-19 17:28:18.9236+00","2026-09-19 17:28:26.981845+00"
"7493e77c-fb71-5c97-b765-7969ca2d1f66","t-001","f-001","b-001","wv-001","20260919_172818","farmiq-media","tenants/t-001/farms/f-001/barns/b-001/devices/wv-001/images/2026/09/19/69f42472-d63b-41cd-bb46-d12ae0cb73e4.jpg","63a66dcf543f17717099908ed9d3636a","image/jpeg","2087250","2026-09-19 17:28:18.9236+00","2026-09-19 17:28:43.400722+00"
"ba2bc856-1e05-5f8d-9233-7ef4ec819657","t-001","f-001","b-001","wv-001","20260919_172826","farmiq-media","tenants/t-001/farms/f-001/barns/b-001/devices/wv-001/images/2026/09/19/453c5528-b90c-4ae9-b9ad-36ac0a2b6970.jpg","4379d4c585369d149d3015d9a2303965","image/jpeg","2001098","2026-09-19 17:28:26.23232+00","2026-09-19 17:28:48.807814+00"
"80943820-b62a-5d95-be01-d339de7c3da7","t-001","f-001","b-001","wv-001","20260919_172826","farmiq-media","tenants/t-001/farms/f-001/barns/b-001/devices/wv-001/images/2026/09/19/041ef7fa-b1b8-447c-8b3f-d253d3e75f27.jpg","bbf138c86e37d8381e5cf088d5e2b247","image/jpeg","2030944","2026-09-19 17:28:26.23232+00","2026-09-19 17:28:49.021149+00"
"d362964c-7fb0-5060-92bb-3300e08dfa85","t-001","f-001","b-001","wv-001","20260919_172903","farmiq-media","tenants/t-001/farms/f-001/barns/b-001/devices/wv-001/images/2026/09/19/c64926a9-d4b3-4bf8-a25a-fb60eb2921f9.jpg","2f06887ba4a07d447d61d38ef256227f","image/jpeg","2191274","2026-09-19 17:29:03.178806+00","2026-09-19 17:29:04.509937+00"
"33171b8b-7cce-5907-a04d-570c68500da3","t-001","f-001","b-001","wv-001","20260919_172903","farmiq-media","tenants/t-001/farms/f-001/barns/b-001/devices/wv-001/images/2026/09/19/c144151c-83d3-43d4-999e-7ac3d45d6667.jpg","3f3b4b3d0d0c8c877b2c042685529391","image/jpeg","2208960","2026-09-19 17:29:03.178806+00","2026-09-19 17:29:04.723695+00"
"7c312416-242b-5bb3-988c-18ffe637e6af","t-001","f-001","b-001","wv-001","20260919_172953","farmiq-media","tenants/t-001/farms/f-001/barns/b-001/devices/wv-001/images/2026/09/19/59e6ffd5-7a42-41a1-bc48-8409dcdd79af.jpg","18481a4a4b8f9456e52538316573ab59","image/jpeg","2177642","2026-09-19 17:29:53.888128+00","2026-09-19 17:29:54.55771+00"
"ced8c5f0-277c-58c0-844e-7eec506cc17b","t-001","f-001","b-001","wv-001","20260919_172953","farmiq-media","tenants/t-001/farms/f-001/barns/b-001/devices/wv-001/images/2026/09/19/4c7d5a73-665d-4dbe-8f9d-760725327ce6.jpg","103d2529fb1e1077fb2b1e8dbcaf5b17","image/jpeg","2199010","2026-09-19 17:29:53.888128+00","2026-09-19 17:29:54.824887+00"
"4bee5a99-24cc-5a34-9823-0cd7c1d31635","t-001","f-001","b-001","wv-001","20260919_173025","farmiq-media","tenants/t-001/farms/f-001/barns/b-001/devices/wv-001/images/2026/09/19/b2f7d92b-90eb-4c04-9243-59128c7ac809.jpg","09c05c016b92e79418112e6f78b7ccb5","image/jpeg","2267224","2026-09-19 17:30:25.509321+00","2026-09-19 17:30:26.478082+00"
"b7493269-6561-5ac2-837d-711471da88ef","t-001","f-001","b-001","wv-001","20260919_173025","farmiq-media","tenants/t-001/farms/f-001/barns/b-001/devices/wv-001/images/2026/09/19/402b98c7-91b6-46b4-9d83-2a2afec05783.jpg","5ca53c85a0f168a4117b9c724dd681c0","image/jpeg","2291912","2026-09-19 17:30:25.509321+00","2026-09-19 17:30:26.694521+00"
"38277418-e7ea-598c-a8ab-921b37fc787e","t-001","f-001","b-001","wv-001","20260919_173057","farmiq-media","tenants/t-001/farms/f-001/barns/b-001/devices/wv-001/images/2026/09/19/3b7e7b63-2d38-486a-8178-18d7543744d3.jpg","9b09e47f03391020d5cbfff5fda672e0","image/jpeg","2390401","2026-09-19 17:30:57.679142+00","2026-09-19 17:30:58.475489+00"
"73af1f02-aad2-54a3-9d22-a745764ef754","t-001","f-001","b-001","wv-001","20260919_173057","farmiq-media","tenants/t-001/farms/f-001/barns/b-001/devices/wv-001/images/2026/09/19/49393d49-90bd-4360-91c4-0d2a6ac6ff74.jpg","6be44cbaaac6427ab2a7ff3e52f047b6","image/jpeg","2415778","2026-09-19 17:30:57.679142+00","2026-09-19 17:30:58.816529+00"
"88394a80-ff03-5843-840a-997e575a8c4e","t-001","f-001","b-001","wv-001","20260919_173104","farmiq-media","tenants/t-001/farms/f-001/barns/b-001/devices/wv-001/images/2026/09/19/6a4c44d0-e39d-4244-abaa-14cbda5ed07a.jpg","8e9631ece54baad7a4785af009457f72","image/jpeg","2163172","2026-09-19 17:31:04.116339+00","2026-09-19 17:31:06.344617+00"
"a5ad0f2e-1665-5b85-a070-9c4860d4f7fd","t-001","f-001","b-001","wv-001","20260919_173104","farmiq-media","tenants/t-001/farms/f-001/barns/b-001/devices/wv-001/images/2026/09/19/90008b4e-6052-4ccd-af89-9dc42220ffd2.jpg","13bf0ffbd6b74ca0a647700dfee3cd8c","image/jpeg","2197228","2026-09-19 17:31:04.116339+00","2026-09-19 17:31:06.596641+00"
"bcf75d20-f00d-51b5-9238-267040ccc21e","t-001","f-001","b-001","wv-001","20260919_173253","farmiq-media","tenants/t-001/farms/f-001/barns/b-001/devices/wv-001/images/2026/09/19/adad8a2f-9a21-4f97-a501-e01099632892.jpg","5d476df4abdcbd3c84b2cd875d7ed74f","image/jpeg","2318771","2026-09-19 17:32:53.621039+00","2026-09-19 17:32:54.96544+00"
"2470352f-8ca8-5e56-a473-d555744296f9","t-001","f-001","b-001","wv-001","20260919_173253","farmiq-media","tenants/t-001/farms/f-001/barns/b-001/devices/wv-001/images/2026/09/19/0b3983d1-313e-4a3b-9147-34c1c8582dd5.jpg","6b34a817028704a2d483a571bc9d8042","image/jpeg","2343956","2026-09-19 17:32:53.621039+00","2026-09-19 17:32:55.326615+00"
"188ff792-59ae-5f3c-947a-5b65298ae353","t-001","f-001","b-001","wv-001","20260919_173501","farmiq-media","tenants/t-001/farms/f-001/barns/b-001/devices/wv-001/images/2026/09/19/6c59390c-8367-48be-85f4-eb7735a4e75a.jpg","566fb2aa4f817d25c1b2db4ce24b0928","image/jpeg","1878071","2026-09-19 17:35:01.524336+00","2026-09-19 17:35:01.988381+00"
"c6b8b77e-b90a-5864-95a3-915fa11b8898","t-001","f-001","b-001","wv-001","20260919_173501","farmiq-media","tenants/t-001/farms/f-001/barns/b-001/devices/wv-001/images/2026/09/19/45d319b3-339a-4fe7-911e-f5dc923a1a78.jpg","225591c081aa4ad7bb3ad24b085cb020","image/jpeg","1894516","2026-09-19 17:35:01.524336+00","2026-09-19 17:35:02.367195+00"
"3b49d65c-92b2-547d-a286-8e53595aac26","t-001","f-001","b-001","wv-001","20260919_173624","farmiq-media","tenants/t-001/farms/f-001/barns/b-001/devices/wv-001/images/2026/09/19/5989dfbb-844d-410e-9855-857e6c9b36d2.jpg","fba3ab8c2898eb08337eed05aa05c59a","image/jpeg","2078314","2026-09-19 17:36:24.974221+00","2026-09-19 17:36:26.686441+00"
"7919c9ea-1b78-5605-a67c-016c1589edb4","t-001","f-001","b-001","wv-001","20260919_173624","farmiq-media","tenants/t-001/farms/f-001/barns/b-001/devices/wv-001/images/2026/09/19/217efa48-991d-42bb-9ad9-4e088c33245d.jpg","128236abf9e74802519b8ec067ef08a5","image/jpeg","2097730","2026-09-19 17:36:24.974221+00","2026-09-19 17:36:27.103052+00"
"b71b96f3-d0c7-5963-b946-3731b3c47073","t-001","f-001","b-001","wv-001","20260919_173706","farmiq-media","tenants/t-001/farms/f-001/barns/b-001/devices/wv-001/images/2026/09/19/065b2dc4-6c90-44e1-a0c2-ac53dfbd07cb.jpg","4fef028eec53afb40b36156c32991472","image/jpeg","2377659","2026-09-19 17:37:06.517482+00","2026-09-19 17:37:09.041479+00"
"874bbd7f-8f85-552a-9ba5-9ef3468e4e01","t-001","f-001","b-001","wv-001","20260919_173706","farmiq-media","tenants/t-001/farms/f-001/barns/b-001/devices/wv-001/images/2026/09/19/d25b3cfd-d9f7-4a33-8ab9-ef9a83438a96.jpg","86b630e181ba4fab3404a09370a32014","image/jpeg","2391602","2026-09-19 17:37:06.517482+00","2026-09-19 17:37:09.534646+00"
"9bf6057e-7373-57dd-a1d4-34033b82df0c","t-001","f-001","b-001","wv-001","20260919_173726","farmiq-media","tenants/t-001/farms/f-001/barns/b-001/devices/wv-001/images/2026/09/19/a71a7bc2-6035-4237-997e-37ca1d006914.jpg","fa8f2fb937a51d171d7f3369306e663e","image/jpeg","2427680","2026-09-19 17:37:26.518012+00","2026-09-19 17:37:27.26961+00"
"30ce80f0-76ea-5b7e-a55a-8671e642ef23","t-001","f-001","b-001","wv-001","20260919_173726","farmiq-media","tenants/t-001/farms/f-001/barns/b-001/devices/wv-001/images/2026/09/19/9733cb6d-3a0d-4c1f-b41f-d9cbd6daaa71.jpg","db28ae2e8e218072aac73ba961b89b37","image/jpeg","2444637","2026-09-19 17:37:26.518012+00","2026-09-19 17:37:27.725907+00"
"5dd71273-9d11-53f6-98c3-73c096c13169","t-001","f-001","b-001","wv-001","20260919_173933","farmiq-media","tenants/t-001/farms/f-001/barns/b-001/devices/wv-001/images/2026/09/19/12a1524f-0703-42ed-bf1a-eb42eee14121.jpg","9ede4f913d4e2c90a8684117b4804fee","image/jpeg","2065768","2026-09-19 17:39:33.947985+00","2026-09-19 17:39:37.810308+00"
"df20f7ad-7b71-5330-8363-9c80906e858a","t-001","f-001","b-001","wv-001","20260919_173933","farmiq-media","tenants/t-001/farms/f-001/barns/b-001/devices/wv-001/images/2026/09/19/10d21a2a-4af6-45e5-bc11-507bf808d5ad.jpg","00b8e370241ad0eb7881811c8a064ede","image/jpeg","2089382","2026-09-19 17:39:33.947985+00","2026-09-19 17:39:38.883304+00"
"8e8cdf14-4ef9-575e-8ec1-150aec6984f3","t-001","f-001","b-001","wv-001","20260919_174003","farmiq-media","tenants/t-001/farms/f-001/barns/b-001/devices/wv-001/images/2026/09/19/4f3836e4-7a2f-4284-a839-a09074930562.jpg","fd180af8bfb3b82ebf3cd7b657f698fe","image/jpeg","2332763","2026-09-19 17:40:03.729833+00","2026-09-19 17:40:04.962919+00"
"70f2a245-9989-5536-90ca-252d2b03f766","t-001","f-001","b-001","wv-001","20260919_174003","farmiq-media","tenants/t-001/farms/f-001/barns/b-001/devices/wv-001/images/2026/09/19/bcb664d4-8e7e-4f16-820a-757f4c286379.jpg","a5955d451d9a54e873e5dab65ab36065","image/jpeg","2354833","2026-09-19 17:40:03.729833+00","2026-09-19 17:40:05.394641+00"
"6641e11d-1b06-5671-8c66-77571bf90858","t-001","f-001","b-001","wv-001","20260919_174100","farmiq-media","tenants/t-001/farms/f-001/barns/b-001/devices/wv-001/images/2026/09/19/b7da29b6-22e9-442b-a529-b09ec5fbf3db.jpg","d00b09f147432f1e95a5a6c7bcab17b0","image/jpeg","2076784","2026-09-19 17:41:00.036748+00","2026-09-19 17:41:01.341438+00"
"fa1034f4-5284-5b32-b202-c276fc637a34","t-001","f-001","b-001","wv-001","20260919_174100","farmiq-media","tenants/t-001/farms/f-001/barns/b-001/devices/wv-001/images/2026/09/19/e93112d5-c1b6-4f5e-9195-1c286b2df925.jpg","a8e581cd22b3138f74d0650ade5651ed","image/jpeg","2107761","2026-09-19 17:41:00.036748+00","2026-09-19 17:41:01.694115+00"
"66aaaa79-27ac-5e90-b5ad-f9a1de033423","t-001","f-001","b-001","wv-001","20260919_174115","farmiq-media","tenants/t-001/farms/f-001/barns/b-001/devices/wv-001/images/2026/09/19/3c04abbe-2089-4217-bd61-2f0636e74b4e.jpg","cab77e4b8561e8e0830dc8fa2a1433b9","image/jpeg","2087087","2026-09-19 17:41:15.538059+00","2026-09-19 17:41:17.459418+00"
"9c7c885b-ee03-51eb-ad81-56b755d76cd4","t-001","f-001","b-001","wv-001","20260919_174115","farmiq-media","tenants/t-001/farms/f-001/barns/b-001/devices/wv-001/images/2026/09/19/713533bb-249f-4db8-bedf-89ab7eddf71b.jpg","80febf1eb8a28a6707b8da714fa9c28b","image/jpeg","2124691","2026-09-19 17:41:15.538059+00","2026-09-19 17:41:17.859591+00"
"42df7cd0-e0ba-57e9-8ca8-d3c763829e9b","t-001","f-001","b-001","wv-001","20260919_174119","farmiq-media","tenants/t-001/farms/f-001/barns/b-001/devices/wv-001/images/2026/09/19/b43c6ead-9ebc-40ac-af5d-a4212b35d242.jpg","2f9f1ceff7f609a8ec31fadd18709393","image/jpeg","2041309","2026-09-19 17:41:19.83574+00","2026-09-19 17:41:23.433141+00"
"7c6f6a57-d7c3-5304-88c2-3a756e977461","t-001","f-001","b-001","wv-001","20260919_174119","farmiq-media","tenants/t-001/farms/f-001/barns/b-001/devices/wv-001/images/2026/09/19/19a0c9ba-781d-4a98-ad29-49d7467cfee1.jpg","4da7a763494903a01e5ecbfe97bfa145","image/jpeg","2070691","2026-09-19 17:41:19.83574+00","2026-09-19 17:41:23.822664+00"
"ddda01eb-44cc-5073-97ab-4a4d832417f0","t-001","f-001","b-001","wv-001","20260919_174154","farmiq-media","tenants/t-001/farms/f-001/barns/b-001/devices/wv-001/images/2026/09/19/833178dd-200b-4b94-84cb-9a4cf0c717dc.jpg","16e1e24ff89aeedf8a34b45c2d354112","image/jpeg","2341026","2026-09-19 17:41:54.312456+00","2026-09-19 17:41:55.63639+00"
"394a7da1-f66b-522a-a49a-3985e3e4e1a0","t-001","f-001","b-001","wv-001","20260919_174154","farmiq-media","tenants/t-001/farms/f-001/barns/b-001/devices/wv-001/images/2026/09/19/13209297-6677-48eb-a2bf-ee9e553d8c67.jpg","bc948494c5d6c9150a24f2a8c0f93293","image/jpeg","2356476","2026-09-19 17:41:54.312456+00","2026-09-19 17:41:56.090881+00"
"69667612-c088-5ed6-a55d-86d2a955f21d","t-001","f-001","b-001","wv-001","20260919_174201","farmiq-media","tenants/t-001/farms/f-001/barns/b-001/devices/wv-001/images/2026/09/19/b5294e37-9ea8-4171-ab70-5acefd4ed622.jpg","0a3ba297b267dd151b5ced47294c4536","image/jpeg","2079914","2026-09-19 17:42:01.521483+00","2026-09-19 17:42:03.720477+00"
"fa5dd476-7ee2-5b01-87b5-c72d432f8b37","t-001","f-001","b-001","wv-001","20260919_174201","farmiq-media","tenants/t-001/farms/f-001/barns/b-001/devices/wv-001/images/2026/09/19/b05690d7-e7bc-4c71-b8f7-d1852e0d353e.jpg","1ced48e8035ec9ad767a1c68659c8096","image/jpeg","2105919","2026-09-19 17:42:01.521483+00","2026-09-19 17:42:04.119139+00"
"f69f7b70-d74e-58d0-8704-35ea75c2f38d","t-001","f-001","b-001","wv-001","20260919_174240","farmiq-media","tenants/t-001/farms/f-001/barns/b-001/devices/wv-001/images/2026/09/19/679227ee-f604-4e75-b38e-5c71e3b40846.jpg","1728b8c3701dd49b674cf37fa82ac246","image/jpeg","2038917","2026-09-19 17:42:40.139543+00","2026-09-19 17:42:41.899287+00"
"e204292f-8d0b-5a19-b412-bee4eae8bb51","t-001","f-001","b-001","wv-001","20260919_174240","farmiq-media","tenants/t-001/farms/f-001/barns/b-001/devices/wv-001/images/2026/09/19/d2489254-c2c6-419c-b26c-220f77d4b957.jpg","e1fa90e4d62c15b7bcf9a945d3568120","image/jpeg","2063831","2026-09-19 17:42:40.139543+00","2026-09-19 17:42:42.241627+00"
"e8cf9ad8-3fb9-51ae-b106-7234a86bdcf0","t-001","f-001","b-001","wv-001","20260919_174309","farmiq-media","tenants/t-001/farms/f-001/barns/b-001/devices/wv-001/images/2026/09/19/98a5382e-aedf-40ea-ae97-b58dfedfb2c2.jpg","7852d3dbb917f7c73b88b213fdf8f70a","image/jpeg","2102418","2026-09-19 17:43:09.735941+00","2026-09-19 17:43:12.040001+00"
"1773110d-e5d3-55e1-b48a-cec7e532a4dc","t-001","f-001","b-001","wv-001","20260919_174309","farmiq-media","tenants/t-001/farms/f-001/barns/b-001/devices/wv-001/images/2026/09/19/e01aae18-fea6-4ae3-85ce-4d43fb036a63.jpg","3522c80446f0707acc82fe4533195f98","image/jpeg","2127888","2026-09-19 17:43:09.735941+00","2026-09-19 17:43:12.448391+00"
"6dc3814c-a3a9-5d25-b104-74a770f48a84","t-001","f-001","b-001","wv-001","20260919_174321","farmiq-media","tenants/t-001/farms/f-001/barns/b-001/devices/wv-001/images/2026/09/19/1d058e4d-8b52-4c14-9f7e-55802e85a6f8.jpg","b80bb85dc73e933d9e8cc8bc729701e6","image/jpeg","2416768","2026-09-19 17:43:21.320592+00","2026-09-19 17:43:22.053951+00"
"a8fa0c2a-438f-5720-a58b-bebcc9b07b86","t-001","f-001","b-001","wv-001","20260919_174321","farmiq-media","tenants/t-001/farms/f-001/barns/b-001/devices/wv-001/images/2026/09/19/974a3284-f4ba-41f8-aed6-b1f55b09ccbb.jpg","95b3e821b201ae41b8888ab53684b89a","image/jpeg","2430102","2026-09-19 17:43:21.320592+00","2026-09-19 17:43:22.4567+00"
"482d7478-6337-55e6-a8ca-f0c99f9a5149","t-001","f-001","b-001","wv-001","20260919_174419","farmiq-media","tenants/t-001/farms/f-001/barns/b-001/devices/wv-001/images/2026/09/19/8f3f05ac-5ce4-4df3-be72-fb05499dfb2e.jpg","c4ca9601c528dfec6463bd4ae6b2d647","image/jpeg","2429940","2026-09-19 17:44:19.991962+00","2026-09-19 17:44:22.429548+00"
"0f1bd505-bba5-5a18-9a80-c3cf8b6d1bcb","t-001","f-001","b-001","wv-001","20260919_174419","farmiq-media","tenants/t-001/farms/f-001/barns/b-001/devices/wv-001/images/2026/09/19/e61e9cae-8302-4b2d-b9f8-607c2074efed.jpg","878e74a4b160342cc33018fd0fd0c203","image/jpeg","2453748","2026-09-19 17:44:19.991962+00","2026-09-19 17:44:22.766413+00"
"ecd5d525-0756-5228-81ff-adf007d8156c","t-001","f-001","b-001","wv-001","20260919_174435","farmiq-media","tenants/t-001/farms/f-001/barns/b-001/devices/wv-001/images/2026/09/19/f0623704-3822-44ed-ada3-145822d9bb70.jpg","84ec2ccd8028c55214cf8b9bd6adae04","image/jpeg","2261924","2026-09-19 17:44:35.103538+00","2026-09-19 17:44:36.406944+00"
"67b348b4-c59d-508d-8d49-64b34d0758e3","t-001","f-001","b-001","wv-001","20260919_174435","farmiq-media","tenants/t-001/farms/f-001/barns/b-001/devices/wv-001/images/2026/09/19/668226fc-ecee-4ba8-8989-82ae0c0e0936.jpg","1949a2ea060d1e6d137a05b956b323d7","image/jpeg","2282349","2026-09-19 17:44:35.103538+00","2026-09-19 17:44:36.778906+00"
"8c11cb6d-b606-5b6e-b8ce-a1b9d653f4bf","t-001","f-001","b-001","wv-001","20260919_174451","farmiq-media","tenants/t-001/farms/f-001/barns/b-001/devices/wv-001/images/2026/09/19/52c64a47-4576-4df1-8354-d653ebd798d7.jpg","3c9038866263d04d97722ef88a3141cd","image/jpeg","2289988","2026-09-19 17:44:51.178763+00","2026-09-19 17:44:53.461929+00"
"f4941119-0c7d-5a52-af42-26c7ccdfb054","t-001","f-001","b-001","wv-001","20260919_174451","farmiq-media","tenants/t-001/farms/f-001/barns/b-001/devices/wv-001/images/2026/09/19/e7e98d72-63ce-417a-92c6-033d2fb6fa46.jpg","2c16b1775dfb66cf7ece77cdc8b24097","image/jpeg","2307625","2026-09-19 17:44:51.178763+00","2026-09-19 17:45:06.851942+00"
"5788b899-891f-5286-a863-c34ce570fd0f","t-001","f-001","b-001","wv-001","20260919_174817","farmiq-media","tenants/t-001/farms/f-001/barns/b-001/devices/wv-001/images/2026/09/19/31c7a822-0dc5-4d9d-8a9c-efaa126b0e20.jpg","eaae66c96fc905329440cd30b12b5263","image/jpeg","2197798","2026-09-19 17:48:17.539132+00","2026-09-19 17:48:19.854075+00"
"da808af2-529f-50bd-81e0-389ff6bbd200","t-001","f-001","b-001","wv-001","20260919_174817","farmiq-media","tenants/t-001/farms/f-001/barns/b-001/devices/wv-001/images/2026/09/19/70a2392f-3012-49bc-8a54-dfee15089c65.jpg","bef5506375cfe17ae9f21c50a3cbe687","image/jpeg","2231245","2026-09-19 17:48:17.539132+00","2026-09-19 17:48:20.236452+00"
"3c9e8ffe-2cc3-5e40-8217-8c4fa65c4e73","t-001","f-001","b-001","wv-001","20260919_174822","farmiq-media","tenants/t-001/farms/f-001/barns/b-001/devices/wv-001/images/2026/09/19/64729357-fd69-43b2-8dbb-5b36b345f78d.jpg","b522060aab3603bff887119019611c7a","image/jpeg","1945225","2026-09-19 17:48:22.072713+00","2026-09-19 17:48:25.74307+00"
"2b987c93-ea3a-56ef-b0f7-735c97f71196","t-001","f-001","b-001","wv-001","20260919_174822","farmiq-media","tenants/t-001/farms/f-001/barns/b-001/devices/wv-001/images/2026/09/19/e3183e86-1696-40f8-8eb5-d55d768806e7.jpg","0f4beddaf754e0dbc530ed4f635f2cb9","image/jpeg","1993451","2026-09-19 17:48:22.072713+00","2026-09-19 17:48:26.045182+00"
"db24af0d-c0ca-5b7b-9cc6-01440b6fbc42","t-001","f-001","b-001","wv-001","20260919_174906","farmiq-media","tenants/t-001/farms/f-001/barns/b-001/devices/wv-001/images/2026/09/19/94c46ce0-4aaf-4366-b7ec-209180e66ba5.jpg","ccaea132f2532b5610dc2780ab6bbf65","image/jpeg","2540001","2026-09-19 17:49:06.500739+00","2026-09-19 17:49:08.090371+00"
"d03a61b8-bdaa-5b8f-a0c4-774b194fd43d","t-001","f-001","b-001","wv-001","20260919_174906","farmiq-media","tenants/t-001/farms/f-001/barns/b-001/devices/wv-001/images/2026/09/19/92623304-25c0-4b3a-a2f1-5e85744587e7.jpg","95a82f72d88b6a988a0351ad316fe546","image/jpeg","2560321","2026-09-19 17:49:06.500739+00","2026-09-19 17:49:08.483754+00"
"8096f791-c01c-562d-8f14-1b41e84419f0","t-001","f-001","b-001","wv-001","20260919_175024","farmiq-media","tenants/t-001/farms/f-001/barns/b-001/devices/wv-001/images/2026/09/19/965c01bb-06b3-4fc3-bfe8-cb8febc97096.jpg","99af2287f75b5c212e89aec89f3a9adf","image/jpeg","2210572","2026-09-19 17:50:24.627814+00","2026-09-19 17:50:28.089568+00"
"380c75b4-37c4-5036-9d4c-8ac2641c9778","t-001","f-001","b-001","wv-001","20260919_175024","farmiq-media","tenants/t-001/farms/f-001/barns/b-001/devices/wv-001/images/2026/09/19/8aa66966-496d-4ffa-b634-2c0e4b9baea3.jpg","acb89e06e3871ba5ff9cb290134708e1","image/jpeg","2240527","2026-09-19 17:50:24.627814+00","2026-09-19 17:50:30.246326+00"
"feb3c44e-8301-5745-91d9-875034017e3c","t-001","f-001","b-001","wv-001","20260919_175032","farmiq-media","tenants/t-001/farms/f-001/barns/b-001/devices/wv-001/images/2026/09/19/ddb5ee5c-b7b7-49d4-a0cf-ef95c43e4e61.jpg","649820a349445fd6b2ab0d4199a022b8","image/jpeg","2086781","2026-09-19 17:50:32.057439+00","2026-09-19 17:50:40.784056+00"
"3abb0cd3-e5b3-5db8-9902-c8d777d90d4e","t-001","f-001","b-001","wv-001","20260919_175032","farmiq-media","tenants/t-001/farms/f-001/barns/b-001/devices/wv-001/images/2026/09/19/6d56f4c9-7b99-4e1b-8e62-e7f91afc3bbd.jpg","c59a2b6e41e5f2aaaa155be63ea43325","image/jpeg","2102338","2026-09-19 17:50:32.057439+00","2026-09-19 17:50:42.719218+00"
"90d74238-2361-5451-9ab3-cd475d94ad92","t-001","f-001","b-001","wv-001","20260919_175042","farmiq-media","tenants/t-001/farms/f-001/barns/b-001/devices/wv-001/images/2026/09/19/b0c06d4f-c609-4495-881d-0df6c55cc66b.jpg","d89e2c02447d8916bcb5b50f1e7e94d5","image/jpeg","2255748","2026-09-19 17:50:42.727797+00","2026-09-19 17:50:48.58001+00"
"2679b888-7184-5473-bdcd-82537e8b627b","t-001","f-001","b-001","wv-001","20260919_175042","farmiq-media","tenants/t-001/farms/f-001/barns/b-001/devices/wv-001/images/2026/09/19/039caac9-e9cc-41cb-b0e7-7bdd0b6a3d27.jpg","d34a3b3a5da9f5566eed2c0ad68c503b","image/jpeg","2280343","2026-09-19 17:50:42.727797+00","2026-09-19 17:50:48.981709+00"
"4e5bd774-39af-5071-ae82-65f1b13003b5","t-001","f-001","b-001","wv-001","20260919_175046","farmiq-media","tenants/t-001/farms/f-001/barns/b-001/devices/wv-001/images/2026/09/19/ec21dd7b-f2ed-4ef2-a7f6-fc527c47033e.jpg","d06fa203a04f9f0628bbbb6d07f56589","image/jpeg","2054961","2026-09-19 17:50:46.989311+00","2026-09-19 17:50:52.467945+00"
"a53d76b2-9206-53aa-a4ef-793ebac7b0db","t-001","f-001","b-001","wv-001","20260919_175046","farmiq-media","tenants/t-001/farms/f-001/barns/b-001/devices/wv-001/images/2026/09/19/099560d6-fda5-4fb8-a28d-602192c75947.jpg","75d703d057b86cc003837317cb86e58b","image/jpeg","2081110","2026-09-19 17:50:46.989311+00","2026-09-19 17:50:52.803692+00"
"b60c43c3-47fc-563f-a99e-a4e71fe1b174","t-001","f-001","b-001","wv-001","20260919_175057","farmiq-media","tenants/t-001/farms/f-001/barns/b-001/devices/wv-001/images/2026/09/19/363f7a14-6e96-461d-b512-8ebaabe774c8.jpg","6847949a45b783749ca47bcd5d120750","image/jpeg","2139666","2026-09-19 17:50:57.539208+00","2026-09-19 17:50:58.314652+00"
"45e8a09c-7fc4-5cab-9e88-295332c880dd","t-001","f-001","b-001","wv-001","20260919_175057","farmiq-media","tenants/t-001/farms/f-001/barns/b-001/devices/wv-001/images/2026/09/19/713d8040-ce31-483e-ab23-a651911631b7.jpg","16c363de4be26db73e98ebfe3038c4e9","image/jpeg","2174407","2026-09-19 17:50:57.539208+00","2026-09-19 17:50:58.588189+00"
"366e3887-5956-555f-80d8-e73becc692ea","t-001","f-001","b-001","wv-001","20260919_175158","farmiq-media","tenants/t-001/farms/f-001/barns/b-001/devices/wv-001/images/2026/09/19/36c42bf2-8ba7-4e4a-b216-ce6d07eff090.jpg","a98af08766d5c076c977c1570e8a8545","image/jpeg","2205459","2026-09-19 17:51:58.714801+00","2026-09-19 17:52:00.46576+00"
"ca5c3c2b-597d-5097-a901-7527ead69bd0","t-001","f-001","b-001","wv-001","20260919_175158","farmiq-media","tenants/t-001/farms/f-001/barns/b-001/devices/wv-001/images/2026/09/19/338820c7-6ef0-4039-b5bf-90ecfcbda5d0.jpg","519c91d4d13ec90dbfad3ec1e796f3cb","image/jpeg","2238104","2026-09-19 17:51:58.714801+00","2026-09-19 17:52:00.779045+00"
"a34473f7-67ca-5937-8b77-93529df31151","t-001","f-001","b-001","wv-001","20260919_175251","farmiq-media","tenants/t-001/farms/f-001/barns/b-001/devices/wv-001/images/2026/09/19/a951c5e7-f8b8-416b-b4c8-1ee9a21f0753.jpg","fe08d04cec91da31177e334d7c8c97e7","image/jpeg","2347322","2026-09-19 17:52:51.152076+00","2026-09-19 17:52:52.69422+00"
"5c315b29-8c4b-5b14-b89b-e51f4f320886","t-001","f-001","b-001","wv-001","20260919_175251","farmiq-media","tenants/t-001/farms/f-001/barns/b-001/devices/wv-001/images/2026/09/19/41de6887-5f76-44c1-98fc-01a6abd95ed5.jpg","cc6214e789469acd49340ccafc74969b","image/jpeg","2374616","2026-09-19 17:52:51.152076+00","2026-09-19 17:52:53.066066+00"
"09daa3ff-1a1d-51db-ab6c-06a1a86cefca","t-001","f-001","b-001","wv-001","20260919_175401","farmiq-media","tenants/t-001/farms/f-001/barns/b-001/devices/wv-001/images/2026/09/19/407ff139-6b27-4ffc-a2ce-e8c4c8b1253e.jpg","291df9af9c3c88e8578efa2cf5790c80","image/jpeg","2321946","2026-09-19 17:54:01.933101+00","2026-09-19 17:54:03.074063+00"
"93f1885d-a391-503f-b57e-793c6732942b","t-001","f-001","b-001","wv-001","20260919_175401","farmiq-media","tenants/t-001/farms/f-001/barns/b-001/devices/wv-001/images/2026/09/19/5cde69e1-2fc3-4f08-a0a4-400989a38af7.jpg","af936bf942d6e6c4eef83fe67b57257a","image/jpeg","2349044","2026-09-19 17:54:01.933101+00","2026-09-19 17:54:03.398707+00"
"999645e8-11c8-5d44-8255-19c7e504bf8e","t-001","f-001","b-001","wv-001","20260919_175604","farmiq-media","tenants/t-001/farms/f-001/barns/b-001/devices/wv-001/images/2026/09/19/fba9a8d2-b10c-481f-86ae-1d546c271cd8.jpg","a4569e1b07e5e31d1fad4f60244a19be","image/jpeg","2407231","2026-09-19 17:56:04.122146+00","2026-09-19 17:56:06.731483+00"
"d3ffd10f-bdcd-5e77-9956-ae80e5a076d6","t-001","f-001","b-001","wv-001","20260919_175604","farmiq-media","tenants/t-001/farms/f-001/barns/b-001/devices/wv-001/images/2026/09/19/7558109b-7fb9-4cd5-91f2-46ef5ebe0a41.jpg","d34d85df46a43db1b3f5a4a509cacd65","image/jpeg","2434415","2026-09-19 17:56:04.122146+00","2026-09-19 17:56:08.815236+00"
"e4708d88-14fc-5e1a-804f-1ea064c41c53","t-001","f-001","b-001","wv-001","20260919_175649","farmiq-media","tenants/t-001/farms/f-001/barns/b-001/devices/wv-001/images/2026/09/19/444b207f-5785-4c05-9450-c556f793b179.jpg","d89cdb57beef465012af918a3b36ec6f","image/jpeg","2033658","2026-09-19 17:56:49.410999+00","2026-09-19 17:56:49.958999+00"
"c21324c6-65da-527a-8c63-cb29ee8c8578","t-001","f-001","b-001","wv-001","20260919_175649","farmiq-media","tenants/t-001/farms/f-001/barns/b-001/devices/wv-001/images/2026/09/19/b2a93182-e9fe-490e-9ef1-80b90b64e319.jpg","3a6c63e637685ac1af898a4bba02ae33","image/jpeg","2059299","2026-09-19 17:56:49.410999+00","2026-09-19 17:56:50.239921+00"
"906c4ec0-2bfc-5aa4-86f8-0b37be768318","t-001","f-001","b-001","wv-001","20260919_175709","farmiq-media","tenants/t-001/farms/f-001/barns/b-001/devices/wv-001/images/2026/09/19/09e39d9e-91ff-4c86-a434-6eb7a9a11cec.jpg","c1e2285748b0d56c7ec94ab9ad8b013a","image/jpeg","2028088","2026-09-19 17:57:09.738229+00","2026-09-19 17:57:11.82762+00"
"5751104a-254d-578e-ac60-f63e56e99f10","t-001","f-001","b-001","wv-001","20260919_175709","farmiq-media","tenants/t-001/farms/f-001/barns/b-001/devices/wv-001/images/2026/09/19/3053433f-555a-460d-ba60-33be45f5820b.jpg","9a52fc30f4d4794725389ab4dfd5e635","image/jpeg","2055167","2026-09-19 17:57:09.738229+00","2026-09-19 17:57:12.149248+00"
"abea28e9-04f2-5a61-bc41-fc34d46df16d","t-001","f-001","b-001","wv-001","20260919_175815","farmiq-media","tenants/t-001/farms/f-001/barns/b-001/devices/wv-001/images/2026/09/19/1f766ea8-42cc-4fa2-9d1f-3871b3fadc53.jpg","953eacb017187ef1a7702ff306da1ef2","image/jpeg","2306128","2026-09-19 17:58:15.101268+00","2026-09-19 17:58:16.212555+00"
"23c4e685-5b33-52bc-a4a6-144c1119de38","t-001","f-001","b-001","wv-001","20260919_175815","farmiq-media","tenants/t-001/farms/f-001/barns/b-001/devices/wv-001/images/2026/09/19/9e87fe24-0f6c-4034-9c10-dae169ce6dea.jpg","40c768b1f3a8e08db966c09a8c12f29e","image/jpeg","2329342","2026-09-19 17:58:15.101268+00","2026-09-19 17:58:16.584664+00"
"a30e98af-8079-5a45-af52-9054fd16f800","t-001","f-001","b-001","wv-001","20260919_175906","farmiq-media","tenants/t-001/farms/f-001/barns/b-001/devices/wv-001/images/2026/09/19/258b1376-e3f7-48a2-bd6f-8b2808c27b66.jpg","9edf3f24caa332558ce4002b53974687","image/jpeg","2386988","2026-09-19 17:59:06.496203+00","2026-09-19 17:59:08.530745+00"
"7539ca40-462d-53c2-8b0d-2345eac7408d","t-001","f-001","b-001","wv-001","20260919_175906","farmiq-media","tenants/t-001/farms/f-001/barns/b-001/devices/wv-001/images/2026/09/19/4d2f1492-ffa2-46e2-a1a2-77bb9544e327.jpg","2c6e3e44ae81b92bec1c6f4dcb1937b1","image/jpeg","2417123","2026-09-19 17:59:06.496203+00","2026-09-19 17:59:08.885851+00"
"f594bef1-03e9-5560-8f19-06d7f9b98f63","t-001","f-001","b-001","wv-001","20260919_180006","farmiq-media","tenants/t-001/farms/f-001/barns/b-001/devices/wv-001/images/2026/09/19/2dc775c9-a738-4775-bf96-4b67357869fd.jpg","159c48c3b5fc3c71c0c20dc28fcab78b","image/jpeg","2364918","2026-09-19 18:00:06.348546+00","2026-09-19 18:00:06.919199+00"
"6f0c2865-7140-5a7f-a2f5-fb394f039aba","t-001","f-001","b-001","wv-001","20260919_180006","farmiq-media","tenants/t-001/farms/f-001/barns/b-001/devices/wv-001/images/2026/09/19/51116e4b-00e7-4c97-857c-5e27afd5206f.jpg","a74b9a17a5055e2b488c5a5b3f425e91","image/jpeg","2391336","2026-09-19 18:00:06.348546+00","2026-09-19 18:00:07.261813+00"
"d2b3367f-53cd-5e9c-a56b-86096b01e11e","t-001","f-001","b-001","wv-001","20260919_180200","farmiq-media","tenants/t-001/farms/f-001/barns/b-001/devices/wv-001/images/2026/09/19/c1b68ae4-f542-4461-b233-bfb9b6a6f2b0.jpg","d96a109f34db75e0964b54424a72448a","image/jpeg","2363739","2026-09-19 18:02:00.806094+00","2026-09-19 18:02:01.717602+00"
"ffab6102-123d-5f28-922d-0d8e6cdef2b4","t-001","f-001","b-001","wv-001","20260919_180200","farmiq-media","tenants/t-001/farms/f-001/barns/b-001/devices/wv-001/images/2026/09/19/a5c5d7c9-b6c2-4db2-9866-2be4f6e0d8f1.jpg","48d112e437a62f1a41bbb76f95d174de","image/jpeg","2393446","2026-09-19 18:02:00.806094+00","2026-09-19 18:02:02.06324+00"
"ec175bd0-6889-5c1a-af2f-75cf44882b9a","t-001","f-001","b-001","wv-001","20260919_180256","farmiq-media","tenants/t-001/farms/f-001/barns/b-001/devices/wv-001/images/2026/09/19/d9b2b745-4d6e-4142-9722-1a69ac7cb39a.jpg","93c79f98db940cd7fc5e9080bf558cdd","image/jpeg","2340880","2026-09-19 18:02:56.32949+00","2026-09-19 18:02:57.960332+00"
"fcd9de75-c6fc-5e93-a557-d82129e50a63","t-001","f-001","b-001","wv-001","20260919_180256","farmiq-media","tenants/t-001/farms/f-001/barns/b-001/devices/wv-001/images/2026/09/19/b53a2eff-4b8d-472d-93a4-6b37e15a1e09.jpg","a307e5275a8ca5f98a32524c56cf439a","image/jpeg","2367265","2026-09-19 18:02:56.32949+00","2026-09-19 18:02:58.300802+00"
"d378fc84-63ba-5f5a-ab25-de1af450cf0b","t-001","f-001","b-001","wv-001","20260919_180312","farmiq-media","tenants/t-001/farms/f-001/barns/b-001/devices/wv-001/images/2026/09/19/83d57591-06a2-49e3-a469-bafbd2c1b022.jpg","43257e5e84e7c2f64313e83d7becdefa","image/jpeg","2381507","2026-09-19 18:03:12.306706+00","2026-09-19 18:03:13.997023+00"
"c970a7c5-d73a-5692-b6cc-783fec54865c","t-001","f-001","b-001","wv-001","20260919_180312","farmiq-media","tenants/t-001/farms/f-001/barns/b-001/devices/wv-001/images/2026/09/19/9f538e41-e021-4e40-8561-dfb8902265bb.jpg","ac57aa2fe89e43927a5d604b9e469298","image/jpeg","2412246","2026-09-19 18:03:12.306706+00","2026-09-19 18:03:14.362104+00"
"ef5cdbcd-7f2f-50ca-b443-26b6c71cdb3d","t-001","f-001","b-001","wv-001","20260919_180359","farmiq-media","tenants/t-001/farms/f-001/barns/b-001/devices/wv-001/images/2026/09/19/a3a3dc90-f59e-4914-b95f-067ac3580c2a.jpg","2d253a7b041bc3b1ced918f0d93f22fc","image/jpeg","2230641","2026-09-19 18:03:59.380719+00","2026-09-19 18:04:00.244665+00"
"66d77c99-84bf-5c40-a244-63795a2ae16b","t-001","f-001","b-001","wv-001","20260919_180359","farmiq-media","tenants/t-001/farms/f-001/barns/b-001/devices/wv-001/images/2026/09/19/6134a54f-049a-4d8b-a1aa-30bc734b9c41.jpg","75c0afd8c2d67858d8226c6b0d908b7e","image/jpeg","2264827","2026-09-19 18:03:59.380719+00","2026-09-19 18:04:00.588105+00"
"99cc7b21-00b5-555e-8f48-82c986bae3a1","t-001","f-001","b-001","wv-001","20260919_180512","farmiq-media","tenants/t-001/farms/f-001/barns/b-001/devices/wv-001/images/2026/09/19/03c35665-6aac-4f3b-a4dc-fa16081c0e98.jpg","55badd812deac83b7e1b45fa94a4327b","image/jpeg","2160737","2026-09-19 18:05:12.190746+00","2026-09-19 18:05:14.648101+00"
"09e2ba47-792f-515d-badb-ff2384c0247d","t-001","f-001","b-001","wv-001","20260919_180512","farmiq-media","tenants/t-001/farms/f-001/barns/b-001/devices/wv-001/images/2026/09/19/7649d9f0-452e-4a29-849a-87eb526bee54.jpg","f330632aac5c90b9e74c1be538cfcdc1","image/jpeg","2192384","2026-09-19 18:05:12.190746+00","2026-09-19 18:05:14.990337+00"
"dd06593b-02ab-5d70-b85f-1f867d9aa34e","t-001","f-001","b-001","wv-001","20260919_180524","farmiq-media","tenants/t-001/farms/f-001/barns/b-001/devices/wv-001/images/2026/09/19/ac43dd54-aa8a-411d-9247-c627825f9a4f.jpg","72d6588627c12673375791bfa0cd44c9","image/jpeg","2203755","2026-09-19 18:05:24.655809+00","2026-09-19 18:05:26.578794+00"
"d67ec1bb-856c-54c7-9d57-db894a538568","t-001","f-001","b-001","wv-001","20260919_180524","farmiq-media","tenants/t-001/farms/f-001/barns/b-001/devices/wv-001/images/2026/09/19/560e6ac0-f8c3-4734-a5f2-3ebb5d7b6413.jpg","d8362d980f6eabfdc77c48a4b4328afa","image/jpeg","2242340","2026-09-19 18:05:24.655809+00","2026-09-19 18:05:26.907886+00"
"a359098f-c17e-5596-b81e-5866c9cf4196","t-001","f-001","b-001","wv-001","20260919_180533","farmiq-media","tenants/t-001/farms/f-001/barns/b-001/devices/wv-001/images/2026/09/19/7ae584e1-6dbf-490b-9105-447bd31da4d9.jpg","9168601c52603783d708a4d6a5365e04","image/jpeg","2324609","2026-09-19 18:05:33.643069+00","2026-09-19 18:05:34.456399+00"
"3ede9334-2803-5145-a449-067678f2abdf","t-001","f-001","b-001","wv-001","20260919_180533","farmiq-media","tenants/t-001/farms/f-001/barns/b-001/devices/wv-001/images/2026/09/19/84c5e3f4-ed38-409e-b19d-bf2f2cb360e0.jpg","9f6a13cf08a42d757a66324c535f03c2","image/jpeg","2360460","2026-09-19 18:05:33.643069+00","2026-09-19 18:05:34.806367+00"
"f08b55d8-5e52-57b6-9772-198a33ced398","t-001","f-001","b-001","wv-001","20260919_180606","farmiq-media","tenants/t-001/farms/f-001/barns/b-001/devices/wv-001/images/2026/09/19/57a1e1fe-feb7-4178-94b1-9dacba4b9114.jpg","0e29ab3a5f306c309f51b04452f439f9","image/jpeg","2431591","2026-09-19 18:06:06.058492+00","2026-09-19 18:06:06.582285+00"
"0235b2c2-e298-5526-b0c0-65fcaea8deaa","t-001","f-001","b-001","wv-001","20260919_180606","farmiq-media","tenants/t-001/farms/f-001/barns/b-001/devices/wv-001/images/2026/09/19/326520f3-8d36-4497-888a-651f31644a80.jpg","e040614fd6f22982e3276a1698396179","image/jpeg","2459006","2026-09-19 18:06:06.058492+00","2026-09-19 18:06:06.927351+00"
"a923baaa-ff41-5eb5-8eaf-cd75041ada49","t-001","f-001","b-001","wv-001","20260919_180625","farmiq-media","tenants/t-001/farms/f-001/barns/b-001/devices/wv-001/images/2026/09/19/6fe57cb5-7623-48a1-b4a0-590f38f77308.jpg","2dfe77a422bac87d59cb13053975b566","image/jpeg","2548440","2026-09-19 18:06:25.301785+00","2026-09-19 18:06:26.572554+00"
"a56e417b-5deb-5137-ac97-55e92430945e","t-001","f-001","b-001","wv-001","20260919_180625","farmiq-media","tenants/t-001/farms/f-001/barns/b-001/devices/wv-001/images/2026/09/19/bea38477-80cb-4220-abe6-6ff22713ae5e.jpg","35394b5ca32653208fcce1fcf1cf8d35","image/jpeg","2577043","2026-09-19 18:06:25.301785+00","2026-09-19 18:06:26.946448+00"
"20a97b4e-e7ce-51fb-a3a6-cf9fc5ae44d2","t-001","f-001","b-001","wv-001","20260919_180800","farmiq-media","tenants/t-001/farms/f-001/barns/b-001/devices/wv-001/images/2026/09/19/f3aab4fd-8b8a-452d-93cc-ae2b78e73b8d.jpg","f91350d32df508f34b3bb475d57223d3","image/jpeg","2342013","2026-09-19 18:08:00.12293+00","2026-09-19 18:08:01.225509+00"
"cbeca939-4b8e-56c0-bd8a-ea0463d833ce","t-001","f-001","b-001","wv-001","20260919_180800","farmiq-media","tenants/t-001/farms/f-001/barns/b-001/devices/wv-001/images/2026/09/19/716394e2-2662-4cff-af07-f1cbbdaff2ea.jpg","bfd675029886cc8485b1b3e1f49c2713","image/jpeg","2372893","2026-09-19 18:08:00.12293+00","2026-09-19 18:08:01.581261+00"
"b7dec982-bcc5-5a94-bb21-b2f11bdd8a03","t-001","f-001","b-001","wv-001","20260919_180804","farmiq-media","tenants/t-001/farms/f-001/barns/b-001/devices/wv-001/images/2026/09/19/d83280f6-23b1-4a1a-985e-35db6691010f.jpg","6666fb1e4caf2e1e64cca8f4454d6200","image/jpeg","2281359","2026-09-19 18:08:04.207787+00","2026-09-19 18:08:07.145709+00"
"ac4a09a1-36ac-5b7e-afe0-a5678d7ecdf6","t-001","f-001","b-001","wv-001","20260919_180804","farmiq-media","tenants/t-001/farms/f-001/barns/b-001/devices/wv-001/images/2026/09/19/a347df75-0550-49a3-b9bd-6178b1590023.jpg","9678fd5485bcf7db325135e078a6e86c","image/jpeg","2318089","2026-09-19 18:08:04.207787+00","2026-09-19 18:08:07.519649+00"
"f8c19ef7-e606-57f8-9c55-d2b5ddce5345","t-001","f-001","b-001","wv-001","20260919_180835","farmiq-media","tenants/t-001/farms/f-001/barns/b-001/devices/wv-001/images/2026/09/19/c95f3d89-60ed-49b2-9eef-ce8b9a6873ae.jpg","adf79d4a376986d04da252fb085f3d91","image/jpeg","2355586","2026-09-19 18:08:35.250359+00","2026-09-19 18:08:37.297146+00"
"aab93104-2ee5-5f7a-8b07-107f5c207534","t-001","f-001","b-001","wv-001","20260919_180835","farmiq-media","tenants/t-001/farms/f-001/barns/b-001/devices/wv-001/images/2026/09/19/86bcfafb-5551-4587-9216-06f2ac17ed0e.jpg","359db56a376e20af0411af91b7e58264","image/jpeg","2387125","2026-09-19 18:08:35.250359+00","2026-09-19 18:08:37.633695+00"
"8e2a3472-cf07-5ce2-999c-f11d5c62932b","t-001","f-001","b-001","wv-001","20260919_180854","farmiq-media","tenants/t-001/farms/f-001/barns/b-001/devices/wv-001/images/2026/09/19/9d2111ae-b0e3-48fd-9824-6b23102db2db.jpg","83c25df292339e96604e4d810e89bcf3","image/jpeg","2335380","2026-09-19 18:08:54.186348+00","2026-09-19 18:08:55.32685+00"
"bd2bf82a-75cc-50c6-8c78-f0a430c010f6","t-001","f-001","b-001","wv-001","20260919_180854","farmiq-media","tenants/t-001/farms/f-001/barns/b-001/devices/wv-001/images/2026/09/19/474bc70f-698c-4461-b8a9-e222282d7bdc.jpg","fb02a5513a9235b9a4361801fdb1b262","image/jpeg","2372696","2026-09-19 18:08:54.186348+00","2026-09-19 18:08:55.739898+00"
"1a3aa2ec-69ec-5651-9809-bd3f0ff53e2a","t-001","f-001","b-001","wv-001","20260919_180958","farmiq-media","tenants/t-001/farms/f-001/barns/b-001/devices/wv-001/images/2026/09/19/f0c1998c-393d-4d32-9c8e-2734360175af.jpg","c68a111dbf7e5d463eb8c5f75cdccfa3","image/jpeg","2395419","2026-09-19 18:09:58.82159+00","2026-09-19 18:09:59.779653+00"
"4fa684b5-ffae-5ccd-a9d2-cbf5540bc607","t-001","f-001","b-001","wv-001","20260919_180958","farmiq-media","tenants/t-001/farms/f-001/barns/b-001/devices/wv-001/images/2026/09/19/ac906a18-cc1c-4ccf-bfce-91bf10b36546.jpg","597fbe6bcfd0916dda7b841aee3c64d7","image/jpeg","2433355","2026-09-19 18:09:58.82159+00","2026-09-19 18:10:00.184658+00"
"d1037fce-5d02-53cf-aa98-13a240bce8df","t-001","f-001","b-001","wv-001","20260919_181015","farmiq-media","tenants/t-001/farms/f-001/barns/b-001/devices/wv-001/images/2026/09/19/c5cd27d2-e644-4e07-8ad3-63485df164bd.jpg","ebd2adeffa8f23721abb0d2ecebe5401","image/jpeg","2362833","2026-09-19 18:10:15.531448+00","2026-09-19 18:10:17.899372+00"
"e7d9eda4-e577-5a2d-8037-8f1d77d46aa3","t-001","f-001","b-001","wv-001","20260919_181015","farmiq-media","tenants/t-001/farms/f-001/barns/b-001/devices/wv-001/images/2026/09/19/cb771bad-e81d-4620-a559-fb3327f2c16d.jpg","ef80f96f80b11c57c2d47d0665d6bd9f","image/jpeg","2402129","2026-09-19 18:10:15.531448+00","2026-09-19 18:10:18.339057+00"
"d122802c-4e42-527f-a9ca-b9c593017a80","t-001","f-001","b-001","wv-001","20260919_181045","farmiq-media","tenants/t-001/farms/f-001/barns/b-001/devices/wv-001/images/2026/09/19/0295f74b-11e0-4b86-aa1b-cd7de8e7d4e1.jpg","47fc751a2634743750316c8a8732c800","image/jpeg","2340697","2026-09-19 18:10:45.399471+00","2026-09-19 18:10:46.147129+00"
"09000d1f-9740-5c04-af27-616b17a8c5b5","t-001","f-001","b-001","wv-001","20260919_181045","farmiq-media","tenants/t-001/farms/f-001/barns/b-001/devices/wv-001/images/2026/09/19/8ce421e8-3fe5-4b68-bcaf-cb85fa2eaec5.jpg","70433d2446d47713b9a282aa569d3a93","image/jpeg","2368950","2026-09-19 18:10:45.399471+00","2026-09-19 18:10:46.538283+00"
"61f1ea51-55c7-5efe-b65c-949d2b763fd5","t-001","f-001","b-001","wv-001","20260919_181234","farmiq-media","tenants/t-001/farms/f-001/barns/b-001/devices/wv-001/images/2026/09/19/fa7dca73-d708-4722-b6ab-fcd3d720ec3c.jpg","2c363f3c2e3f55b9a634d8fbb82d4105","image/jpeg","1980689","2026-09-19 18:12:34.941877+00","2026-09-19 18:12:37.2801+00"
"0d05e71d-a574-5bc1-98bf-15a3b257e19f","t-001","f-001","b-001","wv-001","20260919_181234","farmiq-media","tenants/t-001/farms/f-001/barns/b-001/devices/wv-001/images/2026/09/19/a766d517-1982-4c3a-b4fe-d1bf2df07c70.jpg","379849705f4e4cdce81b8e9446f56023","image/jpeg","2025908","2026-09-19 18:12:34.941877+00","2026-09-19 18:12:39.280018+00"
"18f808ed-9837-57fb-b1a6-70f236c91d93","t-001","f-001","b-001","wv-001","20260919_181243","farmiq-media","tenants/t-001/farms/f-001/barns/b-001/devices/wv-001/images/2026/09/19/69b21b68-8622-4015-bfc4-abd7c12848db.jpg","ba0746975526790515527c948cca6742","image/jpeg","2099153","2026-09-19 18:12:43.101497+00","2026-09-19 18:12:46.383435+00"
"6aad7378-d301-57b5-95d9-a42b4a0e84be","t-001","f-001","b-001","wv-001","20260919_181243","farmiq-media","tenants/t-001/farms/f-001/barns/b-001/devices/wv-001/images/2026/09/19/de2cc6fa-7567-4248-b154-71834526278e.jpg","d1cf51ddf006f702bec37bafae15033e","image/jpeg","2140543","2026-09-19 18:12:43.101497+00","2026-09-19 18:12:46.705963+00"
"1412ba82-b96e-5672-ab2c-732c2fbbf82f","t-001","f-001","b-001","wv-001","20260919_181303","farmiq-media","tenants/t-001/farms/f-001/barns/b-001/devices/wv-001/images/2026/09/19/8b35b5a1-1da5-4155-ac82-fb31e2d95c9a.jpg","da94ce69b8ef9a872255a5531c3a3939","image/jpeg","2022048","2026-09-19 18:13:03.110973+00","2026-09-19 18:13:04.343405+00"
"a54ec381-b06d-5cef-9a7c-e1b431bc461f","t-001","f-001","b-001","wv-001","20260919_181303","farmiq-media","tenants/t-001/farms/f-001/barns/b-001/devices/wv-001/images/2026/09/19/88d6bd7b-809c-4f82-ac44-c1bce0c639ed.jpg","c6906b9a61cc0924eb5f46a0aebb75cd","image/jpeg","2064467","2026-09-19 18:13:03.110973+00","2026-09-19 18:13:04.678485+00"
"37daf4cb-37e0-5363-b830-a6345a412ad4","t-001","f-001","b-001","wv-001","20260919_181352","farmiq-media","tenants/t-001/farms/f-001/barns/b-001/devices/wv-001/images/2026/09/19/1139e0e6-1c9f-48b4-a2d6-1b3f25187ba0.jpg","14e2387adef1b1c409c3a013c2138d43","image/jpeg","2131328","2026-09-19 18:13:52.70836+00","2026-09-19 18:13:54.68548+00"
"62aad512-810c-5a30-8cc7-c414914fcbdb","t-001","f-001","b-001","wv-001","20260919_181352","farmiq-media","tenants/t-001/farms/f-001/barns/b-001/devices/wv-001/images/2026/09/19/e8d90a31-268e-4205-b302-aaf0837ee0bc.jpg","5745e8c721913129aa7454af7cc890d8","image/jpeg","2169269","2026-09-19 18:13:52.70836+00","2026-09-19 18:13:55.084501+00"
"c18ff2f5-2181-5565-8904-353183b51493","t-001","f-001","b-001","wv-001","20260919_181430","farmiq-media","tenants/t-001/farms/f-001/barns/b-001/devices/wv-001/images/2026/09/19/aaa61ae0-4d05-4fe5-b156-b4252ab50f8a.jpg","bae14d6857a5c9539f264a0b366fa005","image/jpeg","2311716","2026-09-19 18:14:30.367707+00","2026-09-19 18:14:30.883594+00"
"145ef7a2-816a-5bbf-8620-d75f32c2790a","t-001","f-001","b-001","wv-001","20260919_181430","farmiq-media","tenants/t-001/farms/f-001/barns/b-001/devices/wv-001/images/2026/09/19/f56d4c98-3627-4621-82a9-031e8278cf63.jpg","c6a222471c6937808c0d4b768f25f6b5","image/jpeg","2347555","2026-09-19 18:14:30.367707+00","2026-09-19 18:14:31.213973+00"
"f422784b-b4a6-5a19-ac9c-7186768dfaf8","t-001","f-001","b-001","wv-001","20260919_181434","farmiq-media","tenants/t-001/farms/f-001/barns/b-001/devices/wv-001/images/2026/09/19/573ba6bd-fdab-4cc4-bad5-94945821ce43.jpg","d6169576b69f2b75faa4c5cb1485795e","image/jpeg","2049602","2026-09-19 18:14:34.421157+00","2026-09-19 18:14:36.695919+00"
"0ae8f113-393e-5b78-a972-c4545ef1de28","t-001","f-001","b-001","wv-001","20260919_181434","farmiq-media","tenants/t-001/farms/f-001/barns/b-001/devices/wv-001/images/2026/09/19/14818809-4568-46be-a5a7-ecdf30d35519.jpg","e0a6eafda3a9a959ecdc3d11177bc07d","image/jpeg","2097792","2026-09-19 18:14:34.421157+00","2026-09-19 18:14:37.032011+00"
"e26a87a7-8bd8-5064-867e-59eb80c4fc9a","t-001","f-001","b-001","wv-001","20260919_181440","farmiq-media","tenants/t-001/farms/f-001/barns/b-001/devices/wv-001/images/2026/09/19/81bc4f35-2d39-47b8-bc7c-2e572a4db0b7.jpg","3101c58637cb01978b5eb1a0a110a94a","image/jpeg","1992366","2026-09-19 18:14:40.900539+00","2026-09-19 18:14:42.617822+00"
"13b364f1-fd4d-555e-bc4c-68ae3514d624","t-001","f-001","b-001","wv-001","20260919_181440","farmiq-media","tenants/t-001/farms/f-001/barns/b-001/devices/wv-001/images/2026/09/19/cbd57cf1-4f9d-4bc9-b3b2-26150da6ccd1.jpg","4dafec4639f817bf3665d751ddf6ef55","image/jpeg","2046034","2026-09-19 18:14:40.900539+00","2026-09-19 18:14:42.957032+00"
"35386646-2133-585b-b6de-32d4d00f0d4e","t-001","f-001","b-001","wv-001","20260919_181450","farmiq-media","tenants/t-001/farms/f-001/barns/b-001/devices/wv-001/images/2026/09/19/e600d161-2ccc-4244-949c-96d063bf405e.jpg","f06f61590ca67912b40ee45203bc01ad","image/jpeg","2282242","2026-09-19 18:14:50.585053+00","2026-09-19 18:14:52.554047+00"
"5db9ba02-a68c-5603-9912-a777d2dc22b2","t-001","f-001","b-001","wv-001","20260919_181450","farmiq-media","tenants/t-001/farms/f-001/barns/b-001/devices/wv-001/images/2026/09/19/dd4d8cd8-bec6-4670-a980-bc7388864423.jpg","387d08aae983ca90e4a9e9d6f3fa7a41","image/jpeg","2326768","2026-09-19 18:14:50.585053+00","2026-09-19 18:14:52.899896+00"
"fbdac63b-f8fb-5069-8f89-a6220d955b1f","t-001","f-001","b-001","wv-001","20260919_181547","farmiq-media","tenants/t-001/farms/f-001/barns/b-001/devices/wv-001/images/2026/09/19/6299cef6-cd49-4ccd-a359-53e946bb6920.jpg","0ea9cd15bb9fb2a2584b205c557e77df","image/jpeg","2278323","2026-09-19 18:15:47.493301+00","2026-09-19 18:15:48.897519+00"
"54ebedb9-7c8c-5597-b929-265d250486be","t-001","f-001","b-001","wv-001","20260919_181547","farmiq-media","tenants/t-001/farms/f-001/barns/b-001/devices/wv-001/images/2026/09/19/3578a54a-88b3-4a47-8ba9-117192551417.jpg","3880627dd1e44afae507a30b88f7c77f","image/jpeg","2307550","2026-09-19 18:15:47.493301+00","2026-09-19 18:15:49.263894+00"
"1efe80be-19e4-5be1-bf21-b06504c1d713","t-001","f-001","b-001","wv-001","20260919_181556","farmiq-media","tenants/t-001/farms/f-001/barns/b-001/devices/wv-001/images/2026/09/19/6286a012-13ed-47bc-8364-506cbbb07c04.jpg","0a5ef74fc6ce8bc14609c5ed643ea991","image/jpeg","2036495","2026-09-19 18:15:56.248277+00","2026-09-19 18:15:56.819494+00"
"655d019c-aa81-5bfe-af54-4f70602347cb","t-001","f-001","b-001","wv-001","20260919_181556","farmiq-media","tenants/t-001/farms/f-001/barns/b-001/devices/wv-001/images/2026/09/19/659df78f-d426-4127-b521-c118c27c05d2.jpg","18eb04f704049800049782a27deb2fff","image/jpeg","2083588","2026-09-19 18:15:56.248277+00","2026-09-19 18:15:57.15248+00"
"65cd8552-61f4-574c-82f9-1945aae5ca24","t-001","f-001","b-001","wv-001","20260919_181602","farmiq-media","tenants/t-001/farms/f-001/barns/b-001/devices/wv-001/images/2026/09/19/78e2cb07-9f1a-4147-9827-8b83cace85bf.jpg","cff1ed5319ae1c588db35813d4fd7aa3","image/jpeg","2360577","2026-09-19 18:16:02.378285+00","2026-09-19 18:16:04.811426+00"
"03a27d4c-c7a3-5980-b032-74c2ec2908e5","t-001","f-001","b-001","wv-001","20260919_181602","farmiq-media","tenants/t-001/farms/f-001/barns/b-001/devices/wv-001/images/2026/09/19/d1eabcac-0551-4cc7-86b0-f26cc42845af.jpg","ae2b015ad7331931b2252a3d8d8e8124","image/jpeg","2387477","2026-09-19 18:16:02.378285+00","2026-09-19 18:16:05.187496+00"
"bc39c406-0359-540e-95b9-767c0f07e64b","t-001","f-001","b-001","wv-001","20260919_181612","farmiq-media","tenants/t-001/farms/f-001/barns/b-001/devices/wv-001/images/2026/09/19/6a644162-2b1a-4ded-8b2c-ec8142918044.jpg","d2abb993cf50c70bbf7046892e9c9a32","image/jpeg","2399799","2026-09-19 18:16:12.83648+00","2026-09-19 18:16:14.856611+00"
"83843af8-a179-5119-afa1-e1051abe87a2","t-001","f-001","b-001","wv-001","20260919_181612","farmiq-media","tenants/t-001/farms/f-001/barns/b-001/devices/wv-001/images/2026/09/19/787d27b8-b641-4bc3-ad0c-a171d74189e2.jpg","1c485d137009ed735ae41fe1782da067","image/jpeg","2433152","2026-09-19 18:16:12.83648+00","2026-09-19 18:16:15.230544+00"
"5ac3d4e4-7808-57c7-9cb9-d71a9e0099bd","t-001","f-001","b-001","wv-001","20260919_181631","farmiq-media","tenants/t-001/farms/f-001/barns/b-001/devices/wv-001/images/2026/09/19/8cb3e6f2-7e9f-434d-8fd3-a121c4847b9e.jpg","5e2ecd655f5585974dfdddc87f8b52e5","image/jpeg","2083019","2026-09-19 18:16:31.740638+00","2026-09-19 18:16:32.8075+00"
"59f70b12-1694-50a3-82e9-0cd16586a598","t-001","f-001","b-001","wv-001","20260919_181631","farmiq-media","tenants/t-001/farms/f-001/barns/b-001/devices/wv-001/images/2026/09/19/a4a802d4-8f30-4973-915c-ae7df426e8aa.jpg","16dfd6eb944cd9b86f62b43664822a7a","image/jpeg","2122556","2026-09-19 18:16:31.740638+00","2026-09-19 18:16:33.172479+00"
"1906b26b-87be-5c03-858f-75d9a44de2d6","t-001","f-001","b-001","wv-001","20260919_181638","farmiq-media","tenants/t-001/farms/f-001/barns/b-001/devices/wv-001/images/2026/09/19/e94826c4-d91c-4353-9598-957fd3d723ab.jpg","fa9397bec9b2b2664541c4a6ee71719f","image/jpeg","2021328","2026-09-19 18:16:38.966389+00","2026-09-19 18:16:40.796525+00"
"86250b66-ad3c-5570-82ed-a1d95edc4b3f","t-001","f-001","b-001","wv-001","20260919_181638","farmiq-media","tenants/t-001/farms/f-001/barns/b-001/devices/wv-001/images/2026/09/19/4b4daae0-4ba5-48de-be56-de946f1f1146.jpg","2abf5997f90b16c55fb3ba7db3b4eb0b","image/jpeg","2067457","2026-09-19 18:16:38.966389+00","2026-09-19 18:16:41.139582+00"
"3d12dba5-d0a9-51a9-ab2a-e2a67bacf3f8","t-001","f-001","b-001","wv-001","20260919_181811","farmiq-media","tenants/t-001/farms/f-001/barns/b-001/devices/wv-001/images/2026/09/19/58557fe1-4390-4e56-9a12-895b3d91d19c.jpg","773e0ef238b284f5319b823b2ef732a8","image/jpeg","2202149","2026-09-19 18:18:11.658417+00","2026-09-19 18:18:13.403496+00"
"8b48e004-739b-5824-a334-1d8582e207e9","t-001","f-001","b-001","wv-001","20260919_181811","farmiq-media","tenants/t-001/farms/f-001/barns/b-001/devices/wv-001/images/2026/09/19/eba5c857-499d-4289-883f-a7329c321c1b.jpg","2040e439de163dda4195db4602d14850","image/jpeg","2229882","2026-09-19 18:18:11.658417+00","2026-09-19 18:18:13.7562+00"
"9dac6c75-49ad-50b6-b888-024baa84480d","t-001","f-001","b-001","wv-001","20260919_181837","farmiq-media","tenants/t-001/farms/f-001/barns/b-001/devices/wv-001/images/2026/09/19/20b68715-ae38-4914-a956-a99755ff1f5b.jpg","6d413265a0af71f6247c22e2d5ac840d","image/jpeg","2353857","2026-09-19 18:18:37.929662+00","2026-09-19 18:18:39.485563+00"
"222e6f3e-e33d-5266-a80a-ab8f1a2abf0a","t-001","f-001","b-001","wv-001","20260919_181837","farmiq-media","tenants/t-001/farms/f-001/barns/b-001/devices/wv-001/images/2026/09/19/da4bbbc0-77b4-40fc-937d-ca07b76bf3a4.jpg","bb8bb7a88853db9ddf042afa73bd25b8","image/jpeg","2377201","2026-09-19 18:18:37.929662+00","2026-09-19 18:18:39.801193+00"
"424e8dbf-5f4a-5385-a153-7af6a801faad","t-001","f-001","b-001","wv-001","20260919_181859","farmiq-media","tenants/t-001/farms/f-001/barns/b-001/devices/wv-001/images/2026/09/19/e809fa85-5ce5-42d6-94bc-5eddcd1020b3.jpg","629ab5eb4c03f164ff7777ee3872cc33","image/jpeg","2274450","2026-09-19 18:18:59.145756+00","2026-09-19 18:19:01.476768+00"
"ca86825d-a28b-5b63-a826-5ae6349c0515","t-001","f-001","b-001","wv-001","20260919_181859","farmiq-media","tenants/t-001/farms/f-001/barns/b-001/devices/wv-001/images/2026/09/19/c7c2b754-2187-4406-955b-7dac62473bea.jpg","33eb1ad75e5af49f3833ac3caa0cd392","image/jpeg","2305581","2026-09-19 18:18:59.145756+00","2026-09-19 18:19:01.820114+00"
"03e05d9d-e72a-5778-a3a1-05a61d737d51","t-001","f-001","b-001","wv-001","20260919_181932","farmiq-media","tenants/t-001/farms/f-001/barns/b-001/devices/wv-001/images/2026/09/19/21ff18b9-50a2-4dac-8f87-bf03ce58727c.jpg","4647e29234e394cd7888aa979993e1f8","image/jpeg","2233260","2026-09-19 18:19:32.059516+00","2026-09-19 18:19:33.536697+00"
"b33c1474-2d6f-53c1-94be-0a79307ddf2a","t-001","f-001","b-001","wv-001","20260919_181932","farmiq-media","tenants/t-001/farms/f-001/barns/b-001/devices/wv-001/images/2026/09/19/43488426-4566-45af-8f8a-dfc9e09b808a.jpg","2eab771ba96167dc460e4c113904b8df","image/jpeg","2272773","2026-09-19 18:19:32.059516+00","2026-09-19 18:19:34.048468+00"
"d3c47656-ccde-5857-893c-b4fb9ba686f6","t-001","f-001","b-001","wv-001","20260919_182001","farmiq-media","tenants/t-001/farms/f-001/barns/b-001/devices/wv-001/images/2026/09/19/b064164f-472b-42ce-9b3e-9c0fa6974e4e.jpg","174bb3a42a56aaaa0b2037f1204ce31c","image/jpeg","2267317","2026-09-19 18:20:01.311897+00","2026-09-19 18:20:01.8482+00"
"0fc34859-141f-517b-8b47-660241c40d30","t-001","f-001","b-001","wv-001","20260919_182001","farmiq-media","tenants/t-001/farms/f-001/barns/b-001/devices/wv-001/images/2026/09/19/e4dc56aa-30e4-4b6e-92c0-6052f8db3bb9.jpg","6fd82ccf17126bfba96c21ee2bcb8317","image/jpeg","2292849","2026-09-19 18:20:01.311897+00","2026-09-19 18:20:02.210298+00"
"9b70d1d2-e9d6-51ed-84e8-6387152d54dd","t-001","f-001","b-001","wv-001","20260919_182020","farmiq-media","tenants/t-001/farms/f-001/barns/b-001/devices/wv-001/images/2026/09/19/a803fabc-1355-4ef4-8a72-b34bc67d0810.jpg","e2d7b124daf8e5e703e7c9cdeb8a9fc8","image/jpeg","2501872","2026-09-19 18:20:20.187981+00","2026-09-19 18:20:22.024249+00"
"d50532aa-65ce-547d-82fa-065e0b164b1c","t-001","f-001","b-001","wv-001","20260919_182020","farmiq-media","tenants/t-001/farms/f-001/barns/b-001/devices/wv-001/images/2026/09/19/f11fc8e5-a89b-44c1-946e-c0346f40f036.jpg","b2414b86418c4f36ee000556b215c6ff","image/jpeg","2525494","2026-09-19 18:20:20.187981+00","2026-09-19 18:20:22.41555+00"
"fb0b024c-d903-5309-8003-d80ed3965d07","t-001","f-001","b-001","wv-001","20260919_182024","farmiq-media","tenants/t-001/farms/f-001/barns/b-001/devices/wv-001/images/2026/09/19/9a8c95e4-5906-42db-9f7c-d91abb4b8be9.jpg","a258895cdc7dd0158623609e9899ec7c","image/jpeg","2248930","2026-09-19 18:20:24.161028+00","2026-09-19 18:20:27.949611+00"
"a050ff77-6454-518a-ad35-5162f19d5df7","t-001","f-001","b-001","wv-001","20260919_182024","farmiq-media","tenants/t-001/farms/f-001/barns/b-001/devices/wv-001/images/2026/09/19/c4e731ab-e7e7-4690-94f9-b83f48138d9a.jpg","e8e92d3b8f55a06015da950a88af0ac9","image/jpeg","2285067","2026-09-19 18:20:24.161028+00","2026-09-19 18:20:28.290078+00"
"31c9ccb1-ed2b-5467-a680-a7773f201dc5","t-001","f-001","b-001","wv-001","20260919_182028","farmiq-media","tenants/t-001/farms/f-001/barns/b-001/devices/wv-001/images/2026/09/19/7f918977-90fa-43a6-80f1-892375f5e4b1.jpg","b6dc9d0029145be4c090ba476b637402","image/jpeg","2180356","2026-09-19 18:20:28.837882+00","2026-09-19 18:20:33.823548+00"
"827cb875-e2a7-5c33-bc7a-54b3d9c7dc45","t-001","f-001","b-001","wv-001","20260919_182028","farmiq-media","tenants/t-001/farms/f-001/barns/b-001/devices/wv-001/images/2026/09/19/8cb129ae-f223-43dc-b1aa-edd9e0c16d8e.jpg","c73b28972cbc5b1697a45dac34753410","image/jpeg","2221583","2026-09-19 18:20:28.837882+00","2026-09-19 18:20:34.204445+00"
"2265dcfd-e37b-5047-be3f-3881f2a92b9b","t-001","f-001","b-001","wv-001","20260919_182158","farmiq-media","tenants/t-001/farms/f-001/barns/b-001/devices/wv-001/images/2026/09/19/082f702e-1064-4d9a-aa34-ff59a7f09144.jpg","935541ae4135754020dfc524e8643ba2","image/jpeg","2172543","2026-09-19 18:21:58.269855+00","2026-09-19 18:22:00.407952+00"
"eb393ca7-bd40-5233-add0-714ff44573f0","t-001","f-001","b-001","wv-001","20260919_182158","farmiq-media","tenants/t-001/farms/f-001/barns/b-001/devices/wv-001/images/2026/09/19/d94bdc8a-6fb2-4d4d-ab18-0b2cee770f76.jpg","5d540aacf8c1b57a6e56b819b63c4d37","image/jpeg","2204465","2026-09-19 18:21:58.269855+00","2026-09-19 18:22:00.760677+00"
"21052f35-cd39-5d2d-a793-712be38c5b1c","t-001","f-001","b-001","wv-001","20260919_182529","farmiq-media","tenants/t-001/farms/f-001/barns/b-001/devices/wv-001/images/2026/09/19/4a4fbc9a-9ff7-484c-8e03-98e840b633ad.jpg","543b324ed8da245d14b40a51aa4728bc","image/jpeg","2190974","2026-09-19 18:25:29.558799+00","2026-09-19 18:25:31.84443+00"
"6eada850-d87c-5b66-8abd-3d770eb46b00","t-001","f-001","b-001","wv-001","20260919_182529","farmiq-media","tenants/t-001/farms/f-001/barns/b-001/devices/wv-001/images/2026/09/19/c304f4cd-a034-40f6-a291-74cfb6f29428.jpg","0b284bb234e44d9d6dd5e84a0f46d9c3","image/jpeg","2225861","2026-09-19 18:25:29.558799+00","2026-09-19 18:25:32.184565+00"
"eb52ae13-99d0-53a7-a797-e3f8b1e27497","t-001","f-001","b-001","wv-001","20260919_182543","farmiq-media","tenants/t-001/farms/f-001/barns/b-001/devices/wv-001/images/2026/09/19/af4579ae-cf10-49a7-9e5e-8c033c1b7f15.jpg","28a4883312927deaf9910fb0a5931a35","image/jpeg","2023473","2026-09-19 18:25:43.699684+00","2026-09-19 18:25:45.856737+00"
"5bc0d7fd-c109-5403-b245-107a29fe201e","t-001","f-001","b-001","wv-001","20260919_182543","farmiq-media","tenants/t-001/farms/f-001/barns/b-001/devices/wv-001/images/2026/09/19/68fe1004-4529-4186-a7d2-1267d2699d69.jpg","c154d9e5b26dec5dbceba5c3cafa1570","image/jpeg","2054550","2026-09-19 18:25:43.699684+00","2026-09-19 18:25:46.219841+00"
"263c1959-e690-5207-8893-ee9483968f7c","t-001","f-001","b-001","wv-001","20260919_182747","farmiq-media","tenants/t-001/farms/f-001/barns/b-001/devices/wv-001/images/2026/09/19/db1fb04e-79a3-474e-a6da-ee4580f5861d.jpg","b059821670ec073b992df7860fc2f4b1","image/jpeg","2354911","2026-09-19 18:27:47.84107+00","2026-09-19 18:27:48.812186+00"
"202eca0c-2e80-5072-b466-70c48fd21648","t-001","f-001","b-001","wv-001","20260919_182747","farmiq-media","tenants/t-001/farms/f-001/barns/b-001/devices/wv-001/images/2026/09/19/cc79359a-0a75-4cd9-baae-1f10dcbf3ad8.jpg","791aac8d35d65802cc949cdcb6d5fb4e","image/jpeg","2380739","2026-09-19 18:27:47.84107+00","2026-09-19 18:27:49.167582+00"
"10e13ed3-9d08-540c-a1b2-995dc5abe7f7","t-001","f-001","b-001","wv-001","20260919_182834","farmiq-media","tenants/t-001/farms/f-001/barns/b-001/devices/wv-001/images/2026/09/19/011b6623-3680-4ec0-9ae9-0fe3dfccf460.jpg","c287cd81d7be0e50f3482ba15930c66b","image/jpeg","1984087","2026-09-19 18:28:34.675493+00","2026-09-19 18:28:37.100345+00"
"4ad852e9-b6a3-5b31-8e8a-4e32c2c88da2","t-001","f-001","b-001","wv-001","20260919_182834","farmiq-media","tenants/t-001/farms/f-001/barns/b-001/devices/wv-001/images/2026/09/19/8111355b-3904-4992-a85f-0f7a31cddd8d.jpg","ada34b5348560a4af2b355605bc9acbf","image/jpeg","2002309","2026-09-19 18:28:34.675493+00","2026-09-19 18:28:37.443196+00"
"b17a4eaa-0500-5b08-ac2b-b62e3bb61bae","t-001","f-001","b-001","wv-001","20260919_182854","farmiq-media","tenants/t-001/farms/f-001/barns/b-001/devices/wv-001/images/2026/09/19/9d1a97d8-dff3-4141-bf26-376c76c96580.jpg","b8e9924730f969ca819161d39a1f115a","image/jpeg","1954178","2026-09-19 18:28:54.428184+00","2026-09-19 18:28:55.881236+00"
"65dde978-c22d-5615-a4ce-fe9dab0a4702","t-001","f-001","b-001","wv-001","20260919_182854","farmiq-media","tenants/t-001/farms/f-001/barns/b-001/devices/wv-001/images/2026/09/19/8db11c77-4471-43da-b9fd-0b0fc38ab8f9.jpg","d4abe41079331d06f8e2cce87d2b74b1","image/jpeg","1969637","2026-09-19 18:28:54.428184+00","2026-09-19 18:29:02.111765+00"
"7d0b4a9f-ba89-5f98-9f39-a699b9f286ba","t-001","f-001","b-001","wv-001","20260919_182904","farmiq-media","tenants/t-001/farms/f-001/barns/b-001/devices/wv-001/images/2026/09/19/4c2b31a1-d13e-48d9-baf6-5c4d61d9c6b5.jpg","54c963310ab36fcda2b704a8f13deedd","image/jpeg","2462131","2026-09-19 18:29:04.331214+00","2026-09-19 18:29:16.136892+00"
"bf8688d0-cd89-5331-88ed-17b72668ccc1","t-001","f-001","b-001","wv-001","20260919_182904","farmiq-media","tenants/t-001/farms/f-001/barns/b-001/devices/wv-001/images/2026/09/19/2a9737c8-795c-4637-a0f3-f7c64a5b7055.jpg","6900b1f865b547aed38382109ef53494","image/jpeg","2474367","2026-09-19 18:29:04.331214+00","2026-09-19 18:29:16.550279+00"
"987f73fd-cba6-553d-9f4f-483c7e4ef743","t-001","f-001","b-001","wv-001","20260919_182908","farmiq-media","tenants/t-001/farms/f-001/barns/b-001/devices/wv-001/images/2026/09/19/6de1015d-b26f-418b-a5e6-705b0940a31f.jpg","cdad1ecadbc55e42bd9ed4d64a975b02","image/jpeg","2172818","2026-09-19 18:29:08.274664+00","2026-09-19 18:29:20.08588+00"
"22aaac55-5db6-54da-9410-6792c6d839eb","t-001","f-001","b-001","wv-001","20260919_182908","farmiq-media","tenants/t-001/farms/f-001/barns/b-001/devices/wv-001/images/2026/09/19/864c7720-d9f0-4aac-9dfb-a208a72c0859.jpg","637e58b8d99c4d07302f3fd8a1377466","image/jpeg","2193143","2026-09-19 18:29:08.274664+00","2026-09-19 18:29:20.390411+00"
"4b4656c5-c212-5ddf-bd41-07c54a9279af","t-001","f-001","b-001","wv-001","20260919_183134","farmiq-media","tenants/t-001/farms/f-001/barns/b-001/devices/wv-001/images/2026/09/19/e5997a15-04b8-4dd7-b568-1239ff732e24.jpg","f31c16ad5dae855bc2d53c5b46af81df","image/jpeg","1611868","2026-09-19 18:31:34.928275+00","2026-09-19 18:31:36.96649+00"
"aa730b83-a753-5758-ac42-70a29a99762d","t-001","f-001","b-001","wv-001","20260919_183134","farmiq-media","tenants/t-001/farms/f-001/barns/b-001/devices/wv-001/images/2026/09/19/c8d62bd6-9f8d-461c-88bb-1dfd7d829b3a.jpg","b4b33d465c9d5310180b115b02a0e87e","image/jpeg","1638247","2026-09-19 18:31:34.928275+00","2026-09-19 18:31:37.234984+00"
"8cfce3e0-ed22-56a3-83d8-dd9af9aafa71","t-001","f-001","b-001","wv-001","20260919_183153","farmiq-media","tenants/t-001/farms/f-001/barns/b-001/devices/wv-001/images/2026/09/19/0b36fbc4-6c40-4ad6-b9ab-cd269ce868ce.jpg","96330fa1019e758f0a7587aef5ae369d","image/jpeg","2058735","2026-09-19 18:31:53.988646+00","2026-09-19 18:31:54.864868+00"
"c6f44c0f-1825-5579-a0f2-0fccb64b2bac","t-001","f-001","b-001","wv-001","20260919_183153","farmiq-media","tenants/t-001/farms/f-001/barns/b-001/devices/wv-001/images/2026/09/19/ec201cc5-f170-4ee8-82ec-6aa5e703c1c7.jpg","a1c9778df03c5847970c8b49e65d1892","image/jpeg","2097115","2026-09-19 18:31:53.988646+00","2026-09-19 18:31:55.20167+00"
"0f6d57c0-2e7a-5284-9a75-9211cc647fed","t-001","f-001","b-001","wv-001","20260919_183158","farmiq-media","tenants/t-001/farms/f-001/barns/b-001/devices/wv-001/images/2026/09/19/bc521d3f-a787-44aa-ac94-68f2e027461c.jpg","4ba2f663c98022d904184766f8dd75be","image/jpeg","1903386","2026-09-19 18:31:58.198351+00","2026-09-19 18:32:00.729128+00"
"7de03df1-b82f-5f0a-aabc-de3655bc09f8","t-001","f-001","b-001","wv-001","20260919_183158","farmiq-media","tenants/t-001/farms/f-001/barns/b-001/devices/wv-001/images/2026/09/19/4404efb8-c2a3-4b79-a4e6-74ca943b5e1f.jpg","ef1b86f6f2e5c3686ff98db72578afbe","image/jpeg","1939451","2026-09-19 18:31:58.198351+00","2026-09-19 18:32:01.072779+00"
"f39934ce-163f-57a4-84a6-0190cbaca459","t-001","f-001","b-001","wv-001","20260919_183202","farmiq-media","tenants/t-001/farms/f-001/barns/b-001/devices/wv-001/images/2026/09/19/21ba801c-d1fa-471b-b22c-cee53357c749.jpg","478dff72c10796d312e99d1fb9cf22c9","image/jpeg","1869972","2026-09-19 18:32:02.569302+00","2026-09-19 18:32:06.539055+00"
"4a0d74c4-1864-536d-a0ae-0cd0c9b6c229","t-001","f-001","b-001","wv-001","20260919_183202","farmiq-media","tenants/t-001/farms/f-001/barns/b-001/devices/wv-001/images/2026/09/19/1f6ae169-b347-4aec-aee8-9046f609b3fa.jpg","a8cd06d02513d7fd73601d4f28f4c329","image/jpeg","1913376","2026-09-19 18:32:02.569302+00","2026-09-19 18:32:06.86358+00"
"ed46c617-f48e-5554-85b7-3c449e0303a0","t-001","f-001","b-001","wv-001","20260919_183206","farmiq-media","tenants/t-001/farms/f-001/barns/b-001/devices/wv-001/images/2026/09/19/40fc37cf-610e-4619-83f3-4048b5223910.jpg","bdfef396f2fa1c74ccfa3b7475e0d830","image/jpeg","2047660","2026-09-19 18:32:06.851295+00","2026-09-19 18:32:12.391869+00"
"03816064-70c0-55b3-87d2-fe18eef221d5","t-001","f-001","b-001","wv-001","20260919_183206","farmiq-media","tenants/t-001/farms/f-001/barns/b-001/devices/wv-001/images/2026/09/19/73c22950-8791-4a81-9d1b-da4ab5f38c1b.jpg","6c499d698737df3c63dab315b9ad3aaa","image/jpeg","2078509","2026-09-19 18:32:06.851295+00","2026-09-19 18:32:12.762207+00"
"6c0a3eb4-3486-5186-b675-625d0577dbfc","t-001","f-001","b-001","wv-001","20260919_183222","farmiq-media","tenants/t-001/farms/f-001/barns/b-001/devices/wv-001/images/2026/09/19/e5816b2c-260f-4ef4-ae55-358f97f6bd63.jpg","da61ef87b71d2d61552508b118e5e3ea","image/jpeg","2053771","2026-09-19 18:32:22.872035+00","2026-09-19 18:32:24.37674+00"
"35230888-5cb5-5958-9205-fef92730ee3a","t-001","f-001","b-001","wv-001","20260919_183222","farmiq-media","tenants/t-001/farms/f-001/barns/b-001/devices/wv-001/images/2026/09/19/074d5698-0f9d-4cd6-beb4-e94ecef7dcc4.jpg","dce7953afceeb0ffb84782a040a78397","image/jpeg","2075139","2026-09-19 18:32:22.872035+00","2026-09-19 18:32:24.740951+00"
"16dc78f3-ec6e-5fd7-839e-22c55566843e","t-001","f-001","b-001","wv-001","20260919_183237","farmiq-media","tenants/t-001/farms/f-001/barns/b-001/devices/wv-001/images/2026/09/19/e646f303-2683-4086-9e9e-c56d227f81bb.jpg","462520141b278fff35a07e332a59ca2b","image/jpeg","2398458","2026-09-19 18:32:37.679617+00","2026-09-19 18:32:38.469729+00"
"1f52a9af-6673-5279-9701-bfd80f3bbd51","t-001","f-001","b-001","wv-001","20260919_183237","farmiq-media","tenants/t-001/farms/f-001/barns/b-001/devices/wv-001/images/2026/09/19/1e5ba93a-a914-44d4-9d89-86f60a972b61.jpg","730970f47f0956610d49d6b6756d63d5","image/jpeg","2419970","2026-09-19 18:32:37.679617+00","2026-09-19 18:32:38.877874+00"
"1d8e2fc7-1ffa-5c8e-b773-3b6e16bbce0b","t-001","f-001","b-001","wv-001","20260919_183241","farmiq-media","tenants/t-001/farms/f-001/barns/b-001/devices/wv-001/images/2026/09/19/bf7cf926-a7dd-48ed-a9e5-d01c2fca0f0a.jpg","616e88b80c1b4b371b63ea553691a3ad","image/jpeg","2217183","2026-09-19 18:32:41.551282+00","2026-09-19 18:32:44.461058+00"
"569ae085-fddd-5262-be74-6520494db802","t-001","f-001","b-001","wv-001","20260919_183241","farmiq-media","tenants/t-001/farms/f-001/barns/b-001/devices/wv-001/images/2026/09/19/fbc6edc5-63df-427b-8771-483cd8522fdf.jpg","450ea7b9f53e0148c8926dfc73ecb684","image/jpeg","2246825","2026-09-19 18:32:41.551282+00","2026-09-19 18:32:44.894578+00"
"e9dadb30-2517-59c5-b78f-ea4bc918f740","t-001","f-001","b-001","wv-001","20260919_183258","farmiq-media","tenants/t-001/farms/f-001/barns/b-001/devices/wv-001/images/2026/09/19/599b6351-b18d-49c6-b158-27a13c412d87.jpg","718803d4e6784a538fa4e112d1c9e1ba","image/jpeg","2120616","2026-09-19 18:32:58.012915+00","2026-09-19 18:32:58.503025+00"
"f0fd4b2d-7ebd-547d-b07d-ad22a6ad9c15","t-001","f-001","b-001","wv-001","20260919_183258","farmiq-media","tenants/t-001/farms/f-001/barns/b-001/devices/wv-001/images/2026/09/19/f44071b4-8fd6-4cd0-8fd7-6de281f0478d.jpg","772f8af0e1c09bbb7a0210d12582fa7f","image/jpeg","2148718","2026-09-19 18:32:58.012915+00","2026-09-19 18:32:58.946131+00"
"eab06f82-325e-5ec9-9663-09875f54778f","t-001","f-001","b-001","wv-001","20260919_183301","farmiq-media","tenants/t-001/farms/f-001/barns/b-001/devices/wv-001/images/2026/09/19/ba54aeac-071b-4aef-892e-af0a191315be.jpg","464b49390aac9f26667928280aa2217d","image/jpeg","1995694","2026-09-19 18:33:01.941598+00","2026-09-19 18:33:04.494394+00"
"28f7804c-ccc7-5352-82d7-9af27160e936","t-001","f-001","b-001","wv-001","20260919_183301","farmiq-media","tenants/t-001/farms/f-001/barns/b-001/devices/wv-001/images/2026/09/19/069ca03c-26e6-4a08-82d0-71cdb2f06098.jpg","eb820fc78d0ec7ed1dc18e2259530c96","image/jpeg","2025811","2026-09-19 18:33:01.941598+00","2026-09-19 18:33:04.851433+00"
"a7a1848f-22e2-5614-aaee-50517c959a3b","t-001","f-001","b-001","wv-001","20260919_183307","farmiq-media","tenants/t-001/farms/f-001/barns/b-001/devices/wv-001/images/2026/09/19/2be624b6-b7ae-48c9-b83d-1e91941230c5.jpg","7c825f0896c2efe74d46ce307f09b391","image/jpeg","1923746","2026-09-19 18:33:07.801967+00","2026-09-19 18:33:10.413886+00"
"3b9b5014-106c-533d-82c6-d230ba5aa710","t-001","f-001","b-001","wv-001","20260919_183307","farmiq-media","tenants/t-001/farms/f-001/barns/b-001/devices/wv-001/images/2026/09/19/69bccbef-4eb6-4d5d-8a91-2d17a7d3becb.jpg","789a11d3c9fc67b0e8a438ce6390c043","image/jpeg","1961831","2026-09-19 18:33:07.801967+00","2026-09-19 18:33:10.797501+00"
"bd0e0b52-aab2-51af-91dd-a3cc6a5d15ae","t-001","f-001","b-001","wv-001","20260919_183319","farmiq-media","tenants/t-001/farms/f-001/barns/b-001/devices/wv-001/images/2026/09/19/15892f63-2975-4eef-be1c-7519d41a04a8.jpg","416ac6ad713067434d3db1cd590f3436","image/jpeg","2338546","2026-09-19 18:33:19.069613+00","2026-09-19 18:33:20.429927+00"
"06bd3361-69cc-5902-9816-569b8e8128d5","t-001","f-001","b-001","wv-001","20260919_183319","farmiq-media","tenants/t-001/farms/f-001/barns/b-001/devices/wv-001/images/2026/09/19/6ea687a9-0c25-45de-a5dd-59ae3fac7357.jpg","98fa428a4ae0a4509c99d451da31e8f0","image/jpeg","2358770","2026-09-19 18:33:19.069613+00","2026-09-19 18:33:20.876751+00"
"515db979-e06b-520d-a539-f03a20e2d3ef","t-001","f-001","b-001","wv-001","20260919_183323","farmiq-media","tenants/t-001/farms/f-001/barns/b-001/devices/wv-001/images/2026/09/19/bfcc5057-b080-46b8-891a-1867c07cf3ee.jpg","9a2a696886519286ba70f60bfbf93c5d","image/jpeg","2131303","2026-09-19 18:33:23.017069+00","2026-09-19 18:33:26.41495+00"
"931da9d2-1ae4-5222-94ba-f04414483dc6","t-001","f-001","b-001","wv-001","20260919_183323","farmiq-media","tenants/t-001/farms/f-001/barns/b-001/devices/wv-001/images/2026/09/19/7a66968c-3a85-4430-86d5-65c1927b4ef4.jpg","45b6c561be6b9ef1889eebb8737ed0ec","image/jpeg","2163602","2026-09-19 18:33:23.017069+00","2026-09-19 18:33:26.731557+00"
"85c00da5-375a-5c50-87c9-01bbfcdc197b","t-001","f-001","b-001","wv-001","20260919_183353","farmiq-media","tenants/t-001/farms/f-001/barns/b-001/devices/wv-001/images/2026/09/19/bb4c063d-55d1-47d5-8309-f85fba490e03.jpg","38734391fa22f09f98d238b9bad1cc25","image/jpeg","2275841","2026-09-19 18:33:53.289025+00","2026-09-19 18:33:54.430002+00"
"4d3657f9-2cc2-5f15-9c80-d6d1edbf5738","t-001","f-001","b-001","wv-001","20260919_183353","farmiq-media","tenants/t-001/farms/f-001/barns/b-001/devices/wv-001/images/2026/09/19/a37b724d-31b7-4096-aa4f-950456172a3d.jpg","6df1a60b45b0df554b1df6d750e41f70","image/jpeg","2309864","2026-09-19 18:33:53.289025+00","2026-09-19 18:33:54.777788+00"
"5f901e79-4499-57f4-81eb-a413cc15e015","t-001","f-001","b-001","wv-001","20260919_183408","farmiq-media","tenants/t-001/farms/f-001/barns/b-001/devices/wv-001/images/2026/09/19/aedb2c47-a402-4643-9254-565c4770f4b5.jpg","58dc98be3b9bb6bafbb53cdf14fae482","image/jpeg","2233040","2026-09-19 18:34:08.291769+00","2026-09-19 18:34:10.57453+00"
"9c842b29-86ae-5a37-a71f-3f5d8d94d39f","t-001","f-001","b-001","wv-001","20260919_183408","farmiq-media","tenants/t-001/farms/f-001/barns/b-001/devices/wv-001/images/2026/09/19/add3348d-2662-41d8-ab5a-2a691e8a5668.jpg","02c118ea9d14159f2691db423453c3b6","image/jpeg","2265796","2026-09-19 18:34:08.291769+00","2026-09-19 18:34:10.958136+00"
"c5182f5c-4752-505f-9628-55eb64bcb2da","t-001","f-001","b-001","wv-001","20260919_183412","farmiq-media","tenants/t-001/farms/f-001/barns/b-001/devices/wv-001/images/2026/09/19/3eb5d48a-b53a-4328-b18d-e4ae808a0c3b.jpg","a3b69bdb033c502a18167546f2a48f8d","image/jpeg","2076426","2026-09-19 18:34:12.396178+00","2026-09-19 18:34:21.974652+00"
"8bbbcd5f-a886-59e0-8204-678f4f97a38d","t-001","f-001","b-001","wv-001","20260919_183412","farmiq-media","tenants/t-001/farms/f-001/barns/b-001/devices/wv-001/images/2026/09/19/5435a893-9915-4db6-81d3-78b6aea8d7cb.jpg","0bf1e5565c1e2dc0240de14cb66c901f","image/jpeg","2111353","2026-09-19 18:34:12.396178+00","2026-09-19 18:34:23.839975+00"
"d64d2b94-3e6b-5870-b667-dcc21fa6cc1f","t-001","f-001","b-001","wv-001","20260919_183439","farmiq-media","tenants/t-001/farms/f-001/barns/b-001/devices/wv-001/images/2026/09/19/c44c6275-44c5-42d3-968f-c4411d4d1be5.jpg","bbeb1ad7338aa7a089ea0d36429cfdac","image/jpeg","2383157","2026-09-19 18:34:39.973107+00","2026-09-19 18:34:41.72869+00"
"f6d16a31-3efd-5278-91d2-be00744888ba","t-001","f-001","b-001","wv-001","20260919_183439","farmiq-media","tenants/t-001/farms/f-001/barns/b-001/devices/wv-001/images/2026/09/19/a63d83bb-f65d-438a-9c7e-4da0fa41f89d.jpg","e889d342e161698e17ceb74b3c6f4994","image/jpeg","2406566","2026-09-19 18:34:39.973107+00","2026-09-19 18:34:42.079577+00"
"1d6cfc1b-5aa4-5ef2-9926-c08257e78047","t-001","f-001","b-001","wv-001","20260919_183519","farmiq-media","tenants/t-001/farms/f-001/barns/b-001/devices/wv-001/images/2026/09/19/c702c655-9f1b-4c37-8f37-461d8cb1b661.jpg","f97949abef608070ea638326f03a90b9","image/jpeg","2037483","2026-09-19 18:35:19.458536+00","2026-09-19 18:35:19.870109+00"
"9b4a338c-4c4c-5e28-b52a-02ae83938d17","t-001","f-001","b-001","wv-001","20260919_183519","farmiq-media","tenants/t-001/farms/f-001/barns/b-001/devices/wv-001/images/2026/09/19/9fc7c05a-174f-45e9-b6fa-765784f81a86.jpg","2f0cf4a74bf3ccd059dbd864bbba9343","image/jpeg","2054528","2026-09-19 18:35:19.458536+00","2026-09-19 18:35:20.173809+00"
"cf2c094c-2bb9-5b06-abf2-9548b4b3dbc2","t-001","f-001","b-001","wv-001","20260919_183523","farmiq-media","tenants/t-001/farms/f-001/barns/b-001/devices/wv-001/images/2026/09/19/e43d2dc8-a072-47cc-b81f-79666631c232.jpg","960952f76641c2615a2bf27f819b8ab6","image/jpeg","1992979","2026-09-19 18:35:23.902207+00","2026-09-19 18:35:25.739484+00"
"4b1f2655-a06b-57a1-b6c9-84948208b230","t-001","f-001","b-001","wv-001","20260919_183523","farmiq-media","tenants/t-001/farms/f-001/barns/b-001/devices/wv-001/images/2026/09/19/468e5af0-1678-4121-8599-b51f267502f9.jpg","2a382cbe9b2accdba08f37fe6e1cb223","image/jpeg","2011811","2026-09-19 18:35:23.902207+00","2026-09-19 18:35:26.084885+00"
"91483ac9-e643-53b6-a287-7f86971aa839","t-001","f-001","b-001","wv-001","20260919_183528","farmiq-media","tenants/t-001/farms/f-001/barns/b-001/devices/wv-001/images/2026/09/19/4fbc0d70-529b-4145-a8b2-ec1b9220eefa.jpg","d2bf600019498e91feb6ba59583a6163","image/jpeg","1947012","2026-09-19 18:35:28.286539+00","2026-09-19 18:35:31.631644+00"
"9c2679a8-654e-5cdc-a820-6a75eef5939c","t-001","f-001","b-001","wv-001","20260919_183528","farmiq-media","tenants/t-001/farms/f-001/barns/b-001/devices/wv-001/images/2026/09/19/a2da2171-b627-45b7-8adb-d7cde21e8679.jpg","1065e754d7f599be096fecd1dae957a5","image/jpeg","1973003","2026-09-19 18:35:28.286539+00","2026-09-19 18:35:31.95977+00"
"bd2cbc62-8bea-5728-a6e5-4dbee6d7f760","t-001","f-001","b-001","wv-001","20260919_183537","farmiq-media","tenants/t-001/farms/f-001/barns/b-001/devices/wv-001/images/2026/09/19/0be0b29b-7755-438c-8896-0391d3155ef2.jpg","6fc6bed9187d435332fc20034e0adfa1","image/jpeg","2182794","2026-09-19 18:35:37.439447+00","2026-09-19 18:35:39.553643+00"
"a63ab698-e0ef-5cfe-9808-b6ae7e9a8aa8","t-001","f-001","b-001","wv-001","20260919_183537","farmiq-media","tenants/t-001/farms/f-001/barns/b-001/devices/wv-001/images/2026/09/19/014bbc33-626c-4fea-91fc-94d81b43e6e7.jpg","6c210557384ae927308d07541608a2a0","image/jpeg","2205183","2026-09-19 18:35:37.439447+00","2026-09-19 18:35:39.914131+00"
"bc75393c-43ff-5172-94b6-9c0d4bfe8fb0","t-001","f-001","b-001","wv-001","20260919_183541","farmiq-media","tenants/t-001/farms/f-001/barns/b-001/devices/wv-001/images/2026/09/19/c511e359-1f1e-44de-bf4f-772cdf1c1d80.jpg","16d37499c9a09a9d66cd0237ae590172","image/jpeg","2036734","2026-09-19 18:35:41.448558+00","2026-09-19 18:35:45.387456+00"
"ac69afcd-3cc6-5484-a847-07e649a5f1c8","t-001","f-001","b-001","wv-001","20260919_183541","farmiq-media","tenants/t-001/farms/f-001/barns/b-001/devices/wv-001/images/2026/09/19/cb01dbdf-57bd-4dda-b365-5308d3877383.jpg","35e7930e3d21b993bfbe7b46ce1d1bae","image/jpeg","2068950","2026-09-19 18:35:41.448558+00","2026-09-19 18:35:45.71028+00"
"b1ccc5bf-eb1b-556d-9022-c7a3ac64a601","t-001","f-001","b-001","wv-001","20260919_183554","farmiq-media","tenants/t-001/farms/f-001/barns/b-001/devices/wv-001/images/2026/09/19/4460e9b0-10eb-40e8-a328-44d6d7cbf61d.jpg","4863fedefea8efe4a59ff7f749276382","image/jpeg","2196000","2026-09-19 18:35:54.181876+00","2026-09-19 18:35:55.21543+00"
"254be9e7-c02e-5e51-906d-844ff92fbebf","t-001","f-001","b-001","wv-001","20260919_183554","farmiq-media","tenants/t-001/farms/f-001/barns/b-001/devices/wv-001/images/2026/09/19/3c86ef7b-a1d5-4926-87b3-5b0ce0b3e873.jpg","102177919c0b915eb0e80df8bbfa7e3a","image/jpeg","2221561","2026-09-19 18:35:54.181876+00","2026-09-19 18:35:55.501162+00"
"c644e983-ccbd-58dd-94d3-6798f152cf75","t-001","f-001","b-001","wv-001","20260919_183558","farmiq-media","tenants/t-001/farms/f-001/barns/b-001/devices/wv-001/images/2026/09/19/4e44fe5e-f427-4296-b262-8bce2337ceb6.jpg","64d65b567040d235c56326031434541a","image/jpeg","2050806","2026-09-19 18:35:58.109522+00","2026-09-19 18:36:00.982957+00"
"1ee964fd-6168-53f5-91dd-8b5aecb1b83d","t-001","f-001","b-001","wv-001","20260919_183558","farmiq-media","tenants/t-001/farms/f-001/barns/b-001/devices/wv-001/images/2026/09/19/9b1d8b39-d88f-4ca8-87de-7706722ae43f.jpg","dd05460e5ce1d56d8f63371489797e91","image/jpeg","2088515","2026-09-19 18:35:58.109522+00","2026-09-19 18:36:01.29197+00"
"be59b68e-e8f3-5d26-9064-ad91b68e692a","t-001","f-001","b-001","wv-001","20260919_183602","farmiq-media","tenants/t-001/farms/f-001/barns/b-001/devices/wv-001/images/2026/09/19/9aa74cc9-bc6b-4147-b5ed-83395e44d68a.jpg","20968051e4a55d8a8c963aff6f351eba","image/jpeg","2013605","2026-09-19 18:36:02.387617+00","2026-09-19 18:36:06.730787+00"
"0071a8e4-9a0f-520e-a1f5-2e614b926949","t-001","f-001","b-001","wv-001","20260919_183602","farmiq-media","tenants/t-001/farms/f-001/barns/b-001/devices/wv-001/images/2026/09/19/3c661eb4-57b6-49e7-adb3-fc19ca13c596.jpg","563330e328070668e0f5613b08690caf","image/jpeg","2051255","2026-09-19 18:36:02.387617+00","2026-09-19 18:36:07.041752+00"
"3159d5fb-41ba-594d-bb8d-5087edf2bedb","t-001","f-001","b-001","wv-001","20260919_183606","farmiq-media","tenants/t-001/farms/f-001/barns/b-001/devices/wv-001/images/2026/09/19/b2572ae3-89c5-4213-9f5b-01ef140a5247.jpg","c252c4ce7dc43f51d5fb7c4cbe062d52","image/jpeg","2006200","2026-09-19 18:36:06.687178+00","2026-09-19 18:36:12.624486+00"
"851729a5-374c-5d7b-8ace-8509e74401f3","t-001","f-001","b-001","wv-001","20260919_183606","farmiq-media","tenants/t-001/farms/f-001/barns/b-001/devices/wv-001/images/2026/09/19/94ae9a9a-2577-425e-8302-5da9c6cfdca7.jpg","3685f5bd0b5e6632cc78e7ca58476117","image/jpeg","2043780","2026-09-19 18:36:06.687178+00","2026-09-19 18:36:12.958477+00"
"4c505b46-0f2d-519b-a997-efceb90ba1ac","t-001","f-001","b-001","wv-001","20260919_183610","farmiq-media","tenants/t-001/farms/f-001/barns/b-001/devices/wv-001/images/2026/09/19/2bc5fe4b-38a5-4b1a-bf51-60d53134270b.jpg","3721e32b23f83bdb271cd3071ea603a4","image/jpeg","2012544","2026-09-19 18:36:10.853358+00","2026-09-19 18:36:16.434297+00"
"9d04ae7b-186d-52d0-a2f5-ee6610a3a073","t-001","f-001","b-001","wv-001","20260919_183610","farmiq-media","tenants/t-001/farms/f-001/barns/b-001/devices/wv-001/images/2026/09/19/0b2f9c1d-f2d3-4748-9550-e7293bc53545.jpg","5d08157a0af9d6828f907b10bf29280c","image/jpeg","2045127","2026-09-19 18:36:10.853358+00","2026-09-19 18:36:16.774562+00"
"1aaf7b83-4841-5d71-ac68-2ff97f045b0e","t-001","f-001","b-001","wv-001","20260919_183620","farmiq-media","tenants/t-001/farms/f-001/barns/b-001/devices/wv-001/images/2026/09/19/8017c5a1-d34f-423d-88b2-07681dfde5fb.jpg","fbddedd0facc8edb2c526aefb0bff2e1","image/jpeg","2269273","2026-09-19 18:36:20.135942+00","2026-09-19 18:36:22.315837+00"
"9a5fda44-dacf-53bb-ba91-bca0a79b1804","t-001","f-001","b-001","wv-001","20260919_183620","farmiq-media","tenants/t-001/farms/f-001/barns/b-001/devices/wv-001/images/2026/09/19/721dcfd9-6e59-49f8-b361-cafeb9bb42f6.jpg","d3a341b768a2167bde5337ddbaa75cf2","image/jpeg","2299017","2026-09-19 18:36:20.135942+00","2026-09-19 18:36:22.715647+00"
"20df2afd-4a55-5172-b5af-9036dbecde5e","t-001","f-001","b-001","wv-001","20260919_183624","farmiq-media","tenants/t-001/farms/f-001/barns/b-001/devices/wv-001/images/2026/09/19/e5a97f19-0be4-4e55-a88c-b0e0a7362c66.jpg","400dcaae8298e3bb52c3fd61012b2dff","image/jpeg","2089623","2026-09-19 18:36:24.085302+00","2026-09-19 18:36:28.237348+00"
"89fee27f-6eff-5764-bd90-60514a5128d9","t-001","f-001","b-001","wv-001","20260919_183624","farmiq-media","tenants/t-001/farms/f-001/barns/b-001/devices/wv-001/images/2026/09/19/a1f4bb4f-1f53-46e2-92df-ff2e357a8e32.jpg","a0df7c67bf5ed93c6561ccd4d76de1b4","image/jpeg","2124187","2026-09-19 18:36:24.085302+00","2026-09-19 18:36:28.571295+00"
"5fa377be-d175-5e1c-8940-b830d05450db","t-001","f-001","b-001","wv-001","20260919_183648","farmiq-media","tenants/t-001/farms/f-001/barns/b-001/devices/wv-001/images/2026/09/19/ca9cbb08-588c-45d8-a235-e5a0fe69047e.jpg","e0dca641d7015f9b9a0922cbe4060916","image/jpeg","2174468","2026-09-19 18:36:48.097881+00","2026-09-19 18:36:50.247828+00"
"6dc192b1-9e2f-5179-98eb-19354b3a8603","t-001","f-001","b-001","wv-001","20260919_183648","farmiq-media","tenants/t-001/farms/f-001/barns/b-001/devices/wv-001/images/2026/09/19/9657fdf9-d84d-485b-8633-ef8ef0836a05.jpg","2917e79e382ef045bbeb0fdd9f3b9694","image/jpeg","2203072","2026-09-19 18:36:48.097881+00","2026-09-19 18:36:50.593434+00"
"954eed92-b7e4-5184-a6c8-a545880135d3","t-001","f-001","b-001","wv-001","20260919_183719","farmiq-media","tenants/t-001/farms/f-001/barns/b-001/devices/wv-001/images/2026/09/19/8bd0aca2-3b86-4774-ad2d-ea01a8b2b836.jpg","a3e3d4784e577ae80abb086afbdad961","image/jpeg","2307445","2026-09-19 18:37:19.504636+00","2026-09-19 18:37:20.427643+00"
"56ddebcb-eacb-5d3b-b926-482eda478f9d","t-001","f-001","b-001","wv-001","20260919_183719","farmiq-media","tenants/t-001/farms/f-001/barns/b-001/devices/wv-001/images/2026/09/19/75c033d5-4699-4a17-b140-4cb95390f336.jpg","4dff81be31b0075a9d47c6f5545e1d23","image/jpeg","2322936","2026-09-19 18:37:19.504636+00","2026-09-19 18:37:20.796984+00"
"0e15a27e-d9ff-5b60-98cb-c72995367258","t-001","f-001","b-001","wv-001","20260919_183723","farmiq-media","tenants/t-001/farms/f-001/barns/b-001/devices/wv-001/images/2026/09/19/718db654-ce6e-4eb2-bff1-9119d0841927.jpg","2853e02a28048d2881932b669a65bebf","image/jpeg","2182245","2026-09-19 18:37:23.393909+00","2026-09-19 18:37:26.304906+00"
"b705a657-af7f-591b-86b8-9d2d59fbe320","t-001","f-001","b-001","wv-001","20260919_183723","farmiq-media","tenants/t-001/farms/f-001/barns/b-001/devices/wv-001/images/2026/09/19/cb3c1c60-58a0-4d6d-95ee-440a643e3af7.jpg","886ebbb51162c8f266431356ecd314b9","image/jpeg","2198818","2026-09-19 18:37:23.393909+00","2026-09-19 18:37:26.665516+00"
"e04df37e-163c-5322-9d3e-41229aea3893","t-001","f-001","b-001","wv-001","20260919_183728","farmiq-media","tenants/t-001/farms/f-001/barns/b-001/devices/wv-001/images/2026/09/19/96f037fd-0771-4b44-8070-c9d8ea1894a2.jpg","1b51a5d6c377f0ab2d676ce539c3833f","image/jpeg","2123662","2026-09-19 18:37:28.399062+00","2026-09-19 18:37:32.250197+00"
"9534088c-6cbc-5e4c-9fd1-9f397449a7e3","t-001","f-001","b-001","wv-001","20260919_183728","farmiq-media","tenants/t-001/farms/f-001/barns/b-001/devices/wv-001/images/2026/09/19/713a91bd-2d2e-4701-8eb5-7ffe985d46fd.jpg","eb427761913f1643a679ec5f33269ae5","image/jpeg","2145910","2026-09-19 18:37:28.399062+00","2026-09-19 18:37:32.650795+00"
"c80bec84-5ac2-549a-a8e1-5f08c619445b","t-001","f-001","b-001","wv-001","20260919_183751","farmiq-media","tenants/t-001/farms/f-001/barns/b-001/devices/wv-001/images/2026/09/19/e6d18513-676c-4a3c-8472-288c1259ad55.jpg","6a799344531ddc20fc131a3975d299f3","image/jpeg","2330503","2026-09-19 18:37:51.460916+00","2026-09-19 18:37:52.349967+00"
"f12cdee5-23a5-51b8-b873-722e6c7b1739","t-001","f-001","b-001","wv-001","20260919_183751","farmiq-media","tenants/t-001/farms/f-001/barns/b-001/devices/wv-001/images/2026/09/19/67caf5f0-07f4-4e5c-b4a4-7e4ee274cd96.jpg","78e0a395625fe5763282cc8c57b1c7db","image/jpeg","2350680","2026-09-19 18:37:51.460916+00","2026-09-19 18:37:52.862152+00"
"5c1f4811-c99e-57ba-9ac6-c795ce357bd2","t-001","f-001","b-001","wv-001","20260919_183758","farmiq-media","tenants/t-001/farms/f-001/barns/b-001/devices/wv-001/images/2026/09/19/1394bbc0-9708-4d62-aee0-e9462c25ecb0.jpg","f70eabcf9ad20fd8cd03a404df9decc1","image/jpeg","2072186","2026-09-19 18:37:58.512096+00","2026-09-19 18:38:00.452427+00"
"f1b0192f-aaf3-5d27-9ad2-702b4beaa4c1","t-001","f-001","b-001","wv-001","20260919_183758","farmiq-media","tenants/t-001/farms/f-001/barns/b-001/devices/wv-001/images/2026/09/19/935e2262-f151-4a1d-8a11-800f74adc548.jpg","8e5a4ff420491b4b7acb622d73b0ebec","image/jpeg","2101188","2026-09-19 18:37:58.512096+00","2026-09-19 18:38:00.815634+00"
"8d69edad-ba81-59b3-b889-e0735a800092","t-001","f-001","b-001","wv-001","20260919_183811","farmiq-media","tenants/t-001/farms/f-001/barns/b-001/devices/wv-001/images/2026/09/19/95eaf216-cb71-4179-a8b5-aa67a6bda9b9.jpg","89a1471b98bc45c73011f0ffd3db13e3","image/jpeg","2253450","2026-09-19 18:38:11.254421+00","2026-09-19 18:38:12.431581+00"
"b170f645-f365-506d-86b9-97f3d44a9403","t-001","f-001","b-001","wv-001","20260919_183811","farmiq-media","tenants/t-001/farms/f-001/barns/b-001/devices/wv-001/images/2026/09/19/17556ccb-2262-4316-b2ba-682adc605d00.jpg","8de7cc3b35fd558cdd57b17c10a4ca52","image/jpeg","2278704","2026-09-19 18:38:11.254421+00","2026-09-19 18:38:12.83345+00"
"45def4fd-0b56-5b7f-b422-d78aa71b7f69","t-001","f-001","b-001","wv-001","20260919_183913","farmiq-media","tenants/t-001/farms/f-001/barns/b-001/devices/wv-001/images/2026/09/19/2bfa2582-7f4c-448d-95e3-e1a70aa290ee.jpg","185901647b060ed5fb15741e84360b87","image/jpeg","2311222","2026-09-19 18:39:13.964402+00","2026-09-19 18:39:14.898857+00"
"ce95b26e-b5f6-5829-8194-3c6387236804","t-001","f-001","b-001","wv-001","20260919_183913","farmiq-media","tenants/t-001/farms/f-001/barns/b-001/devices/wv-001/images/2026/09/19/3a2eb238-17f2-493d-a483-b3258f96699a.jpg","106b33a6258965c266fca9e5c0c5e709","image/jpeg","2337058","2026-09-19 18:39:13.964402+00","2026-09-19 18:39:15.323651+00"
"e10393e1-58d4-57e2-ba1a-fb675a8c5bef","t-001","f-001","b-001","wv-001","20260919_183917","farmiq-media","tenants/t-001/farms/f-001/barns/b-001/devices/wv-001/images/2026/09/19/295c675b-1c2a-4e17-8d69-150de8f1e114.jpg","e116b5c7d4082f3f7aedc13b26ebe5c4","image/jpeg","2141225","2026-09-19 18:39:17.873624+00","2026-09-19 18:39:20.891705+00"
"e48f5fbd-5fac-5d0d-854e-85f588c9bf78","t-001","f-001","b-001","wv-001","20260919_183917","farmiq-media","tenants/t-001/farms/f-001/barns/b-001/devices/wv-001/images/2026/09/19/bde2febd-3600-4162-bb5b-b05a9b0d3b81.jpg","1a8c8c0501382cd425bb0f8fe1e28270","image/jpeg","2168308","2026-09-19 18:39:17.873624+00","2026-09-19 18:39:21.257+00"
"fea6c1cb-d53b-5ab2-bc0f-3b6f25557aa4","t-001","f-001","b-001","wv-001","20260919_183924","farmiq-media","tenants/t-001/farms/f-001/barns/b-001/devices/wv-001/images/2026/09/19/2253f0ba-f8d4-4547-a3f3-78ce5b1c7420.jpg","0879aca2f136a98a2e47ae32ccba5fd1","image/jpeg","1991816","2026-09-19 18:39:24.64545+00","2026-09-19 18:39:26.808036+00"
"d5db9691-83a8-588a-b719-bfaee40ad685","t-001","f-001","b-001","wv-001","20260919_183924","farmiq-media","tenants/t-001/farms/f-001/barns/b-001/devices/wv-001/images/2026/09/19/2f81a7a4-415c-4261-a979-e568a5ae0a73.jpg","2f1c7b8703b7f5a41a6bd0d399a25e84","image/jpeg","2030158","2026-09-19 18:39:24.64545+00","2026-09-19 18:39:27.155192+00"
"5f8da83d-0d77-571c-ba09-684dd023b1d9","t-001","f-001","b-001","wv-001","20260919_183936","farmiq-media","tenants/t-001/farms/f-001/barns/b-001/devices/wv-001/images/2026/09/19/173f96f8-7424-42f5-b889-829dd5be44e4.jpg","7f0c5e21765cbe578f33a7c5b4aaece7","image/jpeg","2336751","2026-09-19 18:39:36.972179+00","2026-09-19 18:39:38.845285+00"
"bc591821-fc8e-5068-9215-2d507dda1dfd","t-001","f-001","b-001","wv-001","20260919_183936","farmiq-media","tenants/t-001/farms/f-001/barns/b-001/devices/wv-001/images/2026/09/19/20dcb43a-b9f9-459f-aefe-91a0516197aa.jpg","59469135483b014553051e04039e725f","image/jpeg","2364559","2026-09-19 18:39:36.972179+00","2026-09-19 18:39:40.468923+00"
"71a1fe50-06ff-5a2c-bb35-64eb29d14b49","t-001","f-001","b-001","wv-001","20260919_184100","farmiq-media","tenants/t-001/farms/f-001/barns/b-001/devices/wv-001/images/2026/09/19/d5f05a5c-bf14-4479-9085-433c29c9d7db.jpg","03122d925825a70b40209db58d80496f","image/jpeg","2244315","2026-09-19 18:41:00.086329+00","2026-09-19 18:41:00.91463+00"
"32fbb98c-0123-5c2b-94df-a5f8b58b4055","t-001","f-001","b-001","wv-001","20260919_184100","farmiq-media","tenants/t-001/farms/f-001/barns/b-001/devices/wv-001/images/2026/09/19/e7396d78-e28b-4d86-be8b-f8568397148c.jpg","367922078671413d06e288b536a3cc59","image/jpeg","2274914","2026-09-19 18:41:00.086329+00","2026-09-19 18:41:01.285378+00"
"21f64c61-da71-5a23-86d5-901e1d539d85","t-001","f-001","b-001","wv-001","20260919_184104","farmiq-media","tenants/t-001/farms/f-001/barns/b-001/devices/wv-001/images/2026/09/19/e3ab7c33-7252-4703-9d1c-185abee8db1c.jpg","42849c3798a81f3648e05b3c4066b486","image/jpeg","2004272","2026-09-19 18:41:04.087482+00","2026-09-19 18:41:06.770472+00"
"04add621-4918-5e88-b0a2-8599752b0942","t-001","f-001","b-001","wv-001","20260919_184104","farmiq-media","tenants/t-001/farms/f-001/barns/b-001/devices/wv-001/images/2026/09/19/91b39e9c-e5f1-4061-9e85-7c58d017bcd9.jpg","f9f5682c19fc29b2f7990f9de01034a1","image/jpeg","2050185","2026-09-19 18:41:04.087482+00","2026-09-19 18:41:07.117642+00"
"dfe7f7e1-7565-5f60-9222-05c478969fad","t-001","f-001","b-001","wv-001","20260919_184147","farmiq-media","tenants/t-001/farms/f-001/barns/b-001/devices/wv-001/images/2026/09/19/34a47b30-5764-4adf-9832-c6cd3e86efb1.jpg","fe05fc4387b1de55977bfffc4c395698","image/jpeg","2372791","2026-09-19 18:41:47.798656+00","2026-09-19 18:41:49.057206+00"
"fe108cec-2d3e-580a-b60b-b8c609cd809d","t-001","f-001","b-001","wv-001","20260919_184147","farmiq-media","tenants/t-001/farms/f-001/barns/b-001/devices/wv-001/images/2026/09/19/bbf499c9-0ea2-4015-b79c-2ecb8d580cad.jpg","01e5277c67594cc3018a6b75b0a55232","image/jpeg","2397548","2026-09-19 18:41:47.798656+00","2026-09-19 18:41:49.452839+00"
"7d5fee62-f9a7-5d02-bf30-38b037eaed3c","t-001","f-001","b-001","wv-001","20260919_184248","farmiq-media","tenants/t-001/farms/f-001/barns/b-001/devices/wv-001/images/2026/09/19/0c414e5b-f4dd-4cb3-ae9a-b56c330bd350.jpg","43b214c826ba0e34499c7a11bf70838e","image/jpeg","2189276","2026-09-19 18:42:48.491089+00","2026-09-19 18:42:49.414971+00"
"d8197d10-02fa-53c0-a2be-246afef8994a","t-001","f-001","b-001","wv-001","20260919_184248","farmiq-media","tenants/t-001/farms/f-001/barns/b-001/devices/wv-001/images/2026/09/19/215b70ff-5319-46a3-8e72-d2edb0b391a3.jpg","0f7cdd7660c7c57aad8ab23fb75bde66","image/jpeg","2226729","2026-09-19 18:42:48.491089+00","2026-09-19 18:42:49.765497+00"
"26744be8-0597-50df-b8e1-e9fc73d28fcc","t-001","f-001","b-001","wv-001","20260919_184252","farmiq-media","tenants/t-001/farms/f-001/barns/b-001/devices/wv-001/images/2026/09/19/a4d0ae4a-b68a-42c4-a236-b4249853cda4.jpg","39593e209d45abce134925fdedd17b07","image/jpeg","2045680","2026-09-19 18:42:52.629966+00","2026-09-19 18:42:55.34092+00"
"613ec7eb-a27b-594b-8261-1057a851c881","t-001","f-001","b-001","wv-001","20260919_184252","farmiq-media","tenants/t-001/farms/f-001/barns/b-001/devices/wv-001/images/2026/09/19/17573b81-21ce-4276-a85f-79f8c48be851.jpg","bf26c9ccbf40fdf816f617d623dab1e3","image/jpeg","2081373","2026-09-19 18:42:52.629966+00","2026-09-19 18:42:55.705137+00"
"ca1e2efb-d80e-5a86-a7dd-e174b8be7ed5","t-001","f-001","b-001","wv-001","20260919_184307","farmiq-media","tenants/t-001/farms/f-001/barns/b-001/devices/wv-001/images/2026/09/19/d07593e9-2bc4-4251-93cf-4cb810cf0011.jpg","18618ddf248148a67ba684dee6a3d4df","image/jpeg","2292366","2026-09-19 18:43:07.487182+00","2026-09-19 18:43:09.422265+00"
"99bb22a8-f293-5354-8693-a6e10508dfe9","t-001","f-001","b-001","wv-001","20260919_184307","farmiq-media","tenants/t-001/farms/f-001/barns/b-001/devices/wv-001/images/2026/09/19/1032e50e-be41-400a-b392-7631df2766c8.jpg","8a6e614bd1b7d0263516b932de276dfb","image/jpeg","2314861","2026-09-19 18:43:07.487182+00","2026-09-19 18:43:09.799732+00"
"f6e86ce9-d8b7-54ef-bc64-53a5f30467ec","t-001","f-001","b-001","wv-001","20260919_184315","farmiq-media","tenants/t-001/farms/f-001/barns/b-001/devices/wv-001/images/2026/09/19/1aa20cc4-33df-4159-bc4a-eb31db5831fd.jpg","5ae99277de57d23e977d8367b3dfa398","image/jpeg","2000233","2026-09-19 18:43:15.892864+00","2026-09-19 18:43:17.368007+00"
"b73fc40a-f3bf-53cf-b00b-b0fb2423199c","t-001","f-001","b-001","wv-001","20260919_184315","farmiq-media","tenants/t-001/farms/f-001/barns/b-001/devices/wv-001/images/2026/09/19/3cda3f7f-5bd0-4822-893e-a8931108bc3d.jpg","3d64f38a654065dc69674b4fbabbb4f3","image/jpeg","2040692","2026-09-19 18:43:15.892864+00","2026-09-19 18:43:17.697904+00"
"327afb48-505a-566c-92fc-0cf6ddc68bf1","t-001","f-001","b-001","wv-001","20260919_184331","farmiq-media","tenants/t-001/farms/f-001/barns/b-001/devices/wv-001/images/2026/09/19/33281d3b-4401-4280-a0d4-6653093db1c4.jpg","3e646e5df7516e3a5ed77da1ffcf0761","image/jpeg","2087483","2026-09-19 18:43:31.354924+00","2026-09-19 18:43:33.352353+00"
"b913fb7d-948a-5819-9bc9-44ca4f0f412b","t-001","f-001","b-001","wv-001","20260919_184331","farmiq-media","tenants/t-001/farms/f-001/barns/b-001/devices/wv-001/images/2026/09/19/02189acf-6a1d-48c2-bcf7-09a8e682d7c7.jpg","79ed16c667cf33d5958dfbbeecaf88c4","image/jpeg","2123418","2026-09-19 18:43:31.354924+00","2026-09-19 18:43:33.669585+00"
"d5f710b8-b5b0-5cc4-974b-8a45acc0c733","t-001","f-001","b-001","wv-001","20260919_184341","farmiq-media","tenants/t-001/farms/f-001/barns/b-001/devices/wv-001/images/2026/09/19/285e09e2-915b-4ca7-a878-850cfd912201.jpg","4116c10f504479e66bb06b1daf47128b","image/jpeg","2315757","2026-09-19 18:43:41.410091+00","2026-09-19 18:43:43.267172+00"
"b6192de2-c5e6-5f8f-b1aa-8d1cd08a62c2","t-001","f-001","b-001","wv-001","20260919_184341","farmiq-media","tenants/t-001/farms/f-001/barns/b-001/devices/wv-001/images/2026/09/19/58d3c51e-7fde-45d1-806e-7d8be0541533.jpg","b786dda4dd4c5a32bbda240a6195c07b","image/jpeg","2337107","2026-09-19 18:43:41.410091+00","2026-09-19 18:43:43.644803+00"
"320ada13-22c6-5b01-9e1e-f43c6332da65","t-001","f-001","b-001","wv-001","20260919_184358","farmiq-media","tenants/t-001/farms/f-001/barns/b-001/devices/wv-001/images/2026/09/19/1272fa0b-c537-44ae-b582-6f1996e38c06.jpg","1fbb045ce647f6f0eab123726f77398b","image/jpeg","2272835","2026-09-19 18:43:58.363932+00","2026-09-19 18:43:59.305779+00"
"e2d3c8aa-ac30-5b78-ae5d-cf49c8a21c14","t-001","f-001","b-001","wv-001","20260919_184358","farmiq-media","tenants/t-001/farms/f-001/barns/b-001/devices/wv-001/images/2026/09/19/47509eea-53e2-477a-9fc1-4b0b16dc6c18.jpg","9344efa8abb1d7a5638027598b4018c0","image/jpeg","2296496","2026-09-19 18:43:58.363932+00","2026-09-19 18:43:59.648559+00"
"40554c95-ec62-5d17-8a8c-07f80472d62e","t-001","f-001","b-001","wv-001","20260919_184403","farmiq-media","tenants/t-001/farms/f-001/barns/b-001/devices/wv-001/images/2026/09/19/ea3b1c2a-9cee-428a-abe9-ba3892e1c5ab.jpg","715ac9ebede8003d375b3b581aa22a47","image/jpeg","2185622","2026-09-19 18:44:03.754828+00","2026-09-19 18:44:05.21859+00"
"93ff54f0-7b97-512d-9d56-2e859c308c80","t-001","f-001","b-001","wv-001","20260919_184403","farmiq-media","tenants/t-001/farms/f-001/barns/b-001/devices/wv-001/images/2026/09/19/5dc85b5e-89a3-4d8e-8362-40f03765c8b2.jpg","9ad0b28a70db97ea86c92a1ed092603e","image/jpeg","2213140","2026-09-19 18:44:03.754828+00","2026-09-19 18:44:05.617446+00"
"26229d9e-7aa0-526d-86bf-1471445ed292","t-001","f-001","b-001","wv-001","20260919_184412","farmiq-media","tenants/t-001/farms/f-001/barns/b-001/devices/wv-001/images/2026/09/19/808b2f5a-3536-45c4-b8f1-2d58425143c6.jpg","5b0775d694250d40ba889c41a7048cca","image/jpeg","2282742","2026-09-19 18:44:12.912704+00","2026-09-19 18:44:15.236147+00"
"2469e10a-02ce-591e-ba43-a81da84f866e","t-001","f-001","b-001","wv-001","20260919_184412","farmiq-media","tenants/t-001/farms/f-001/barns/b-001/devices/wv-001/images/2026/09/19/eb1f632a-4c4a-4704-8d3e-d184716f61c3.jpg","3ac3ab09ba92020dac860c097374e007","image/jpeg","2309347","2026-09-19 18:44:12.912704+00","2026-09-19 18:44:15.626628+00"
"43e176d8-fb60-54a6-baac-84dc384ca8db","t-001","f-001","b-001","wv-001","20260919_184458","farmiq-media","tenants/t-001/farms/f-001/barns/b-001/devices/wv-001/images/2026/09/19/5de36497-438a-41af-b007-ed26890210bb.jpg","b4595baaf5a48fbb72e26db99315ff48","image/jpeg","2213217","2026-09-19 18:44:58.645249+00","2026-09-19 18:44:59.4885+00"
"38d511cc-fe37-586b-8084-e88309b60d85","t-001","f-001","b-001","wv-001","20260919_184458","farmiq-media","tenants/t-001/farms/f-001/barns/b-001/devices/wv-001/images/2026/09/19/4c651eb1-b72a-42fc-a7c0-cdb636edb307.jpg","4d0f3abd327e17588e4c4fefb224854e","image/jpeg","2240421","2026-09-19 18:44:58.645249+00","2026-09-19 18:44:59.897946+00"
"156f6f7f-fb64-5df4-b2d2-89b7f228783a","t-001","f-001","b-001","wv-001","20260919_184555","farmiq-media","tenants/t-001/farms/f-001/barns/b-001/devices/wv-001/images/2026/09/19/55cac67f-323d-427b-ae9a-6c6787d9f73f.jpg","a31a4aee74faba73ecad1f1d008b213c","image/jpeg","2177779","2026-09-19 18:45:55.391493+00","2026-09-19 18:45:57.871929+00"
"d1fe2aae-4e75-594c-b7e8-2ca9482a0ac9","t-001","f-001","b-001","wv-001","20260919_184555","farmiq-media","tenants/t-001/farms/f-001/barns/b-001/devices/wv-001/images/2026/09/19/b7b9c655-19d8-4342-b691-16d6ac1af72d.jpg","9315b5e7d5eedba839cd18eb07c84542","image/jpeg","2203774","2026-09-19 18:45:55.391493+00","2026-09-19 18:45:58.240064+00"
"d427f7a6-8ae2-5472-a14f-b9612184f265","t-001","f-001","b-001","wv-001","20260919_184611","farmiq-media","tenants/t-001/farms/f-001/barns/b-001/devices/wv-001/images/2026/09/19/a17f626e-aa46-474b-b6a7-c44927a18f54.jpg","ee6c81cffd6e648f9f7dd08a54050a86","image/jpeg","2205389","2026-09-19 18:46:11.099735+00","2026-09-19 18:46:11.961988+00"
"caadabb5-db21-51ca-821b-d40f3c442499","t-001","f-001","b-001","wv-001","20260919_184611","farmiq-media","tenants/t-001/farms/f-001/barns/b-001/devices/wv-001/images/2026/09/19/c3dc396a-6909-4436-aa70-7a3ff4cf22f3.jpg","05e63f437690f90c9b9d8466a292e8c8","image/jpeg","2230424","2026-09-19 18:46:11.099735+00","2026-09-19 18:46:12.310622+00"
"6f53037d-a33d-52e4-9c59-afb08001e773","t-001","f-001","b-001","wv-001","20260919_184637","farmiq-media","tenants/t-001/farms/f-001/barns/b-001/devices/wv-001/images/2026/09/19/143f5130-c87a-4d90-8fad-7b0eb3326142.jpg","7d310b27aae22d9ba0868f580bf45a39","image/jpeg","2281486","2026-09-19 18:46:37.843388+00","2026-09-19 18:46:40.08159+00"
"69ce549b-32e9-5c1d-af1d-bf5489e93639","t-001","f-001","b-001","wv-001","20260919_184637","farmiq-media","tenants/t-001/farms/f-001/barns/b-001/devices/wv-001/images/2026/09/19/21d3b7fe-72a0-4a6c-88c5-cf88a99e52f8.jpg","c1c4a7d814c9996cf38dd471421a4ac5","image/jpeg","2307348","2026-09-19 18:46:37.843388+00","2026-09-19 18:46:40.501797+00"
"da0f29f4-dc7e-57ed-bf2c-af578a7508b8","t-001","f-001","b-001","wv-001","20260919_184719","farmiq-media","tenants/t-001/farms/f-001/barns/b-001/devices/wv-001/images/2026/09/19/23c2fd70-908f-45ee-8f51-772b4551d8c9.jpg","d94b1229aadb0c2026110154b2795772","image/jpeg","2240054","2026-09-19 18:47:19.475019+00","2026-09-19 18:47:20.279411+00"
"11e932eb-13a9-53f5-abdf-6d827bdd5e38","t-001","f-001","b-001","wv-001","20260919_184719","farmiq-media","tenants/t-001/farms/f-001/barns/b-001/devices/wv-001/images/2026/09/19/29b9af46-eded-4f09-99c4-16c577477af9.jpg","129367fe26c2210ad6698a5f3dcc9690","image/jpeg","2260538","2026-09-19 18:47:19.475019+00","2026-09-19 18:47:20.646154+00"
"e77fa98c-1be0-5234-810a-c7a9fd0b9996","t-001","f-001","b-001","wv-001","20260919_184737","farmiq-media","tenants/t-001/farms/f-001/barns/b-001/devices/wv-001/images/2026/09/19/3cb14b66-8825-4528-a368-c5bd094dd806.jpg","97e23247cb397f410a28b4c327fd76fa","image/jpeg","2082827","2026-09-19 18:47:37.036137+00","2026-09-19 18:47:38.205852+00"
"9dde51e9-3e4b-55e4-ad21-a03029b6c854","t-001","f-001","b-001","wv-001","20260919_184737","farmiq-media","tenants/t-001/farms/f-001/barns/b-001/devices/wv-001/images/2026/09/19/ae9c44c9-3c74-4816-af3d-02ec62b1e7b9.jpg","65b86575b3cffc7a4149f8dff880a890","image/jpeg","2116521","2026-09-19 18:47:37.036137+00","2026-09-19 18:47:38.511918+00"
"ac98e489-a162-58a1-90c6-17ef1b21d371","t-001","f-001","b-001","wv-001","20260919_184810","farmiq-media","tenants/t-001/farms/f-001/barns/b-001/devices/wv-001/images/2026/09/19/b474b672-80a3-4c3d-b0b5-868456a36776.jpg","021ed2a4039546030ca3ca3c44762f21","image/jpeg","2140062","2026-09-19 18:48:10.462796+00","2026-09-19 18:48:12.265085+00"
"eb81062c-9e9a-5ad9-8d4a-bdcd485e2d1b","t-001","f-001","b-001","wv-001","20260919_184810","farmiq-media","tenants/t-001/farms/f-001/barns/b-001/devices/wv-001/images/2026/09/19/7e337e35-7afa-4577-9802-03bf4a8982a5.jpg","86f94dead10cd42c5e324f2297b9ce4b","image/jpeg","2180866","2026-09-19 18:48:10.462796+00","2026-09-19 18:48:12.59075+00"
"1238051c-3a87-5ead-8fd2-02ad16b65715","t-001","f-001","b-001","wv-001","20260919_184814","farmiq-media","tenants/t-001/farms/f-001/barns/b-001/devices/wv-001/images/2026/09/19/e44c98fd-6f20-4c8d-9ac3-cd6603f9b76c.jpg","3fb9b25831a0d7c834ad5d4035931147","image/jpeg","2000112","2026-09-19 18:48:14.439071+00","2026-09-19 18:48:18.07464+00"
"09ee8a60-636b-536f-9b67-c4ebe3672f09","t-001","f-001","b-001","wv-001","20260919_184814","farmiq-media","tenants/t-001/farms/f-001/barns/b-001/devices/wv-001/images/2026/09/19/8d7aa1f8-438f-4e3e-88a1-bac6ffeab943.jpg","1b2be5176daa5c1fe586c32b78eece06","image/jpeg","2045103","2026-09-19 18:48:14.439071+00","2026-09-19 18:48:18.413393+00"
"7b6d1b97-ba4d-5e02-bb04-62c5510bba5a","t-001","f-001","b-001","wv-001","20260919_184818","farmiq-media","tenants/t-001/farms/f-001/barns/b-001/devices/wv-001/images/2026/09/19/728a30ca-2262-4f41-ab08-dad0239c1040.jpg","b01498e72f60983480e99b8bf79494bf","image/jpeg","1964107","2026-09-19 18:48:18.767911+00","2026-09-19 18:48:23.94473+00"
"72dd36a4-1c4c-50a7-9343-8da9a703c00e","t-001","f-001","b-001","wv-001","20260919_184818","farmiq-media","tenants/t-001/farms/f-001/barns/b-001/devices/wv-001/images/2026/09/19/e5a7ce92-32e5-412d-9b4e-acac8fc3ca7c.jpg","7c6bda0585a15a793d0c6675687fc64c","image/jpeg","2015835","2026-09-19 18:48:18.767911+00","2026-09-19 18:48:24.29368+00"
"ed2b80fa-14e7-52d3-8b39-4edfaef6a646","t-001","f-001","b-001","wv-001","20260919_184912","farmiq-media","tenants/t-001/farms/f-001/barns/b-001/devices/wv-001/images/2026/09/19/91a0f585-edda-4c55-bcde-33cf287d2790.jpg","33c11d65b0a3598830a099f3d176d328","image/jpeg","2327018","2026-09-19 18:49:12.684057+00","2026-09-19 18:49:14.247083+00"
"7b302ed1-8e61-58a9-b969-70a4b5230706","t-001","f-001","b-001","wv-001","20260919_184912","farmiq-media","tenants/t-001/farms/f-001/barns/b-001/devices/wv-001/images/2026/09/19/f0b57c05-53d6-4958-9a3b-13fcdb987676.jpg","8a9b493a5ab1a535752836786f26e616","image/jpeg","2354202","2026-09-19 18:49:12.684057+00","2026-09-19 18:49:14.615862+00"
"ad30201c-ddc7-5858-a550-d8c0a60379cb","t-001","f-001","b-001","wv-001","20260919_184930","farmiq-media","tenants/t-001/farms/f-001/barns/b-001/devices/wv-001/images/2026/09/19/2121f1b8-26c6-4215-a79b-eebc2409de37.jpg","2740de81edd4a3e595b77065a3335788","image/jpeg","2128706","2026-09-19 18:49:30.517563+00","2026-09-19 18:49:32.16736+00"
"3c4b0d75-6f43-53af-8c63-2b00472fe177","t-001","f-001","b-001","wv-001","20260919_184930","farmiq-media","tenants/t-001/farms/f-001/barns/b-001/devices/wv-001/images/2026/09/19/5fdb202d-7d89-49fc-99a7-542d45eef945.jpg","185a26d23f34fe83bbfcafbd01d8bd04","image/jpeg","2159866","2026-09-19 18:49:30.517563+00","2026-09-19 18:49:32.563641+00"
"05a33cee-d0b7-58d1-b00a-915c9b0a5d91","t-001","f-001","b-001","wv-001","20260919_184945","farmiq-media","tenants/t-001/farms/f-001/barns/b-001/devices/wv-001/images/2026/09/19/39a85be2-219a-4b89-9cfe-82b676f5d7dd.jpg","d5fd7169aee63c9998b14268063b21f7","image/jpeg","2431285","2026-09-19 18:49:45.276802+00","2026-09-19 18:49:46.243494+00"
"524996e9-bd86-5703-a9ad-0c87d5430794","t-001","f-001","b-001","wv-001","20260919_184945","farmiq-media","tenants/t-001/farms/f-001/barns/b-001/devices/wv-001/images/2026/09/19/396f8806-a2a4-470b-91f4-18ff7e781e72.jpg","ba1c81a4081613d3cce793989ff2aa3e","image/jpeg","2460711","2026-09-19 18:49:45.276802+00","2026-09-19 18:49:46.620163+00"
"69cd93d6-2931-5beb-aaf9-b525e0281ea8","t-001","f-001","b-001","wv-001","20260919_185017","farmiq-media","tenants/t-001/farms/f-001/barns/b-001/devices/wv-001/images/2026/09/19/8a9bc973-8886-4a75-8cca-e946a27abcf0.jpg","a1668804bef39f8fe4195dbb8ae9e9fd","image/jpeg","2284829","2026-09-19 18:50:17.124024+00","2026-09-19 18:50:18.322035+00"
"39cff09e-29d2-5619-accd-8aa8b41de1d1","t-001","f-001","b-001","wv-001","20260919_185017","farmiq-media","tenants/t-001/farms/f-001/barns/b-001/devices/wv-001/images/2026/09/19/b32a3e48-61c4-4ec4-a47c-1462f28fe74f.jpg","8a49805158a3c8745661e40028c713fa","image/jpeg","2325929","2026-09-19 18:50:17.124024+00","2026-09-19 18:50:18.671789+00"
"842ddc95-f767-5fde-aef7-816e32a47274","t-001","f-001","b-001","wv-001","20260919_185101","farmiq-media","tenants/t-001/farms/f-001/barns/b-001/devices/wv-001/images/2026/09/19/eeb72ea4-05c1-4a0c-8011-41082c6b99d9.jpg","cc20d39a20556a010405f021a957192a","image/jpeg","2212250","2026-09-19 18:51:01.206507+00","2026-09-19 18:51:05.03455+00"
"42955aad-fbb9-5a53-9dde-63ce16a5ec5a","t-001","f-001","b-001","wv-001","20260919_185101","farmiq-media","tenants/t-001/farms/f-001/barns/b-001/devices/wv-001/images/2026/09/19/27592a20-3e7b-41d0-b4c4-3a0e30ce0df8.jpg","ec346ff5886a14178aa16e74bea92477","image/jpeg","2250774","2026-09-19 18:51:01.206507+00","2026-09-19 18:51:13.180095+00"
"86f964a9-87b5-59b1-a3eb-8731ab6d878d","t-001","f-001","b-001","wv-001","20260919_185106","farmiq-media","tenants/t-001/farms/f-001/barns/b-001/devices/wv-001/images/2026/09/19/6c68df7b-f2a7-44fd-825b-caea12eb01da.jpg","7498f1866040fc75144a9396f87d0c99","image/jpeg","2072010","2026-09-19 18:51:06.469894+00","2026-09-19 18:51:18.766207+00"
"7adec63c-3894-5d5e-be1a-e428afc68f2a","t-001","f-001","b-001","wv-001","20260919_185106","farmiq-media","tenants/t-001/farms/f-001/barns/b-001/devices/wv-001/images/2026/09/19/13b3e6bb-4b48-4806-891d-a23262f66c80.jpg","96cfc098ec34e180a509a268ae45da7d","image/jpeg","2111735","2026-09-19 18:51:06.469894+00","2026-09-19 18:51:19.10459+00"
"90cf7ce6-d44f-5440-b37f-fd2270aace08","t-001","f-001","b-001","wv-001","20260919_185131","farmiq-media","tenants/t-001/farms/f-001/barns/b-001/devices/wv-001/images/2026/09/19/d4d58c40-9ffa-4a51-b1bf-5d9bf10f52b6.jpg","2d82bd89e7da63037ccb4bdc364bf8f1","image/jpeg","2225154","2026-09-19 18:51:31.215055+00","2026-09-19 18:51:32.743368+00"
"43584bf4-ba5b-51d0-a63c-cd29b30f570d","t-001","f-001","b-001","wv-001","20260919_185131","farmiq-media","tenants/t-001/farms/f-001/barns/b-001/devices/wv-001/images/2026/09/19/98d594e8-9afb-4ece-a8ee-4960a46fbde1.jpg","86eae94061f80c8bfc594cb40aad1dad","image/jpeg","2264597","2026-09-19 18:51:31.215055+00","2026-09-19 18:51:33.116267+00"
"63de156e-8073-55f4-93d0-56da4a172364","t-001","f-001","b-001","wv-001","20260919_185136","farmiq-media","tenants/t-001/farms/f-001/barns/b-001/devices/wv-001/images/2026/09/19/4f6d9fab-8cd5-4cef-8e93-c73c5c8af3ee.jpg","a94b9620556f0f43ea8162c540e5707a","image/jpeg","2128236","2026-09-19 18:51:36.748478+00","2026-09-19 18:51:38.633399+00"
"6727eb0a-b730-538c-859e-58147d3400d4","t-001","f-001","b-001","wv-001","20260919_185136","farmiq-media","tenants/t-001/farms/f-001/barns/b-001/devices/wv-001/images/2026/09/19/296146a8-26ef-4644-b7d5-fdaf8272fe93.jpg","2a34de4eff3302c5b545d8a4a598beb1","image/jpeg","2167180","2026-09-19 18:51:36.748478+00","2026-09-19 18:51:38.963897+00"
"44b2d721-bea7-5f5e-864c-8187f22afea5","t-001","f-001","b-001","wv-001","20260919_185222","farmiq-media","tenants/t-001/farms/f-001/barns/b-001/devices/wv-001/images/2026/09/19/a9bcd703-003c-4e7e-95cb-eac5f8468fda.jpg","d6fa7bac48bd26b5d1fb558cf94a8846","image/jpeg","2261727","2026-09-19 18:52:22.207433+00","2026-09-19 18:52:22.853953+00"
"f8ec50e2-2bd1-5c67-a03a-94124e14ba03","t-001","f-001","b-001","wv-001","20260919_185222","farmiq-media","tenants/t-001/farms/f-001/barns/b-001/devices/wv-001/images/2026/09/19/7c83d647-043d-40ff-86c3-ae558252ac9c.jpg","051325affda6e12cb7d50da7699549f4","image/jpeg","2290459","2026-09-19 18:52:22.207433+00","2026-09-19 18:52:23.235063+00"
"85d66eca-6e00-5a01-bfc1-2ede6d9b5dda","t-001","f-001","b-001","wv-001","20260919_185241","farmiq-media","tenants/t-001/farms/f-001/barns/b-001/devices/wv-001/images/2026/09/19/8e70650a-326e-4293-8e5b-ba30c0d3e2d0.jpg","93d3bd402f76e205d420fe3544788606","image/jpeg","2270688","2026-09-19 18:52:41.906094+00","2026-09-19 18:52:42.938806+00"
"8787c1a1-22c2-5eac-9b20-7962bcc4bab0","t-001","f-001","b-001","wv-001","20260919_185241","farmiq-media","tenants/t-001/farms/f-001/barns/b-001/devices/wv-001/images/2026/09/19/6c584d0c-aaca-49c7-ad91-67a373a1bfc9.jpg","5a1f7e7052254265696e2882cefe515b","image/jpeg","2308275","2026-09-19 18:52:41.906094+00","2026-09-19 18:52:43.319574+00"
"50c2408c-9881-5aa1-808d-a427935e1086","t-001","f-001","b-001","wv-001","20260919_185245","farmiq-media","tenants/t-001/farms/f-001/barns/b-001/devices/wv-001/images/2026/09/19/aa3f371d-099f-44cb-b400-f5ec1df136cd.jpg","18093720839f79dc5914f64eccdf62f0","image/jpeg","2089714","2026-09-19 18:52:45.914174+00","2026-09-19 18:52:48.862669+00"
"d20c8dd0-158e-5671-ba4e-1156c405871c","t-001","f-001","b-001","wv-001","20260919_185245","farmiq-media","tenants/t-001/farms/f-001/barns/b-001/devices/wv-001/images/2026/09/19/98fd1161-945e-4316-bee5-80307f6abfb2.jpg","23a4716b8837e494a1e4d67c5b15299e","image/jpeg","2126198","2026-09-19 18:52:45.914174+00","2026-09-19 18:52:49.252547+00"
"f5c6ef4e-ead3-5774-ad86-3431d4794d7f","t-001","f-001","b-001","wv-001","20260919_185355","farmiq-media","tenants/t-001/farms/f-001/barns/b-001/devices/wv-001/images/2026/09/19/31d6c18c-920d-48fa-ac96-77b58136d629.jpg","3fe6bb61ce86c90052f325ed10ea2e39","image/jpeg","2220969","2026-09-19 18:53:55.491337+00","2026-09-19 18:53:57.348035+00"
"227d92fe-df2a-5496-8052-e687eafbceee","t-001","f-001","b-001","wv-001","20260919_185355","farmiq-media","tenants/t-001/farms/f-001/barns/b-001/devices/wv-001/images/2026/09/19/61cd131b-161b-49b6-b1fc-ee59782e0301.jpg","9add0352cded34edbcaa68138cc7b4f5","image/jpeg","2254660","2026-09-19 18:53:55.491337+00","2026-09-19 18:53:57.823485+00"
"fea7ce20-5c82-55fa-a6fe-49a18498987b","t-001","f-001","b-001","wv-001","20260919_185432","farmiq-media","tenants/t-001/farms/f-001/barns/b-001/devices/wv-001/images/2026/09/19/be5b763e-da19-452f-8811-9101c8913f00.jpg","5561d131003dd38fef2749295f2711e2","image/jpeg","2100020","2026-09-19 18:54:32.623588+00","2026-09-19 18:54:33.64308+00"
"a4bd67c1-1658-535b-a84a-3d37dd708e1e","t-001","f-001","b-001","wv-001","20260919_185432","farmiq-media","tenants/t-001/farms/f-001/barns/b-001/devices/wv-001/images/2026/09/19/e3ebd20d-d509-422c-b91a-5431d0da4d92.jpg","197c2d6e662b3079e6ae23cce83834d3","image/jpeg","2135548","2026-09-19 18:54:32.623588+00","2026-09-19 18:54:33.990892+00"
"0327d739-0304-5b48-a1c3-d2ed0f27f64d","t-001","f-001","b-001","wv-001","20260919_185455","farmiq-media","tenants/t-001/farms/f-001/barns/b-001/devices/wv-001/images/2026/09/19/7fb27cae-15a1-491b-9e5d-72e40a110522.jpg","82642bbc26c9127ee26d3caa8c06d964","image/jpeg","2237282","2026-09-19 18:54:55.802359+00","2026-09-19 18:54:57.748743+00"
"190f3010-bf51-5e10-aca2-c03ef20366ea","t-001","f-001","b-001","wv-001","20260919_185455","farmiq-media","tenants/t-001/farms/f-001/barns/b-001/devices/wv-001/images/2026/09/19/c8ab7820-3121-46d8-a836-ec194a1c7564.jpg","b1a50305de22224cc77269afc7b30e9b","image/jpeg","2262940","2026-09-19 18:54:55.802359+00","2026-09-19 18:54:58.118646+00"
"8bfb5207-d88e-5357-8832-cc129cf8199c","t-001","f-001","b-001","wv-001","20260919_185459","farmiq-media","tenants/t-001/farms/f-001/barns/b-001/devices/wv-001/images/2026/09/19/33ec4f33-4f06-4658-be37-cb57d276ea58.jpg","051dfba49405b2a28843fddfa54e3e8e","image/jpeg","2190470","2026-09-19 18:54:59.906975+00","2026-09-19 18:55:03.619148+00"
"b4d07810-8d55-5b9a-8255-22fffd3251f7","t-001","f-001","b-001","wv-001","20260919_185459","farmiq-media","tenants/t-001/farms/f-001/barns/b-001/devices/wv-001/images/2026/09/19/0bf46980-60eb-447a-a84a-f556ca6bf62d.jpg","797c32aca98ef20e7a581b480f6ed8d1","image/jpeg","2220945","2026-09-19 18:54:59.906975+00","2026-09-19 18:55:03.982667+00"
"f40955fc-4cac-5c1b-91a5-9acaa29950d7","t-001","f-001","b-001","wv-001","20260919_185505","farmiq-media","tenants/t-001/farms/f-001/barns/b-001/devices/wv-001/images/2026/09/19/9f75cfb2-21c8-40c4-b7c3-1e19dc652925.jpg","d48ee4d236146180aa09757a1b0ef0bd","image/jpeg","2131833","2026-09-19 18:55:05.967142+00","2026-09-19 18:55:09.433246+00"
"98f6e4ef-771f-5aa2-a840-8c1c078626be","t-001","f-001","b-001","wv-001","20260919_185505","farmiq-media","tenants/t-001/farms/f-001/barns/b-001/devices/wv-001/images/2026/09/19/32d9d4d0-7cbc-4d7f-8208-84749bbd43ac.jpg","72149fa76bf1099e30cba51816574930","image/jpeg","2167269","2026-09-19 18:55:05.967142+00","2026-09-19 18:55:09.734629+00"
"3eee5492-4abd-52f4-8f8e-852292bb805b","t-001","f-001","b-001","wv-001","20260919_185513","farmiq-media","tenants/t-001/farms/f-001/barns/b-001/devices/wv-001/images/2026/09/19/5aa68b1d-14a7-449f-a765-e033a335b68a.jpg","1efa1bc2c7fd08a9b5abe3b9968df0e6","image/jpeg","2510221","2026-09-19 18:55:13.848012+00","2026-09-19 18:55:15.381659+00"
"baf6d0d5-1505-5e15-b645-e4719a8cbb51","t-001","f-001","b-001","wv-001","20260919_185513","farmiq-media","tenants/t-001/farms/f-001/barns/b-001/devices/wv-001/images/2026/09/19/24480bde-2f50-43f1-9fc3-5e3b7e9b4cba.jpg","409729fcae02049e6ad3b8ac87dad88a","image/jpeg","2531851","2026-09-19 18:55:13.848012+00","2026-09-19 18:55:15.743745+00"
"7284c050-316b-58c5-9d93-12548d18e959","t-001","f-001","b-001","wv-001","20260919_185534","farmiq-media","tenants/t-001/farms/f-001/barns/b-001/devices/wv-001/images/2026/09/19/834879c7-a95f-42e0-ad4f-3d3aa812a1b8.jpg","a754066b615faab09fb279c42a39f94b","image/jpeg","2048170","2026-09-19 18:55:34.17418+00","2026-09-19 18:55:35.335227+00"
"e2af6c3c-4f84-5b6c-b234-2c2b43d20a33","t-001","f-001","b-001","wv-001","20260919_185534","farmiq-media","tenants/t-001/farms/f-001/barns/b-001/devices/wv-001/images/2026/09/19/7ac0bc8d-52d3-460e-a5d5-1dc3d7ecd826.jpg","a42ee09047a1fc0c95da56a6236d544e","image/jpeg","2077265","2026-09-19 18:55:34.17418+00","2026-09-19 18:55:35.694616+00"
"fb035c1a-bd8b-5b9a-a352-dc8def6ae218","t-001","f-001","b-001","wv-001","20260919_185704","farmiq-media","tenants/t-001/farms/f-001/barns/b-001/devices/wv-001/images/2026/09/19/71a102aa-aa73-43bc-99b7-63b4d2a39180.jpg","074272251ddc932342026aeffac87136","image/jpeg","2254347","2026-09-19 18:57:04.501096+00","2026-09-19 18:57:05.903051+00"
"08661943-8223-53b7-a015-fb2186c15f00","t-001","f-001","b-001","wv-001","20260919_185704","farmiq-media","tenants/t-001/farms/f-001/barns/b-001/devices/wv-001/images/2026/09/19/22c001b5-715f-407e-b0c8-60e2553f08f7.jpg","eef358cf29a48f4148fb8a8136e24ae8","image/jpeg","2281895","2026-09-19 18:57:04.501096+00","2026-09-19 18:57:06.24145+00"
"4c32e7ec-59f4-57e2-a841-65edc2cce37e","t-001","f-001","b-001","wv-001","20260919_193823","farmiq-media","tenants/t-001/farms/f-001/barns/b-001/devices/wv-001/images/2026/09/19/60da24f2-852f-4244-850b-c524b707af37.jpg","80c3e6a4d4eb54722ba1286f2013dc26","image/jpeg","2408645","2026-09-19 19:38:23.672471+00","2026-09-19 19:38:24.902615+00"
"cf33bae3-72cc-5500-922b-1fb37b15f080","t-001","f-001","b-001","wv-001","20260919_193823","farmiq-media","tenants/t-001/farms/f-001/barns/b-001/devices/wv-001/images/2026/09/19/18e1a24b-ee1a-47fe-afb6-cc33086f817f.jpg","62067fcadb0799bc68d81c6c96bd03e7","image/jpeg","2427319","2026-09-19 19:38:23.672471+00","2026-09-19 19:38:25.333355+00"
"27a99358-f4ab-5613-9458-959cf8d280ca","t-001","f-001","b-001","wv-001","20260919_193827","farmiq-media","tenants/t-001/farms/f-001/barns/b-001/devices/wv-001/images/2026/09/19/710e36ad-6ef5-4ae5-b6d8-4e10afca2ce3.jpg","cb48ca1f5086d13dadb63c4257ffeb7b","image/jpeg","2267995","2026-09-19 19:38:27.546366+00","2026-09-19 19:38:30.914949+00"
"6c016355-b9ab-5fa2-b027-1fff26747161","t-001","f-001","b-001","wv-001","20260919_193827","farmiq-media","tenants/t-001/farms/f-001/barns/b-001/devices/wv-001/images/2026/09/19/f46c544e-9355-4574-ad08-fff871143aed.jpg","0d10fa34995fc1506d2277e221b91ec6","image/jpeg","2295846","2026-09-19 19:38:27.546366+00","2026-09-19 19:38:31.287594+00"
"c00a138a-6a03-51af-bfe9-4b360d409699","t-001","f-001","b-001","wv-001","20260919_193831","farmiq-media","tenants/t-001/farms/f-001/barns/b-001/devices/wv-001/images/2026/09/19/d1e5e103-5269-42f8-8182-5056ccabf81c.jpg","80f9ed73de62ec5b5203e515761416a1","image/jpeg","2234880","2026-09-19 19:38:31.663995+00","2026-09-19 19:38:36.823602+00"
"128d6c61-a2e1-593d-ab2e-a9ed167b8235","t-001","f-001","b-001","wv-001","20260919_193831","farmiq-media","tenants/t-001/farms/f-001/barns/b-001/devices/wv-001/images/2026/09/19/53a7a8d6-6049-4bc6-8797-211a32810fff.jpg","9bbc620cf63ffc961d6b0e032ff26664","image/jpeg","2268962","2026-09-19 19:38:31.663995+00","2026-09-19 19:38:37.24113+00"
"ac6b6771-9f9e-545f-b6c7-35404ce169f5","t-001","f-001","b-001","wv-001","20260919_193840","farmiq-media","tenants/t-001/farms/f-001/barns/b-001/devices/wv-001/images/2026/09/19/5daea4e9-420c-4273-abca-0f27b971a8e2.jpg","47f9aaac89df605bc64060331a421216","image/jpeg","2393086","2026-09-19 19:38:40.899458+00","2026-09-19 19:38:42.874112+00"
"ffa4bb8b-84dc-567e-9a58-7c2d22290bd3","t-001","f-001","b-001","wv-001","20260919_193840","farmiq-media","tenants/t-001/farms/f-001/barns/b-001/devices/wv-001/images/2026/09/19/7e518674-fafe-4cf1-bdc5-fc328f095e5f.jpg","bfe273918bf67ff33299208f860a47b9","image/jpeg","2422270","2026-09-19 19:38:40.899458+00","2026-09-19 19:38:43.264103+00"
"8579066f-1b80-54c4-887a-b8425583aa6e","t-001","f-001","b-001","wv-001","20260919_193844","farmiq-media","tenants/t-001/farms/f-001/barns/b-001/devices/wv-001/images/2026/09/19/f0b79e5b-c8d7-4d6a-8c2b-458a25eb204f.jpg","eb0683f930b72162dbab4814f59b7800","image/jpeg","2267804","2026-09-19 19:38:44.782985+00","2026-09-19 19:38:48.829452+00"
"dfc0d395-7563-5b0b-b474-6de08b20812b","t-001","f-001","b-001","wv-001","20260919_193844","farmiq-media","tenants/t-001/farms/f-001/barns/b-001/devices/wv-001/images/2026/09/19/49d1d144-6e5f-4c79-8894-e8dc7801fa0c.jpg","0d59dc7b5cd97a64ee1d279ecf9620fc","image/jpeg","2300794","2026-09-19 19:38:44.782985+00","2026-09-19 19:38:49.17563+00"
"3b24c541-253e-56b1-8cf2-55607a6c16ba","t-001","f-001","b-001","wv-001","20260919_193848","farmiq-media","tenants/t-001/farms/f-001/barns/b-001/devices/wv-001/images/2026/09/19/a86a33d8-c378-4069-9def-7ac13e6db641.jpg","c4e3c6c2b576b648e2b54ebc76667fc3","image/jpeg","2225464","2026-09-19 19:38:48.567258+00","2026-09-19 19:38:54.763213+00"
"1989d82a-1b5f-5099-9de0-d922ac2e79ce","t-001","f-001","b-001","wv-001","20260919_193848","farmiq-media","tenants/t-001/farms/f-001/barns/b-001/devices/wv-001/images/2026/09/19/57ea2354-cd86-4340-8a03-afab8538e4e8.jpg","1c13bb8b15a33397d1c1e92adff726ba","image/jpeg","2247403","2026-09-19 19:38:48.567258+00","2026-09-19 19:38:55.126587+00"
"5cfe17b9-9065-5277-a7b4-51b2e07ac56a","t-001","f-001","b-001","wv-001","20260919_193852","farmiq-media","tenants/t-001/farms/f-001/barns/b-001/devices/wv-001/images/2026/09/19/32b8cd84-cf25-49ba-b427-34f5709744c0.jpg","a64ceeb5ee5837cddbda4c0d6eed149a","image/jpeg","2226529","2026-09-19 19:38:52.529683+00","2026-09-19 19:38:58.639085+00"
"3d264d26-8c2f-5e4d-b0a0-7091d7be8ebc","t-001","f-001","b-001","wv-001","20260919_193852","farmiq-media","tenants/t-001/farms/f-001/barns/b-001/devices/wv-001/images/2026/09/19/e700a8fc-05d6-49bc-9146-86097a7dc90a.jpg","fc0281f3302e333174495134fe3e93c1","image/jpeg","2253717","2026-09-19 19:38:52.529683+00","2026-09-19 19:38:59.046192+00"
"9aa3f49b-b969-5071-b1b7-0cd1ac792592","t-001","f-001","b-001","wv-001","20260919_193856","farmiq-media","tenants/t-001/farms/f-001/barns/b-001/devices/wv-001/images/2026/09/19/4bce3d6c-be69-4a92-b16f-58f690ae7202.jpg","ec4e93dc8e2b3ef3d322fee04d6c4d8b","image/jpeg","2373131","2026-09-19 19:38:56.728295+00","2026-09-19 19:39:04.604599+00"
"44c2f853-1b61-5311-b58b-5c77cb524018","t-001","f-001","b-001","wv-001","20260919_193856","farmiq-media","tenants/t-001/farms/f-001/barns/b-001/devices/wv-001/images/2026/09/19/e84ae68a-b073-4dd9-83a9-68469545f2d0.jpg","0c48adb73169d9e2628134eed3925a19","image/jpeg","2402829","2026-09-19 19:38:56.728295+00","2026-09-19 19:39:04.978109+00"
"8bd6424f-3eee-5ca7-a18d-7ca2c7f12ab0","t-001","f-001","b-001","wv-001","20260919_194055","farmiq-media","tenants/t-001/farms/f-001/barns/b-001/devices/wv-001/images/2026/09/19/22045ef6-c284-4e5b-a5d6-fb82753ac1de.jpg","a701b596be17c6265f6cc0c8c439ed9c","image/jpeg","2037948","2026-09-19 19:40:55.074172+00","2026-09-19 19:40:57.359945+00"
"ee1c169d-c4ef-552a-9a7f-2c0a4b38b1ae","t-001","f-001","b-001","wv-001","20260919_194055","farmiq-media","tenants/t-001/farms/f-001/barns/b-001/devices/wv-001/images/2026/09/19/e57e8105-c77f-45d1-a074-8b97587da659.jpg","919fc4adfc3601b62f88e5078abc6e77","image/jpeg","2062459","2026-09-19 19:40:55.074172+00","2026-09-19 19:40:57.699088+00"
"c6dba16c-8508-5532-b022-cd8f8e31b6b7","t-001","f-001","b-001","wv-001","20260919_194119","farmiq-media","tenants/t-001/farms/f-001/barns/b-001/devices/wv-001/images/2026/09/19/51f022d1-cf7c-4a56-9b3f-845daca1b06c.jpg","68c66c62d441c11d03069bf67f24de29","image/jpeg","2143510","2026-09-19 19:41:19.500272+00","2026-09-19 19:41:21.442224+00"
"b68f06c6-53e9-5a1e-8b25-de510edf5ebc","t-001","f-001","b-001","wv-001","20260919_194119","farmiq-media","tenants/t-001/farms/f-001/barns/b-001/devices/wv-001/images/2026/09/19/96b9d191-7383-43c1-b1e8-ed880978bd1b.jpg","83aed7f0fe8cc91193293d20088ba7ca","image/jpeg","2160723","2026-09-19 19:41:19.500272+00","2026-09-19 19:41:21.798139+00"
"085dadfd-cc43-56c1-8cfd-13114c67be16","t-001","f-001","b-001","wv-001","20260919_194143","farmiq-media","tenants/t-001/farms/f-001/barns/b-001/devices/wv-001/images/2026/09/19/bec90028-32e9-496f-a804-6e53bcbdbb52.jpg","4a917efcf22922b7a83f86956c17f76a","image/jpeg","2160062","2026-09-19 19:41:43.082561+00","2026-09-19 19:41:45.492186+00"
"e1521caa-e523-5b95-b9f8-cfec93ab4d54","t-001","f-001","b-001","wv-001","20260919_194143","farmiq-media","tenants/t-001/farms/f-001/barns/b-001/devices/wv-001/images/2026/09/19/60beab69-bbd3-49a4-b8a8-d7f53155fba2.jpg","7e7c9c975c31645198b14dbd5bc5dd34","image/jpeg","2176440","2026-09-19 19:41:43.082561+00","2026-09-19 19:41:45.846749+00"
"a6d763e6-3278-5298-8892-ae1d3b61df9b","t-001","f-001","b-001","wv-001","20260919_194204","farmiq-media","tenants/t-001/farms/f-001/barns/b-001/devices/wv-001/images/2026/09/19/e9bec1b3-0375-48e3-823d-232c5e4cd233.jpg","e9965e739b46dbd7b752387ee9f2fb74","image/jpeg","2210128","2026-09-19 19:42:04.950291+00","2026-09-19 19:42:05.544313+00"
"2a8629df-4b11-5035-8148-9ea198eee717","t-001","f-001","b-001","wv-001","20260919_194204","farmiq-media","tenants/t-001/farms/f-001/barns/b-001/devices/wv-001/images/2026/09/19/67462f91-eaf2-4a5d-bc0f-dfc932666821.jpg","e98d654760b3f8e5cb087676fbec27e3","image/jpeg","2230143","2026-09-19 19:42:04.950291+00","2026-09-19 19:42:05.882964+00"
"5d9a532c-95d9-50c9-8d8e-69bb06768e07","t-001","f-001","b-001","wv-001","20260919_194208","farmiq-media","tenants/t-001/farms/f-001/barns/b-001/devices/wv-001/images/2026/09/19/26a4fa84-408b-4e4b-9896-34d2970b3e1e.jpg","f4185f6701bbe4702105cb66443ad008","image/jpeg","1998700","2026-09-19 19:42:08.799187+00","2026-09-19 19:42:11.342848+00"
"f04b77c9-92f0-52fc-a0f6-6f16352bbe6b","t-001","f-001","b-001","wv-001","20260919_194208","farmiq-media","tenants/t-001/farms/f-001/barns/b-001/devices/wv-001/images/2026/09/19/85463255-5e5a-4044-9da2-a175123e0a48.jpg","a70c2090e4444dcf1f32933d006e0ddf","image/jpeg","2025168","2026-09-19 19:42:08.799187+00","2026-09-19 19:42:11.681976+00"
"faaf966b-f4e8-5748-9a22-6464da7299b0","t-001","f-001","b-001","wv-001","20260919_194237","farmiq-media","tenants/t-001/farms/f-001/barns/b-001/devices/wv-001/images/2026/09/19/197bf29b-75d5-4e34-81e7-b1a9058e9c14.jpg","b101f5181a505c59fab07d1a75ed4fb2","image/jpeg","2274312","2026-09-19 19:42:37.322111+00","2026-09-19 19:42:39.418697+00"
"01db3773-fdce-50e0-9f46-6b5dac1863bc","t-001","f-001","b-001","wv-001","20260919_194237","farmiq-media","tenants/t-001/farms/f-001/barns/b-001/devices/wv-001/images/2026/09/19/d8a3b5d1-ae66-49b6-8714-f13bfcfdad3d.jpg","115ef730611099be99f7af29c723d96d","image/jpeg","2301813","2026-09-19 19:42:37.322111+00","2026-09-19 19:42:39.81494+00"
"b3b9bec7-56bf-5dd4-8790-9e5c94f7b461","t-001","f-001","b-001","wv-001","20260919_194241","farmiq-media","tenants/t-001/farms/f-001/barns/b-001/devices/wv-001/images/2026/09/19/76831705-231b-4b08-bff0-6cb1a9b8d546.jpg","4d4435dc0e0857781155c68d3f041ede","image/jpeg","2016457","2026-09-19 19:42:41.432542+00","2026-09-19 19:42:45.349585+00"
"7f4c766c-c160-5c4a-a85d-3049f7d3d174","t-001","f-001","b-001","wv-001","20260919_194241","farmiq-media","tenants/t-001/farms/f-001/barns/b-001/devices/wv-001/images/2026/09/19/bfb475c8-8e3a-49f5-a799-1fd65e10df4b.jpg","adf8bd2f7b6b207b95f7afca52dd12fd","image/jpeg","2055625","2026-09-19 19:42:41.432542+00","2026-09-19 19:42:45.706923+00"
"2e4d1f18-0427-5096-97a6-6dc20a747bae","t-001","f-001","b-001","wv-001","20260919_194255","farmiq-media","tenants/t-001/farms/f-001/barns/b-001/devices/wv-001/images/2026/09/19/4763b433-e729-48e1-a949-7f1ef1ec2e24.jpg","ec35e111b6f4ff6daf633ce820038966","image/jpeg","2262312","2026-09-19 19:42:55.567068+00","2026-09-19 19:42:57.418211+00"
"97ac4e94-c05d-58c1-bf2f-79a19592887b","t-001","f-001","b-001","wv-001","20260919_194255","farmiq-media","tenants/t-001/farms/f-001/barns/b-001/devices/wv-001/images/2026/09/19/9db4b296-155f-4b7d-84f4-1bd2593b6d9b.jpg","a5c0c4176c5353fb775b7f2befdaaa2f","image/jpeg","2288041","2026-09-19 19:42:55.567068+00","2026-09-19 19:42:57.806549+00"
"3157e6c5-a0cc-5547-a7b6-59e6aa23e636","t-001","f-001","b-001","wv-001","20260919_194319","farmiq-media","tenants/t-001/farms/f-001/barns/b-001/devices/wv-001/images/2026/09/19/847a4a0b-63e9-4c5a-ab3c-d3e8c9ed3763.jpg","3416d6ccecb05b401b38922185cae243","image/jpeg","2135299","2026-09-19 19:43:19.680583+00","2026-09-19 19:43:21.496002+00"
"a1b7d83a-f417-51bf-80e3-d8100f9493e5","t-001","f-001","b-001","wv-001","20260919_194319","farmiq-media","tenants/t-001/farms/f-001/barns/b-001/devices/wv-001/images/2026/09/19/e3ad2852-8f29-47b4-9638-768562c49fd2.jpg","3c132d82d4e73869075e59f6c6a83df1","image/jpeg","2162656","2026-09-19 19:43:19.680583+00","2026-09-19 19:43:21.851115+00"
"6c71d7e8-eca1-5ef6-8394-0930289a3cfc","t-001","f-001","b-001","wv-001","20260919_194324","farmiq-media","tenants/t-001/farms/f-001/barns/b-001/devices/wv-001/images/2026/09/19/e011e78a-f7c4-4bca-8e89-adf02ac53e5a.jpg","aeae4e86317c4c5aa67b54602f7ffe99","image/jpeg","1999336","2026-09-19 19:43:24.337322+00","2026-09-19 19:43:27.389902+00"
"c928768a-e52f-52d2-bd57-fd2a4168b569","t-001","f-001","b-001","wv-001","20260919_194324","farmiq-media","tenants/t-001/farms/f-001/barns/b-001/devices/wv-001/images/2026/09/19/c3c34295-ad9c-4fbc-9841-34ade11a912a.jpg","959f4d760685f8a9b075787c2813d7a8","image/jpeg","2033761","2026-09-19 19:43:24.337322+00","2026-09-19 19:43:27.728117+00"
"a3b5a36d-4308-54f5-840f-12ce16522e0f","t-001","f-001","b-001","wv-001","20260919_194337","farmiq-media","tenants/t-001/farms/f-001/barns/b-001/devices/wv-001/images/2026/09/19/c64cf6d9-c837-459d-bd7b-3f15359ff5b5.jpg","bca296969b76bf1342c95fc0a0a8e4a5","image/jpeg","2295854","2026-09-19 19:43:37.988287+00","2026-09-19 19:43:39.418987+00"
"7cfa9b2d-f1b0-5c54-b655-a49dffde3772","t-001","f-001","b-001","wv-001","20260919_194337","farmiq-media","tenants/t-001/farms/f-001/barns/b-001/devices/wv-001/images/2026/09/19/ddefeacb-0409-4850-bb50-bea5fdd18292.jpg","cd78859cf76a3a34741ccf585eac9160","image/jpeg","2324570","2026-09-19 19:43:37.988287+00","2026-09-19 19:43:39.835282+00"
"d87d8d2a-2717-5941-a461-8a95977a8802","t-001","f-001","b-001","wv-001","20260919_194343","farmiq-media","tenants/t-001/farms/f-001/barns/b-001/devices/wv-001/images/2026/09/19/a6e197a0-00a5-4a14-9786-a86d62da77f5.jpg","347c4955b6569fc7126fac07a27df115","image/jpeg","2114822","2026-09-19 19:43:43.704093+00","2026-09-19 19:43:45.380582+00"
"cec03a04-3777-5056-8798-5717d5f611ac","t-001","f-001","b-001","wv-001","20260919_194343","farmiq-media","tenants/t-001/farms/f-001/barns/b-001/devices/wv-001/images/2026/09/19/5d67dc8e-2bda-40a4-bbf6-59a26b1f79cb.jpg","9d76f32c2b98096e1b3ebfd36e0d9593","image/jpeg","2156610","2026-09-19 19:43:43.704093+00","2026-09-19 19:43:45.728566+00"
"7d3a1a22-4c06-571e-aa50-785f7cc1c0e0","t-001","f-001","b-001","wv-001","20260919_194401","farmiq-media","tenants/t-001/farms/f-001/barns/b-001/devices/wv-001/images/2026/09/19/12443f13-7c70-4a08-a66b-90177cb9b7a9.jpg","239c531f8f0b00846b5fd4a742cecaa0","image/jpeg","2108898","2026-09-19 19:44:01.96102+00","2026-09-19 19:44:03.428559+00"
"c31e498d-52e9-55a3-857e-bd139961bd88","t-001","f-001","b-001","wv-001","20260919_194401","farmiq-media","tenants/t-001/farms/f-001/barns/b-001/devices/wv-001/images/2026/09/19/251a6f55-87ca-472b-bbd8-1d8849675c98.jpg","8b12dfa3294b6338ff43c7360eb87742","image/jpeg","2144923","2026-09-19 19:44:01.96102+00","2026-09-19 19:44:03.810415+00"
"1f79e1ad-2a92-52e6-a425-411f8b847c78","t-001","f-001","b-001","wv-001","20260919_194439","farmiq-media","tenants/t-001/farms/f-001/barns/b-001/devices/wv-001/images/2026/09/19/c813b258-3427-4f06-b101-cf32943f1cda.jpg","6532faf0c44c11c2524c7d8aecc14103","image/jpeg","2131879","2026-09-19 19:44:39.370464+00","2026-09-19 19:44:41.617325+00"
"6c91185b-5c9a-56dc-9739-0901a880c091","t-001","f-001","b-001","wv-001","20260919_194439","farmiq-media","tenants/t-001/farms/f-001/barns/b-001/devices/wv-001/images/2026/09/19/7755b5b7-5f87-4655-8f4e-f098c92c2732.jpg","23fec379e033ea1578eb74a5bb4571c8","image/jpeg","2154835","2026-09-19 19:44:39.370464+00","2026-09-19 19:44:41.957859+00"
"348acffd-2194-5f52-afd7-7996fba44571","t-001","f-001","b-001","wv-001","20260919_194709","farmiq-media","tenants/t-001/farms/f-001/barns/b-001/devices/wv-001/images/2026/09/19/7f74f930-7e60-4e52-8b91-b6658c101579.jpg","d485d9ad247087ad1aca30f2e5fd75a3","image/jpeg","2339674","2026-09-19 19:47:09.368876+00","2026-09-19 19:47:10.6874+00"
"fafaa177-4fa8-5cdd-970c-02d81a87eedb","t-001","f-001","b-001","wv-001","20260919_194709","farmiq-media","tenants/t-001/farms/f-001/barns/b-001/devices/wv-001/images/2026/09/19/322a8464-57c0-442c-aeb0-b82dfb15b295.jpg","3258c81e7131a101d1df02081ff6ee3a","image/jpeg","2365202","2026-09-19 19:47:09.368876+00","2026-09-19 19:47:11.092566+00"
"c34767ee-5664-55e7-a7f6-62bc36e49921","t-001","f-001","b-001","wv-001","20260919_194732","farmiq-media","tenants/t-001/farms/f-001/barns/b-001/devices/wv-001/images/2026/09/19/23dbf8cc-60f7-4d94-87e6-bd15fef3bdb7.jpg","c596cc3af32000fea96cc69f9e8cb0be","image/jpeg","1989089","2026-09-19 19:47:32.415619+00","2026-09-19 19:47:34.781656+00"
"ff3bcb06-d63a-555c-90ca-b1af83b5df16","t-001","f-001","b-001","wv-001","20260919_194732","farmiq-media","tenants/t-001/farms/f-001/barns/b-001/devices/wv-001/images/2026/09/19/3e08df96-394c-49c4-9407-470fd7be0444.jpg","29159d13c73a752ecd72a8a9f9745ad9","image/jpeg","2004701","2026-09-19 19:47:32.415619+00","2026-09-19 19:47:35.110052+00"
"5b2bde89-00fa-51db-bb50-1e53990861f6","t-001","f-001","b-001","wv-001","20260919_194736","farmiq-media","tenants/t-001/farms/f-001/barns/b-001/devices/wv-001/images/2026/09/19/4661eee1-c320-4851-ad3d-befa33f8fc82.jpg","3ef2b6697b492f21578c3613ead12c47","image/jpeg","2377620","2026-09-19 19:47:36.769986+00","2026-09-19 19:47:40.750382+00"
"dbf4ee78-a1fb-582f-a3ae-59a0ab07cdc1","t-001","f-001","b-001","wv-001","20260919_194736","farmiq-media","tenants/t-001/farms/f-001/barns/b-001/devices/wv-001/images/2026/09/19/5033711e-7937-4a5e-aa77-671d04cc438a.jpg","0c1561dd96f9974eff3922da519a8d8b","image/jpeg","2399154","2026-09-19 19:47:36.769986+00","2026-09-19 19:47:41.114551+00"
"1856d692-62ba-5069-8a46-b87d6c2dd714","t-001","f-001","b-001","wv-001","20260919_194746","farmiq-media","tenants/t-001/farms/f-001/barns/b-001/devices/wv-001/images/2026/09/19/017c9eb3-9af7-4328-b199-7f0365169ce2.jpg","76b7691cc2ad167c2bd6471932509595","image/jpeg","2292553","2026-09-19 19:47:46.406803+00","2026-09-19 19:47:48.706303+00"
"dcbfe840-78d5-5610-b6e2-7599914328e8","t-001","f-001","b-001","wv-001","20260919_194746","farmiq-media","tenants/t-001/farms/f-001/barns/b-001/devices/wv-001/images/2026/09/19/96db781f-6fa7-4f09-ad33-14c1008a2341.jpg","f7972d374e3dd47422bc539f0099567f","image/jpeg","2320964","2026-09-19 19:47:46.406803+00","2026-09-19 19:47:49.087883+00"
"a549d69d-5d43-5161-894d-28837e851061","t-001","f-001","b-001","wv-001","20260919_194751","farmiq-media","tenants/t-001/farms/f-001/barns/b-001/devices/wv-001/images/2026/09/19/0e444c49-3e00-43c7-ba6b-98bf383e3bf3.jpg","e03976ef83ff9cb195dca4b2d946e49b","image/jpeg","2182428","2026-09-19 19:47:51.207334+00","2026-09-19 19:47:54.647424+00"
"9f03b229-bf8e-5ef4-b1dd-34467f2ddada","t-001","f-001","b-001","wv-001","20260919_194751","farmiq-media","tenants/t-001/farms/f-001/barns/b-001/devices/wv-001/images/2026/09/19/87ad3ae3-48e7-4bc2-8d66-22b25c3f5c6f.jpg","2fe4eae6800b789cd925c4eed75ae565","image/jpeg","2214693","2026-09-19 19:47:51.207334+00","2026-09-19 19:47:55.027579+00"
"de16cde8-3bf6-5c41-91e9-7c859262829e","t-001","f-001","b-001","wv-001","20260919_194928","farmiq-media","tenants/t-001/farms/f-001/barns/b-001/devices/wv-001/images/2026/09/19/a202b94d-15f1-4ac7-bc90-036782cb86a5.jpg","d60ed989a57cfc9a41f97aae04f05e8b","image/jpeg","2266062","2026-09-19 19:49:28.83013+00","2026-09-19 19:49:29.392432+00"
"852b0598-698f-5768-9bab-973d59cc83db","t-001","f-001","b-001","wv-001","20260919_194928","farmiq-media","tenants/t-001/farms/f-001/barns/b-001/devices/wv-001/images/2026/09/19/099a68cf-9447-44e0-86dd-2da78ecfe401.jpg","5c8d6f697071b672dffe9b68c89be13e","image/jpeg","2288160","2026-09-19 19:49:28.83013+00","2026-09-19 19:49:29.777117+00"
"cc84ab57-9db4-5dbd-8fab-636c5d902c71","t-001","f-001","b-001","wv-001","20260919_195002","farmiq-media","tenants/t-001/farms/f-001/barns/b-001/devices/wv-001/images/2026/09/19/50626112-6658-4a13-ba82-4a62f8ca17e0.jpg","238253323fe2a93d4b93618d80ff4fc0","image/jpeg","1720760","2026-09-19 19:50:02.130035+00","2026-09-19 19:50:03.53255+00"
"7b238696-b603-55ce-b5fd-c443826baba9","t-001","f-001","b-001","wv-001","20260919_195002","farmiq-media","tenants/t-001/farms/f-001/barns/b-001/devices/wv-001/images/2026/09/19/451cfee3-7049-4161-ad48-5a544b5aec13.jpg","3e7f6bc0a1548e1d1f13232b65257608","image/jpeg","1741129","2026-09-19 19:50:02.130035+00","2026-09-19 19:50:03.80349+00"
"e0fa3ae4-4676-5f3d-9d92-4a1105975782","t-001","f-001","b-001","wv-001","20260919_195033","farmiq-media","tenants/t-001/farms/f-001/barns/b-001/devices/wv-001/images/2026/09/19/12201c32-0870-45f2-a114-8d24f0235fd5.jpg","7f8e3892fbc572c7e34cf22c95d2c2f8","image/jpeg","2469989","2026-09-19 19:50:33.537555+00","2026-09-19 19:50:35.644382+00"
"96d082ee-2dff-5e7f-921b-b05f77ec55a1","t-001","f-001","b-001","wv-001","20260919_195033","farmiq-media","tenants/t-001/farms/f-001/barns/b-001/devices/wv-001/images/2026/09/19/2d29b068-0bed-4c83-9a4a-2890b8b175c3.jpg","6ec6d8d5135704752765c94c5c743221","image/jpeg","2493300","2026-09-19 19:50:33.537555+00","2026-09-19 19:50:36.02874+00"
"208259ff-fe35-52b3-b30e-b3f2b68ad05e","t-001","f-001","b-001","wv-001","20260919_195109","farmiq-media","tenants/t-001/farms/f-001/barns/b-001/devices/wv-001/images/2026/09/19/6239dbe5-664b-470d-a534-cbb05bafcb0b.jpg","9b96619562cd79d19f1b23b78f24d416","image/jpeg","2063384","2026-09-19 19:51:09.850467+00","2026-09-19 19:51:13.067133+00"
"4738cc07-40f4-5ef6-85cf-99a0bb518349","t-001","f-001","b-001","wv-001","20260919_195109","farmiq-media","tenants/t-001/farms/f-001/barns/b-001/devices/wv-001/images/2026/09/19/2fc9dca3-5e34-469e-b289-9169ebbd8c59.jpg","b3b57d623ee17dbd87a056e8389d6f3d","image/jpeg","2093218","2026-09-19 19:51:09.850467+00","2026-09-19 19:51:16.163006+00"
"e18e3241-7e67-524d-8a83-7cac35e1149f","t-001","f-001","b-001","wv-001","20260919_195124","farmiq-media","tenants/t-001/farms/f-001/barns/b-001/devices/wv-001/images/2026/09/19/f93f5da7-77a4-423c-9654-98f6374d9d6f.jpg","91a4fe08d8cbfdfc111e5efc3ed36e9c","image/jpeg","2261641","2026-09-19 19:51:24.003465+00","2026-09-19 19:51:27.690473+00"
"e6efe9e7-4d26-5691-867c-f7db805790ad","t-001","f-001","b-001","wv-001","20260919_195124","farmiq-media","tenants/t-001/farms/f-001/barns/b-001/devices/wv-001/images/2026/09/19/fbfd0c22-953f-4f49-89a9-a3735f5cb22b.jpg","e33364ed5fd66e94d9f2cd5d905fa8b6","image/jpeg","2293791","2026-09-19 19:51:24.003465+00","2026-09-19 19:51:42.49153+00"
"f5e26004-0b6e-5b1a-8bc9-6b3862195d2a","t-001","f-001","b-001","wv-001","20260919_195228","farmiq-media","tenants/t-001/farms/f-001/barns/b-001/devices/wv-001/images/2026/09/19/d1f7b437-9480-4e94-9612-6a8028adcb13.jpg","a3280a1dbd547f169632ce93aa4307f9","image/jpeg","2068224","2026-09-19 19:52:28.937211+00","2026-09-19 19:52:30.354007+00"
"8eaf2ce9-6710-5e57-8487-057b3f25bf00","t-001","f-001","b-001","wv-001","20260919_195228","farmiq-media","tenants/t-001/farms/f-001/barns/b-001/devices/wv-001/images/2026/09/19/66309360-1717-48c9-ad7c-3a2c1555a878.jpg","51f07fb0dc7ef65408c36cfd95973383","image/jpeg","2104685","2026-09-19 19:52:28.937211+00","2026-09-19 19:52:30.60326+00"
"f6c5c117-9191-5850-bd0e-275a8777c161","t-001","f-001","b-001","wv-001","20260919_195259","farmiq-media","tenants/t-001/farms/f-001/barns/b-001/devices/wv-001/images/2026/09/19/b2dc4895-ad96-4500-8f23-4dc67b074500.jpg","15967c313af06688b2622c23fc778b2d","image/jpeg","2321734","2026-09-19 19:52:59.075712+00","2026-09-19 19:53:00.277136+00"
"cc044ca1-6e28-5cb8-8a41-4d7e5fb5dbdd","t-001","f-001","b-001","wv-001","20260919_195259","farmiq-media","tenants/t-001/farms/f-001/barns/b-001/devices/wv-001/images/2026/09/19/7abc3b14-6a0f-40e3-b1fd-c2fe13b44729.jpg","7b256b1978749206f0a9f4b211e38ea5","image/jpeg","2342573","2026-09-19 19:52:59.075712+00","2026-09-19 19:53:00.503824+00"
"fe0d9153-069b-5af4-8388-3504e46edc99","t-001","f-001","b-001","wv-001","20260919_195302","farmiq-media","tenants/t-001/farms/f-001/barns/b-001/devices/wv-001/images/2026/09/19/29412cc1-838d-48bd-bf53-e97addee3d4b.jpg","9f72f0f6f85ba5742e4d739fd2af1e65","image/jpeg","2175857","2026-09-19 19:53:02.995886+00","2026-09-19 19:53:05.880639+00"
"d5a9ede2-1022-5507-b1d9-f65d5f2fe23b","t-001","f-001","b-001","wv-001","20260919_195302","farmiq-media","tenants/t-001/farms/f-001/barns/b-001/devices/wv-001/images/2026/09/19/2927af12-fe67-43c7-ab8f-ddb678ea692f.jpg","06f24bf6d3a24d2822422e78eea5876e","image/jpeg","2203665","2026-09-19 19:53:02.995886+00","2026-09-19 19:53:06.129698+00"
"e1fcaf43-a933-555e-b40a-b92f0f4788fa","t-001","f-001","b-001","wv-001","20260919_195406","farmiq-media","tenants/t-001/farms/f-001/barns/b-001/devices/wv-001/images/2026/09/19/c5476031-0fb9-42cf-ba40-cd14de714c91.jpg","86bd63222116f03c040361351ab551fc","image/jpeg","2410717","2026-09-19 19:54:06.537739+00","2026-09-19 19:54:08.075997+00"
"e4aa8df8-f11f-5b73-ba0d-a0e7a19714e0","t-001","f-001","b-001","wv-001","20260919_195406","farmiq-media","tenants/t-001/farms/f-001/barns/b-001/devices/wv-001/images/2026/09/19/18ee0b56-a089-4712-9f1c-58d29b67e96e.jpg","764dabbb2d515e74cadfee7a45ad9014","image/jpeg","2439390","2026-09-19 19:54:06.537739+00","2026-09-19 19:54:08.33241+00"
"7b625c95-e423-5dd4-9f66-72b2ed96cb68","t-001","f-001","b-001","wv-001","20260919_195452","farmiq-media","tenants/t-001/farms/f-001/barns/b-001/devices/wv-001/images/2026/09/19/958d352c-393a-470c-b35f-88cb1f5bf4cd.jpg","5796499bb8a0db08f42138d816cbe257","image/jpeg","2246822","2026-09-19 19:54:52.186913+00","2026-09-19 19:54:54.237242+00"
"0a791599-24c7-5680-af38-2aa826222d81","t-001","f-001","b-001","wv-001","20260919_195452","farmiq-media","tenants/t-001/farms/f-001/barns/b-001/devices/wv-001/images/2026/09/19/65a27d0d-f99a-4cca-ba1a-fecc2f80ac62.jpg","33bb4f5ae32f6f861bd75037679eaf73","image/jpeg","2277052","2026-09-19 19:54:52.186913+00","2026-09-19 19:54:54.539851+00"
"678f60df-eb18-5087-9021-c4fcee25777d","t-001","f-001","b-001","wv-001","20260919_195603","farmiq-media","tenants/t-001/farms/f-001/barns/b-001/devices/wv-001/images/2026/09/19/940215dc-d407-41d5-a413-618cbf5caeaa.jpg","b81dca30cb979a1c8388a3cb990285ca","image/jpeg","2288330","2026-09-19 19:56:03.019921+00","2026-09-19 19:56:04.573404+00"
"53326212-6744-5515-8cdb-97ec72be5ef3","t-001","f-001","b-001","wv-001","20260919_195603","farmiq-media","tenants/t-001/farms/f-001/barns/b-001/devices/wv-001/images/2026/09/19/32bf7db6-7e49-4d76-b1c5-73e2bfd54302.jpg","9a17e6cbc878b490960103e151d2aec7","image/jpeg","2319586","2026-09-19 19:56:03.019921+00","2026-09-19 19:56:04.792118+00"
"ae9fdc78-d2e2-5252-a713-38ea250a349e","t-001","f-001","b-001","wv-001","20260919_195630","farmiq-media","tenants/t-001/farms/f-001/barns/b-001/devices/wv-001/images/2026/09/19/714c1d9e-7f11-427f-905d-3c315c7ac340.jpg","8f2ba6d644c04900b9c4eba95a442e7c","image/jpeg","2444482","2026-09-19 19:56:30.154916+00","2026-09-19 19:56:32.398556+00"
"6fc2ab35-403e-5558-9f08-4de03ae72a26","t-001","f-001","b-001","wv-001","20260919_195630","farmiq-media","tenants/t-001/farms/f-001/barns/b-001/devices/wv-001/images/2026/09/19/bf765164-895d-42ee-8561-19120bc1fda2.jpg","fbe127ea2c8c2ec39ec5ae8d5a626fd2","image/jpeg","2468587","2026-09-19 19:56:30.154916+00","2026-09-19 19:56:32.661498+00"
"6e98fc97-e6e2-57b7-bc02-05b80e9ee5ef","t-001","f-001","b-001","wv-001","20260919_195658","farmiq-media","tenants/t-001/farms/f-001/barns/b-001/devices/wv-001/images/2026/09/19/d4f433b9-66dd-4348-8944-d57d9fa2c857.jpg","871f0af2b4e8dcb12ba877774883fe4a","image/jpeg","2013908","2026-09-19 19:56:58.523031+00","2026-09-19 19:57:20.73863+00"
"45c2e5a2-453d-5fac-a894-8b1bf0c1aaee","t-001","f-001","b-001","wv-001","20260919_195658","farmiq-media","tenants/t-001/farms/f-001/barns/b-001/devices/wv-001/images/2026/09/19/123dadd7-5e2f-4a6d-8b18-cf5072d02cd7.jpg","7417076e5eac23f015322d1c3816754e","image/jpeg","2043981","2026-09-19 19:56:58.523031+00","2026-09-19 19:57:21.089516+00"
"5c3dcfdf-fab8-58cb-a87f-b122268efe93","t-001","f-001","b-001","wv-001","20260919_195719","farmiq-media","tenants/t-001/farms/f-001/barns/b-001/devices/wv-001/images/2026/09/19/9f3d1973-a2fe-4a0d-89b0-30697200e47d.jpg","d985c813a33bd779232ff3cb3d460b67","image/jpeg","2095971","2026-09-19 19:57:19.248758+00","2026-09-19 19:57:26.596076+00"
"bf79c109-77e8-50e7-a6d8-df8014d291ce","t-001","f-001","b-001","wv-001","20260919_195719","farmiq-media","tenants/t-001/farms/f-001/barns/b-001/devices/wv-001/images/2026/09/19/56c077b3-7007-49bd-b532-a5d43b695726.jpg","b9ca78245596fa0121d50db32a2ec3b6","image/jpeg","2126417","2026-09-19 19:57:19.248758+00","2026-09-19 19:57:26.953685+00"
"74c15ca1-4721-5062-b3bb-0099c5de196e","t-001","f-001","b-001","wv-001","20260919_195756","farmiq-media","tenants/t-001/farms/f-001/barns/b-001/devices/wv-001/images/2026/09/19/65650c34-fbdf-4a4e-abab-b2929078afa6.jpg","3ec0de84862873063029449be2ff2e31","image/jpeg","2364013","2026-09-19 19:57:56.130102+00","2026-09-19 19:57:56.762689+00"
"3cf9765d-3498-57ae-83fe-30e0985abd25","t-001","f-001","b-001","wv-001","20260919_195756","farmiq-media","tenants/t-001/farms/f-001/barns/b-001/devices/wv-001/images/2026/09/19/8ce31617-bdb9-4281-a438-46097b9b50b8.jpg","0b56eac39103ffe2affb7ab8abb87752","image/jpeg","2387602","2026-09-19 19:57:56.130102+00","2026-09-19 19:57:57.133982+00"
"186ea148-ee4c-5995-a406-63a4e59361f9","t-001","f-001","b-001","wv-001","20260919_195950","farmiq-media","tenants/t-001/farms/f-001/barns/b-001/devices/wv-001/images/2026/09/19/a8b5d79d-5d37-4884-a4a9-d16f581390f6.jpg","6136563ba9300f2fc0f9feca38b28099","image/jpeg","2140004","2026-09-19 19:59:50.902877+00","2026-09-19 19:59:51.59833+00"
"cfe90a68-6f8a-552c-887e-efdf340459db","t-001","f-001","b-001","wv-001","20260919_195950","farmiq-media","tenants/t-001/farms/f-001/barns/b-001/devices/wv-001/images/2026/09/19/9cea3454-ea8c-475b-a78f-4df7f997b553.jpg","4930e64d4c43f77182f3c4d7440f8fd0","image/jpeg","2173679","2026-09-19 19:59:50.902877+00","2026-09-19 19:59:51.943324+00"
"fb948921-fa59-55b5-bca0-dbd7f38c91ea","t-001","f-001","b-001","wv-001","20260919_195957","farmiq-media","tenants/t-001/farms/f-001/barns/b-001/devices/wv-001/images/2026/09/19/4588938f-b660-43fd-b32e-4232ccc636c9.jpg","7efb8543bd5ffa9c69e4bba532119320","image/jpeg","2074438","2026-09-19 19:59:57.544693+00","2026-09-19 19:59:59.532841+00"
"dd656aed-1af6-5050-9c1b-1524c8f6b3ac","t-001","f-001","b-001","wv-001","20260919_195957","farmiq-media","tenants/t-001/farms/f-001/barns/b-001/devices/wv-001/images/2026/09/19/8aca88b1-acde-4f07-a3d2-a23e756528b2.jpg","af92a00e84dbe46c92a75df042c0a6c8","image/jpeg","2107452","2026-09-19 19:59:57.544693+00","2026-09-19 19:59:59.892738+00"
"f3f5caa8-54a3-5e5d-b9cb-363020476998","t-001","f-001","b-001","wv-001","20260919_200023","farmiq-media","tenants/t-001/farms/f-001/barns/b-001/devices/wv-001/images/2026/09/19/d3668384-b55b-4076-87d8-32f5eb547be0.jpg","16922168e6a328b783a5dd57acdea108","image/jpeg","2228714","2026-09-19 20:00:23.091017+00","2026-09-19 20:00:23.635456+00"
"c69ed084-8e42-581e-8806-73ae2e038ba9","t-001","f-001","b-001","wv-001","20260919_200023","farmiq-media","tenants/t-001/farms/f-001/barns/b-001/devices/wv-001/images/2026/09/19/35f58c17-9240-4307-8cef-0e0f076bdb7d.jpg","719b5b2658f7b0de6e5dd6640a256121","image/jpeg","2259740","2026-09-19 20:00:23.091017+00","2026-09-19 20:00:23.995076+00"
"ff64a887-b45f-51cc-97b1-2e174636c5a2","t-001","f-001","b-001","wv-001","20260919_200109","farmiq-media","tenants/t-001/farms/f-001/barns/b-001/devices/wv-001/images/2026/09/19/a0eea0b8-05d5-4cbd-8a43-0074cdecf298.jpg","755f1f4ad497a307f76318024415ece2","image/jpeg","2175147","2026-09-19 20:01:09.908919+00","2026-09-19 20:01:11.871586+00"
"1dafd6ca-c06a-5b24-965f-a29aa5686f48","t-001","f-001","b-001","wv-001","20260919_200109","farmiq-media","tenants/t-001/farms/f-001/barns/b-001/devices/wv-001/images/2026/09/19/381ad77f-94bf-4afa-bbe7-a5f1fc2242a0.jpg","e648a672b90edd46e2b6a30c6e87223d","image/jpeg","2207148","2026-09-19 20:01:09.908919+00","2026-09-19 20:01:12.170744+00"
"5f6246ad-cede-50ef-a5b7-af424da6e3a7","t-001","f-001","b-001","wv-001","20260919_200227","farmiq-media","tenants/t-001/farms/f-001/barns/b-001/devices/wv-001/images/2026/09/19/6a0cf003-6aff-4720-827a-05d25fd17b58.jpg","d60f2b2590abb4aca995167ede6db03e","image/jpeg","2419974","2026-09-19 20:02:27.420599+00","2026-09-19 20:02:31.305655+00"
"a6389995-4a4a-5e34-8810-6dfb48d11009","t-001","f-001","b-001","wv-001","20260919_200227","farmiq-media","tenants/t-001/farms/f-001/barns/b-001/devices/wv-001/images/2026/09/19/eb350098-3e9a-4f84-8c21-6e92071ebeba.jpg","05645f8d60b6e9479bf3cf328353a7da","image/jpeg","2444342","2026-09-19 20:02:27.420599+00","2026-09-19 20:02:33.527937+00"
"7a61afa9-e160-57fe-ab32-f7be3101470e","t-001","f-001","b-001","wv-001","20260919_200231","farmiq-media","tenants/t-001/farms/f-001/barns/b-001/devices/wv-001/images/2026/09/19/cd2a7042-d3e4-4813-a496-e800f47803a3.jpg","d4f3decc85bae6652f46d59370440048","image/jpeg","2205640","2026-09-19 20:02:31.354028+00","2026-09-19 20:02:40.307822+00"
"b55fc706-490c-5c81-a745-673201d2e95e","t-001","f-001","b-001","wv-001","20260919_200231","farmiq-media","tenants/t-001/farms/f-001/barns/b-001/devices/wv-001/images/2026/09/19/4c4b8ac8-cdf9-4cdb-960a-bdb79b81e084.jpg","24a6ecd99c0cc46ccb01757c8f938202","image/jpeg","2251989","2026-09-19 20:02:31.354028+00","2026-09-19 20:02:41.295483+00"
"c51731ee-2f9f-5f22-a183-bd996bcb13dc","t-001","f-001","b-001","wv-001","20260919_200331","farmiq-media","tenants/t-001/farms/f-001/barns/b-001/devices/wv-001/images/2026/09/19/2dc031a0-0002-4967-a05a-ce6d2c539cca.jpg","3c9dabe9459532baf15f521a088a8f41","image/jpeg","2270516","2026-09-19 20:03:31.195564+00","2026-09-19 20:03:33.605188+00"
"c192f60a-58f1-5370-be2c-3bd8beae2c96","t-001","f-001","b-001","wv-001","20260919_200331","farmiq-media","tenants/t-001/farms/f-001/barns/b-001/devices/wv-001/images/2026/09/19/0a0fb868-e244-46e2-ac59-b965309b8d6d.jpg","ac686a963fd6e313a48d6aa02f45ddfe","image/jpeg","2314885","2026-09-19 20:03:31.195564+00","2026-09-19 20:03:33.991537+00"
"1b68ada3-97d3-52ae-8139-204cc13a52ab","t-001","f-001","b-001","wv-001","20260919_200426","farmiq-media","tenants/t-001/farms/f-001/barns/b-001/devices/wv-001/images/2026/09/19/b58bf400-6531-4a80-ae7d-d3909af6daf7.jpg","b267824a74e7a38f8180ddf9f6720448","image/jpeg","2001007","2026-09-19 20:04:26.493452+00","2026-09-19 20:04:27.930144+00"
"682e610f-6fed-5a40-8c70-6e022569dbff","t-001","f-001","b-001","wv-001","20260919_200426","farmiq-media","tenants/t-001/farms/f-001/barns/b-001/devices/wv-001/images/2026/09/19/03c71d8e-7d8e-4663-bcc1-c3e38f52675b.jpg","99a284a7192308b48b2929013f0f3685","image/jpeg","2041667","2026-09-19 20:04:26.493452+00","2026-09-19 20:04:28.27881+00"
"5c141e5b-7dfc-5d8d-8e1c-69844b6ef978","t-001","f-001","b-001","wv-001","20260919_200614","farmiq-media","tenants/t-001/farms/f-001/barns/b-001/devices/wv-001/images/2026/09/19/381f202a-8b60-4b7b-87ef-70e5442edc9a.jpg","822257e63b13e1928310ce1a53b4a3fc","image/jpeg","2229289","2026-09-19 20:06:14.586811+00","2026-09-19 20:06:16.73196+00"
"fddd8b45-6079-5d82-9ade-1cc23b0fe482","t-001","f-001","b-001","wv-001","20260919_200614","farmiq-media","tenants/t-001/farms/f-001/barns/b-001/devices/wv-001/images/2026/09/19/e3b28817-3e30-4d78-9ea0-ab1e2e98de74.jpg","ec2dd2fec7d8e8b4edf82dbdbe9b3c4c","image/jpeg","2261220","2026-09-19 20:06:14.586811+00","2026-09-19 20:06:17.130922+00"
"63945939-d521-59b5-9444-10d454defc75","t-001","f-001","b-001","wv-001","20260919_200746","farmiq-media","tenants/t-001/farms/f-001/barns/b-001/devices/wv-001/images/2026/09/19/0a970ad0-e6e5-45d5-9b0a-6c6f8a49e275.jpg","9e3d617267720da0527ef5de1cfc2386","image/jpeg","2256345","2026-09-19 20:07:46.02169+00","2026-09-19 20:07:47.452967+00"
"e944b6c0-4c12-5aca-a21c-dc3e640c96a5","t-001","f-001","b-001","wv-001","20260919_200746","farmiq-media","tenants/t-001/farms/f-001/barns/b-001/devices/wv-001/images/2026/09/19/58f17c49-a4be-41d8-aa69-1d65f71631e4.jpg","4d14b202a94d5117348e0f2c57d21b55","image/jpeg","2274038","2026-09-19 20:07:46.02169+00","2026-09-19 20:07:47.83049+00"
"b4bdb974-1ccc-5910-8baa-80b863f0e556","t-001","f-001","b-001","wv-001","20260919_200750","farmiq-media","tenants/t-001/farms/f-001/barns/b-001/devices/wv-001/images/2026/09/19/32ea2663-4578-4df5-9190-54f3aef5d562.jpg","f30a01017c2410bb4849558c2bf58a9d","image/jpeg","2289299","2026-09-19 20:07:50.177362+00","2026-09-19 20:07:53.602109+00"
"1ed3ac84-17b5-52ea-a51c-a8643f40b989","t-001","f-001","b-001","wv-001","20260919_200750","farmiq-media","tenants/t-001/farms/f-001/barns/b-001/devices/wv-001/images/2026/09/19/33d69fc1-2be4-4a36-a64b-1ad2492c0648.jpg","3d2b8d11ff7929b7f8095c00bf9b1c2b","image/jpeg","2312505","2026-09-19 20:07:50.177362+00","2026-09-19 20:07:55.659517+00"
"2825fdb3-946e-5651-9c1a-820d9b2cbc69","t-001","f-001","b-001","wv-001","20260919_200818","farmiq-media","tenants/t-001/farms/f-001/barns/b-001/devices/wv-001/images/2026/09/19/9c7fff35-9e70-44d2-b608-b8a0a99b1320.jpg","8c21bdae3f5e725617dd87d26dc934ee","image/jpeg","2287158","2026-09-19 20:08:18.304767+00","2026-09-19 20:08:20.482355+00"
"7098fae9-e2f1-56ca-a995-5314ea304da3","t-001","f-001","b-001","wv-001","20260919_200818","farmiq-media","tenants/t-001/farms/f-001/barns/b-001/devices/wv-001/images/2026/09/19/16b1a4c1-efc0-45cd-b5f6-a1234d065423.jpg","2c29712e7a5241ffaecb240fc69f9d93","image/jpeg","2315624","2026-09-19 20:08:18.304767+00","2026-09-19 20:08:20.842797+00"
"b16bd7bb-0dfd-53ae-968f-40249741c0c9","t-001","f-001","b-001","wv-001","20260919_200822","farmiq-media","tenants/t-001/farms/f-001/barns/b-001/devices/wv-001/images/2026/09/19/49499118-d824-4fc9-90c3-b4c99c468d32.jpg","bfab2e15472fbcbee131e2b3dd4974f2","image/jpeg","2153342","2026-09-19 20:08:22.364801+00","2026-09-19 20:08:28.124735+00"
"269aebe8-cdf6-586a-99bb-759ad0a58bbc","t-001","f-001","b-001","wv-001","20260919_200822","farmiq-media","tenants/t-001/farms/f-001/barns/b-001/devices/wv-001/images/2026/09/19/05938734-3c02-4ad6-ad2b-36b007d32b4b.jpg","7d3b68f8e79d026938ba7ca57a76e33c","image/jpeg","2186384","2026-09-19 20:08:22.364801+00","2026-09-19 20:08:28.499303+00"
"59bc98c4-942b-5df4-819f-c439b6e178d3","t-001","f-001","b-001","wv-001","20260919_200842","farmiq-media","tenants/t-001/farms/f-001/barns/b-001/devices/wv-001/images/2026/09/19/8f4081ca-4e42-4436-b239-2324b86f8352.jpg","4e56d48ba2efce7e0291eea238031917","image/jpeg","2055413","2026-09-19 20:08:42.605858+00","2026-09-19 20:08:44.07075+00"
"346c1acb-fd49-5202-9855-8639786dbad4","t-001","f-001","b-001","wv-001","20260919_200842","farmiq-media","tenants/t-001/farms/f-001/barns/b-001/devices/wv-001/images/2026/09/19/ca253443-1e15-4786-b1c0-b51c7f0c315b.jpg","b0e852e68e954be4cedbd47629c75fe0","image/jpeg","2097130","2026-09-19 20:08:42.605858+00","2026-09-19 20:08:44.423825+00"
"08574c8f-42bf-5aa1-b16f-a839b83bbd8b","t-001","f-001","b-001","wv-001","20260919_200857","farmiq-media","tenants/t-001/farms/f-001/barns/b-001/devices/wv-001/images/2026/09/19/fd8868b0-7ce5-4df7-9cf9-36240d88f147.jpg","9774620f97933841b302ffdff011f79a","image/jpeg","1959445","2026-09-19 20:08:57.423569+00","2026-09-19 20:08:57.972751+00"
"8f859925-4690-51b4-b92f-a8b555c652fa","t-001","f-001","b-001","wv-001","20260919_200857","farmiq-media","tenants/t-001/farms/f-001/barns/b-001/devices/wv-001/images/2026/09/19/e53e793d-a519-49b7-84b0-23e8927398b0.jpg","fde45d9212b127b95a5384d3d663a8c4","image/jpeg","2001983","2026-09-19 20:08:57.423569+00","2026-09-19 20:08:58.292609+00"
"903141a5-e0d4-5aa0-a937-2269bd5545c0","t-001","f-001","b-001","wv-001","20260919_200935","farmiq-media","tenants/t-001/farms/f-001/barns/b-001/devices/wv-001/images/2026/09/19/d9361dde-72e0-4fe7-ac4b-b2b281dfd74c.jpg","14e99928c36041387a196ea31fbdfd6e","image/jpeg","2377803","2026-09-19 20:09:35.358616+00","2026-09-19 20:09:36.176599+00"
"c2f030ee-f6f2-5a41-b98a-23d96448a3b7","t-001","f-001","b-001","wv-001","20260919_200935","farmiq-media","tenants/t-001/farms/f-001/barns/b-001/devices/wv-001/images/2026/09/19/fb018c0e-5974-4dd1-9709-0fdf9d7f186a.jpg","e3bb560f6b426a9dd00dfd9694dbb0f2","image/jpeg","2398386","2026-09-19 20:09:35.358616+00","2026-09-19 20:09:36.584015+00"
"11baf33c-e57a-55e0-807f-4d02c0f5e126","t-001","f-001","b-001","wv-001","20260919_200950","farmiq-media","tenants/t-001/farms/f-001/barns/b-001/devices/wv-001/images/2026/09/19/895210fa-32c9-4ad9-92eb-018210fbab67.jpg","83f9a51977bc2e7b73df3538b13b7ac2","image/jpeg","2342036","2026-09-19 20:09:50.738756+00","2026-09-19 20:09:52.242973+00"
"13cc6da2-7b59-5e7c-9269-5135ea79e9ef","t-001","f-001","b-001","wv-001","20260919_200950","farmiq-media","tenants/t-001/farms/f-001/barns/b-001/devices/wv-001/images/2026/09/19/0ffbe0d7-d807-48bb-84b3-185e32a0df6d.jpg","0662ddd1169ac00ac179e8b9dd0cf0d3","image/jpeg","2366424","2026-09-19 20:09:50.738756+00","2026-09-19 20:09:52.641798+00"
"3331e20c-fee1-5e43-89c8-4adedb54f9a5","t-001","f-001","b-001","wv-001","20260919_200955","farmiq-media","tenants/t-001/farms/f-001/barns/b-001/devices/wv-001/images/2026/09/19/cd8bbcaa-37e6-4135-a980-00f11732fd06.jpg","20e24dba5b1ac4143eb255add1ed4628","image/jpeg","1996921","2026-09-19 20:09:55.112297+00","2026-09-19 20:09:58.186549+00"
"bb01479e-1872-5f56-b38e-70dbd48bf875","t-001","f-001","b-001","wv-001","20260919_200955","farmiq-media","tenants/t-001/farms/f-001/barns/b-001/devices/wv-001/images/2026/09/19/05520c57-2cb9-4b32-b45f-32b648cc6aff.jpg","0d1ec75781e4f2ed6a99e4eb43230e22","image/jpeg","2041425","2026-09-19 20:09:55.112297+00","2026-09-19 20:09:58.522484+00"
"ceff4f1f-1dd3-59fa-9bad-5382dc8a4c57","t-001","f-001","b-001","wv-001","20260919_201027","farmiq-media","tenants/t-001/farms/f-001/barns/b-001/devices/wv-001/images/2026/09/19/caf5f8bb-e939-4b1e-a5b7-b1eabbfc5725.jpg","9c5d335665689a90f130b5b2a1082363","image/jpeg","2286351","2026-09-19 20:10:27.739386+00","2026-09-19 20:10:28.287869+00"
"fd3f8413-0b80-5d87-8741-ba16dcf0ad20","t-001","f-001","b-001","wv-001","20260919_201027","farmiq-media","tenants/t-001/farms/f-001/barns/b-001/devices/wv-001/images/2026/09/19/760f9cc6-f713-45a4-95b7-be44860dc392.jpg","80ea63bf337bc865ff79de7b831fca10","image/jpeg","2320037","2026-09-19 20:10:27.739386+00","2026-09-19 20:10:28.698241+00"
"3a66a175-0fa5-5ec5-a570-363054dfd66d","t-001","f-001","b-001","wv-001","20260919_201042","farmiq-media","tenants/t-001/farms/f-001/barns/b-001/devices/wv-001/images/2026/09/19/0773c821-e420-47c3-a45e-f7691ac6c651.jpg","73698d56706f1c5448f6abd0ca862f04","image/jpeg","2213901","2026-09-19 20:10:42.955171+00","2026-09-19 20:10:44.267351+00"
"ff272316-19b5-5ff0-b7cc-6c5ed1869791","t-001","f-001","b-001","wv-001","20260919_201042","farmiq-media","tenants/t-001/farms/f-001/barns/b-001/devices/wv-001/images/2026/09/19/fddde267-2d3b-425a-b504-d9b3d6f09fdf.jpg","812113e1a4e5d1dc2c8cac30e879c3e8","image/jpeg","2250454","2026-09-19 20:10:42.955171+00","2026-09-19 20:10:44.621539+00"
"5a6a39d8-c6da-5b1c-9070-12a626f5c5b3","t-001","f-001","b-001","wv-001","20260919_201104","farmiq-media","tenants/t-001/farms/f-001/barns/b-001/devices/wv-001/images/2026/09/19/017d37ca-bf89-4290-8f92-d4d3ff2a4bc6.jpg","bd1051f8b151cd104f74302c775c5273","image/jpeg","2107463","2026-09-19 20:11:04.977256+00","2026-09-19 20:11:06.379327+00"
"af2d92f5-de19-5be2-8df2-e06763fbf05d","t-001","f-001","b-001","wv-001","20260919_201104","farmiq-media","tenants/t-001/farms/f-001/barns/b-001/devices/wv-001/images/2026/09/19/800ae4f6-7d1a-4974-ad85-f62e30ab61a8.jpg","8dfcbeebb11babd3f5033835d8f35281","image/jpeg","2141879","2026-09-19 20:11:04.977256+00","2026-09-19 20:11:06.763268+00"
"06d6b61b-ff04-5cf8-b243-b8a3529474e2","t-001","f-001","b-001","wv-001","20260919_201130","farmiq-media","tenants/t-001/farms/f-001/barns/b-001/devices/wv-001/images/2026/09/19/d6c228a5-8b30-4375-a738-b3686b6cfd65.jpg","082dc0c1b4bf56048f4a4d6c5870316d","image/jpeg","2311539","2026-09-19 20:11:30.225773+00","2026-09-19 20:11:32.528238+00"
"8340636f-9497-530e-8ee8-a1f43b2e7692","t-001","f-001","b-001","wv-001","20260919_201130","farmiq-media","tenants/t-001/farms/f-001/barns/b-001/devices/wv-001/images/2026/09/19/4d621e85-54ea-4873-a5a1-8fb280c062da.jpg","32f992cf07eb1f0d23e2872c6aa56213","image/jpeg","2338737","2026-09-19 20:11:30.225773+00","2026-09-19 20:11:32.923256+00"
"0b491bdf-843a-5bd4-81cf-aabf84ae42d9","t-001","f-001","b-001","wv-001","20260919_201146","farmiq-media","tenants/t-001/farms/f-001/barns/b-001/devices/wv-001/images/2026/09/19/d7171248-94a2-4a0b-b5df-4bb1b682d1c4.jpg","b700b03066c96a4457d45c3a1fb5415d","image/jpeg","2405305","2026-09-19 20:11:46.728646+00","2026-09-19 20:11:48.616984+00"
"68c2dedb-b4f1-5e62-9c20-a7aff6c6480c","t-001","f-001","b-001","wv-001","20260919_201146","farmiq-media","tenants/t-001/farms/f-001/barns/b-001/devices/wv-001/images/2026/09/19/194580c5-b794-4896-9bc6-2a8bd8a26426.jpg","97fd3bc2bdc0cb7602bfe00c946c08f8","image/jpeg","2432914","2026-09-19 20:11:46.728646+00","2026-09-19 20:11:49.034508+00"
"566c6c94-7137-5983-bfde-71fdb7ac31c1","t-001","f-001","b-001","wv-001","20260919_201218","farmiq-media","tenants/t-001/farms/f-001/barns/b-001/devices/wv-001/images/2026/09/19/a930017d-77c2-4482-92a8-9c823e4164ff.jpg","836c555116c4a9ad40b23d8d167a8789","image/jpeg","2035421","2026-09-19 20:12:18.874344+00","2026-09-19 20:12:20.830409+00"
"77b9bc9f-457d-5054-99f0-d387d4101c18","t-001","f-001","b-001","wv-001","20260919_201218","farmiq-media","tenants/t-001/farms/f-001/barns/b-001/devices/wv-001/images/2026/09/19/16ea6d7d-623e-48b0-96c7-c9cfd0c90efc.jpg","1af50e36539406fbda29af1e7816eb9f","image/jpeg","2077464","2026-09-19 20:12:18.874344+00","2026-09-19 20:12:21.208571+00"
"c02795d9-aa0e-5ae4-b1c5-3ce836cd0c4b","t-001","f-001","b-001","wv-001","20260919_201249","farmiq-media","tenants/t-001/farms/f-001/barns/b-001/devices/wv-001/images/2026/09/19/d41d125a-8183-44a1-a17d-e7b365fcb232.jpg","0e4e12c18ef325f8bfcb725d14cb76d7","image/jpeg","2206051","2026-09-19 20:12:49.242957+00","2026-09-19 20:12:50.997867+00"
"3c4f051c-e71f-5f78-a40f-dd89073a55f9","t-001","f-001","b-001","wv-001","20260919_201249","farmiq-media","tenants/t-001/farms/f-001/barns/b-001/devices/wv-001/images/2026/09/19/eab845a0-e98c-45ef-8e46-544f8afc8741.jpg","4a7f1ea8a35d7f24db3f745f2e369003","image/jpeg","2229813","2026-09-19 20:12:49.242957+00","2026-09-19 20:12:51.351901+00"
"53c89018-f612-5cb9-baff-f6066d7349df","t-001","f-001","b-001","wv-001","20260919_201305","farmiq-media","tenants/t-001/farms/f-001/barns/b-001/devices/wv-001/images/2026/09/19/8bf264ed-b5ce-46d9-879d-8a70cd994a1b.jpg","1e3eec0f7e91e690e2c57067cb95ab83","image/jpeg","2099180","2026-09-19 20:13:05.714917+00","2026-09-19 20:13:07.008993+00"
"891b1e2e-8e65-5b0f-9018-0731b3d80a80","t-001","f-001","b-001","wv-001","20260919_201305","farmiq-media","tenants/t-001/farms/f-001/barns/b-001/devices/wv-001/images/2026/09/19/72359416-1334-4f87-82ca-d79ee3a55529.jpg","0f4920f3fe632a560a4e0482f0a9131e","image/jpeg","2131310","2026-09-19 20:13:05.714917+00","2026-09-19 20:13:07.342215+00"
"6e86d781-8e6b-5069-a0c1-b56e4403ce1e","t-001","f-001","b-001","wv-001","20260919_201345","farmiq-media","tenants/t-001/farms/f-001/barns/b-001/devices/wv-001/images/2026/09/19/b37cbcfd-03a6-4fcd-8061-dbe6e4413109.jpg","c9b4d4b57a04d3026be63e531813b2d0","image/jpeg","2185095","2026-09-19 20:13:45.949481+00","2026-09-19 20:13:53.80334+00"
"6c676f7f-7922-5f8c-b67b-914b54574305","t-001","f-001","b-001","wv-001","20260919_201345","farmiq-media","tenants/t-001/farms/f-001/barns/b-001/devices/wv-001/images/2026/09/19/a49b1d37-29dc-4ee5-9b51-5fddedbbdb41.jpg","f7ab09a60068c7e56f200432dd7d1f94","image/jpeg","2206306","2026-09-19 20:13:45.949481+00","2026-09-19 20:13:54.126458+00"
"0bee3c03-6ed5-5022-b6d9-5c2833fa074f","t-001","f-001","b-001","wv-001","20260919_201402","farmiq-media","tenants/t-001/farms/f-001/barns/b-001/devices/wv-001/images/2026/09/19/f62cd57c-fef4-4844-878c-a9c5988d1b5c.jpg","3b041f7ed41dce0ec907e5b0eee6854f","image/jpeg","2293430","2026-09-19 20:14:02.848911+00","2026-09-19 20:14:03.698952+00"
"70f90c9f-3802-5b0f-bd60-526fde796324","t-001","f-001","b-001","wv-001","20260919_201402","farmiq-media","tenants/t-001/farms/f-001/barns/b-001/devices/wv-001/images/2026/09/19/deea003f-69ed-4e2d-83ca-f4ab928f02fd.jpg","6a11118a50b33af3acc80f6dc564b613","image/jpeg","2314023","2026-09-19 20:14:02.848911+00","2026-09-19 20:14:04.074473+00"
"80df1419-4949-52cd-a429-d0af05c85583","t-001","f-001","b-001","wv-001","20260919_201426","farmiq-media","tenants/t-001/farms/f-001/barns/b-001/devices/wv-001/images/2026/09/19/a0dad78d-b7c4-4d90-a737-9c75ec5c10f4.jpg","c9d88182fddaa8a937863e90466826bb","image/jpeg","2225074","2026-09-19 20:14:26.548673+00","2026-09-19 20:14:27.851164+00"
"fc61cd33-5647-55e9-b066-35cd13c59518","t-001","f-001","b-001","wv-001","20260919_201426","farmiq-media","tenants/t-001/farms/f-001/barns/b-001/devices/wv-001/images/2026/09/19/db8a15cc-104a-4320-a69e-5de28efbdb74.jpg","3c9e697a8bf7bb59074f04a8c5f57fb6","image/jpeg","2245899","2026-09-19 20:14:26.548673+00","2026-09-19 20:14:28.200581+00"
"60d4ce68-bcdc-5c3c-8961-2e7f9ceb7508","t-001","f-001","b-001","wv-001","20260919_201441","farmiq-media","tenants/t-001/farms/f-001/barns/b-001/devices/wv-001/images/2026/09/19/2985efee-0b6d-4444-8428-d3fce7bb83dc.jpg","1416cab3a3a7aad5da0ad39e3c8470f4","image/jpeg","2249442","2026-09-19 20:14:41.528263+00","2026-09-19 20:14:43.836386+00"
"8923f854-25de-5f8b-9e81-525e285fe193","t-001","f-001","b-001","wv-001","20260919_201441","farmiq-media","tenants/t-001/farms/f-001/barns/b-001/devices/wv-001/images/2026/09/19/dfdb44d4-ec3d-40a5-850a-4d236505ffa4.jpg","5ca2ee039703b3cb666ae8aab4cc2bdc","image/jpeg","2271769","2026-09-19 20:14:41.528263+00","2026-09-19 20:14:44.193881+00"
"9866f43d-fdab-55a1-a140-2cd299344cb2","t-001","f-001","b-001","wv-001","20260919_201613","farmiq-media","tenants/t-001/farms/f-001/barns/b-001/devices/wv-001/images/2026/09/19/38894ffe-df94-4b10-a790-b1b789b5fcf8.jpg","73009ee96d89cad93596ff7a02e188c3","image/jpeg","2157017","2026-09-19 20:16:13.207946+00","2026-09-19 20:16:14.492349+00"
"0ad0f0aa-dcea-5d89-a159-c15884ec67f4","t-001","f-001","b-001","wv-001","20260919_201613","farmiq-media","tenants/t-001/farms/f-001/barns/b-001/devices/wv-001/images/2026/09/19/5ab79ba0-0e9f-46a8-9854-65701de0bd9d.jpg","91603c7297d96077747063cb2ebfa0ee","image/jpeg","2178621","2026-09-19 20:16:13.207946+00","2026-09-19 20:16:14.8742+00"
"7a3d40c3-be80-55d6-9980-8f9b8e871da0","t-001","f-001","b-001","wv-001","20260919_201621","farmiq-media","tenants/t-001/farms/f-001/barns/b-001/devices/wv-001/images/2026/09/19/7694c194-14d3-4326-92e3-4fb1c250a02e.jpg","ccad26185fd756501b7e2ee4c82e7eba","image/jpeg","2134014","2026-09-19 20:16:21.622488+00","2026-09-19 20:16:22.420948+00"
"f47fdacc-d308-52d0-af6a-5767c58bb019","t-001","f-001","b-001","wv-001","20260919_201621","farmiq-media","tenants/t-001/farms/f-001/barns/b-001/devices/wv-001/images/2026/09/19/08480269-3921-45ab-9932-b7646ddc974b.jpg","457f84e4f02689b5376a2a2c06e57755","image/jpeg","2155259","2026-09-19 20:16:21.622488+00","2026-09-19 20:16:22.820947+00"
"ab4667f0-a8c8-5399-87ab-bb0d7f38331a","t-001","f-001","b-001","wv-001","20260919_201649","farmiq-media","tenants/t-001/farms/f-001/barns/b-001/devices/wv-001/images/2026/09/19/364b968d-445a-4004-8867-38c4ae10b17e.jpg","8959473d5aff28d4fe86d5d30c482b3e","image/jpeg","2182258","2026-09-19 20:16:49.974675+00","2026-09-19 20:16:50.586611+00"
"492b8af2-e7f8-5b00-9cae-1b58118ae0ce","t-001","f-001","b-001","wv-001","20260919_201649","farmiq-media","tenants/t-001/farms/f-001/barns/b-001/devices/wv-001/images/2026/09/19/fc776ca5-5f91-4ade-9515-cc19a189f6b3.jpg","82bff8a231758e6e4c9845899f8b947d","image/jpeg","2198403","2026-09-19 20:16:49.974675+00","2026-09-19 20:16:51.011272+00"
"6af9b920-f8f4-5553-92a7-849ee4225982","t-001","f-001","b-001","wv-001","20260919_201657","farmiq-media","tenants/t-001/farms/f-001/barns/b-001/devices/wv-001/images/2026/09/19/26336673-37b4-4058-b080-5c22686c4c2b.jpg","97470bf418c6f6cbb13a37ecea14735c","image/jpeg","2102321","2026-09-19 20:16:57.127756+00","2026-09-19 20:16:58.603934+00"
"0e7d63dc-c293-56fa-8df9-4b55df13f325","t-001","f-001","b-001","wv-001","20260919_201657","farmiq-media","tenants/t-001/farms/f-001/barns/b-001/devices/wv-001/images/2026/09/19/9760dc42-7750-44ac-af4f-613f50a8c988.jpg","86bfe3a16dc7382b1ba1a5e333d5fac5","image/jpeg","2131748","2026-09-19 20:16:57.127756+00","2026-09-19 20:16:58.959264+00"
"cd362afe-9ac5-54d3-8bca-48c35f0346e6","t-001","f-001","b-001","wv-001","20260919_201740","farmiq-media","tenants/t-001/farms/f-001/barns/b-001/devices/wv-001/images/2026/09/19/e9a175c9-fa0b-400d-a83c-05cabae99832.jpg","3923ea86a697a8dd846d456aa34363ba","image/jpeg","2356788","2026-09-19 20:17:40.832462+00","2026-09-19 20:17:42.823376+00"
"77241fc9-af8e-52ec-8106-e95f85669ae9","t-001","f-001","b-001","wv-001","20260919_201740","farmiq-media","tenants/t-001/farms/f-001/barns/b-001/devices/wv-001/images/2026/09/19/34de54a1-81d5-4d9e-8f38-e8807ee2523c.jpg","41cffb6651ce049fc98ed1b889a2340a","image/jpeg","2385974","2026-09-19 20:17:40.832462+00","2026-09-19 20:17:43.2537+00"
"2918810d-8814-5070-be3c-9b59fe859f97","t-001","f-001","b-001","wv-001","20260919_201821","farmiq-media","tenants/t-001/farms/f-001/barns/b-001/devices/wv-001/images/2026/09/19/01b61e8c-3705-449f-8df0-46a025e3ff20.jpg","49a1c784a395cdd519a29f88522121f2","image/jpeg","2283104","2026-09-19 20:18:21.397963+00","2026-09-19 20:18:23.049819+00"
"3b565e0c-2244-51b6-9106-5e9ebb4f7f0b","t-001","f-001","b-001","wv-001","20260919_201821","farmiq-media","tenants/t-001/farms/f-001/barns/b-001/devices/wv-001/images/2026/09/19/4909df79-f2c7-49f9-adb9-4bd96085b1a8.jpg","b65eedbbe53347f5458e75a86672ae43","image/jpeg","2320745","2026-09-19 20:18:21.397963+00","2026-09-19 20:18:23.4661+00"
"1e106086-9fa0-53db-b985-46b569a0bd7c","t-001","f-001","b-001","wv-001","20260919_201827","farmiq-media","tenants/t-001/farms/f-001/barns/b-001/devices/wv-001/images/2026/09/19/42c4fa99-b89c-4fbf-827c-3506c681960f.jpg","a58e7bdaf7bdc35820dd19349cf91bec","image/jpeg","2092817","2026-09-19 20:18:27.712264+00","2026-09-19 20:18:28.994388+00"
"5386f1d6-595b-5b14-8329-9e7e6c49335d","t-001","f-001","b-001","wv-001","20260919_201827","farmiq-media","tenants/t-001/farms/f-001/barns/b-001/devices/wv-001/images/2026/09/19/c7760a9b-0dde-4855-b91a-118eef106ea2.jpg","ab64e7cbe9bc2d0718a1c69d3044f874","image/jpeg","2139745","2026-09-19 20:18:27.712264+00","2026-09-19 20:18:29.338905+00"
"3e6a04a1-c1af-59f0-88ac-078f6dbdc249","t-001","f-001","b-001","wv-001","20260919_201853","farmiq-media","tenants/t-001/farms/f-001/barns/b-001/devices/wv-001/images/2026/09/19/df606933-d798-43f0-8c9d-0e9ab883af72.jpg","84ef063b9a2e2b8895d1548165c5054e","image/jpeg","2284362","2026-09-19 20:18:53.313195+00","2026-09-19 20:18:56.816809+00"
"10babded-a7e4-5ee8-924c-ff1606d3a4c0","t-001","f-001","b-001","wv-001","20260919_201853","farmiq-media","tenants/t-001/farms/f-001/barns/b-001/devices/wv-001/images/2026/09/19/d442baac-df59-44f2-8f29-bfd10bad5722.jpg","75e2c61fc3bcbc7fab109a62f3ba5708","image/jpeg","2327398","2026-09-19 20:18:53.313195+00","2026-09-19 20:19:12.623269+00"
"cd383eea-a307-531a-b851-13340a4f5624","t-001","f-001","b-001","wv-001","20260919_201857","farmiq-media","tenants/t-001/farms/f-001/barns/b-001/devices/wv-001/images/2026/09/19/39d67434-3a42-4a20-98a8-75559a2b2d5b.jpg","c79d43c77d7cd90fb2f9c5ef4d21442b","image/jpeg","2184433","2026-09-19 20:18:57.387558+00","2026-09-19 20:19:19.335675+00"
"e9293738-72d7-5bf6-9718-6a846a7b0506","t-001","f-001","b-001","wv-001","20260919_201857","farmiq-media","tenants/t-001/farms/f-001/barns/b-001/devices/wv-001/images/2026/09/19/b991cb0d-8d59-4801-897d-22e76528210a.jpg","4160374a239295b230c12cad410a8b5f","image/jpeg","2226860","2026-09-19 20:18:57.387558+00","2026-09-19 20:19:20.395045+00"
"d11defda-e52f-57c8-b4bf-8fb00d9207b3","t-001","f-001","b-001","wv-001","20260919_201911","farmiq-media","tenants/t-001/farms/f-001/barns/b-001/devices/wv-001/images/2026/09/19/96e8922e-775d-48ec-9735-3e6fc851bfec.jpg","c5213c326d2df727d3bd60bc03c598f9","image/jpeg","2482319","2026-09-19 20:19:11.466958+00","2026-09-19 20:19:24.323003+00"
"50fd9738-bc0a-5ca1-9b14-6bb69fe3f885","t-001","f-001","b-001","wv-001","20260919_201911","farmiq-media","tenants/t-001/farms/f-001/barns/b-001/devices/wv-001/images/2026/09/19/c94de3ab-476b-470d-93ff-25f230ba24da.jpg","439f7c70645e85f63da3233df6800dd4","image/jpeg","2509087","2026-09-19 20:19:11.466958+00","2026-09-19 20:19:24.75329+00"
"52676257-5e9b-59c8-8bb1-d13ae123db4d","t-001","f-001","b-001","wv-001","20260919_201955","farmiq-media","tenants/t-001/farms/f-001/barns/b-001/devices/wv-001/images/2026/09/19/a4504cce-2729-46d0-94af-27fd0980c031.jpg","a651532646454c32c26e0094776241c9","image/jpeg","2153449","2026-09-19 20:19:55.167586+00","2026-09-19 20:19:56.527658+00"
"5e7aa95b-1db6-506d-9db6-b85a6048e97e","t-001","f-001","b-001","wv-001","20260919_201955","farmiq-media","tenants/t-001/farms/f-001/barns/b-001/devices/wv-001/images/2026/09/19/05c85c13-1816-40d9-a789-086c5b1ea280.jpg","8d86e51dc038efedb4a627e06948939c","image/jpeg","2185873","2026-09-19 20:19:55.167586+00","2026-09-19 20:19:56.868357+00"
"55c91b5d-9709-54fe-864f-88c951dfbae2","t-001","f-001","b-001","wv-001","20260919_202037","farmiq-media","tenants/t-001/farms/f-001/barns/b-001/devices/wv-001/images/2026/09/19/167a0419-7578-4ccb-9cf9-18ece5fa22ef.jpg","1c78efaf402c1140c5cec9b731c82889","image/jpeg","2208175","2026-09-19 20:20:37.885545+00","2026-09-19 20:20:38.707471+00"
"58915d1c-f300-53f9-8161-c310993d1297","t-001","f-001","b-001","wv-001","20260919_202037","farmiq-media","tenants/t-001/farms/f-001/barns/b-001/devices/wv-001/images/2026/09/19/a61628ba-2779-46e4-8ed0-7bb8438b53f6.jpg","7ac73b80ecbfc78fe5dbcbe831a2a7f2","image/jpeg","2229024","2026-09-19 20:20:37.885545+00","2026-09-19 20:20:39.052008+00"
"55fa820a-91e3-57bb-8494-3c00bbbb0446","t-001","f-001","b-001","wv-001","20260919_202041","farmiq-media","tenants/t-001/farms/f-001/barns/b-001/devices/wv-001/images/2026/09/19/b43a177c-5bd1-48f7-bd25-42bde2125d42.jpg","f656833995291b784651b2fdc8cbc104","image/jpeg","2041628","2026-09-19 20:20:41.953274+00","2026-09-19 20:20:44.518884+00"
"884d8795-895d-5654-be1e-65061da704bb","t-001","f-001","b-001","wv-001","20260919_202041","farmiq-media","tenants/t-001/farms/f-001/barns/b-001/devices/wv-001/images/2026/09/19/eb883e51-0f24-4413-85d2-ebd5c2517133.jpg","961bad94d8a50609526830120d2f4bb1","image/jpeg","2063909","2026-09-19 20:20:41.953274+00","2026-09-19 20:20:44.863+00"
"5b500993-eec9-50c5-ad99-2cc8162c9864","t-001","f-001","b-001","wv-001","20260919_202112","farmiq-media","tenants/t-001/farms/f-001/barns/b-001/devices/wv-001/images/2026/09/19/47171669-a1fe-4bac-a68a-82ee1feae480.jpg","1b05fce7d7b4cca157eb355050d2a7b9","image/jpeg","2352251","2026-09-19 20:21:12.392942+00","2026-09-19 20:21:14.587783+00"
"8feb5a89-1e1d-573f-8e15-2f96984d614e","t-001","f-001","b-001","wv-001","20260919_202112","farmiq-media","tenants/t-001/farms/f-001/barns/b-001/devices/wv-001/images/2026/09/19/74af6ec2-47c3-42f7-8d02-2b4366fffba3.jpg","ff7133d66bb7dbd6af50bd9fdffde30e","image/jpeg","2375036","2026-09-19 20:21:12.392942+00","2026-09-19 20:21:14.941598+00"
"d1880e56-df1f-5074-8c3a-3e32d26fabc8","t-001","f-001","b-001","wv-001","20260919_202116","farmiq-media","tenants/t-001/farms/f-001/barns/b-001/devices/wv-001/images/2026/09/19/ec0e1c69-35f3-4df1-a1cb-1c57bbbfd76f.jpg","f60069db0ba645d6a2bfc14bfb2dfa07","image/jpeg","1937944","2026-09-19 20:21:16.429049+00","2026-09-19 20:21:20.455446+00"
"5cc7d7bc-997c-540b-b7aa-6fc8e0c5606d","t-001","f-001","b-001","wv-001","20260919_202116","farmiq-media","tenants/t-001/farms/f-001/barns/b-001/devices/wv-001/images/2026/09/19/be9edc3a-0c67-4831-8f48-bb80364f56dc.jpg","28ad9359e973f5e02f3bc1ccde823218","image/jpeg","1966965","2026-09-19 20:21:16.429049+00","2026-09-19 20:21:20.777326+00"
"07e4edb3-945f-5b8d-ae50-bb6e39d191e1","t-001","f-001","b-001","wv-001","20260919_202122","farmiq-media","tenants/t-001/farms/f-001/barns/b-001/devices/wv-001/images/2026/09/19/8e876968-29ce-4a54-a30f-c54b1b3b58ed.jpg","cf2821fd6bdde6d23b5acc9b180d6f27","image/jpeg","1940279","2026-09-19 20:21:22.203554+00","2026-09-19 20:21:26.296101+00"
"4fb22122-5601-5af5-8dfb-84d4fa8f3305","t-001","f-001","b-001","wv-001","20260919_202122","farmiq-media","tenants/t-001/farms/f-001/barns/b-001/devices/wv-001/images/2026/09/19/edd55dc3-9abc-44b0-8b26-a7082b50a1f7.jpg","1c4b437bd415bb157877976de01702f8","image/jpeg","1977837","2026-09-19 20:21:22.203554+00","2026-09-19 20:21:26.633682+00"
"ae69f1b2-5422-574d-bd74-69dacc5c8989","t-001","f-001","b-001","wv-001","20260919_202126","farmiq-media","tenants/t-001/farms/f-001/barns/b-001/devices/wv-001/images/2026/09/19/097fb80f-a1c5-4af9-b485-8145a822eb63.jpg","6ffef69dace0c577e4f986cdb5b4d8db","image/jpeg","1934383","2026-09-19 20:21:26.668477+00","2026-09-19 20:21:32.112288+00"
"2f7796d2-3ca3-5f45-bc06-8163a1acb456","t-001","f-001","b-001","wv-001","20260919_202126","farmiq-media","tenants/t-001/farms/f-001/barns/b-001/devices/wv-001/images/2026/09/19/52cad103-5b75-45b4-a9e9-37c7c10af839.jpg","f5bfa2541355738fe4ab5b9695597bd2","image/jpeg","1965453","2026-09-19 20:21:26.668477+00","2026-09-19 20:21:32.44016+00"
"479fa5ff-65b6-57d2-b853-904154a622d3","t-001","f-001","b-001","wv-001","20260919_202442","farmiq-media","tenants/t-001/farms/f-001/barns/b-001/devices/wv-001/images/2026/09/19/7bc0651d-17c8-4342-9e94-9b6971a07222.jpg","56700d0695647038ff22fdb8c5a696b6","image/jpeg","2370813","2026-09-19 20:24:42.237119+00","2026-09-19 20:24:44.133614+00"
"02d01137-5f3a-5788-a3c2-30f0fe51b446","t-001","f-001","b-001","wv-001","20260919_202442","farmiq-media","tenants/t-001/farms/f-001/barns/b-001/devices/wv-001/images/2026/09/19/a91246b1-83ff-444a-85f1-a1b4df2a372c.jpg","4c5aa89b1bba5d4043246cd6b079f2a0","image/jpeg","2390075","2026-09-19 20:24:42.237119+00","2026-09-19 20:24:49.960769+00"
"4b3fb907-d4ef-5368-8c4d-ec1de7b38a2c","t-001","f-001","b-001","wv-001","20260919_202448","farmiq-media","tenants/t-001/farms/f-001/barns/b-001/devices/wv-001/images/2026/09/19/db4dafde-08e1-46db-9660-78fada9d35ee.jpg","5cc094d4bf3f563908a61a0f58a4b633","image/jpeg","2381377","2026-09-19 20:24:48.727284+00","2026-09-19 20:24:55.55633+00"
"a9063de3-7bbc-52dc-98bc-a48b44181d91","t-001","f-001","b-001","wv-001","20260919_202448","farmiq-media","tenants/t-001/farms/f-001/barns/b-001/devices/wv-001/images/2026/09/19/41875b55-861a-48f6-a330-b5870538d6e6.jpg","05408215a6dc13aedc4af8a60f2765a2","image/jpeg","2406600","2026-09-19 20:24:48.727284+00","2026-09-19 20:24:55.892734+00"
"e2a7d73b-7287-561e-b650-ca1b8b6f08eb","t-001","f-001","b-001","wv-001","20260919_202517","farmiq-media","tenants/t-001/farms/f-001/barns/b-001/devices/wv-001/images/2026/09/19/55b77705-2d95-4022-a5e6-b5f858150915.jpg","51435253a0e26a99a52fac421c9055e9","image/jpeg","2238566","2026-09-19 20:25:17.157493+00","2026-09-19 20:25:19.590253+00"
"2a93d497-00f5-59e9-baff-dcb6b6cdda90","t-001","f-001","b-001","wv-001","20260919_202517","farmiq-media","tenants/t-001/farms/f-001/barns/b-001/devices/wv-001/images/2026/09/19/622a8a77-3154-437f-a71f-1d33c4e34708.jpg","9012d631eed4eb14f89ac14584d2e558","image/jpeg","2252752","2026-09-19 20:25:17.157493+00","2026-09-19 20:25:19.925682+00"
"ef323af8-78cc-5514-8b90-8ef39b74ac9f","t-001","f-001","b-001","wv-001","20260919_202600","farmiq-media","tenants/t-001/farms/f-001/barns/b-001/devices/wv-001/images/2026/09/19/adfa08e1-0c90-4ce2-b455-311b73fa2f18.jpg","1d7f6ad8f2446ebed0f3b0e3ed24bcdf","image/jpeg","2157215","2026-09-19 20:26:00.685502+00","2026-09-19 20:26:01.747864+00"
"8d926778-eccc-5ceb-acfd-1c9ce651db7b","t-001","f-001","b-001","wv-001","20260919_202600","farmiq-media","tenants/t-001/farms/f-001/barns/b-001/devices/wv-001/images/2026/09/19/00407b74-7c1a-40b8-9579-9d0b3efed32c.jpg","9475437e0160a132330c4b7a00df27be","image/jpeg","2191365","2026-09-19 20:26:00.685502+00","2026-09-19 20:26:02.087751+00"
"08d4c66d-9739-524b-be35-17b811bc441e","t-001","f-001","b-001","wv-001","20260919_202607","farmiq-media","tenants/t-001/farms/f-001/barns/b-001/devices/wv-001/images/2026/09/19/f1ff1b3c-209a-4f89-9608-4c007d3a1089.jpg","d04cf29db4b6baf5ff278c1ce22a4597","image/jpeg","1931224","2026-09-19 20:26:07.842939+00","2026-09-19 20:26:09.622845+00"
"2f624bee-ad79-598b-8acd-c7c53d3ae7a7","t-001","f-001","b-001","wv-001","20260919_202607","farmiq-media","tenants/t-001/farms/f-001/barns/b-001/devices/wv-001/images/2026/09/19/5c83a47f-df0c-44ef-b58c-61bcf6546cd3.jpg","119e5053af1307a4bd24d35937ec9386","image/jpeg","1971715","2026-09-19 20:26:07.842939+00","2026-09-19 20:26:09.943205+00"
"915a2613-050f-52f4-b3b3-ce100c7c2c05","t-001","f-001","b-001","wv-001","20260919_202618","farmiq-media","tenants/t-001/farms/f-001/barns/b-001/devices/wv-001/images/2026/09/19/878f3aca-883e-4140-ae42-15d67103b233.jpg","87cc28e2f1752d6ab8cf04c6a22e186b","image/jpeg","2257463","2026-09-19 20:26:18.377337+00","2026-09-19 20:26:19.470542+00"
"0e21828d-8c20-5fd1-91cc-db8f480ea4ba","t-001","f-001","b-001","wv-001","20260919_202618","farmiq-media","tenants/t-001/farms/f-001/barns/b-001/devices/wv-001/images/2026/09/19/1db99c92-095e-4cad-974c-b65d0a28e2af.jpg","8f4cb809b99e133e6abcb7a947e5eee2","image/jpeg","2290426","2026-09-19 20:26:18.377337+00","2026-09-19 20:26:19.844478+00"
"51698e21-f2c0-5eb9-8ba1-b458a8cfd815","t-001","f-001","b-001","wv-001","20260919_202622","farmiq-media","tenants/t-001/farms/f-001/barns/b-001/devices/wv-001/images/2026/09/19/27f9494b-b18e-49b4-8aee-1504afe8615a.jpg","87e705a72c6ca9ece03a334d15bc727f","image/jpeg","2044572","2026-09-19 20:26:22.739975+00","2026-09-19 20:26:25.334895+00"
"1b54d7a9-3418-51df-8dd3-711b7a99fe9e","t-001","f-001","b-001","wv-001","20260919_202622","farmiq-media","tenants/t-001/farms/f-001/barns/b-001/devices/wv-001/images/2026/09/19/f35b16d7-394f-4528-91e2-38e91a7e66c2.jpg","27784ccc62da64ec74e738627fe8012b","image/jpeg","2080866","2026-09-19 20:26:22.739975+00","2026-09-19 20:26:25.66131+00"
"07931306-cf08-5b7c-99c8-cdcb2c9c9d70","t-001","f-001","b-001","wv-001","20260919_202731","farmiq-media","tenants/t-001/farms/f-001/barns/b-001/devices/wv-001/images/2026/09/19/e1ea5e5a-6e01-4f2f-9184-c705f2734ede.jpg","1179e0853e8715e633567cbe2b662b05","image/jpeg","2350527","2026-09-19 20:27:31.058747+00","2026-09-19 20:27:31.808024+00"
"6fc7ecfb-ae58-5485-bb54-026f38b7f84d","t-001","f-001","b-001","wv-001","20260919_202731","farmiq-media","tenants/t-001/farms/f-001/barns/b-001/devices/wv-001/images/2026/09/19/a4fd555d-174f-4362-a6ca-ced8968ab6ae.jpg","a4d01b04e716413cb5c20efd83066bef","image/jpeg","2386790","2026-09-19 20:27:31.058747+00","2026-09-19 20:27:32.179511+00"
"0149d657-b601-54d5-9727-2dd15541c25d","t-001","f-001","b-001","wv-001","20260919_202734","farmiq-media","tenants/t-001/farms/f-001/barns/b-001/devices/wv-001/images/2026/09/19/0e143057-5cbb-42d2-a953-511ce504dc21.jpg","4df49314ca3411a1d057aa91aa99dee1","image/jpeg","2129308","2026-09-19 20:27:34.988802+00","2026-09-19 20:27:37.726672+00"
"177dff7f-eb37-59de-86bd-227ca3a31ab0","t-001","f-001","b-001","wv-001","20260919_202734","farmiq-media","tenants/t-001/farms/f-001/barns/b-001/devices/wv-001/images/2026/09/19/08f8825b-d054-4cd0-a998-04a4507458f9.jpg","fc32dc125035b876c90075cf602f56eb","image/jpeg","2159274","2026-09-19 20:27:34.988802+00","2026-09-19 20:27:38.064674+00"
"f1dd6d97-e12c-539b-aba0-7df3601ca18c","t-001","f-001","b-001","wv-001","20260919_202922","farmiq-media","tenants/t-001/farms/f-001/barns/b-001/devices/wv-001/images/2026/09/19/bb8d25c8-b642-4b9e-a874-59938a115cfa.jpg","cd81fdfae0fd664e52657fd742b52607","image/jpeg","2091839","2026-09-19 20:29:22.283914+00","2026-09-19 20:29:24.431718+00"
"9b660724-0047-5653-aeb2-5f3a95d36368","t-001","f-001","b-001","wv-001","20260919_202922","farmiq-media","tenants/t-001/farms/f-001/barns/b-001/devices/wv-001/images/2026/09/19/1cb5415c-b6b5-4e96-bbd4-d9f61be1a890.jpg","5214a371e317114cdf9eee609c15bc6f","image/jpeg","2139145","2026-09-19 20:29:22.283914+00","2026-09-19 20:29:24.851832+00"
"ad61014d-0e1d-5776-9f1b-87eafa4557f9","t-001","f-001","b-001","wv-001","20260919_202926","farmiq-media","tenants/t-001/farms/f-001/barns/b-001/devices/wv-001/images/2026/09/19/ecc12a7f-38c9-4db2-8267-39899269842a.jpg","c4d71f266f864aebef9f45bfdcc3d114","image/jpeg","1995913","2026-09-19 20:29:26.496958+00","2026-09-19 20:29:30.352323+00"
"81d6a0e9-91b8-5af0-a26f-dada331cd931","t-001","f-001","b-001","wv-001","20260919_202926","farmiq-media","tenants/t-001/farms/f-001/barns/b-001/devices/wv-001/images/2026/09/19/b0cfb744-d61d-4d32-ac57-9ef461196fec.jpg","d41ed31fe109e12c449fdc3c55099fbb","image/jpeg","2047130","2026-09-19 20:29:26.496958+00","2026-09-19 20:29:30.682416+00"
"6230dbeb-de4e-5bad-af8d-3dbe2b66cac0","t-001","f-001","b-001","wv-001","20260919_202932","farmiq-media","tenants/t-001/farms/f-001/barns/b-001/devices/wv-001/images/2026/09/19/79489ea9-5dcf-41e9-9cf8-f1b8df0185da.jpg","cbd15d7ee7d5fa6cef1c3044efee7fb4","image/jpeg","1954235","2026-09-19 20:29:32.020339+00","2026-09-19 20:29:36.189353+00"
"01b4d3fa-de75-587d-8fbe-bd061179fce3","t-001","f-001","b-001","wv-001","20260919_202932","farmiq-media","tenants/t-001/farms/f-001/barns/b-001/devices/wv-001/images/2026/09/19/ca18c0a5-b9b8-4b56-99ab-68f19afd6e31.jpg","01a15609291437e8e47462fa50087566","image/jpeg","2004830","2026-09-19 20:29:32.020339+00","2026-09-19 20:29:36.540124+00"
"cd133b64-7d7a-5f5c-9740-ead1d6f5e108","t-001","f-001","b-001","wv-001","20260919_203004","farmiq-media","tenants/t-001/farms/f-001/barns/b-001/devices/wv-001/images/2026/09/19/dad80bc2-80c4-47c0-91c0-26266b995860.jpg","f962fb1a5f62f86b57318c315e8643b3","image/jpeg","2098298","2026-09-19 20:30:04.394462+00","2026-09-19 20:30:07.334401+00"
"2dc5c7cd-82f0-557c-9348-3a01b845ac57","t-001","f-001","b-001","wv-001","20260919_203004","farmiq-media","tenants/t-001/farms/f-001/barns/b-001/devices/wv-001/images/2026/09/19/e6c750e8-ef55-4a90-b0a8-408db6385b89.jpg","f3a3dbe43ce9ab0a8c836e9227038d3c","image/jpeg","2142966","2026-09-19 20:30:04.394462+00","2026-09-19 20:30:08.000189+00"
"ab0011ac-5be5-5e47-99a1-bd8849cf541f","t-001","f-001","b-001","wv-001","20260919_203013","farmiq-media","tenants/t-001/farms/f-001/barns/b-001/devices/wv-001/images/2026/09/19/171985aa-345e-411e-9337-8a973c784c3c.jpg","59efe003a3b00f02669c1735c303552a","image/jpeg","2389266","2026-09-19 20:30:13.625283+00","2026-09-19 20:30:16.361565+00"
"0105352f-a094-5bf7-96fe-0a9d49954169","t-001","f-001","b-001","wv-001","20260919_203013","farmiq-media","tenants/t-001/farms/f-001/barns/b-001/devices/wv-001/images/2026/09/19/80f0f73d-5fe4-4b52-b036-180703baba7a.jpg","85eb48e048e77402de2ac43f15ace40e","image/jpeg","2414205","2026-09-19 20:30:13.625283+00","2026-09-19 20:30:18.436719+00"
"a496e704-9868-5d4d-b999-53929da3d292","t-001","f-001","b-001","wv-001","20260919_203031","farmiq-media","tenants/t-001/farms/f-001/barns/b-001/devices/wv-001/images/2026/09/19/e285d017-1b2c-4cd5-aa2c-edcbbbb7da5a.jpg","26c7c42d6c592c60b4cdb746e444d2f3","image/jpeg","2279126","2026-09-19 20:30:31.042672+00","2026-09-19 20:30:32.088858+00"
"b957fce2-3a19-59e4-8f8c-a860e6e03c0f","t-001","f-001","b-001","wv-001","20260919_203031","farmiq-media","tenants/t-001/farms/f-001/barns/b-001/devices/wv-001/images/2026/09/19/983bc0f5-86d8-4c1d-9285-864a7ed16ecc.jpg","c71092ee0aa549bfa3c1053751d686ac","image/jpeg","2309586","2026-09-19 20:30:31.042672+00","2026-09-19 20:30:32.441793+00"
"b1a99dd9-e230-55d8-85b0-7379da6c3f09","t-001","f-001","b-001","wv-001","20260919_203034","farmiq-media","tenants/t-001/farms/f-001/barns/b-001/devices/wv-001/images/2026/09/19/e1e6a1d3-a7a9-439e-98d6-bbb79d2ee33b.jpg","22e9a03007584a9f616208464dd372ac","image/jpeg","2109395","2026-09-19 20:30:34.976351+00","2026-09-19 20:30:37.950441+00"
"68309d32-18ae-5ef1-b9a6-5098c02f1ad3","t-001","f-001","b-001","wv-001","20260919_203034","farmiq-media","tenants/t-001/farms/f-001/barns/b-001/devices/wv-001/images/2026/09/19/4b5633a1-fc08-4754-a212-32288e7a74cb.jpg","741ef21ce12bfc72a8538fd5d674263e","image/jpeg","2141275","2026-09-19 20:30:34.976351+00","2026-09-19 20:30:38.312824+00"
"9de6b2a1-ad78-5aa2-a7e1-cff303751ee2","t-001","f-001","b-001","wv-001","20260919_203039","farmiq-media","tenants/t-001/farms/f-001/barns/b-001/devices/wv-001/images/2026/09/19/a225ca9c-6338-4e35-8eae-9f8e41b75952.jpg","a6717955817c204cbcc758006feb348e","image/jpeg","2060463","2026-09-19 20:30:39.214122+00","2026-09-19 20:30:43.878387+00"
"69ec55dd-b2d1-5617-a12a-9f6fbcdcc1da","t-001","f-001","b-001","wv-001","20260919_203039","farmiq-media","tenants/t-001/farms/f-001/barns/b-001/devices/wv-001/images/2026/09/19/32fc87cf-2a78-472b-a403-ef8ca73b1e88.jpg","0fb880cb7c0bfb7c63b9876cba57088c","image/jpeg","2102915","2026-09-19 20:30:39.214122+00","2026-09-19 20:30:44.231365+00"
"56d5447e-2629-5475-8c74-822d5b5f3e1b","t-001","f-001","b-001","wv-001","20260919_203131","farmiq-media","tenants/t-001/farms/f-001/barns/b-001/devices/wv-001/images/2026/09/19/20fcb895-5af2-48d7-892b-aaab8f735681.jpg","b11d548f369a742b3674a23c34ffbc20","image/jpeg","2293098","2026-09-19 20:31:31.055724+00","2026-09-19 20:31:32.151094+00"
"d2e4a459-940d-50ae-9515-1ee4e701f4fe","t-001","f-001","b-001","wv-001","20260919_203131","farmiq-media","tenants/t-001/farms/f-001/barns/b-001/devices/wv-001/images/2026/09/19/8403face-b8d0-440f-8ff2-37f275fcc270.jpg","839a7cddfa8ec67b670b11cd6b32431c","image/jpeg","2316959","2026-09-19 20:31:31.055724+00","2026-09-19 20:31:32.528318+00"
"5d4d4ba4-6d62-54a0-9316-a33ce1761350","t-001","f-001","b-001","wv-001","20260919_203207","farmiq-media","tenants/t-001/farms/f-001/barns/b-001/devices/wv-001/images/2026/09/19/757c2af0-edf5-41f0-9f0b-e640d4c6570f.jpg","e890f424cf55de0a5da0c7d3be322047","image/jpeg","2221109","2026-09-19 20:32:07.317997+00","2026-09-19 20:32:08.38967+00"
"565b92c8-74b2-567d-9438-a22f498786b8","t-001","f-001","b-001","wv-001","20260919_203207","farmiq-media","tenants/t-001/farms/f-001/barns/b-001/devices/wv-001/images/2026/09/19/e08c6d36-53fa-4a7c-b3ac-8622f282009e.jpg","a47737fc00abddfdedf2e0a0353fe11c","image/jpeg","2253174","2026-09-19 20:32:07.317997+00","2026-09-19 20:32:08.753544+00"
"0a43b9c8-9c79-5236-a596-efa69100929a","t-001","f-001","b-001","wv-001","20260919_203240","farmiq-media","tenants/t-001/farms/f-001/barns/b-001/devices/wv-001/images/2026/09/19/bd461694-a178-412a-b21e-6773f8e66e09.jpg","4d18903540a786d50a89e93f56cdab54","image/jpeg","2266777","2026-09-19 20:32:40.742475+00","2026-09-19 20:32:42.604122+00"
"c4408e8d-1a7f-542d-b9db-7cc0f0eb2d30","t-001","f-001","b-001","wv-001","20260919_203240","farmiq-media","tenants/t-001/farms/f-001/barns/b-001/devices/wv-001/images/2026/09/19/c8c04083-8187-479c-a54a-7b4fb0951543.jpg","0acc4e608b18d5e3ecfded3313fb30a8","image/jpeg","2298197","2026-09-19 20:32:40.742475+00","2026-09-19 20:32:42.978094+00"
"d27d531d-5784-5f60-976c-4b0ba60dcfbd","t-001","f-001","b-001","wv-001","20260919_203257","farmiq-media","tenants/t-001/farms/f-001/barns/b-001/devices/wv-001/images/2026/09/19/85077a77-c12c-4412-ad8b-092d13766a44.jpg","5e95f9e0c6c04348834dde7ed0899c5d","image/jpeg","2256545","2026-09-19 20:32:57.590852+00","2026-09-19 20:32:58.679281+00"
"220da0f6-88fd-588b-81cc-ab98d23c484e","t-001","f-001","b-001","wv-001","20260919_203257","farmiq-media","tenants/t-001/farms/f-001/barns/b-001/devices/wv-001/images/2026/09/19/2313e98a-5697-4508-b905-4ebc6fed8a05.jpg","163f02047fad94a565971ba4c42b84e6","image/jpeg","2289619","2026-09-19 20:32:57.590852+00","2026-09-19 20:32:59.059696+00"
"30187c41-9bf4-5f88-a6ba-e2ce74fd183e","t-001","f-001","b-001","wv-001","20260919_203301","farmiq-media","tenants/t-001/farms/f-001/barns/b-001/devices/wv-001/images/2026/09/19/fac07a59-f36b-4bde-8904-c54707850da8.jpg","fe0846157df1f94bca0af6bdb73aab1d","image/jpeg","2050717","2026-09-19 20:33:01.501113+00","2026-09-19 20:33:04.562059+00"
"ff170068-c7df-53e9-99dc-87d0f7979219","t-001","f-001","b-001","wv-001","20260919_203301","farmiq-media","tenants/t-001/farms/f-001/barns/b-001/devices/wv-001/images/2026/09/19/bd6a0a53-d208-4d8f-a674-0a276f431c8d.jpg","3766cbf7867887ea47646e914d12fcc7","image/jpeg","2083116","2026-09-19 20:33:01.501113+00","2026-09-19 20:33:04.875415+00"
"3c8625e0-8efc-5223-b9a8-261f9e3fe55c","t-001","f-001","b-001","wv-001","20260919_203315","farmiq-media","tenants/t-001/farms/f-001/barns/b-001/devices/wv-001/images/2026/09/19/fcb8e84a-c24c-4a48-80a4-cc9d2f5a4a5c.jpg","6bb4c145d6f8df02a75a2d993717b780","image/jpeg","2198917","2026-09-19 20:33:15.682532+00","2026-09-19 20:33:16.487092+00"
"b839a50a-de08-56ec-8db7-e82a05b72e67","t-001","f-001","b-001","wv-001","20260919_203315","farmiq-media","tenants/t-001/farms/f-001/barns/b-001/devices/wv-001/images/2026/09/19/d594a8c6-4e01-44ac-a28b-78b6171b43a0.jpg","2db6698836417320357b0e5c160ed7cd","image/jpeg","2223424","2026-09-19 20:33:15.682532+00","2026-09-19 20:33:16.852172+00"
"c4ac94a6-9bab-56c8-aae2-b071540e7ee1","t-001","f-001","b-001","wv-001","20260919_203320","farmiq-media","tenants/t-001/farms/f-001/barns/b-001/devices/wv-001/images/2026/09/19/1a5cf561-b5d2-4d15-99a1-9965b5324965.jpg","bcc442ab2703b16880c0ed8581dad4e9","image/jpeg","2076892","2026-09-19 20:33:20.577153+00","2026-09-19 20:33:22.42504+00"
"3ded92a0-215e-5a78-8b6f-c723fe48a443","t-001","f-001","b-001","wv-001","20260919_203320","farmiq-media","tenants/t-001/farms/f-001/barns/b-001/devices/wv-001/images/2026/09/19/ed27bac3-472b-4219-a3d5-e28ba256b122.jpg","43d3cb77a17b57ba22be299f0c9bb7e1","image/jpeg","2102765","2026-09-19 20:33:20.577153+00","2026-09-19 20:33:22.737079+00"
"1cab41ef-767f-5778-aabe-8a462f4bd549","t-001","f-001","b-001","wv-001","20260919_203332","farmiq-media","tenants/t-001/farms/f-001/barns/b-001/devices/wv-001/images/2026/09/19/e0b785af-2b73-4e7a-a732-2df2bb0ca64f.jpg","422d46e9543e2f80618cd510cbbe606c","image/jpeg","2379579","2026-09-19 20:33:32.03241+00","2026-09-19 20:33:34.271249+00"
"2319390e-38b2-56ac-bb2f-f4777db5e733","t-001","f-001","b-001","wv-001","20260919_203332","farmiq-media","tenants/t-001/farms/f-001/barns/b-001/devices/wv-001/images/2026/09/19/9d2d7c26-2cd2-4f57-a761-ea060732f44a.jpg","cf4a4b2e6e5eee041b1a02dfe034f3d2","image/jpeg","2400110","2026-09-19 20:33:32.03241+00","2026-09-19 20:33:34.646005+00"
"6d27a64d-251f-56b6-b544-126929a2069c","t-001","f-001","b-001","wv-001","20260919_203338","farmiq-media","tenants/t-001/farms/f-001/barns/b-001/devices/wv-001/images/2026/09/19/afd83a64-63d9-485a-83c3-899e33b6c835.jpg","b849b42149641783223e054476394839","image/jpeg","2185997","2026-09-19 20:33:38.828924+00","2026-09-19 20:33:40.182329+00"
"692925a4-0d70-5247-8afb-b876b0062ac7","t-001","f-001","b-001","wv-001","20260919_203338","farmiq-media","tenants/t-001/farms/f-001/barns/b-001/devices/wv-001/images/2026/09/19/d98d80f4-8c28-4224-8a3a-362c314b7676.jpg","e9cd7add7b5f9c69a86c5a3d58a37f21","image/jpeg","2222669","2026-09-19 20:33:38.828924+00","2026-09-19 20:33:40.532775+00"
"a464eae8-c1ae-50f5-a46a-0e6e7ee267e7","t-001","f-001","b-001","wv-001","20260919_203359","farmiq-media","tenants/t-001/farms/f-001/barns/b-001/devices/wv-001/images/2026/09/19/a24e6ae9-1910-495a-bc2c-d439eeb2f88a.jpg","d1bcb5dc55629ddff7f9b24aee7a9cb5","image/jpeg","2051733","2026-09-19 20:33:59.22169+00","2026-09-19 20:34:00.154343+00"
"b65a747c-27ae-5815-9214-ff5af1bc20c1","t-001","f-001","b-001","wv-001","20260919_203359","farmiq-media","tenants/t-001/farms/f-001/barns/b-001/devices/wv-001/images/2026/09/19/df0d8298-07b2-47d1-a6ec-77611599ba8f.jpg","07b1cb366e295bd400964f75a1c7ea1a","image/jpeg","2075092","2026-09-19 20:33:59.22169+00","2026-09-19 20:34:00.515696+00"
"4d7480f9-4851-5d1f-9887-1d59f206c669","t-001","f-001","b-001","wv-001","20260919_203412","farmiq-media","tenants/t-001/farms/f-001/barns/b-001/devices/wv-001/images/2026/09/19/37e8d5f6-5ba6-4ae8-9757-26f0970e28b8.jpg","80d92d08ce31641279fbb92380040df2","image/jpeg","2021766","2026-09-19 20:34:12.74854+00","2026-09-19 20:34:14.089746+00"
"646ad4d0-5a56-598d-87f4-184bef979805","t-001","f-001","b-001","wv-001","20260919_203412","farmiq-media","tenants/t-001/farms/f-001/barns/b-001/devices/wv-001/images/2026/09/19/987159f8-f29f-4c1b-8487-7213f488829a.jpg","a60f08bc1e240d07e88c379cef0d007a","image/jpeg","2051677","2026-09-19 20:34:12.74854+00","2026-09-19 20:34:14.426428+00"
"ed89b074-bb69-5993-bb01-0861466b0f41","t-001","f-001","b-001","wv-001","20260919_203416","farmiq-media","tenants/t-001/farms/f-001/barns/b-001/devices/wv-001/images/2026/09/19/1554b923-0388-4b4c-b11e-9cd4eb5e55ba.jpg","1c92cf40aec3e9a692508769cfb0d2af","image/jpeg","1943112","2026-09-19 20:34:16.770871+00","2026-09-19 20:34:19.934179+00"
"31eb6c76-e5c8-5f3c-a092-3c6dafa027a3","t-001","f-001","b-001","wv-001","20260919_203416","farmiq-media","tenants/t-001/farms/f-001/barns/b-001/devices/wv-001/images/2026/09/19/6449dfb6-67e2-4faa-9fdc-8c397dd43917.jpg","2590a357a2ddd01519dc1cfa76d1be04","image/jpeg","1966396","2026-09-19 20:34:16.770871+00","2026-09-19 20:34:20.245784+00"
"28963a2a-b530-52a7-817e-68fef7ddf27d","t-001","f-001","b-001","wv-001","20260919_203431","farmiq-media","tenants/t-001/farms/f-001/barns/b-001/devices/wv-001/images/2026/09/19/32b75e6a-4c9f-41a4-9884-a317ada796ed.jpg","a78b5792c108c171a57ef391bf0dbc15","image/jpeg","2303648","2026-09-19 20:34:31.050216+00","2026-09-19 20:34:31.879896+00"
"145ca9aa-f80e-5cb2-ab08-3a78b7953d29","t-001","f-001","b-001","wv-001","20260919_203431","farmiq-media","tenants/t-001/farms/f-001/barns/b-001/devices/wv-001/images/2026/09/19/17134f9b-296b-4066-b8c4-d9610c828e2d.jpg","affc3af62d20af248ca22776fa562fe6","image/jpeg","2325207","2026-09-19 20:34:31.050216+00","2026-09-19 20:34:32.281164+00"
"feaa7499-2f79-5a39-a8e9-73f5f92705d0","t-001","f-001","b-001","wv-001","20260919_203437","farmiq-media","tenants/t-001/farms/f-001/barns/b-001/devices/wv-001/images/2026/09/19/7d42c60e-6344-442d-9d41-14671ba8b876.jpg","2dca022e11ecf735bb49370dd63c43f8","image/jpeg","2138788","2026-09-19 20:34:37.208881+00","2026-09-19 20:34:37.875575+00"
"088dff2e-d58b-58bf-9a62-7a2b2d24fa66","t-001","f-001","b-001","wv-001","20260919_203437","farmiq-media","tenants/t-001/farms/f-001/barns/b-001/devices/wv-001/images/2026/09/19/e161b0d4-8fb1-4960-b8ee-b1c9be1810b7.jpg","735681db189ef2d2a01872facf744bc5","image/jpeg","2167024","2026-09-19 20:34:37.208881+00","2026-09-19 20:34:38.219266+00"
"4d124549-f6c6-5b99-bd61-dfaa08a59968","t-001","f-001","b-001","wv-001","20260919_203510","farmiq-media","tenants/t-001/farms/f-001/barns/b-001/devices/wv-001/images/2026/09/19/afb19333-60f5-4762-a8fd-22dfa6b5a207.jpg","7fda3579eb6d56a72b542b50d7266ffc","image/jpeg","1882022","2026-09-19 20:35:10.87634+00","2026-09-19 20:35:11.968343+00"
"a5fad708-8254-51c0-8e28-0e3c61fe5d45","t-001","f-001","b-001","wv-001","20260919_203510","farmiq-media","tenants/t-001/farms/f-001/barns/b-001/devices/wv-001/images/2026/09/19/4988ebfb-d9ae-4099-902b-b96ad6c1e40a.jpg","0ab7c42d1bea33e778691097a687e1c4","image/jpeg","1919972","2026-09-19 20:35:10.87634+00","2026-09-19 20:35:12.280743+00"
"3dfd2ee7-9aa2-5c6a-bc7e-14fafb6f86db","t-001","f-001","b-001","wv-001","20260919_203536","farmiq-media","tenants/t-001/farms/f-001/barns/b-001/devices/wv-001/images/2026/09/19/936b9ce7-9ef1-4876-b33d-5470ca1166a4.jpg","8972fa8d544c427bec5bf825aaf4735c","image/jpeg","2214031","2026-09-19 20:35:36.291528+00","2026-09-19 20:35:39.425625+00"
"407d930f-6b2c-5127-9761-da978a394094","t-001","f-001","b-001","wv-001","20260919_203536","farmiq-media","tenants/t-001/farms/f-001/barns/b-001/devices/wv-001/images/2026/09/19/d76b6116-dcb1-4b96-a8fd-284a6ee7c7a6.jpg","888c8ae58f9508d870178cb866bfb8a2","image/jpeg","2234654","2026-09-19 20:35:36.291528+00","2026-09-19 20:35:40.11237+00"
"ed09f68b-f619-52de-9410-f6c7d2bce19a","t-001","f-001","b-001","wv-001","20260919_203551","farmiq-media","tenants/t-001/farms/f-001/barns/b-001/devices/wv-001/images/2026/09/19/9651dcd6-7443-47c8-be10-ea7f5c7d80ac.jpg","3882c873a5aacead04548fff3a93a970","image/jpeg","2359051","2026-09-19 20:35:51.34917+00","2026-09-19 20:35:52.026245+00"
"38216cfd-ad04-5068-bd71-6ceb2f5c9fca","t-001","f-001","b-001","wv-001","20260919_203551","farmiq-media","tenants/t-001/farms/f-001/barns/b-001/devices/wv-001/images/2026/09/19/4ae3d64d-8680-4ad6-988d-607884c1edd1.jpg","886ecc6074ba4f618b77876ecaf4172f","image/jpeg","2377540","2026-09-19 20:35:51.34917+00","2026-09-19 20:35:52.406003+00"
"15ab2345-8cd4-578f-ad48-9202cefe9df5","t-001","f-001","b-001","wv-001","20260919_203609","farmiq-media","tenants/t-001/farms/f-001/barns/b-001/devices/wv-001/images/2026/09/19/025f7d8f-1873-4d20-b428-0a042d919cae.jpg","8f076c73d2b751ed9dcf3b3fe54a0af5","image/jpeg","2210253","2026-09-19 20:36:09.424334+00","2026-09-19 20:36:10.017454+00"
"fce46823-e3f7-5e15-ab31-b89c2554d8dc","t-001","f-001","b-001","wv-001","20260919_203609","farmiq-media","tenants/t-001/farms/f-001/barns/b-001/devices/wv-001/images/2026/09/19/33a8c1e5-f86e-4a56-bde8-fc840482e443.jpg","5539aafc63e5149e6ac9b563781bb0bc","image/jpeg","2235364","2026-09-19 20:36:09.424334+00","2026-09-19 20:36:10.348864+00"
"6102d734-7525-53a9-b44e-271f46e75fae","t-001","f-001","b-001","wv-001","20260919_203753","farmiq-media","tenants/t-001/farms/f-001/barns/b-001/devices/wv-001/images/2026/09/19/cf7b61ab-e9e4-4657-84a9-fa8ae0b2fdf4.jpg","c9aae7418b4777ef3b74db2e37d4eec3","image/jpeg","2460482","2026-09-19 20:37:53.475937+00","2026-09-19 20:37:54.895166+00"
"7f28e4a1-1827-5eb3-96a6-e620a1e81282","t-001","f-001","b-001","wv-001","20260919_203753","farmiq-media","tenants/t-001/farms/f-001/barns/b-001/devices/wv-001/images/2026/09/19/33aabaa4-1f79-451a-afb7-e155c1379295.jpg","367a89b7587dd5596947080ca42f0006","image/jpeg","2474149","2026-09-19 20:37:53.475937+00","2026-09-19 20:37:55.319571+00"
"c6cb1550-d27e-526e-be59-3c546164a574","t-001","f-001","b-001","wv-001","20260919_203804","farmiq-media","tenants/t-001/farms/f-001/barns/b-001/devices/wv-001/images/2026/09/19/710a2885-8bd3-4dc4-bd14-9f6a6d0ec58d.jpg","6898860fe24483be648596b73da289a8","image/jpeg","2394678","2026-09-19 20:38:04.533895+00","2026-09-19 20:38:06.922243+00"
"d7b7ef10-e26d-5048-a84a-a18cf7633828","t-001","f-001","b-001","wv-001","20260919_203804","farmiq-media","tenants/t-001/farms/f-001/barns/b-001/devices/wv-001/images/2026/09/19/013c59ab-4348-4a53-a217-25d80fff2bd6.jpg","fc8fedd31710471805d9150953ec7968","image/jpeg","2411718","2026-09-19 20:38:04.533895+00","2026-09-19 20:38:07.364732+00"
"b8e2434b-f9dd-5a9f-8f06-77d646dc81bc","t-001","f-001","b-001","wv-001","20260919_203921","farmiq-media","tenants/t-001/farms/f-001/barns/b-001/devices/wv-001/images/2026/09/19/7e6562b6-8fe6-43fe-b120-59b3a1e789fa.jpg","4da6db65282e9db1d31f441834b8ed28","image/jpeg","2028790","2026-09-19 20:39:21.740219+00","2026-09-19 20:39:23.499847+00"
"969a605e-ef54-58bb-8b76-a7fa6f33c0f2","t-001","f-001","b-001","wv-001","20260919_203921","farmiq-media","tenants/t-001/farms/f-001/barns/b-001/devices/wv-001/images/2026/09/19/32e940b0-9f6e-48f2-8755-1e4e2a059c9a.jpg","10df61375150bc4c79e150fc1d58412f","image/jpeg","2049748","2026-09-19 20:39:21.740219+00","2026-09-19 20:39:23.857504+00"
"6c1e0d4d-6433-538a-8240-1ed70ccf0bac","t-001","f-001","b-001","wv-001","20260919_203936","farmiq-media","tenants/t-001/farms/f-001/barns/b-001/devices/wv-001/images/2026/09/19/abe76993-ac0c-4dad-9aad-b9a6d98cb58c.jpg","b6ddee22200ed2c20b3ca2f25ad9a09b","image/jpeg","2281383","2026-09-19 20:39:36.757168+00","2026-09-19 20:39:37.53518+00"
"75fb30a3-488f-5e92-a440-16431b9430c6","t-001","f-001","b-001","wv-001","20260919_203936","farmiq-media","tenants/t-001/farms/f-001/barns/b-001/devices/wv-001/images/2026/09/19/8710a664-fc14-4878-95d9-cbfb5c04a902.jpg","5f34c1538fc780f267fdcb6f919f35d3","image/jpeg","2302973","2026-09-19 20:39:36.757168+00","2026-09-19 20:39:37.932973+00"
"e0359d80-8e5c-5852-872c-59924da9611f","t-001","f-001","b-001","wv-001","20260919_203951","farmiq-media","tenants/t-001/farms/f-001/barns/b-001/devices/wv-001/images/2026/09/19/fff49b40-108c-48c4-aa9f-18774a67432d.jpg","0bf7cdc249a33b62eaa2fa5262916689","image/jpeg","2274383","2026-09-19 20:39:51.817201+00","2026-09-19 20:39:53.553161+00"
"307921e9-8b6e-5f03-a2cc-0ec032408aa3","t-001","f-001","b-001","wv-001","20260919_203951","farmiq-media","tenants/t-001/farms/f-001/barns/b-001/devices/wv-001/images/2026/09/19/e720ef38-ada2-4b6c-8dce-4e4e3436cf86.jpg","0dc79d2cc8e8cb9f12d5152669f73af1","image/jpeg","2299091","2026-09-19 20:39:51.817201+00","2026-09-19 20:39:53.965655+00"
"45aab168-383e-59c0-804b-84954dcc101c","t-001","f-001","b-001","wv-001","20260919_204009","farmiq-media","tenants/t-001/farms/f-001/barns/b-001/devices/wv-001/images/2026/09/19/85cd7148-9eec-44d3-904d-88a3542d4a32.jpg","2b33872eb069c71669d764f595ccecef","image/jpeg","2299285","2026-09-19 20:40:09.449158+00","2026-09-19 20:40:11.613493+00"
"f802b1f9-3ff1-58a7-b1c7-fb5681338394","t-001","f-001","b-001","wv-001","20260919_204009","farmiq-media","tenants/t-001/farms/f-001/barns/b-001/devices/wv-001/images/2026/09/19/11b5f110-710e-4949-9a90-81c43c6cd71c.jpg","97b0426fe9c71139af725adbc00a60e2","image/jpeg","2328328","2026-09-19 20:40:09.449158+00","2026-09-19 20:40:12.069194+00"
"389b70fa-8ae7-573b-94dd-a593c0a31446","t-001","f-001","b-001","wv-001","20260919_204013","farmiq-media","tenants/t-001/farms/f-001/barns/b-001/devices/wv-001/images/2026/09/19/b9bc36cd-3984-422c-b382-74dcd89b893d.jpg","47b439aaa996f93e9dc5c2dbe143ab68","image/jpeg","2190778","2026-09-19 20:40:13.407509+00","2026-09-19 20:40:17.653592+00"
"06d99d9d-07dc-5253-a2f6-7951ddd91786","t-001","f-001","b-001","wv-001","20260919_204013","farmiq-media","tenants/t-001/farms/f-001/barns/b-001/devices/wv-001/images/2026/09/19/c3003304-4207-4d40-8ded-4ae6063f23e1.jpg","b06feba193832e29180b9fe92c965c0e","image/jpeg","2220875","2026-09-19 20:40:13.407509+00","2026-09-19 20:40:18.04732+00"
"5297bf00-cd9b-5cad-add5-88982499e527","t-001","f-001","b-001","wv-001","20260919_204017","farmiq-media","tenants/t-001/farms/f-001/barns/b-001/devices/wv-001/images/2026/09/19/9d1517fa-c0f7-452a-ac8d-2b0ed6051ec1.jpg","c4e5348f4fb566e89ffc71d21aa7fb7c","image/jpeg","2136412","2026-09-19 20:40:17.815836+00","2026-09-19 20:40:23.588962+00"
"98488a4d-0ee4-5d45-b576-1ebe515d3e55","t-001","f-001","b-001","wv-001","20260919_204017","farmiq-media","tenants/t-001/farms/f-001/barns/b-001/devices/wv-001/images/2026/09/19/88835379-a1e7-4e83-a72d-02f43d247faf.jpg","c463e031a23063b4ab1cfad9c7c860c5","image/jpeg","2172327","2026-09-19 20:40:17.815836+00","2026-09-19 20:40:23.958241+00"
"cca6947a-889b-5416-94c8-c31e49e4c310","t-001","f-001","b-001","wv-001","20260919_204125","farmiq-media","tenants/t-001/farms/f-001/barns/b-001/devices/wv-001/images/2026/09/19/352d45ea-bffe-4c0a-aa39-2e7829911052.jpg","679914b14032e86610833bd4fdcb04d6","image/jpeg","1998070","2026-09-19 20:41:25.318512+00","2026-09-19 20:41:26.014244+00"
"34780e8b-670e-502e-85fe-4e1aae9c0444","t-001","f-001","b-001","wv-001","20260919_204125","farmiq-media","tenants/t-001/farms/f-001/barns/b-001/devices/wv-001/images/2026/09/19/93b39624-bdaa-412d-bba5-f0f98698f8c7.jpg","05c56cc6d5c69e7153f34f4f93060fa1","image/jpeg","2019753","2026-09-19 20:41:25.318512+00","2026-09-19 20:41:26.393366+00"
"70b4fac5-5d48-527b-9d64-d7b4958f1bb4","t-001","f-001","b-001","wv-001","20260919_204129","farmiq-media","tenants/t-001/farms/f-001/barns/b-001/devices/wv-001/images/2026/09/19/b05f39fd-4657-45d8-8c4b-9fd8a6d86ad6.jpg","d4abe528f78cd0226e313a29bcdf5322","image/jpeg","2401008","2026-09-19 20:41:29.455184+00","2026-09-19 20:41:32.020048+00"
"698394eb-2e6c-50c7-995b-0cc5f9c1a3d9","t-001","f-001","b-001","wv-001","20260919_204129","farmiq-media","tenants/t-001/farms/f-001/barns/b-001/devices/wv-001/images/2026/09/19/a67f0466-c9e7-4e29-9a6a-16cce9510665.jpg","7b2cc43a9a42e89efa056552a1fff571","image/jpeg","2430869","2026-09-19 20:41:29.455184+00","2026-09-19 20:41:32.431509+00"
"22a181cc-1a4d-51b3-83e5-bfbb27c85f7a","t-001","f-001","b-001","wv-001","20260919_204152","farmiq-media","tenants/t-001/farms/f-001/barns/b-001/devices/wv-001/images/2026/09/19/e7fff483-4d0a-4fe3-a802-f98e990f2bfb.jpg","398a2ac2e8d5a0d370e8b66169fa0a43","image/jpeg","2397087","2026-09-19 20:41:52.481957+00","2026-09-19 20:41:54.148756+00"
"a7f7f0e5-63b0-5ef3-86fb-bfd5af132e41","t-001","f-001","b-001","wv-001","20260919_204152","farmiq-media","tenants/t-001/farms/f-001/barns/b-001/devices/wv-001/images/2026/09/19/e5a34ea8-c840-41ac-98cd-3a43082cce7e.jpg","8943d38092f4f2aeedf39171527e3abc","image/jpeg","2424968","2026-09-19 20:41:52.481957+00","2026-09-19 20:41:54.555742+00"
"d5e73d7a-2dd2-50f3-b52e-ccc3be008083","t-001","f-001","b-001","wv-001","20260919_204426","farmiq-media","tenants/t-001/farms/f-001/barns/b-001/devices/wv-001/images/2026/09/19/fd891be7-300b-4270-9473-77701e6f7bb3.jpg","0dd517bb3513ad26acc406d810b2e09e","image/jpeg","2245497","2026-09-19 20:44:26.380659+00","2026-09-19 20:44:27.364026+00"
"a2029a2a-3840-54d1-8b4d-8a77f9377e92","t-001","f-001","b-001","wv-001","20260919_204426","farmiq-media","tenants/t-001/farms/f-001/barns/b-001/devices/wv-001/images/2026/09/19/b210974e-ed4a-4249-b328-366e94a18f7a.jpg","d9ce6cc63998ef40fd1033849f896e5e","image/jpeg","2277982","2026-09-19 20:44:26.380659+00","2026-09-19 20:44:27.769183+00"
"7add2633-da7e-57fb-be66-9fbd0f53395f","t-001","f-001","b-001","wv-001","20260919_204430","farmiq-media","tenants/t-001/farms/f-001/barns/b-001/devices/wv-001/images/2026/09/19/2f9da528-f792-4778-a82f-b1df10b6d2c1.jpg","1ae78b2938376b1cb4cff35a2bad512b","image/jpeg","2109269","2026-09-19 20:44:30.323557+00","2026-09-19 20:44:33.327337+00"
"8a9762b8-5cde-5995-9c0d-9d783eaeb6bc","t-001","f-001","b-001","wv-001","20260919_204430","farmiq-media","tenants/t-001/farms/f-001/barns/b-001/devices/wv-001/images/2026/09/19/37f0cc31-522c-4040-bc29-c8caf748b5b3.jpg","e7aa5ba68a2a638e1a9e5465d8a0a0cd","image/jpeg","2141471","2026-09-19 20:44:30.323557+00","2026-09-19 20:44:33.708462+00"
"0a205043-2a17-533c-aa8c-09902b00936b","t-001","f-001","b-001","wv-001","20260919_204449","farmiq-media","tenants/t-001/farms/f-001/barns/b-001/devices/wv-001/images/2026/09/19/4d8ba55b-f715-4c99-883c-0248c647fda1.jpg","5e2c98e233b51aaeacc0209a3c12d0c9","image/jpeg","2272120","2026-09-19 20:44:49.135526+00","2026-09-19 20:44:51.394706+00"
"ae11d3f3-c48a-5e41-812a-2f66695939aa","t-001","f-001","b-001","wv-001","20260919_204449","farmiq-media","tenants/t-001/farms/f-001/barns/b-001/devices/wv-001/images/2026/09/19/b01fc49f-ec73-461e-ab89-7490f06dac67.jpg","63f85aed32e0997b98cdd49e1b8ba5d9","image/jpeg","2297989","2026-09-19 20:44:49.135526+00","2026-09-19 20:44:51.789076+00"
"a3ae4851-f63f-5f71-bc72-6ea8613053e4","t-001","f-001","b-001","wv-001","20260919_204453","farmiq-media","tenants/t-001/farms/f-001/barns/b-001/devices/wv-001/images/2026/09/19/9271b823-09db-432e-acbf-fa4b3bae06dc.jpg","0460f529adbe03056b2b8ff71ce37701","image/jpeg","2047652","2026-09-19 20:44:53.037319+00","2026-09-19 20:44:57.320392+00"
"705ec18d-b941-5ed7-aa9e-15cdfadb7e2b","t-001","f-001","b-001","wv-001","20260919_204453","farmiq-media","tenants/t-001/farms/f-001/barns/b-001/devices/wv-001/images/2026/09/19/481f50dc-fe00-4b93-8651-d8cdb0b7fa59.jpg","6c619a63d0b20e78afbafbbf7d51d07e","image/jpeg","2081022","2026-09-19 20:44:53.037319+00","2026-09-19 20:44:57.660864+00"
"f5d745ea-aa50-532b-b03a-64ea97f16cfb","t-001","f-001","b-001","wv-001","20260919_204507","farmiq-media","tenants/t-001/farms/f-001/barns/b-001/devices/wv-001/images/2026/09/19/0cda4650-2d80-4dda-8500-044d5832c3b1.jpg","4a3c2e53828effa5b974ab72978c9d17","image/jpeg","2403842","2026-09-19 20:45:07.494919+00","2026-09-19 20:45:09.406638+00"
"44090d25-d206-584e-9b3a-1cf6b26ca87c","t-001","f-001","b-001","wv-001","20260919_204507","farmiq-media","tenants/t-001/farms/f-001/barns/b-001/devices/wv-001/images/2026/09/19/2c1a5a7d-de6a-4e5e-b730-3c1cd295f42e.jpg","4c7fc81018e2ed4ac876c0b86b1e2daa","image/jpeg","2438677","2026-09-19 20:45:07.494919+00","2026-09-19 20:45:09.80916+00"
"337ff154-bd40-5fb8-bf05-931e66102cea","t-001","f-001","b-001","wv-001","20260919_204533","farmiq-media","tenants/t-001/farms/f-001/barns/b-001/devices/wv-001/images/2026/09/19/ad894782-514f-4bcd-b114-6c3c3c7c7490.jpg","d5a13be18dec34319fc77d56d08c1f92","image/jpeg","2030517","2026-09-19 20:45:33.172532+00","2026-09-19 20:45:35.553319+00"
"98068275-5214-5d93-9530-5c39de530d7c","t-001","f-001","b-001","wv-001","20260919_204533","farmiq-media","tenants/t-001/farms/f-001/barns/b-001/devices/wv-001/images/2026/09/19/1bf254ce-ad60-4cc8-a8d5-fd7e2ff083ac.jpg","738f2661edc973a80161d78733546f3c","image/jpeg","2068326","2026-09-19 20:45:33.172532+00","2026-09-19 20:45:35.88583+00"
"13460f2a-68f8-5170-8703-be5f700b62cf","t-001","f-001","b-001","wv-001","20260919_204610","farmiq-media","tenants/t-001/farms/f-001/barns/b-001/devices/wv-001/images/2026/09/19/21ebdc8c-81ea-4d51-af67-de2249887160.jpg","24db31230b2b82a146e6340b791ded44","image/jpeg","2463059","2026-09-19 20:46:10.560826+00","2026-09-19 20:46:11.763272+00"
"4c5d9631-6935-592d-9d58-fc41a8dc173e","t-001","f-001","b-001","wv-001","20260919_204610","farmiq-media","tenants/t-001/farms/f-001/barns/b-001/devices/wv-001/images/2026/09/19/7ef59be3-ccfd-4657-bc00-a2c8d68a9b4a.jpg","f7af6f7e508b9f5ab040ac39a382188a","image/jpeg","2495913","2026-09-19 20:46:10.560826+00","2026-09-19 20:46:12.147602+00"
"2e73b5a1-d77a-5d49-8cd0-ee9e31405266","t-001","f-001","b-001","wv-001","20260919_204644","farmiq-media","tenants/t-001/farms/f-001/barns/b-001/devices/wv-001/images/2026/09/19/30a780b7-9684-4a22-87bc-068a71830217.jpg","0f9f368a389298251fb29e4f4e0aa441","image/jpeg","2246135","2026-09-19 20:46:44.978421+00","2026-09-19 20:46:47.578992+00"
"38580a6f-028d-563e-8377-61d1828073dd","t-001","f-001","b-001","wv-001","20260919_204644","farmiq-media","tenants/t-001/farms/f-001/barns/b-001/devices/wv-001/images/2026/09/19/63bb9586-5639-4f9a-a0a1-be19d0a8c781.jpg","7583b98991d56139152e7952c2c96e86","image/jpeg","2282805","2026-09-19 20:46:44.978421+00","2026-09-19 20:46:48.005287+00"
"b7ea6124-4eec-500e-947a-a962b18eaa82","t-001","f-001","b-001","wv-001","20260919_204802","farmiq-media","tenants/t-001/farms/f-001/barns/b-001/devices/wv-001/images/2026/09/19/2277c742-2494-49bf-8238-d683d432c84a.jpg","c3fe7e87cc96fa29b495db615210f319","image/jpeg","2364250","2026-09-19 20:48:02.549486+00","2026-09-19 20:48:04.211875+00"
"bad64347-9d3e-5d37-9e59-6a4c8cbf943d","t-001","f-001","b-001","wv-001","20260919_204802","farmiq-media","tenants/t-001/farms/f-001/barns/b-001/devices/wv-001/images/2026/09/19/7b5256d2-ddbc-4399-b6cf-49c82437805b.jpg","f83cea07949616e0f484a2915e8a97f2","image/jpeg","2407513","2026-09-19 20:48:02.549486+00","2026-09-19 20:48:04.62948+00"
"5dc3f70f-acc7-5eec-96f7-32964cbacbe5","t-001","f-001","b-001","wv-001","20260919_204847","farmiq-media","tenants/t-001/farms/f-001/barns/b-001/devices/wv-001/images/2026/09/19/3e777689-ccad-4c01-a392-7ff6d9336011.jpg","49f2a04e48b85ba0630f2deb47b2e9d3","image/jpeg","2263404","2026-09-19 20:48:47.250679+00","2026-09-19 20:48:48.523519+00"
"2f6c734e-a631-578e-903f-9a422d79cf59","t-001","f-001","b-001","wv-001","20260919_204847","farmiq-media","tenants/t-001/farms/f-001/barns/b-001/devices/wv-001/images/2026/09/19/cba779de-280a-4fa0-84ee-3369e09ee244.jpg","443f788f42b8c6c9de30e177dadf41a8","image/jpeg","2302254","2026-09-19 20:48:47.250679+00","2026-09-19 20:48:48.907975+00"
"7e08d7a5-694f-50ed-aa1e-f00590e12e44","t-001","f-001","b-001","wv-001","20260919_205018","farmiq-media","tenants/t-001/farms/f-001/barns/b-001/devices/wv-001/images/2026/09/19/10233f8f-7bc7-471a-9cb8-52e8836e514f.jpg","777d336c38b4586f13506712c0b70ac6","image/jpeg","2185168","2026-09-19 20:50:18.330731+00","2026-09-19 20:50:19.152615+00"
"320b557b-f4e1-51e2-8ef9-264e360879aa","t-001","f-001","b-001","wv-001","20260919_205018","farmiq-media","tenants/t-001/farms/f-001/barns/b-001/devices/wv-001/images/2026/09/19/0d63058e-9729-4c3e-bc90-927e789885eb.jpg","a3c085e08994262ea00490a54763f703","image/jpeg","2220874","2026-09-19 20:50:18.330731+00","2026-09-19 20:50:19.55536+00"
"3f0260ec-eac8-5a39-81bc-09920ee165a4","t-001","f-001","b-001","wv-001","20260919_205022","farmiq-media","tenants/t-001/farms/f-001/barns/b-001/devices/wv-001/images/2026/09/19/f6151da0-3e29-4927-bca4-cf7c727d1e4d.jpg","50aa24b9e237e47a84a518793916b851","image/jpeg","2043299","2026-09-19 20:50:22.400018+00","2026-09-19 20:50:25.14871+00"
"857f952a-a505-5722-99aa-45f24d628538","t-001","f-001","b-001","wv-001","20260919_205022","farmiq-media","tenants/t-001/farms/f-001/barns/b-001/devices/wv-001/images/2026/09/19/0047a5d7-8a6e-447c-b104-52e425ebb8a8.jpg","c648ed7c1f228842b9978376efa6cf41","image/jpeg","2084605","2026-09-19 20:50:22.400018+00","2026-09-19 20:50:25.493258+00"
"c4e2171a-1a30-5f90-b392-ef1be1f477f6","t-001","f-001","b-001","wv-001","20260919_205026","farmiq-media","tenants/t-001/farms/f-001/barns/b-001/devices/wv-001/images/2026/09/19/088587df-d403-4dc5-a03d-e4c9c11b0189.jpg","47e4bfd075ec276e31faf1e929ec2be7","image/jpeg","1998933","2026-09-19 20:50:26.833126+00","2026-09-19 20:50:31.053701+00"
"c7cc32df-4f20-5191-a187-9fe49fae8f35","t-001","f-001","b-001","wv-001","20260919_205026","farmiq-media","tenants/t-001/farms/f-001/barns/b-001/devices/wv-001/images/2026/09/19/bd16e3cd-0ac0-4ce9-81c8-a62dd08266eb.jpg","0ad9053de66626566cc567f25fdafbf0","image/jpeg","2039340","2026-09-19 20:50:26.833126+00","2026-09-19 20:50:31.424177+00"
"21959744-4b9f-5ae3-a532-8bd40f3350d8","t-001","f-001","b-001","wv-001","20260919_205200","farmiq-media","tenants/t-001/farms/f-001/barns/b-001/devices/wv-001/images/2026/09/19/164cdf9d-deaf-4b87-9611-02adc05a2698.jpg","2102ba72d98221aa24218fc45aa61f6e","image/jpeg","2083854","2026-09-19 20:52:00.304466+00","2026-09-19 20:52:06.630743+00"
"9cc4d39b-0564-53ff-a473-693ed549d2c6","t-001","f-001","b-001","wv-001","20260919_205200","farmiq-media","tenants/t-001/farms/f-001/barns/b-001/devices/wv-001/images/2026/09/19/a8b447a4-4ec2-49a9-82c0-88656c3b7098.jpg","fc8cd3dcf9e9178d38301d29b79c9a79","image/jpeg","2118365","2026-09-19 20:52:00.304466+00","2026-09-19 20:52:08.344249+00"
"df3410c0-a8d5-57b8-9f6d-16fd902c87f7","t-001","f-001","b-001","wv-001","20260919_205206","farmiq-media","tenants/t-001/farms/f-001/barns/b-001/devices/wv-001/images/2026/09/19/0a79b214-7dbd-4ffc-bd79-73d7737b80e2.jpg","78d959bcd17d678d544b3df8a28790e6","image/jpeg","1979151","2026-09-19 20:52:06.832497+00","2026-09-19 20:52:18.791682+00"
"901a1817-7076-5b32-9e58-24f3a91269f0","t-001","f-001","b-001","wv-001","20260919_205206","farmiq-media","tenants/t-001/farms/f-001/barns/b-001/devices/wv-001/images/2026/09/19/6fd5a855-561d-4649-92a6-f6501925a10d.jpg","71bf94ffc3d96cc83d44edc5aedf575a","image/jpeg","2016869","2026-09-19 20:52:06.832497+00","2026-09-19 20:52:19.14483+00"
"da92f9ff-c5ef-51a2-b21c-96826f46e352","t-001","f-001","b-001","wv-001","20260919_205219","farmiq-media","tenants/t-001/farms/f-001/barns/b-001/devices/wv-001/images/2026/09/19/d3b68b91-99e8-4326-8adf-34f746e86093.jpg","916c0a878091e4a63b8749f19ab8cc6b","image/jpeg","2222610","2026-09-19 20:52:19.97374+00","2026-09-19 20:52:24.660937+00"
"4f691722-2b2d-5f7d-8d7d-4e69dd0de2c7","t-001","f-001","b-001","wv-001","20260919_205219","farmiq-media","tenants/t-001/farms/f-001/barns/b-001/devices/wv-001/images/2026/09/19/699640b2-33af-4144-a076-3887f8dd027f.jpg","746b59ded2481ad0aa4f0a3562c1fa1c","image/jpeg","2252623","2026-09-19 20:52:19.97374+00","2026-09-19 20:52:25.017036+00"
"31b01816-de0c-542a-b08f-78d2c6e4e696","t-001","f-001","b-001","wv-001","20260919_205233","farmiq-media","tenants/t-001/farms/f-001/barns/b-001/devices/wv-001/images/2026/09/19/cd051ee0-0427-4803-8410-b298bea832b5.jpg","44ffe627b7d81eee091e941c9f216ce7","image/jpeg","2320369","2026-09-19 20:52:33.832781+00","2026-09-19 20:52:34.599529+00"
"734ca837-2547-5f4b-9cc1-6a73a7c8f022","t-001","f-001","b-001","wv-001","20260919_205233","farmiq-media","tenants/t-001/farms/f-001/barns/b-001/devices/wv-001/images/2026/09/19/63c3e79b-2392-4221-95df-e02091cb4409.jpg","8bdf3005fd9902e6323d32fb40eea878","image/jpeg","2344309","2026-09-19 20:52:33.832781+00","2026-09-19 20:52:34.967492+00"
"8ea54d8b-1ebd-589c-bd30-608b67953f80","t-001","f-001","b-001","wv-001","20260919_205241","farmiq-media","tenants/t-001/farms/f-001/barns/b-001/devices/wv-001/images/2026/09/19/4ec64827-e857-4833-b9e4-f94cb5703c01.jpg","0d867e1de54f68ebad2f9663761897c3","image/jpeg","2051187","2026-09-19 20:52:41.136955+00","2026-09-19 20:52:42.526317+00"
"3505b66c-d2ef-5476-b24c-94812843ef2b","t-001","f-001","b-001","wv-001","20260919_205241","farmiq-media","tenants/t-001/farms/f-001/barns/b-001/devices/wv-001/images/2026/09/19/c2888234-77f7-47ab-8a46-7d18de064d28.jpg","94430d8428bf37f86418df6d29719450","image/jpeg","2087331","2026-09-19 20:52:41.136955+00","2026-09-19 20:52:42.830873+00"
"7d168ac1-eac7-563a-9330-e0a354e55b7a","t-001","f-001","b-001","wv-001","20260919_205254","farmiq-media","tenants/t-001/farms/f-001/barns/b-001/devices/wv-001/images/2026/09/19/bb701d6e-079d-4031-bf1c-2326fecbb4af.jpg","b85c77944812cd9e12b820b349092672","image/jpeg","2251795","2026-09-19 20:52:54.121657+00","2026-09-19 20:52:56.499602+00"
"34a0d430-9839-5d71-a375-236855255d73","t-001","f-001","b-001","wv-001","20260919_205254","farmiq-media","tenants/t-001/farms/f-001/barns/b-001/devices/wv-001/images/2026/09/19/8bce433f-5fa1-4991-9e98-55b167a578e6.jpg","b476c7dda8f367ebcace7549dfc544bc","image/jpeg","2288380","2026-09-19 20:52:54.121657+00","2026-09-19 20:52:56.864749+00"
"934c154c-acda-5ff2-8c97-b39d65fc0d5f","t-001","f-001","b-001","wv-001","20260919_205327","farmiq-media","tenants/t-001/farms/f-001/barns/b-001/devices/wv-001/images/2026/09/19/34b9f07d-f15b-418d-ad6c-03ca4a26c287.jpg","ed640ce1ee2ba2bcac7cf9608ac9795b","image/jpeg","2239218","2026-09-19 20:53:27.747628+00","2026-09-19 20:53:28.656059+00"
"15e4fcc7-c6f8-5c04-a8c7-d55c36fbfd7a","t-001","f-001","b-001","wv-001","20260919_205327","farmiq-media","tenants/t-001/farms/f-001/barns/b-001/devices/wv-001/images/2026/09/19/222a5839-7763-4af4-8764-fab4682fd03b.jpg","c9e0eda0e741e2889c31e1ab7964aaa3","image/jpeg","2268555","2026-09-19 20:53:27.747628+00","2026-09-19 20:53:28.988625+00"
"5fe1db3c-54bf-5054-b67a-9e120e474fc3","t-001","f-001","b-001","wv-001","20260919_205414","farmiq-media","tenants/t-001/farms/f-001/barns/b-001/devices/wv-001/images/2026/09/19/bc56b976-5154-4dac-ba5e-63ac5d3fba47.jpg","25d1cc185601230456381bc272c9ef15","image/jpeg","2432296","2026-09-19 20:54:14.94815+00","2026-09-19 20:54:16.957565+00"
"4c851af1-db0e-5a9c-8a8c-d36bc278e513","t-001","f-001","b-001","wv-001","20260919_205414","farmiq-media","tenants/t-001/farms/f-001/barns/b-001/devices/wv-001/images/2026/09/19/0b6af04f-d2a0-4d57-9043-b794fb387e10.jpg","0fff10c2d61fc7ad26f9dedcd12536a7","image/jpeg","2456144","2026-09-19 20:54:14.94815+00","2026-09-19 20:54:17.321721+00"
"5da16615-9a71-5240-9698-66b2061acad3","t-001","f-001","b-001","wv-001","20260919_205440","farmiq-media","tenants/t-001/farms/f-001/barns/b-001/devices/wv-001/images/2026/09/19/b272af42-f50d-43eb-8d1d-31970adb2c1e.jpg","09e525ebe3ea5fe0631d4b9b2b9f4bf2","image/jpeg","2163462","2026-09-19 20:54:40.559766+00","2026-09-19 20:54:41.090023+00"
"7be04839-0928-5a15-ad76-85f73fb7fa83","t-001","f-001","b-001","wv-001","20260919_205440","farmiq-media","tenants/t-001/farms/f-001/barns/b-001/devices/wv-001/images/2026/09/19/44a016d0-b12f-4927-bdea-104de8fd51c2.jpg","85b6db8297658d60e887e12afef1d5ff","image/jpeg","2189467","2026-09-19 20:54:40.559766+00","2026-09-19 20:54:41.445984+00"
"7359b64d-3532-50c6-8005-47cbca190492","t-001","f-001","b-001","wv-001","20260919_205445","farmiq-media","tenants/t-001/farms/f-001/barns/b-001/devices/wv-001/images/2026/09/19/ff693b52-ff75-4f9d-b4c2-e80e0957ff6e.jpg","94fbfbe2bc7baed2d7b2ab78b6517be7","image/jpeg","2110749","2026-09-19 20:54:45.347517+00","2026-09-19 20:54:46.972932+00"
"cf52472c-02c7-55cc-8c50-49583207746e","t-001","f-001","b-001","wv-001","20260919_205445","farmiq-media","tenants/t-001/farms/f-001/barns/b-001/devices/wv-001/images/2026/09/19/84aa6b02-d3c2-42de-8db6-b47697791df1.jpg","a3b72b95ebc79c413cd841fc94b1d4f1","image/jpeg","2142970","2026-09-19 20:54:45.347517+00","2026-09-19 20:54:47.292137+00"
"51eae61b-eb37-5e9e-95ae-d9eac7a7b6a2","t-001","f-001","b-001","wv-001","20260919_205451","farmiq-media","tenants/t-001/farms/f-001/barns/b-001/devices/wv-001/images/2026/09/19/93cef8fa-4615-4043-95ca-076fc6e351b6.jpg","16c9a4cd99ff43a6029507f637ce3458","image/jpeg","2143086","2026-09-19 20:54:51.923183+00","2026-09-19 20:54:52.808564+00"
"a3f62763-1530-533d-9a9f-4e392f13d83a","t-001","f-001","b-001","wv-001","20260919_205451","farmiq-media","tenants/t-001/farms/f-001/barns/b-001/devices/wv-001/images/2026/09/19/7fee174d-7c4e-4a11-9426-f1ef5eb22afd.jpg","0cc8029239fa3721f4d7d1673fada4a4","image/jpeg","2172807","2026-09-19 20:54:51.923183+00","2026-09-19 20:54:53.198776+00"
"fb0f38d4-f180-5144-ad04-c60f07cfa5a3","t-001","f-001","b-001","wv-001","20260919_205456","farmiq-media","tenants/t-001/farms/f-001/barns/b-001/devices/wv-001/images/2026/09/19/3fd95faf-7933-436e-8f19-01c58d922c6b.jpg","004eef89bb609f416f1933ebb909ad76","image/jpeg","2050977","2026-09-19 20:54:56.804479+00","2026-09-19 20:54:58.706964+00"
"8b709c98-a204-5c84-9d81-f6b3d7293ebf","t-001","f-001","b-001","wv-001","20260919_205456","farmiq-media","tenants/t-001/farms/f-001/barns/b-001/devices/wv-001/images/2026/09/19/58de356f-9e5a-4a80-a559-5a154ff886a1.jpg","2310c2f2ebc373236aec001d9d0e09e9","image/jpeg","2086024","2026-09-19 20:54:56.804479+00","2026-09-19 20:54:59.060062+00"
"dd2d857b-3fc5-5511-9aa7-dabd8bbe7132","t-001","f-001","b-001","wv-001","20260919_205507","farmiq-media","tenants/t-001/farms/f-001/barns/b-001/devices/wv-001/images/2026/09/19/013046a5-6a47-4ecc-ae81-0a8ad025a339.jpg","ba61d687335ed74166ef157040f45039","image/jpeg","2323982","2026-09-19 20:55:07.281697+00","2026-09-19 20:55:08.7076+00"
"bd4d9b18-aef6-5c1e-b8f8-955738e3f3a6","t-001","f-001","b-001","wv-001","20260919_205507","farmiq-media","tenants/t-001/farms/f-001/barns/b-001/devices/wv-001/images/2026/09/19/608b959c-d8f6-4c78-ac63-b5c717f18976.jpg","4378bddce22cdedaf218975a2333181f","image/jpeg","2359628","2026-09-19 20:55:07.281697+00","2026-09-19 20:55:09.07797+00"
"35a58eca-8e3a-50d3-9de5-907e8d5fdbd4","t-001","f-001","b-001","wv-001","20260919_205522","farmiq-media","tenants/t-001/farms/f-001/barns/b-001/devices/wv-001/images/2026/09/19/eb0cc95d-72f0-44f5-a924-82c8a424206d.jpg","b319dc2c342c00ef13c10434708a473d","image/jpeg","2278406","2026-09-19 20:55:22.606573+00","2026-09-19 20:55:24.746889+00"
"b8cffadf-4868-57b9-ba6e-3d87047e05f8","t-001","f-001","b-001","wv-001","20260919_205522","farmiq-media","tenants/t-001/farms/f-001/barns/b-001/devices/wv-001/images/2026/09/19/8ff0c82d-bc63-4393-b661-78500aa01acc.jpg","8cd6a7ab99e66c023cedfb2b84ba3580","image/jpeg","2313651","2026-09-19 20:55:22.606573+00","2026-09-19 20:55:25.150219+00"
"fff530f4-512f-53b8-9504-487c4a0cf0b7","t-001","f-001","b-001","wv-001","20260919_205537","farmiq-media","tenants/t-001/farms/f-001/barns/b-001/devices/wv-001/images/2026/09/19/b5973b72-88f0-419e-be84-230616e27ac4.jpg","68c83d7539621364133c4b1bccc15cb5","image/jpeg","2467139","2026-09-19 20:55:37.597519+00","2026-09-19 20:55:38.783643+00"
"f7a531c8-416d-57a8-b119-a28e494849dc","t-001","f-001","b-001","wv-001","20260919_205537","farmiq-media","tenants/t-001/farms/f-001/barns/b-001/devices/wv-001/images/2026/09/19/b366002b-937c-4d08-bbc8-1c36590e9116.jpg","1317341681f6c2da3d49ccd2d56d6ea6","image/jpeg","2493725","2026-09-19 20:55:37.597519+00","2026-09-19 20:55:39.163608+00"
"806fed10-6a52-57dc-bf90-ea2c958d738f","t-001","f-001","b-001","wv-001","20260919_205630","farmiq-media","tenants/t-001/farms/f-001/barns/b-001/devices/wv-001/images/2026/09/19/46c4ab36-880e-4fea-bb70-e52544df70bb.jpg","d971b8afa13ffb121fa9872076f60c16","image/jpeg","2078395","2026-09-19 20:56:30.144686+00","2026-09-19 20:56:31.125564+00"
"18bec133-a78e-5a29-901f-0e3293506357","t-001","f-001","b-001","wv-001","20260919_205630","farmiq-media","tenants/t-001/farms/f-001/barns/b-001/devices/wv-001/images/2026/09/19/03c6d2da-e7cc-4e0e-9973-2acf573af0c3.jpg","06dcd26d17a2a689792179f183ca9b93","image/jpeg","2111545","2026-09-19 20:56:30.144686+00","2026-09-19 20:56:31.45184+00"
"2d92fd2e-3e63-5d7c-b044-959644aa2d92","t-001","f-001","b-001","wv-001","20260919_205728","farmiq-media","tenants/t-001/farms/f-001/barns/b-001/devices/wv-001/images/2026/09/19/3a56088e-87eb-461a-8044-e53286d597d1.jpg","e0205f5cdd0f24cba79322db78965e7c","image/jpeg","1986671","2026-09-19 20:57:28.051278+00","2026-09-19 20:57:30.440296+00"
"b1614c2f-54b2-5b8a-8eaf-abff41f30b6c","t-001","f-001","b-001","wv-001","20260919_205728","farmiq-media","tenants/t-001/farms/f-001/barns/b-001/devices/wv-001/images/2026/09/19/e2b8f544-6d4b-455c-a792-5a98bf59c8ab.jpg","e2cd6e16420bd7ac5006c95a59f21c68","image/jpeg","2030473","2026-09-19 20:57:28.051278+00","2026-09-19 20:57:32.339572+00"
"048f53f8-254d-5cb4-b44e-15f64d0c75a1","t-001","f-001","b-001","wv-001","20260919_205832","farmiq-media","tenants/t-001/farms/f-001/barns/b-001/devices/wv-001/images/2026/09/19/0c0710aa-98c0-41a4-b5b1-35633d0d569e.jpg","34cd598664741504c4a1bed89f8f08cc","image/jpeg","2330411","2026-09-19 20:58:32.162871+00","2026-09-19 20:58:33.914214+00"
"b77fc449-7329-5c6c-9b98-de8c5883db9f","t-001","f-001","b-001","wv-001","20260919_205832","farmiq-media","tenants/t-001/farms/f-001/barns/b-001/devices/wv-001/images/2026/09/19/8f9aa5b1-65f1-43b9-a79b-d136c5447bc3.jpg","da1492c1638800da870a7e01232c6368","image/jpeg","2362754","2026-09-19 20:58:32.162871+00","2026-09-19 20:58:34.268141+00"
"71b77d9f-f71f-5e82-b1d3-d1e19518c6ef","t-001","f-001","b-001","wv-001","20260919_205836","farmiq-media","tenants/t-001/farms/f-001/barns/b-001/devices/wv-001/images/2026/09/19/883506fa-a482-449f-812d-497b3ddfab54.jpg","aec3399f184b1df6ac869718ba77bb42","image/jpeg","2050527","2026-09-19 20:58:36.219378+00","2026-09-19 20:58:39.787493+00"
"51d0b45a-c69f-5ad8-a543-976af2fc5dd8","t-001","f-001","b-001","wv-001","20260919_205836","farmiq-media","tenants/t-001/farms/f-001/barns/b-001/devices/wv-001/images/2026/09/19/2f868804-e302-42c4-b948-2b1aaf7ab0ff.jpg","62d04cbfe68ff396b592fbed601fe6fd","image/jpeg","2096519","2026-09-19 20:58:36.219378+00","2026-09-19 20:58:40.15109+00"
"0a0eac6b-2076-5bcd-8918-fdc721fb6050","t-001","f-001","b-001","wv-001","20260919_205849","farmiq-media","tenants/t-001/farms/f-001/barns/b-001/devices/wv-001/images/2026/09/19/5d43b2f6-5cac-43ca-ae64-c2ec76595f6c.jpg","48863be22f891ee01e00043119c7c77e","image/jpeg","2074961","2026-09-19 20:58:49.584359+00","2026-09-19 20:58:51.739269+00"
"1f11b79d-fb8d-5124-b976-caa39e2ca0e0","t-001","f-001","b-001","wv-001","20260919_205849","farmiq-media","tenants/t-001/farms/f-001/barns/b-001/devices/wv-001/images/2026/09/19/8dbebd7c-0c7f-4c77-87ac-e100427b1ecd.jpg","4a091530f2fa60f9f88388ae56840174","image/jpeg","2114308","2026-09-19 20:58:49.584359+00","2026-09-19 20:58:52.088654+00"
"1b1ed745-45f9-5a6b-bfdb-8666ccf9847c","t-001","f-001","b-001","wv-001","20260919_205908","farmiq-media","tenants/t-001/farms/f-001/barns/b-001/devices/wv-001/images/2026/09/19/1c5a9d6d-8005-4346-a026-5a0d7ee98a5d.jpg","e6f4763adf0f80e596b799fea9a9986c","image/jpeg","2324022","2026-09-19 20:59:08.81887+00","2026-09-19 20:59:09.732855+00"
"de507753-5a09-5034-b976-ac76489eb52e","t-001","f-001","b-001","wv-001","20260919_205908","farmiq-media","tenants/t-001/farms/f-001/barns/b-001/devices/wv-001/images/2026/09/19/0c198685-d0b1-44e1-b2e5-22cfdb91e86c.jpg","6992d6cf9f87047b7272e75090441f04","image/jpeg","2360180","2026-09-19 20:59:08.81887+00","2026-09-19 20:59:10.100724+00"
"cabd646a-dc46-5174-9e95-b89fafc48ae7","t-001","f-001","b-001","wv-001","20260919_205913","farmiq-media","tenants/t-001/farms/f-001/barns/b-001/devices/wv-001/images/2026/09/19/ce555bca-0422-4ef2-9d4c-ca4435431880.jpg","14f4eb39b323509ab182c7ebeb1f589c","image/jpeg","2027069","2026-09-19 20:59:13.614454+00","2026-09-19 20:59:15.573043+00"
"80ee5d6d-e3b1-5fc4-a2e8-0b75d4fa9f4c","t-001","f-001","b-001","wv-001","20260919_205913","farmiq-media","tenants/t-001/farms/f-001/barns/b-001/devices/wv-001/images/2026/09/19/5c29a399-e872-41f2-a14d-05add3ff63b7.jpg","7eff34d7b89f91d12df2b9928d2be810","image/jpeg","2075065","2026-09-19 20:59:13.614454+00","2026-09-19 20:59:15.88781+00"
"e60a69e1-2253-5766-a299-0fc1803b5d16","t-001","f-001","b-001","wv-001","20260919_205929","farmiq-media","tenants/t-001/farms/f-001/barns/b-001/devices/wv-001/images/2026/09/19/c8f5cd1e-d9ad-40a1-bd51-ad0a3b17accb.jpg","7d1326598efcb790bd12e4e1e5050bf7","image/jpeg","2255263","2026-09-19 20:59:29.756643+00","2026-09-19 20:59:31.472811+00"
"ca902a5e-8d73-5f89-849c-414da68ff5bd","t-001","f-001","b-001","wv-001","20260919_205929","farmiq-media","tenants/t-001/farms/f-001/barns/b-001/devices/wv-001/images/2026/09/19/a112c54a-87f8-41cd-8c65-656b87f65e10.jpg","a7848ff00af4a5689474c4c0d4c5b965","image/jpeg","2288169","2026-09-19 20:59:29.756643+00","2026-09-19 20:59:31.772149+00"
"49cd80a8-ab86-53b7-a195-78e1ef967163","t-001","f-001","b-001","wv-001","20260919_205948","farmiq-media","tenants/t-001/farms/f-001/barns/b-001/devices/wv-001/images/2026/09/19/1da442db-fb52-47b6-bae1-7743a6aa681c.jpg","2a841f6ca65025e561572364e63693e8","image/jpeg","2100122","2026-09-19 20:59:48.438886+00","2026-09-19 20:59:49.396765+00"
"b5e2cc91-742c-5b62-88b6-2b3c54af113c","t-001","f-001","b-001","wv-001","20260919_205948","farmiq-media","tenants/t-001/farms/f-001/barns/b-001/devices/wv-001/images/2026/09/19/d4ee986f-2060-4d50-95d1-3433f33054ce.jpg","c3e19bca76a7366355df84776341eb8d","image/jpeg","2134395","2026-09-19 20:59:48.438886+00","2026-09-19 20:59:49.714471+00"
"1e1ae8c0-ade8-5743-bfcf-2834ad4aaf44","t-001","f-001","b-001","wv-001","20260919_210021","farmiq-media","tenants/t-001/farms/f-001/barns/b-001/devices/wv-001/images/2026/09/19/7ad37d0a-7de1-4cc9-86fd-b27228b9e39b.jpg","ae66c5f5fcf03b944ef93ed01b55a9f8","image/jpeg","2329349","2026-09-19 21:00:21.283926+00","2026-09-19 21:00:23.612361+00"
"3c450ab3-a71b-5acc-9dc6-fef78ece2328","t-001","f-001","b-001","wv-001","20260919_210021","farmiq-media","tenants/t-001/farms/f-001/barns/b-001/devices/wv-001/images/2026/09/19/b3e62068-4015-4180-bfec-93c5f01d079e.jpg","4f702ac28fdeac5baccbc6a24db82366","image/jpeg","2362803","2026-09-19 21:00:21.283926+00","2026-09-19 21:00:23.93771+00"
"a834ee07-f257-5c11-bdff-eceee29a6f38","t-001","f-001","b-001","wv-001","20260919_210036","farmiq-media","tenants/t-001/farms/f-001/barns/b-001/devices/wv-001/images/2026/09/19/f8fce064-46bd-43a2-984e-7a2624c89e05.jpg","22659627bf6914e5ba62925fe10c3c80","image/jpeg","2256903","2026-09-19 21:00:36.311357+00","2026-09-19 21:00:37.545163+00"
"a64c3483-2666-5215-8b41-c58094ee5e20","t-001","f-001","b-001","wv-001","20260919_210036","farmiq-media","tenants/t-001/farms/f-001/barns/b-001/devices/wv-001/images/2026/09/19/3326619d-cd75-4349-9da4-71797f9055e3.jpg","355e23adf7ee78c5887fbfb8970a51a2","image/jpeg","2296252","2026-09-19 21:00:36.311357+00","2026-09-19 21:00:37.897592+00"
"03f5fa65-9329-5019-b729-88ce582795e8","t-001","f-001","b-001","wv-001","20260919_210152","farmiq-media","tenants/t-001/farms/f-001/barns/b-001/devices/wv-001/images/2026/09/19/5968e8f2-4f1d-4bba-8e32-0e73bcebedac.jpg","e6ce7285f5aa6840f369e45e979b2c73","image/jpeg","2282498","2026-09-19 21:01:52.092926+00","2026-09-19 21:01:54.064828+00"
"c4dd0cf2-917c-55ef-bd18-c6ead5f25228","t-001","f-001","b-001","wv-001","20260919_210152","farmiq-media","tenants/t-001/farms/f-001/barns/b-001/devices/wv-001/images/2026/09/19/099780ec-b322-4ff8-8741-0f4b83aca47c.jpg","317fcc1c53bd10fab662561160dc4951","image/jpeg","2310064","2026-09-19 21:01:52.092926+00","2026-09-19 21:01:54.4289+00"
"a55becc1-2745-52c5-a646-fcdb6228485b","t-001","f-001","b-001","wv-001","20260919_210204","farmiq-media","tenants/t-001/farms/f-001/barns/b-001/devices/wv-001/images/2026/09/19/802ee294-e8d2-46cb-a8d3-441c19e4b79d.jpg","0808b25211e02d5f1ba26c2247502543","image/jpeg","2306220","2026-09-19 21:02:04.352613+00","2026-09-19 21:02:06.087302+00"
"2cfc48f6-c6e7-5054-a9b4-cad23ff6e01a","t-001","f-001","b-001","wv-001","20260919_210204","farmiq-media","tenants/t-001/farms/f-001/barns/b-001/devices/wv-001/images/2026/09/19/4feed402-f9fd-4685-9017-f9fc6864f499.jpg","76575b582b6d6d5ea55558cebf09dcd9","image/jpeg","2339168","2026-09-19 21:02:04.352613+00","2026-09-19 21:02:06.475906+00"
"d6f4e055-4cd1-5dd0-8d98-608fc0ac56bf","t-001","f-001","b-001","wv-001","20260919_210248","farmiq-media","tenants/t-001/farms/f-001/barns/b-001/devices/wv-001/images/2026/09/19/e93f49de-0378-4583-b324-5d5dc1d4a407.jpg","9c02b14b354c589e66d8bd0a8d2558d4","image/jpeg","2133275","2026-09-19 21:02:48.11014+00","2026-09-19 21:02:51.428141+00"
"f3caf53f-d7e9-5698-8dc2-602769f79d08","t-001","f-001","b-001","wv-001","20260919_210248","farmiq-media","tenants/t-001/farms/f-001/barns/b-001/devices/wv-001/images/2026/09/19/d73a2912-7e18-4454-b60d-ed677f4878ba.jpg","8aa28c5595ab53221efe930b2d0a29a0","image/jpeg","2170618","2026-09-19 21:02:48.11014+00","2026-09-19 21:02:53.101044+00"
"58fbda0e-53de-5914-92c4-1545baca39b1","t-001","f-001","b-001","wv-001","20260919_210252","farmiq-media","tenants/t-001/farms/f-001/barns/b-001/devices/wv-001/images/2026/09/19/61c8a02d-30f9-4f7b-965c-12dbb46d9205.jpg","c264191fdf6781304f080dca1657089d","image/jpeg","2042674","2026-09-19 21:02:52.220992+00","2026-09-19 21:03:01.376908+00"
"36819f5f-b9b2-5e06-a82a-2d0ad38a10d2","t-001","f-001","b-001","wv-001","20260919_210252","farmiq-media","tenants/t-001/farms/f-001/barns/b-001/devices/wv-001/images/2026/09/19/4b9e3d36-a5bd-45c7-bc83-4831301130ee.jpg","ee969217194ad730d67d3ef67c02cb80","image/jpeg","2092619","2026-09-19 21:02:52.220992+00","2026-09-19 21:03:03.588827+00"
"8f7aa7bc-0f50-58af-983e-beffd4dc2c58","t-001","f-001","b-001","wv-001","20260919_210347","farmiq-media","tenants/t-001/farms/f-001/barns/b-001/devices/wv-001/images/2026/09/19/fb8ca4e3-017f-4bd5-be7d-e2394a3b6720.jpg","ddafd0eb7a15e33f1a3ee82ee9051fd9","image/jpeg","2175254","2026-09-19 21:03:47.712468+00","2026-09-19 21:03:49.394379+00"
"2abc3e24-4398-5199-af4f-6448a5e36443","t-001","f-001","b-001","wv-001","20260919_210347","farmiq-media","tenants/t-001/farms/f-001/barns/b-001/devices/wv-001/images/2026/09/19/5aa3b1b3-0085-4749-a00b-77e10371effd.jpg","57a11cca2796b2f5c00d33841a519185","image/jpeg","2215621","2026-09-19 21:03:47.712468+00","2026-09-19 21:03:49.699483+00"
"326a84e1-6fae-512d-b7b2-d82480612458","t-001","f-001","b-001","wv-001","20260919_210448","farmiq-media","tenants/t-001/farms/f-001/barns/b-001/devices/wv-001/images/2026/09/19/deafb060-20eb-42eb-81d7-178b142c5f5e.jpg","19cf5630b4b16afc2ef9e881f7cd0917","image/jpeg","2104599","2026-09-19 21:04:48.705047+00","2026-09-19 21:04:49.616613+00"
"c86ce62a-9b80-5ba1-a919-b41ba48f1c3a","t-001","f-001","b-001","wv-001","20260919_210448","farmiq-media","tenants/t-001/farms/f-001/barns/b-001/devices/wv-001/images/2026/09/19/832efbba-9383-4b17-a08a-4cec9efb8437.jpg","92e3fb3804abcbd5df6da106a56b88c5","image/jpeg","2148666","2026-09-19 21:04:48.705047+00","2026-09-19 21:04:49.950067+00"
"143744de-7752-5201-8c87-85a70c458a6d","t-001","f-001","b-001","wv-001","20260919_210452","farmiq-media","tenants/t-001/farms/f-001/barns/b-001/devices/wv-001/images/2026/09/19/9a849abb-e14a-409a-a9a0-0063bbe24d12.jpg","958994694b70c6fa9039ba15663576ee","image/jpeg","2025295","2026-09-19 21:04:52.955398+00","2026-09-19 21:04:55.381304+00"
"a4828def-3d36-55f4-89ec-c9f58d6d3c39","t-001","f-001","b-001","wv-001","20260919_210452","farmiq-media","tenants/t-001/farms/f-001/barns/b-001/devices/wv-001/images/2026/09/19/400cdfd5-a17b-47d7-a060-ed005bde29ee.jpg","be61a988884245e1fafef8f209312645","image/jpeg","2069122","2026-09-19 21:04:52.955398+00","2026-09-19 21:04:55.706253+00"
"7d344b68-f2a3-5cd1-83c5-949917cf25fe","t-001","f-001","b-001","wv-001","20260919_210504","farmiq-media","tenants/t-001/farms/f-001/barns/b-001/devices/wv-001/images/2026/09/19/2f7c186c-7ecc-4cba-a821-9b2ac5eff6ea.jpg","7db9b0f939192e1e1b1b9c9b8f634814","image/jpeg","2331029","2026-09-19 21:05:04.658166+00","2026-09-19 21:05:05.359982+00"
"231eee7c-fa6f-5075-8597-051ab69067cd","t-001","f-001","b-001","wv-001","20260919_210504","farmiq-media","tenants/t-001/farms/f-001/barns/b-001/devices/wv-001/images/2026/09/19/5c3f5737-e7a6-4eeb-92cd-166d52d9bf73.jpg","6b5f3977dce31bbeca66e8dde45b7a48","image/jpeg","2365075","2026-09-19 21:05:04.658166+00","2026-09-19 21:05:05.737215+00"
"509ebd8f-d543-5a4b-ab21-ac8ed8f65c6f","t-001","f-001","b-001","wv-001","20260919_210623","farmiq-media","tenants/t-001/farms/f-001/barns/b-001/devices/wv-001/images/2026/09/19/93711826-97f9-4b5b-a239-6702925b913c.jpg","a1e199c49d10f51205407db528886812","image/jpeg","2523555","2026-09-19 21:06:23.726065+00","2026-09-19 21:06:25.909546+00"
"95ca8800-bf1d-5102-a234-642b0551a28c","t-001","f-001","b-001","wv-001","20260919_210623","farmiq-media","tenants/t-001/farms/f-001/barns/b-001/devices/wv-001/images/2026/09/19/5f418c3b-14bf-4359-9f99-8b4d9b737a42.jpg","f097d3e4be37ec7b2c7f60fac890b22e","image/jpeg","2552539","2026-09-19 21:06:23.726065+00","2026-09-19 21:06:26.323203+00"
"2bd56fa0-bdbd-514b-8102-600c0e77fc09","t-001","f-001","b-001","wv-001","20260919_210627","farmiq-media","tenants/t-001/farms/f-001/barns/b-001/devices/wv-001/images/2026/09/19/515f49b0-0f37-4a2a-bf2b-76f59d9cc0db.jpg","ab2774727e802499b01358eb43e17fd8","image/jpeg","2058629","2026-09-19 21:06:27.800242+00","2026-09-19 21:06:31.866154+00"
"c6de65c8-9755-5b18-bfb0-cecaf323e331","t-001","f-001","b-001","wv-001","20260919_210627","farmiq-media","tenants/t-001/farms/f-001/barns/b-001/devices/wv-001/images/2026/09/19/400e9763-5fc9-4de0-9ba9-45fdc2e77699.jpg","e7500dd1586d0210308bb52f18096e72","image/jpeg","2113498","2026-09-19 21:06:27.800242+00","2026-09-19 21:06:32.184561+00"
"99684b1c-90c1-55b2-a46c-8017157da206","t-001","f-001","b-001","wv-001","20260919_210702","farmiq-media","tenants/t-001/farms/f-001/barns/b-001/devices/wv-001/images/2026/09/19/3a7048e5-49ef-465f-b1b0-2b4c2b422683.jpg","63d8ca9465ca7d00f5b31a453062723b","image/jpeg","2297806","2026-09-19 21:07:02.857523+00","2026-09-19 21:07:03.959746+00"
"c5ff5e3d-05f1-5d61-a04c-db3a326ec45b","t-001","f-001","b-001","wv-001","20260919_210702","farmiq-media","tenants/t-001/farms/f-001/barns/b-001/devices/wv-001/images/2026/09/19/bc64f7a2-241a-4fed-8bda-c6006f1a47db.jpg","d4d3cbd936155f7a9d3a4b5006cf1e03","image/jpeg","2341286","2026-09-19 21:07:02.857523+00","2026-09-19 21:07:04.335936+00"
"f9ee2b0c-555e-503c-90c8-ecac85ff4a85","t-001","f-001","b-001","wv-001","20260919_210713","farmiq-media","tenants/t-001/farms/f-001/barns/b-001/devices/wv-001/images/2026/09/19/bebe65f9-5675-4dac-b218-ce36f0b3d96a.jpg","0e5d31a8b3d89ec88e60df3e502b99d4","image/jpeg","2069351","2026-09-19 21:07:13.247378+00","2026-09-19 21:07:13.921001+00"
"7239dd4b-dcab-5cac-afb5-73de57a2fae3","t-001","f-001","b-001","wv-001","20260919_210713","farmiq-media","tenants/t-001/farms/f-001/barns/b-001/devices/wv-001/images/2026/09/19/600cccce-2485-481c-96aa-3924c1ded575.jpg","87eb057a8adcdfde9f3361b2457f55d7","image/jpeg","2116597","2026-09-19 21:07:13.247378+00","2026-09-19 21:07:14.267641+00"
"d6ad3e3d-893d-57b2-8096-da05dacb69f0","t-001","f-001","b-001","wv-001","20260919_210729","farmiq-media","tenants/t-001/farms/f-001/barns/b-001/devices/wv-001/images/2026/09/19/32b7a008-3ecd-4582-bbe2-588ecb8625b2.jpg","df3a436163a6b2d1acd7f60d4c4444fd","image/jpeg","1993814","2026-09-19 21:07:29.582812+00","2026-09-19 21:07:31.928822+00"
"08f1ad10-c03e-5bdf-b3f9-d88955a413e1","t-001","f-001","b-001","wv-001","20260919_210729","farmiq-media","tenants/t-001/farms/f-001/barns/b-001/devices/wv-001/images/2026/09/19/1f4ee571-0ee2-4f5e-9414-bf6f08f49455.jpg","7f5f16ddd358cf9a3c1f5cb9d5de8e29","image/jpeg","2051865","2026-09-19 21:07:29.582812+00","2026-09-19 21:07:32.253489+00"
"6b0eaf26-ce4e-5717-b30f-a3ba9235fa6a","t-001","f-001","b-001","wv-001","20260919_210744","farmiq-media","tenants/t-001/farms/f-001/barns/b-001/devices/wv-001/images/2026/09/19/4c7b892d-38ff-4667-964c-681503be05f8.jpg","b2aedcf8d85a62849e3790dc138254b2","image/jpeg","2222559","2026-09-19 21:07:44.885902+00","2026-09-19 21:07:45.930405+00"
"6b625c34-537d-5f9a-af13-84810c04ca59","t-001","f-001","b-001","wv-001","20260919_210744","farmiq-media","tenants/t-001/farms/f-001/barns/b-001/devices/wv-001/images/2026/09/19/17fee9f3-888f-49ef-babc-831c43ff4c10.jpg","f5e3e7a6c4b1958647330d95d0e4f5b2","image/jpeg","2258312","2026-09-19 21:07:44.885902+00","2026-09-19 21:07:46.346227+00"
"ff395ebe-393e-5b72-8679-072fae73e849","t-001","f-001","b-001","wv-001","20260919_210912","farmiq-media","tenants/t-001/farms/f-001/barns/b-001/devices/wv-001/images/2026/09/19/24f2dd97-199d-438b-bc62-6141a4d174ee.jpg","ced913d0a2d395ba88c750d4c6f2d462","image/jpeg","2184058","2026-09-19 21:09:12.640174+00","2026-09-19 21:09:14.539965+00"
"eb9239d9-0843-563d-a213-a6b9cd8c74e4","t-001","f-001","b-001","wv-001","20260919_210912","farmiq-media","tenants/t-001/farms/f-001/barns/b-001/devices/wv-001/images/2026/09/19/e9275eba-c598-4cb8-8aec-9717fc522dc9.jpg","decbda6c5d378ffc5b2238127bf7002d","image/jpeg","2216307","2026-09-19 21:09:12.640174+00","2026-09-19 21:09:14.878489+00"
"d84ef87f-1e05-5bdf-8745-b348859c6f77","t-001","f-001","b-001","wv-001","20260919_210921","farmiq-media","tenants/t-001/farms/f-001/barns/b-001/devices/wv-001/images/2026/09/19/37497b4f-c7be-44b5-beb6-545a0f51eefc.jpg","5948341a618bfbc1debdaa592745df8f","image/jpeg","2104506","2026-09-19 21:09:21.349676+00","2026-09-19 21:09:22.421646+00"
"250dc2e5-84f5-5238-bb59-3c0b5912eef5","t-001","f-001","b-001","wv-001","20260919_210921","farmiq-media","tenants/t-001/farms/f-001/barns/b-001/devices/wv-001/images/2026/09/19/5f06ff96-673c-454a-9474-1eff5f3c47cc.jpg","3b522f9e7f77c71085f181e34c6ea240","image/jpeg","2137547","2026-09-19 21:09:21.349676+00","2026-09-19 21:09:22.746699+00"
"b05903ff-c1ec-5e48-b0db-a38d9a907fa2","t-001","f-001","b-001","wv-001","20260919_210939","farmiq-media","tenants/t-001/farms/f-001/barns/b-001/devices/wv-001/images/2026/09/19/ad26ca37-6485-4f47-b705-bcc4c1063fdf.jpg","ade51382fceeee267699824c70761d76","image/jpeg","1987321","2026-09-19 21:09:39.009047+00","2026-09-19 21:09:40.448718+00"
"d1869d6e-6588-537c-b945-3838e343d3cb","t-001","f-001","b-001","wv-001","20260919_210939","farmiq-media","tenants/t-001/farms/f-001/barns/b-001/devices/wv-001/images/2026/09/19/52df438c-d1da-4909-a141-8a98a2ffed42.jpg","ad8458f56b5d866f367af1e42ee21111","image/jpeg","2017935","2026-09-19 21:09:39.009047+00","2026-09-19 21:09:40.868255+00"
"38e60005-f3a4-5918-93ad-36e129ad631f","t-001","f-001","b-001","wv-001","20260919_211024","farmiq-media","tenants/t-001/farms/f-001/barns/b-001/devices/wv-001/images/2026/09/19/766e9d7a-1ad3-4e81-93f4-c5df53c27036.jpg","7bccc6144f190f563700284cfb01d9a9","image/jpeg","2310426","2026-09-19 21:10:24.903143+00","2026-09-19 21:10:26.731185+00"
"3a83ec21-d72d-5ca4-a3ae-6acf74fa93fe","t-001","f-001","b-001","wv-001","20260919_211024","farmiq-media","tenants/t-001/farms/f-001/barns/b-001/devices/wv-001/images/2026/09/19/73e8a9ca-aa48-45d7-aa32-c0acf2061fd7.jpg","ee547dc97258c5c2322ab30383d83b4d","image/jpeg","2344064","2026-09-19 21:10:24.903143+00","2026-09-19 21:10:27.12874+00"
"1e3e2dc4-d1f1-59a1-bcb7-851821e27367","t-001","f-001","b-001","wv-001","20260919_211049","farmiq-media","tenants/t-001/farms/f-001/barns/b-001/devices/wv-001/images/2026/09/19/f771211c-a7fc-479c-ba23-23d49b926daf.jpg","023da59605fc08f5a5067276b4ab491b","image/jpeg","2482591","2026-09-19 21:10:49.78191+00","2026-09-19 21:10:50.930962+00"
"47c79f65-a8d1-5076-8d97-416c8e145e50","t-001","f-001","b-001","wv-001","20260919_211049","farmiq-media","tenants/t-001/farms/f-001/barns/b-001/devices/wv-001/images/2026/09/19/c87b61b1-f077-45ab-b517-98356f5b07cf.jpg","0d759bf8c09f0fe081877248bb6bc308","image/jpeg","2504475","2026-09-19 21:10:49.78191+00","2026-09-19 21:10:51.401117+00"
"13fa0bb6-7c31-5708-9892-68c27896c2ea","t-001","f-001","b-001","wv-001","20260919_211112","farmiq-media","tenants/t-001/farms/f-001/barns/b-001/devices/wv-001/images/2026/09/19/5868fbc7-aeab-4f0b-9496-3df7231bfdde.jpg","63490fe935e605f944cceafc02f844a6","image/jpeg","2065549","2026-09-19 21:11:12.311135+00","2026-09-19 21:11:12.989866+00"
"11bad820-8eb2-5865-823c-09ad5df8b56e","t-001","f-001","b-001","wv-001","20260919_211112","farmiq-media","tenants/t-001/farms/f-001/barns/b-001/devices/wv-001/images/2026/09/19/c0368571-6f78-494d-a3d2-bc5b2e1fdc1f.jpg","79858f38a13d024a60abae5655e36ddc","image/jpeg","2106328","2026-09-19 21:11:12.311135+00","2026-09-19 21:11:13.366915+00"
"88c523c8-e29b-5c94-b927-3149a83e00c5","t-001","f-001","b-001","wv-001","20260919_211133","farmiq-media","tenants/t-001/farms/f-001/barns/b-001/devices/wv-001/images/2026/09/19/f7bf9067-14a4-48e1-b08f-fc10555a68a6.jpg","67394607d5b83455b8e472c85b2c0928","image/jpeg","2295877","2026-09-19 21:11:33.18082+00","2026-09-19 21:11:35.113612+00"
"a6a8ffba-62e2-5913-a93e-003b9cf59044","t-001","f-001","b-001","wv-001","20260919_211133","farmiq-media","tenants/t-001/farms/f-001/barns/b-001/devices/wv-001/images/2026/09/19/0a083409-90f7-40d5-a48d-2d02f40bdd33.jpg","6910b94e467ba1dee4ea6e37945b0218","image/jpeg","2327214","2026-09-19 21:11:33.18082+00","2026-09-19 21:11:35.52277+00"
"65c9313f-2923-5507-b2dd-aafeefcaad52","t-001","f-001","b-001","wv-001","20260919_211148","farmiq-media","tenants/t-001/farms/f-001/barns/b-001/devices/wv-001/images/2026/09/19/9b5acd2e-7fb7-45a0-a68d-119cab7b5799.jpg","f60242165732aace5d8948fd4970f0b0","image/jpeg","2288476","2026-09-19 21:11:48.58789+00","2026-09-19 21:11:49.281463+00"
"46898f42-c4d2-568a-a537-3980ed0fdca9","t-001","f-001","b-001","wv-001","20260919_211148","farmiq-media","tenants/t-001/farms/f-001/barns/b-001/devices/wv-001/images/2026/09/19/74376b22-a16f-4d0a-a2fb-94abe02fac04.jpg","c5c2468374b18ffc6efcc306d248ba03","image/jpeg","2314693","2026-09-19 21:11:48.58789+00","2026-09-19 21:11:49.679449+00"
"5c50da53-48e1-5338-a9e5-add0205cc30b","t-001","f-001","b-001","wv-001","20260919_211206","farmiq-media","tenants/t-001/farms/f-001/barns/b-001/devices/wv-001/images/2026/09/19/1ff9128d-53fc-4cb5-b7bd-5623c35aaaf5.jpg","84f69ec6ac5468d0847945716d60e21c","image/jpeg","2179968","2026-09-19 21:12:06.691914+00","2026-09-19 21:12:07.396284+00"
"7c8adb3f-97e7-5e1c-bfcc-4b4af85a4ee2","t-001","f-001","b-001","wv-001","20260919_211206","farmiq-media","tenants/t-001/farms/f-001/barns/b-001/devices/wv-001/images/2026/09/19/cf5e3b98-1a0c-44c8-ad53-8dfd8bab5d3b.jpg","275c283e4679e3688aa0d89779ecc920","image/jpeg","2209397","2026-09-19 21:12:06.691914+00","2026-09-19 21:12:07.799381+00"
"6a41987b-b9d8-5a25-8c7d-04bc9714b8c7","t-001","f-001","b-001","wv-001","20260919_211219","farmiq-media","tenants/t-001/farms/f-001/barns/b-001/devices/wv-001/images/2026/09/19/febde348-4764-4fbf-89a8-2c1117fac63d.jpg","31c5400d65df23d5afceada100640f0a","image/jpeg","2305942","2026-09-19 21:12:19.929869+00","2026-09-19 21:12:21.502929+00"
"e932e191-4538-50a2-a5c8-4dd07d697b5e","t-001","f-001","b-001","wv-001","20260919_211219","farmiq-media","tenants/t-001/farms/f-001/barns/b-001/devices/wv-001/images/2026/09/19/4181f38d-af1f-490d-b232-3b969f065723.jpg","aba405bd73ff2fef018952dea894d847","image/jpeg","2338452","2026-09-19 21:12:19.929869+00","2026-09-19 21:12:21.902355+00"
"9957f05c-7192-5bc3-b001-fbe2ddb82258","t-001","f-001","b-001","wv-001","20260919_211249","farmiq-media","tenants/t-001/farms/f-001/barns/b-001/devices/wv-001/images/2026/09/19/58d584c8-6bee-49c1-904c-6bededd9cd8e.jpg","ca63c774458deb5cc6ee0a844540ec13","image/jpeg","2319427","2026-09-19 21:12:49.282324+00","2026-09-19 21:12:51.648453+00"
"016b96a3-a730-510e-8be6-b7dd9a71af62","t-001","f-001","b-001","wv-001","20260919_211249","farmiq-media","tenants/t-001/farms/f-001/barns/b-001/devices/wv-001/images/2026/09/19/384cd5b2-e50a-4ab2-a87c-684e0289e9eb.jpg","95b946b03c0d767984a6afc26b431603","image/jpeg","2347962","2026-09-19 21:12:49.282324+00","2026-09-19 21:12:52.02444+00"
"185b5b10-d06c-5c6e-afba-3599ff91e4a9","t-001","f-001","b-001","wv-001","20260919_211256","farmiq-media","tenants/t-001/farms/f-001/barns/b-001/devices/wv-001/images/2026/09/19/e92704e4-ee98-41de-b3bc-b2425c9cd016.jpg","5d3d4f6654283ab4fd17b97bce581071","image/jpeg","2383966","2026-09-19 21:12:56.484148+00","2026-09-19 21:12:57.56157+00"
"6c731e3a-e5d6-536c-9ae9-807d483e0078","t-001","f-001","b-001","wv-001","20260919_211256","farmiq-media","tenants/t-001/farms/f-001/barns/b-001/devices/wv-001/images/2026/09/19/ca19d6b0-6580-432f-8f64-85b0253dff1f.jpg","c7139f4e2f8825d99ccf3f211529fe3e","image/jpeg","2406358","2026-09-19 21:12:56.484148+00","2026-09-19 21:12:57.94136+00"
"34182a8a-f69b-5a13-8bf4-c9aa2083b453","t-001","f-001","b-001","wv-001","20260919_211303","farmiq-media","tenants/t-001/farms/f-001/barns/b-001/devices/wv-001/images/2026/09/19/fe8ba6d6-f976-4b3f-a39c-b6684c63b4e3.jpg","ddbd4c6b4014f84572f65de962c08a46","image/jpeg","2329015","2026-09-19 21:13:03.160448+00","2026-09-19 21:13:05.584976+00"
"3dbdea4d-8894-55f9-b2a8-554e9d834c94","t-001","f-001","b-001","wv-001","20260919_211303","farmiq-media","tenants/t-001/farms/f-001/barns/b-001/devices/wv-001/images/2026/09/19/43f24faf-c0ee-4f23-90a7-db7601115482.jpg","231167945d787d73fb51a577bd78e3dd","image/jpeg","2352844","2026-09-19 21:13:03.160448+00","2026-09-19 21:13:05.993519+00"
"68eefff8-a300-5958-86ed-037890aebb95","t-001","f-001","b-001","wv-001","20260919_211312","farmiq-media","tenants/t-001/farms/f-001/barns/b-001/devices/wv-001/images/2026/09/19/a9984c57-7394-47aa-a2ca-6b1bca372b63.jpg","cf5a394506b5366dce5361e94f3aa2f5","image/jpeg","2456529","2026-09-19 21:13:12.983152+00","2026-09-19 21:13:13.618015+00"
"8e08542d-1f7a-519a-9cc8-1b61cf44aa13","t-001","f-001","b-001","wv-001","20260919_211312","farmiq-media","tenants/t-001/farms/f-001/barns/b-001/devices/wv-001/images/2026/09/19/b04eabe8-e40d-4e06-b048-808853e68d45.jpg","4b23f6d89cd7738d87c62c63e2c20c83","image/jpeg","2491712","2026-09-19 21:13:12.983152+00","2026-09-19 21:13:14.018277+00"
"02882005-cba2-59a0-98a8-6d5262c0f56b","t-001","f-001","b-001","wv-001","20260919_211359","farmiq-media","tenants/t-001/farms/f-001/barns/b-001/devices/wv-001/images/2026/09/19/4dfd6dbd-0ae4-4121-a53b-a7861e379237.jpg","b0158c7f16575cd986f27e514e0af241","image/jpeg","2264908","2026-09-19 21:13:59.363693+00","2026-09-19 21:14:03.343216+00"
"651f802d-4465-5b1d-8ede-906a0bb25348","t-001","f-001","b-001","wv-001","20260919_211359","farmiq-media","tenants/t-001/farms/f-001/barns/b-001/devices/wv-001/images/2026/09/19/694dadfa-2c8f-4e6b-a562-678f387735d6.jpg","f4208a872cd2b11fc916669a1561be56","image/jpeg","2309582","2026-09-19 21:13:59.363693+00","2026-09-19 21:14:09.914206+00"
"163d6685-5d11-52a9-96d3-f161f3dc00b8","t-001","f-001","b-001","wv-001","20260919_211413","farmiq-media","tenants/t-001/farms/f-001/barns/b-001/devices/wv-001/images/2026/09/19/e7951fba-7c9c-4f9b-8d98-323d2864cc35.jpg","419ce5591111cd94c3ba7d3efd4df5e2","image/jpeg","2404696","2026-09-19 21:14:13.927235+00","2026-09-19 21:14:19.654323+00"
"88c5d83c-ec14-504f-8b66-46990b0c9b2d","t-001","f-001","b-001","wv-001","20260919_211413","farmiq-media","tenants/t-001/farms/f-001/barns/b-001/devices/wv-001/images/2026/09/19/5d0f06f4-b378-432b-9a57-46ed72f853f8.jpg","d61bb813ec044312dc2ba8c0cc1e35da","image/jpeg","2428297","2026-09-19 21:14:13.927235+00","2026-09-19 21:14:21.651511+00"
"77d20428-34dc-5ef3-8c94-903d36d56a6c","t-001","f-001","b-001","wv-001","20260919_211417","farmiq-media","tenants/t-001/farms/f-001/barns/b-001/devices/wv-001/images/2026/09/19/27b6cb5f-cee8-4053-8a3e-3ef8d8ae87a3.jpg","138849c2313b2d74c6c8cd80f5091bf3","image/jpeg","2079021","2026-09-19 21:14:17.855979+00","2026-09-19 21:14:27.19724+00"
"9e3ae2e6-9868-56ef-8042-bf37ebc8716a","t-001","f-001","b-001","wv-001","20260919_211417","farmiq-media","tenants/t-001/farms/f-001/barns/b-001/devices/wv-001/images/2026/09/19/d7b0add2-d2a0-427c-9cb6-81a52c9bd6bb.jpg","f103be15c6d3680ffea83b4803b4de0f","image/jpeg","2134253","2026-09-19 21:14:17.855979+00","2026-09-19 21:14:27.545371+00"
"b87bb904-6e66-50c2-8a61-74bb325d2b1b","t-001","f-001","b-001","wv-001","20260919_211502","farmiq-media","tenants/t-001/farms/f-001/barns/b-001/devices/wv-001/images/2026/09/19/13222930-1a79-445a-a87e-b7ec6d3015d6.jpg","2af77d2681afb4c351eb58cf5e3e701f","image/jpeg","2102141","2026-09-19 21:15:02.683452+00","2026-09-19 21:15:03.416719+00"
"bc46bf56-29e4-5e7c-9c0e-0e0accb5f530","t-001","f-001","b-001","wv-001","20260919_211502","farmiq-media","tenants/t-001/farms/f-001/barns/b-001/devices/wv-001/images/2026/09/19/c1aec3f6-fe98-46ea-81e1-b16796ddd57d.jpg","0650083a1df8e416272ce4ed8847869d","image/jpeg","2139620","2026-09-19 21:15:02.683452+00","2026-09-19 21:15:03.814141+00"
"81ea25b7-170c-560b-9223-9b3527c8db54","t-001","f-001","b-001","wv-001","20260919_211601","farmiq-media","tenants/t-001/farms/f-001/barns/b-001/devices/wv-001/images/2026/09/19/7162e54f-0d99-4315-bbdf-82106cdffeac.jpg","3ef7c66260aeed741458eea9b34949a2","image/jpeg","1955464","2026-09-19 21:16:01.087866+00","2026-09-19 21:16:01.833212+00"
"d7be74f3-11ac-532b-8f58-5ad206e73240","t-001","f-001","b-001","wv-001","20260919_211601","farmiq-media","tenants/t-001/farms/f-001/barns/b-001/devices/wv-001/images/2026/09/19/2f59716f-65e2-43d2-a237-6c16ca415c30.jpg","772091bdd581b50faa706e8a56e3ca59","image/jpeg","1971902","2026-09-19 21:16:01.087866+00","2026-09-19 21:16:02.152417+00"
"bb41c323-612e-5505-8582-6bf6e780a24b","t-001","f-001","b-001","wv-001","20260919_211608","farmiq-media","tenants/t-001/farms/f-001/barns/b-001/devices/wv-001/images/2026/09/19/c2c27161-9bea-4b01-a4d3-97adf420c294.jpg","123b0b2b43d5f0820f2b81b1fd1d65a5","image/jpeg","1936729","2026-09-19 21:16:08.253575+00","2026-09-19 21:16:09.686104+00"
"0ac29310-9753-5be7-81ad-092740937265","t-001","f-001","b-001","wv-001","20260919_211608","farmiq-media","tenants/t-001/farms/f-001/barns/b-001/devices/wv-001/images/2026/09/19/2b35ca89-612f-448f-82db-fe76808bfa01.jpg","c3a7a9a73fa85f3591b4c5a5109650d8","image/jpeg","1956257","2026-09-19 21:16:08.253575+00","2026-09-19 21:16:10.0013+00"
"0e04aa97-9f7f-5172-a7ae-46412ce44675","t-001","f-001","b-001","wv-001","20260919_211619","farmiq-media","tenants/t-001/farms/f-001/barns/b-001/devices/wv-001/images/2026/09/19/f26d8c6e-a61a-4e14-9c5b-131c1e10e638.jpg","ce78135ce91a691fa54ff31e561d94d0","image/jpeg","2200616","2026-09-19 21:16:19.335664+00","2026-09-19 21:16:21.637488+00"
"9944baa2-dcb6-5492-8012-419bde8b73c6","t-001","f-001","b-001","wv-001","20260919_211619","farmiq-media","tenants/t-001/farms/f-001/barns/b-001/devices/wv-001/images/2026/09/19/7c339ec8-a029-48af-9b25-16978b557f1d.jpg","64d8d107908cc86d76dbf143350239ef","image/jpeg","2221391","2026-09-19 21:16:19.335664+00","2026-09-19 21:16:22.017847+00"
"03e90ac8-ceeb-5872-aa7e-c728362e30b0","t-001","f-001","b-001","wv-001","20260919_211643","farmiq-media","tenants/t-001/farms/f-001/barns/b-001/devices/wv-001/images/2026/09/19/8dbdc36c-ad8b-47de-a8a0-617844726d8e.jpg","4deee84a2c2058b2f2934453922cc6b8","image/jpeg","2271622","2026-09-19 21:16:43.054983+00","2026-09-19 21:16:43.745744+00"
"41104536-c525-527f-9944-5572f3a619eb","t-001","f-001","b-001","wv-001","20260919_211643","farmiq-media","tenants/t-001/farms/f-001/barns/b-001/devices/wv-001/images/2026/09/19/b4546141-1131-4a05-b06e-e39118d0a28a.jpg","4c68e9c7c4a0ddfad66b76947849747c","image/jpeg","2301652","2026-09-19 21:16:43.054983+00","2026-09-19 21:16:44.136112+00"
"79d03b30-7bec-565a-abe8-64ab9f364e84","t-001","f-001","b-001","wv-001","20260919_211647","farmiq-media","tenants/t-001/farms/f-001/barns/b-001/devices/wv-001/images/2026/09/19/bea69821-a595-43f7-a9c8-ce2cb94e3585.jpg","c676055d9b03cbf15a94e19bffbc44d0","image/jpeg","2243624","2026-09-19 21:16:47.531479+00","2026-09-19 21:16:49.694007+00"
"60c4622b-7050-5572-a2dc-b73840642f78","t-001","f-001","b-001","wv-001","20260919_211647","farmiq-media","tenants/t-001/farms/f-001/barns/b-001/devices/wv-001/images/2026/09/19/f96c3a35-43f2-4264-b6e5-5f1bdc98358b.jpg","f9843d9d635047b7f13b79f47760220d","image/jpeg","2269196","2026-09-19 21:16:47.531479+00","2026-09-19 21:16:50.051411+00"
"b61fc05a-93b5-5f06-949a-6bf7a76ffbf1","t-001","f-001","b-001","wv-001","20260919_211915","farmiq-media","tenants/t-001/farms/f-001/barns/b-001/devices/wv-001/images/2026/09/19/5c389a37-de3a-4b6d-bf53-a7a788565af8.jpg","86849dc51eb4915986df3f7f5f738211","image/jpeg","2441157","2026-09-19 21:19:15.47885+00","2026-09-19 21:19:16.714044+00"
"aa8fbb0b-d950-5342-8ac7-bc447e7bca3f","t-001","f-001","b-001","wv-001","20260919_211915","farmiq-media","tenants/t-001/farms/f-001/barns/b-001/devices/wv-001/images/2026/09/19/c15547b7-9292-4de8-989a-fd7caff10d4e.jpg","db056c6fae72217b8adb167c105343db","image/jpeg","2470144","2026-09-19 21:19:15.47885+00","2026-09-19 21:19:17.089041+00"
"8ab65ff5-7306-586e-9fe0-6bd92b4eec1f","t-001","f-001","b-001","wv-001","20260919_211952","farmiq-media","tenants/t-001/farms/f-001/barns/b-001/devices/wv-001/images/2026/09/19/f852473b-6960-4666-811d-d08848b3b93c.jpg","c8cbd8ca8cc5fbdd8dae1e2506c74eaa","image/jpeg","2005455","2026-09-19 21:19:52.016978+00","2026-09-19 21:19:52.883433+00"
"ca7ae526-16f4-50b9-86b7-b6712741c194","t-001","f-001","b-001","wv-001","20260919_211952","farmiq-media","tenants/t-001/farms/f-001/barns/b-001/devices/wv-001/images/2026/09/19/5e91ec3c-c655-47ec-8e75-14ff7c8b292b.jpg","fce27e367482b778a9675bf7362dc812","image/jpeg","2029791","2026-09-19 21:19:52.016978+00","2026-09-19 21:19:53.177231+00"
"f75e478e-47b4-5680-ba58-7ff42c84de6b","t-001","f-001","b-001","wv-001","20260919_212008","farmiq-media","tenants/t-001/farms/f-001/barns/b-001/devices/wv-001/images/2026/09/19/31e9e9ce-dc38-42d1-9233-da24a179e04f.jpg","9970cbf4503fe0108ab2d6c65b51e49e","image/jpeg","2076772","2026-09-19 21:20:08.98314+00","2026-09-19 21:20:10.78427+00"
"ec9e0054-3318-5b0e-a339-0b2d0db8769d","t-001","f-001","b-001","wv-001","20260919_212008","farmiq-media","tenants/t-001/farms/f-001/barns/b-001/devices/wv-001/images/2026/09/19/b76e8022-704e-460f-a24b-4f2f73da16d7.jpg","5b66b5a966172f900aa74110eedc5213","image/jpeg","2091670","2026-09-19 21:20:08.98314+00","2026-09-19 21:20:11.174461+00"
"855d59ec-ca3a-5c65-b71a-160c1774c80a","t-001","f-001","b-001","wv-001","20260919_212024","farmiq-media","tenants/t-001/farms/f-001/barns/b-001/devices/wv-001/images/2026/09/19/99378260-c261-4d8b-bf4e-a86bdf25e453.jpg","8161136de9d7c183b9adb344d6ef83d5","image/jpeg","2240552","2026-09-19 21:20:24.377029+00","2026-09-19 21:20:26.799075+00"
"2716cddb-5456-510f-9eac-74e7fa43ffa0","t-001","f-001","b-001","wv-001","20260919_212024","farmiq-media","tenants/t-001/farms/f-001/barns/b-001/devices/wv-001/images/2026/09/19/c938428b-b06e-4bf2-807a-a95ad9d635e3.jpg","390a597f6bd5bba722acdc045e8398a5","image/jpeg","2261724","2026-09-19 21:20:24.377029+00","2026-09-19 21:20:27.15201+00"
"ab1e78ce-bd89-5d8d-8d27-60d17b11a244","t-001","f-001","b-001","wv-001","20260919_212030","farmiq-media","tenants/t-001/farms/f-001/barns/b-001/devices/wv-001/images/2026/09/19/07ae5b16-205e-4803-a4ee-ca67daa8d641.jpg","bf0cab4e5d9ad8f1b7e641ed1a2fe0d4","image/jpeg","2167980","2026-09-19 21:20:30.399392+00","2026-09-19 21:20:32.628642+00"
"0f2145b0-7c3c-5ea6-adef-7f4a9ab28d20","t-001","f-001","b-001","wv-001","20260919_212030","farmiq-media","tenants/t-001/farms/f-001/barns/b-001/devices/wv-001/images/2026/09/19/e0f1b9a9-e488-49e4-884d-341ce4129891.jpg","b522a207578588d17fd55baaa6c3f372","image/jpeg","2195944","2026-09-19 21:20:30.399392+00","2026-09-19 21:20:32.929036+00"
"e3752087-e378-53bb-8c22-1b298724fb3b","t-001","f-001","b-001","wv-001","20260919_212034","farmiq-media","tenants/t-001/farms/f-001/barns/b-001/devices/wv-001/images/2026/09/19/d0b80b33-31ff-40cd-8cb7-cc1b15b918dd.jpg","3495dbcd4d91c79c24e68662538336f8","image/jpeg","2296651","2026-09-19 21:20:34.60948+00","2026-09-19 21:20:38.504465+00"
"155673da-644f-5f3b-9d4b-2e9f44146fe8","t-001","f-001","b-001","wv-001","20260919_212034","farmiq-media","tenants/t-001/farms/f-001/barns/b-001/devices/wv-001/images/2026/09/19/5fdcaf98-1a42-46b9-8c3c-117d0514be71.jpg","ba8fddc86348c4fe57445b4516c21f28","image/jpeg","2324235","2026-09-19 21:20:34.60948+00","2026-09-19 21:20:38.87266+00"
"9f727e5e-94cc-5beb-ba5b-a97d40650216","t-001","f-001","b-001","wv-001","20260919_212120","farmiq-media","tenants/t-001/farms/f-001/barns/b-001/devices/wv-001/images/2026/09/19/b95ebbc4-6b8d-4945-9714-cb1f3f0a2000.jpg","3760dca35803447f0073b7e705634139","image/jpeg","2325993","2026-09-19 21:21:20.801433+00","2026-09-19 21:21:22.754038+00"
"7e321cf5-3f40-5f03-ab21-caec6d02ece2","t-001","f-001","b-001","wv-001","20260919_212120","farmiq-media","tenants/t-001/farms/f-001/barns/b-001/devices/wv-001/images/2026/09/19/9cb92767-d699-4cd8-96ff-2e1df2386296.jpg","7bbb3ce7920c55c4e11990ad89b084e3","image/jpeg","2354924","2026-09-19 21:21:20.801433+00","2026-09-19 21:21:23.161316+00"
"68d78ef9-d3c4-57cf-b619-d264ba8b9715","t-001","f-001","b-001","wv-001","20260919_212135","farmiq-media","tenants/t-001/farms/f-001/barns/b-001/devices/wv-001/images/2026/09/19/44ebfb3d-3b89-4671-8ed4-d9d81b407e2f.jpg","286657b4bca17796f64d926f612c0c8f","image/jpeg","2331409","2026-09-19 21:21:35.974171+00","2026-09-19 21:21:36.779435+00"
"527b32b9-66bc-5048-ac08-c172abeddad2","t-001","f-001","b-001","wv-001","20260919_212135","farmiq-media","tenants/t-001/farms/f-001/barns/b-001/devices/wv-001/images/2026/09/19/5d8bd84b-7396-40a6-bf50-cb35038d1162.jpg","4f610a74d09405f0aaf72afa8d930542","image/jpeg","2361744","2026-09-19 21:21:35.974171+00","2026-09-19 21:21:37.172282+00"
"8d0e7800-40d3-5bf6-aec0-bcc0b85b1b2a","t-001","f-001","b-001","wv-001","20260919_212144","farmiq-media","tenants/t-001/farms/f-001/barns/b-001/devices/wv-001/images/2026/09/19/3091587c-21d3-44bc-b761-522d9e320571.jpg","df163c669085d9ac685ef17ef8d53046","image/jpeg","2088493","2026-09-19 21:21:44.784868+00","2026-09-19 21:21:46.765726+00"
"6bc68040-8c2c-5fdf-98e6-0ffa2b0d8956","t-001","f-001","b-001","wv-001","20260919_212144","farmiq-media","tenants/t-001/farms/f-001/barns/b-001/devices/wv-001/images/2026/09/19/9911843c-f640-4ab0-9f65-c73e82f5ea98.jpg","96db3ecbda5a5fac48cd6ddc993b4a89","image/jpeg","2125618","2026-09-19 21:21:44.784868+00","2026-09-19 21:21:47.077086+00"
"427afa6b-c1fb-52b1-ac6a-04c27b004881","t-001","f-001","b-001","wv-001","20260919_212157","farmiq-media","tenants/t-001/farms/f-001/barns/b-001/devices/wv-001/images/2026/09/19/0c410e82-5567-4663-bf17-a955aef66d36.jpg","649a24d64227731e3bec5df5ec0fb7fb","image/jpeg","2251107","2026-09-19 21:21:57.908486+00","2026-09-19 21:21:58.721998+00"
"b94b7554-454e-5c52-8501-1047d71f60e4","t-001","f-001","b-001","wv-001","20260919_212157","farmiq-media","tenants/t-001/farms/f-001/barns/b-001/devices/wv-001/images/2026/09/19/9ca2d22f-15c7-4999-a2e8-f794bb085796.jpg","8f94a6e5a19963ec002936d7c69366e8","image/jpeg","2288382","2026-09-19 21:21:57.908486+00","2026-09-19 21:21:59.101728+00"
"39e5ed97-dd28-54c6-95e1-c5680454e925","t-001","f-001","b-001","wv-001","20260919_212224","farmiq-media","tenants/t-001/farms/f-001/barns/b-001/devices/wv-001/images/2026/09/19/09ac061c-dabb-4cc4-9cab-28047f896290.jpg","fedf98f1c98fdfb546b07abecb6481c3","image/jpeg","2336405","2026-09-19 21:22:24.960372+00","2026-09-19 21:22:26.848287+00"
"63d63ec3-0e7b-570c-a76f-af18e9a695e0","t-001","f-001","b-001","wv-001","20260919_212224","farmiq-media","tenants/t-001/farms/f-001/barns/b-001/devices/wv-001/images/2026/09/19/48c97ba6-f2cc-4ef0-a54c-b5b6dc1fd55d.jpg","01a5bf2a9b19db40075046e06636c4e1","image/jpeg","2369996","2026-09-19 21:22:24.960372+00","2026-09-19 21:22:27.260143+00"
"1aef6fb2-4952-5ffc-9ea3-46e3f02abe2c","t-001","f-001","b-001","wv-001","20260919_212314","farmiq-media","tenants/t-001/farms/f-001/barns/b-001/devices/wv-001/images/2026/09/19/62640102-6521-4316-b44c-1276d8eaf278.jpg","e348f1804759602eb390287698e296ff","image/jpeg","2506087","2026-09-19 21:23:14.848189+00","2026-09-19 21:23:17.29674+00"
"cf89940b-c330-5339-95ee-f6421e576095","t-001","f-001","b-001","wv-001","20260919_212314","farmiq-media","tenants/t-001/farms/f-001/barns/b-001/devices/wv-001/images/2026/09/19/7e934346-f65f-45b2-ac04-59905b15c4af.jpg","da71027904eb9d38f4b729872a083400","image/jpeg","2538142","2026-09-19 21:23:14.848189+00","2026-09-19 21:23:17.712774+00"
"d17e65b1-fdca-5351-a636-ccbfb87e88f2","t-001","f-001","b-001","wv-001","20260919_212526","farmiq-media","tenants/t-001/farms/f-001/barns/b-001/devices/wv-001/images/2026/09/19/a3940e3c-35a8-481f-9281-4771018b99a6.jpg","cde10be43b2ba495f39d09ddde96e3ba","image/jpeg","2498219","2026-09-19 21:25:26.56776+00","2026-09-19 21:25:28.298933+00"
"5d4475f9-fe9a-5411-82f8-afe1f5de9487","t-001","f-001","b-001","wv-001","20260919_212526","farmiq-media","tenants/t-001/farms/f-001/barns/b-001/devices/wv-001/images/2026/09/19/0d3187b9-fd8b-426f-86aa-2fe4a4bf8cce.jpg","364c51072e1e495ce5521928c5051fa4","image/jpeg","2525409","2026-09-19 21:25:26.56776+00","2026-09-19 21:25:28.701921+00"
"d98afbea-9eb8-5de3-b0c4-14a8d8efdb18","t-001","f-001","b-001","wv-001","20260919_212530","farmiq-media","tenants/t-001/farms/f-001/barns/b-001/devices/wv-001/images/2026/09/19/20c1876a-cb49-4664-a134-b3272ecb65b5.jpg","89f60f1ab5ec23b44c5ea53f73b11fe9","image/jpeg","2112140","2026-09-19 21:25:30.620697+00","2026-09-19 21:25:34.285118+00"
"3e98757e-0776-576e-bdc3-b4b0204c68b0","t-001","f-001","b-001","wv-001","20260919_212530","farmiq-media","tenants/t-001/farms/f-001/barns/b-001/devices/wv-001/images/2026/09/19/3b4961e7-b383-4add-9cfe-6efe1abafffe.jpg","942569547ce57e4738817ebbd831b3d8","image/jpeg","2163582","2026-09-19 21:25:30.620697+00","2026-09-19 21:25:34.666375+00"
"48f7317f-c348-557e-8466-49ac23e526d5","t-001","f-001","b-001","wv-001","20260919_212551","farmiq-media","tenants/t-001/farms/f-001/barns/b-001/devices/wv-001/images/2026/09/19/f1074121-f69d-4fe7-8be4-d01dcbcfb63e.jpg","b707ab2b091503cceb13e92d64b5994c","image/jpeg","2300182","2026-09-19 21:25:51.702774+00","2026-09-19 21:25:52.359964+00"
"37e32372-848f-531a-99f9-47c664ca338d","t-001","f-001","b-001","wv-001","20260919_212551","farmiq-media","tenants/t-001/farms/f-001/barns/b-001/devices/wv-001/images/2026/09/19/376fb7ad-3d78-4a0d-8afc-a2131643d68b.jpg","b74e8d80a5a345e820c546448d84ae87","image/jpeg","2336411","2026-09-19 21:25:51.702774+00","2026-09-19 21:25:52.741767+00"
"83381676-655b-5503-afae-744230f738fc","t-001","f-001","b-001","wv-001","20260919_212609","farmiq-media","tenants/t-001/farms/f-001/barns/b-001/devices/wv-001/images/2026/09/19/cd357514-9c54-4588-a1a6-b37f765cf02e.jpg","08cabd50b25ea09040c0f19951ced338","image/jpeg","2242015","2026-09-19 21:26:09.867048+00","2026-09-19 21:26:10.540162+00"
"78ba7af8-899d-55e0-b6a5-eacd2921e6c3","t-001","f-001","b-001","wv-001","20260919_212609","farmiq-media","tenants/t-001/farms/f-001/barns/b-001/devices/wv-001/images/2026/09/19/cc07b1a4-10c7-4c52-8171-51fb7e0189b0.jpg","40241891cbc506b2e9a25dfe712b3d11","image/jpeg","2285082","2026-09-19 21:26:09.867048+00","2026-09-19 21:26:10.911334+00"
"a1a7706f-37e7-50f6-aa9d-7948ba33da5b","t-001","f-001","b-001","wv-001","20260919_212613","farmiq-media","tenants/t-001/farms/f-001/barns/b-001/devices/wv-001/images/2026/09/19/eb43468b-5833-4162-b307-a4519892d08a.jpg","5283983edde0cdfbccbd1986dabe627f","image/jpeg","2017296","2026-09-19 21:26:13.899163+00","2026-09-19 21:26:16.486816+00"
"6ba2164f-7ca2-5ed4-8520-cf937bc245ee","t-001","f-001","b-001","wv-001","20260919_212613","farmiq-media","tenants/t-001/farms/f-001/barns/b-001/devices/wv-001/images/2026/09/19/b2cd826f-7544-4ff9-b564-e03ceaefda5f.jpg","908e3212f7158c4e405dd20bfbd15b2d","image/jpeg","2055549","2026-09-19 21:26:13.899163+00","2026-09-19 21:26:16.833005+00"
"5ad088e4-baa1-50e3-96a6-dc47ee8e1dd9","t-001","f-001","b-001","wv-001","20260919_212627","farmiq-media","tenants/t-001/farms/f-001/barns/b-001/devices/wv-001/images/2026/09/19/0923d8f5-7134-484e-a58c-4174dbcc1952.jpg","314a62dea94337e63c23eaac284c1b83","image/jpeg","2190136","2026-09-19 21:26:27.287633+00","2026-09-19 21:26:28.394361+00"
"8ec9a278-9a47-57aa-a70e-b0d57f24c64f","t-001","f-001","b-001","wv-001","20260919_212627","farmiq-media","tenants/t-001/farms/f-001/barns/b-001/devices/wv-001/images/2026/09/19/8bd91679-f6c7-4e70-8e78-767045234f67.jpg","05c2ebd74c019a4815b3da4442103754","image/jpeg","2226274","2026-09-19 21:26:27.287633+00","2026-09-19 21:26:28.730305+00"
"0df76f0d-f520-5399-afbe-44be709e503d","t-001","f-001","b-001","wv-001","20260919_212659","farmiq-media","tenants/t-001/farms/f-001/barns/b-001/devices/wv-001/images/2026/09/19/39b0b32b-d691-4625-9f3c-491212e2f08c.jpg","343c0275270e6367b857210ad05f1084","image/jpeg","2318541","2026-09-19 21:26:59.799223+00","2026-09-19 21:27:00.54173+00"
"b39f2ed7-2288-52a8-915b-d831fd2bc348","t-001","f-001","b-001","wv-001","20260919_212659","farmiq-media","tenants/t-001/farms/f-001/barns/b-001/devices/wv-001/images/2026/09/19/4a40d3b8-65d0-4456-9069-72005d0d829a.jpg","5bb07281b752e64c073ba5eebfc97674","image/jpeg","2349797","2026-09-19 21:26:59.799223+00","2026-09-19 21:27:00.918484+00"
"4f413958-3d9f-55ef-977a-c9792aafc540","t-001","f-001","b-001","wv-001","20260919_212751","farmiq-media","tenants/t-001/farms/f-001/barns/b-001/devices/wv-001/images/2026/09/19/3f07eccc-aac1-400e-9c48-e3ec5edf7bc3.jpg","3b5d8c2d76b7c58e08ee496b933308bb","image/jpeg","2383007","2026-09-19 21:27:51.116847+00","2026-09-19 21:27:52.917148+00"
"ad11675a-e0b7-5101-8342-e02dd9edc825","t-001","f-001","b-001","wv-001","20260919_212751","farmiq-media","tenants/t-001/farms/f-001/barns/b-001/devices/wv-001/images/2026/09/19/0b2844e2-cc38-4b03-9760-80a9c93cd116.jpg","c932fc177cb68b2ffe68df7976c76cc8","image/jpeg","2408441","2026-09-19 21:27:51.116847+00","2026-09-19 21:27:53.339645+00"
"0f4dc33c-6dd6-5ce8-922f-2a291bc4cf66","t-001","f-001","b-001","wv-001","20260919_212755","farmiq-media","tenants/t-001/farms/f-001/barns/b-001/devices/wv-001/images/2026/09/19/f8cf50a3-54d7-43af-85ae-33c671e891f8.jpg","3dacdeb739e5ec2319a77cf613fd4ce8","image/jpeg","2248049","2026-09-19 21:27:55.885976+00","2026-09-19 21:27:58.890501+00"
"0ad4090b-a181-500d-8e2e-181f0126e126","t-001","f-001","b-001","wv-001","20260919_212755","farmiq-media","tenants/t-001/farms/f-001/barns/b-001/devices/wv-001/images/2026/09/19/c51249cc-958f-4f59-ab5b-aebb54f14714.jpg","487dfae232e61726165b9768a943ec05","image/jpeg","2280462","2026-09-19 21:27:55.885976+00","2026-09-19 21:27:59.23121+00"
"2306641f-4df2-52bc-831d-0814d6720ceb","t-001","f-001","b-001","wv-001","20260919_212802","farmiq-media","tenants/t-001/farms/f-001/barns/b-001/devices/wv-001/images/2026/09/19/d747f7bb-d635-4216-b01a-c15896f23799.jpg","25e807f41f63e74e60659222ff23a54d","image/jpeg","2195374","2026-09-19 21:28:02.820544+00","2026-09-19 21:28:04.791167+00"
"05568e3e-149a-5305-a2e0-be247340194c","t-001","f-001","b-001","wv-001","20260919_212802","farmiq-media","tenants/t-001/farms/f-001/barns/b-001/devices/wv-001/images/2026/09/19/f7e7df58-5c00-4dee-99f9-e5dc514c59dc.jpg","79754679749f8bad2766632f32f999e8","image/jpeg","2233890","2026-09-19 21:28:02.820544+00","2026-09-19 21:28:05.147508+00"
"17a450a1-1d80-5bf4-bdd2-9a66d31c17b0","t-001","f-001","b-001","wv-001","20260919_212829","farmiq-media","tenants/t-001/farms/f-001/barns/b-001/devices/wv-001/images/2026/09/19/27551b7b-bb6d-4c17-9479-c0222bfe1c60.jpg","042a10aa2a53b55ccd7f97dde564e19b","image/jpeg","2292043","2026-09-19 21:28:29.977539+00","2026-09-19 21:28:30.913069+00"
"89f0adfc-3b9e-53ce-b615-dbf21b949418","t-001","f-001","b-001","wv-001","20260919_212829","farmiq-media","tenants/t-001/farms/f-001/barns/b-001/devices/wv-001/images/2026/09/19/9e515caf-e239-4b9a-a340-257ace8aa1ce.jpg","11fd86df5e846288b22ee7eeac27d0f3","image/jpeg","2311517","2026-09-19 21:28:29.977539+00","2026-09-19 21:28:31.311487+00"
"fda0e50e-2f2e-5682-859e-e86a77ea80a0","t-001","f-001","b-001","wv-001","20260919_212836","farmiq-media","tenants/t-001/farms/f-001/barns/b-001/devices/wv-001/images/2026/09/19/2d408b86-ee33-484a-afa5-6ce065d2980e.jpg","93aec1b05fe58823c4d59366b4119717","image/jpeg","2195354","2026-09-19 21:28:36.593562+00","2026-09-19 21:28:38.917322+00"
"94a3965b-9973-53bd-8890-eb5d8b6162fe","t-001","f-001","b-001","wv-001","20260919_212836","farmiq-media","tenants/t-001/farms/f-001/barns/b-001/devices/wv-001/images/2026/09/19/26267b10-c4e4-46a7-9926-3b5f12e1817f.jpg","4277a79ea9c5ff92365e132abf3b9a7e","image/jpeg","2220962","2026-09-19 21:28:36.593562+00","2026-09-19 21:28:39.302447+00"
"0c38106f-036f-5c57-9d08-0e18e88166fb","t-001","f-001","b-001","wv-001","20260919_212913","farmiq-media","tenants/t-001/farms/f-001/barns/b-001/devices/wv-001/images/2026/09/19/342b54d0-eb03-4e5d-a2b3-e67ab8c95e0c.jpg","d61e0e59af37cf2b120e99673851193a","image/jpeg","2313306","2026-09-19 21:29:13.660722+00","2026-09-19 21:29:15.000838+00"
"5655ee09-55d2-519d-8389-566f4a2ef3e3","t-001","f-001","b-001","wv-001","20260919_212913","farmiq-media","tenants/t-001/farms/f-001/barns/b-001/devices/wv-001/images/2026/09/19/361e07b5-a4e4-40b5-927d-2d2b6e72ebb2.jpg","8cad859c45b327af5a3ec6ced582b88e","image/jpeg","2340431","2026-09-19 21:29:13.660722+00","2026-09-19 21:29:15.414513+00"
"bd7037c8-38e2-5f85-b771-07aa6d572b1d","t-001","f-001","b-001","wv-001","20260919_212918","farmiq-media","tenants/t-001/farms/f-001/barns/b-001/devices/wv-001/images/2026/09/19/16ce4024-ee2e-48a1-aff9-60b6d072acde.jpg","2b583186d1ae7f3e7fafd4926b7eaf8e","image/jpeg","2177161","2026-09-19 21:29:18.596414+00","2026-09-19 21:29:20.86344+00"
"0b5f5f86-4bc4-54a9-842c-2168ecb6d54d","t-001","f-001","b-001","wv-001","20260919_212918","farmiq-media","tenants/t-001/farms/f-001/barns/b-001/devices/wv-001/images/2026/09/19/2b2dd439-83a3-4ebc-9142-5e3444b64afd.jpg","3069dee786cf067804a89a277bfe0b15","image/jpeg","2213044","2026-09-19 21:29:18.596414+00","2026-09-19 21:29:21.220604+00"
"25352b2e-01a7-55a9-9f1c-e7ecc93a12f4","t-001","f-001","b-001","wv-001","20260919_212945","farmiq-media","tenants/t-001/farms/f-001/barns/b-001/devices/wv-001/images/2026/09/19/9bacb1cc-9436-4185-9404-b9bf3bc18626.jpg","8df4711f4fbb8bbc960a710c064ca6c0","image/jpeg","2152567","2026-09-19 21:29:45.385976+00","2026-09-19 21:29:46.959593+00"
"98992784-52dd-50fb-8f15-9d9601f7a2b3","t-001","f-001","b-001","wv-001","20260919_212945","farmiq-media","tenants/t-001/farms/f-001/barns/b-001/devices/wv-001/images/2026/09/19/f5152614-a243-4637-b8df-361ddd8eeb5f.jpg","bdc5b9c45a119be8b5297531e018879c","image/jpeg","2181663","2026-09-19 21:29:45.385976+00","2026-09-19 21:29:47.325763+00"
"593c2a56-5701-5985-806f-217d57a42899","t-001","f-001","b-001","wv-001","20260919_213046","farmiq-media","tenants/t-001/farms/f-001/barns/b-001/devices/wv-001/images/2026/09/19/4647f502-4484-4a35-b314-c001fd3f653b.jpg","2825aeddf49ffcc95eefa61fa21ffa0d","image/jpeg","1924266","2026-09-19 21:30:46.918432+00","2026-09-19 21:30:53.042681+00"
"40f1460c-3e7f-590e-8ae9-f2f85cbc61f7","t-001","f-001","b-001","wv-001","20260919_213046","farmiq-media","tenants/t-001/farms/f-001/barns/b-001/devices/wv-001/images/2026/09/19/0eb8a2a3-9c14-4cf0-8033-0265be80d468.jpg","4fcfbf1b94b27929359c252edb43cbb1","image/jpeg","1953830","2026-09-19 21:30:46.918432+00","2026-09-19 21:30:53.401374+00"
"a98569bd-0778-5d84-8084-53f9207e6f11","t-001","f-001","b-001","wv-001","20260919_213058","farmiq-media","tenants/t-001/farms/f-001/barns/b-001/devices/wv-001/images/2026/09/19/3eccd79f-701d-4407-9fb1-6fc62d071a54.jpg","f318f4cc39948462919fe9c37f45e1e1","image/jpeg","2409645","2026-09-19 21:30:58.438058+00","2026-09-19 21:30:58.959349+00"
"b6285fa7-721c-57b6-ab87-901679a7f0c4","t-001","f-001","b-001","wv-001","20260919_213058","farmiq-media","tenants/t-001/farms/f-001/barns/b-001/devices/wv-001/images/2026/09/19/c4b7e6d7-bbaa-4114-853f-e4431ed6852c.jpg","729facabfcf6bbdc471ff6d9336159ef","image/jpeg","2429929","2026-09-19 21:30:58.438058+00","2026-09-19 21:30:59.36789+00"
"58d32b61-bd08-5240-a468-b4581040e477","t-001","f-001","b-001","wv-001","20260919_213102","farmiq-media","tenants/t-001/farms/f-001/barns/b-001/devices/wv-001/images/2026/09/19/db72a38c-9b54-4cf5-8f25-df97d058c0a3.jpg","ac98bf3fa67b6c8cf45706840665d558","image/jpeg","2128352","2026-09-19 21:31:02.405888+00","2026-09-19 21:31:04.906821+00"
"c8df6da3-1cba-5cd6-aefc-bd4c6641f80a","t-001","f-001","b-001","wv-001","20260919_213102","farmiq-media","tenants/t-001/farms/f-001/barns/b-001/devices/wv-001/images/2026/09/19/20c01859-4da0-4318-af56-4b1a57202176.jpg","d91bf3dd733a694178f4cb4eaa5aa4a7","image/jpeg","2160698","2026-09-19 21:31:02.405888+00","2026-09-19 21:31:05.25284+00"
"063f6a60-59f6-56d8-b88a-bdc477024153","t-001","f-001","b-001","wv-001","20260919_213223","farmiq-media","tenants/t-001/farms/f-001/barns/b-001/devices/wv-001/images/2026/09/19/1fdfb8a6-1094-496e-b113-e8006f62a0cf.jpg","9dc5fb5366468935a32998b82e00e909","image/jpeg","2326071","2026-09-19 21:32:23.500599+00","2026-09-19 21:32:25.412771+00"
"5e896b22-ba49-5fc1-b827-c1d03b94842b","t-001","f-001","b-001","wv-001","20260919_213223","farmiq-media","tenants/t-001/farms/f-001/barns/b-001/devices/wv-001/images/2026/09/19/496b50c3-cbf8-43bd-9075-7c6542da1ea2.jpg","54bbca6802b306da97fd5d7cf5830089","image/jpeg","2345507","2026-09-19 21:32:23.500599+00","2026-09-19 21:32:25.799077+00"
"eec8dc03-6fa6-542a-9693-99ca9393866d","t-001","f-001","b-001","wv-001","20260919_213227","farmiq-media","tenants/t-001/farms/f-001/barns/b-001/devices/wv-001/images/2026/09/19/c4757d4f-62af-4996-9be5-356620369309.jpg","da6b16cbff0d85a93cfcf709ccc193f8","image/jpeg","2108488","2026-09-19 21:32:27.527637+00","2026-09-19 21:32:31.363983+00"
"938dedbd-e59b-5a0a-be98-0b7405b25c10","t-001","f-001","b-001","wv-001","20260919_213227","farmiq-media","tenants/t-001/farms/f-001/barns/b-001/devices/wv-001/images/2026/09/19/702226a3-fcd5-476a-9ce2-d09d11e16eb4.jpg","1deec397ff2b49d8ded003ce0b87e10e","image/jpeg","2135131","2026-09-19 21:32:27.527637+00","2026-09-19 21:32:31.720072+00"
"741f6df0-7a70-5ccb-b669-bc68679355ab","t-001","f-001","b-001","wv-001","20260919_213359","farmiq-media","tenants/t-001/farms/f-001/barns/b-001/devices/wv-001/images/2026/09/19/85f0c9b8-3a2e-474d-b545-79ad71ddf262.jpg","7d1d50fa8472c6ea1a3dda0f815ec09f","image/jpeg","1963320","2026-09-19 21:33:59.855723+00","2026-09-19 21:34:01.870344+00"
"eba7a1e2-9dcf-5f6b-a1f5-9363f3788b69","t-001","f-001","b-001","wv-001","20260919_213359","farmiq-media","tenants/t-001/farms/f-001/barns/b-001/devices/wv-001/images/2026/09/19/9c542edf-cc29-4b7c-8681-74967171f34b.jpg","1ac25db45996370e83393db27f50b719","image/jpeg","1980339","2026-09-19 21:33:59.855723+00","2026-09-19 21:34:02.243116+00"
"5544a1ad-fbb9-5435-9d1d-72a1b010cb93","t-001","f-001","b-001","wv-001","20260919_213417","farmiq-media","tenants/t-001/farms/f-001/barns/b-001/devices/wv-001/images/2026/09/19/93ee8585-2024-45e1-a7ac-dab5e914c426.jpg","92da72979f04676b2d11acecfef4401c","image/jpeg","2230733","2026-09-19 21:34:17.208811+00","2026-09-19 21:34:17.928829+00"
"bfad52be-f8c8-51a8-96ab-97fecfb54dc3","t-001","f-001","b-001","wv-001","20260919_213417","farmiq-media","tenants/t-001/farms/f-001/barns/b-001/devices/wv-001/images/2026/09/19/f6dbadad-cee5-454f-9c75-2c8d4d3d750a.jpg","67e975d4576383e2a419ec6c5970260f","image/jpeg","2250824","2026-09-19 21:34:17.208811+00","2026-09-19 21:34:18.355171+00"
"ca21a15a-fa60-5dcc-8e36-4556c197089e","t-001","f-001","b-001","wv-001","20260919_213436","farmiq-media","tenants/t-001/farms/f-001/barns/b-001/devices/wv-001/images/2026/09/19/9c4eacfe-f0f9-48b7-9b30-9b4b9d19a6b8.jpg","eb3795fd7bf53593f60aefe91e452632","image/jpeg","2433526","2026-09-19 21:34:36.778977+00","2026-09-19 21:34:38.019084+00"
"daf2db96-7fbe-5d15-b412-552f11591dbc","t-001","f-001","b-001","wv-001","20260919_213436","farmiq-media","tenants/t-001/farms/f-001/barns/b-001/devices/wv-001/images/2026/09/19/cceb0b48-cbff-4ea8-b5c7-9fcd73166f72.jpg","333df566bb0b9e2e43c173ef520190b4","image/jpeg","2453433","2026-09-19 21:34:36.778977+00","2026-09-19 21:34:38.409523+00"
"0a840be8-0eca-57bf-8dff-bb613d20d90c","t-001","f-001","b-001","wv-001","20260919_213441","farmiq-media","tenants/t-001/farms/f-001/barns/b-001/devices/wv-001/images/2026/09/19/54b7c090-de61-4890-ae03-ffe998f2e694.jpg","20dc40145058eebae2033db080e20db8","image/jpeg","2135391","2026-09-19 21:34:41.146385+00","2026-09-19 21:34:43.967134+00"
"8ff26e75-2ec4-5044-aec9-daf0ee4ea05b","t-001","f-001","b-001","wv-001","20260919_213441","farmiq-media","tenants/t-001/farms/f-001/barns/b-001/devices/wv-001/images/2026/09/19/e5827c37-b2d1-4503-ba81-4d50c877043e.jpg","df5433464d43c6221d0c4b2ff96361db","image/jpeg","2163896","2026-09-19 21:34:41.146385+00","2026-09-19 21:34:44.355083+00"
"39609a37-11c7-5865-aec3-2d99b466f755","t-001","f-001","b-001","wv-001","20260919_213447","farmiq-media","tenants/t-001/farms/f-001/barns/b-001/devices/wv-001/images/2026/09/19/8e4477ca-bd74-43ce-815f-6e29aceb0634.jpg","eb744f1e0aa8c5aa67bcbdb0b2b1dbb7","image/jpeg","2050376","2026-09-19 21:34:47.02693+00","2026-09-19 21:34:49.852814+00"
"58f7e118-2a68-5619-bfcf-764752de1d60","t-001","f-001","b-001","wv-001","20260919_213447","farmiq-media","tenants/t-001/farms/f-001/barns/b-001/devices/wv-001/images/2026/09/19/6c519e8d-5c9b-4a29-9ac6-2fb7d071c3a8.jpg","c4703e6d0a583b183de3be9787643503","image/jpeg","2083231","2026-09-19 21:34:47.02693+00","2026-09-19 21:34:50.180036+00"
"f73b1c5e-cd45-5c95-872f-9e31ad0cd819","t-001","f-001","b-001","wv-001","20260919_213514","farmiq-media","tenants/t-001/farms/f-001/barns/b-001/devices/wv-001/images/2026/09/19/c6e88cba-a397-4def-a7d4-f135e09d1986.jpg","808ffd61a12d90ee59f26e5971115466","image/jpeg","2449497","2026-09-19 21:35:14.886552+00","2026-09-19 21:35:16.01815+00"
"38dfb5e8-2456-5abb-8d92-e33a377d3520","t-001","f-001","b-001","wv-001","20260919_213514","farmiq-media","tenants/t-001/farms/f-001/barns/b-001/devices/wv-001/images/2026/09/19/d2f6a5cf-b0ff-474a-a891-aee5ab119049.jpg","0f8213c11e1e6d0a382b51b2b0ec9c30","image/jpeg","2466132","2026-09-19 21:35:14.886552+00","2026-09-19 21:35:16.421617+00"
"34cdf9f6-8a84-5aa1-8a63-b7c1d84dedcd","t-001","f-001","b-001","wv-001","20260919_213522","farmiq-media","tenants/t-001/farms/f-001/barns/b-001/devices/wv-001/images/2026/09/19/4a3189ee-3b9d-4356-998c-8abe6597c262.jpg","e00b2a5cc5cad6126ec07ab2a44105e8","image/jpeg","2200104","2026-09-19 21:35:22.695249+00","2026-09-19 21:35:23.96014+00"
"29ec4fd2-af68-57d3-9c1c-d37c9492462d","t-001","f-001","b-001","wv-001","20260919_213522","farmiq-media","tenants/t-001/farms/f-001/barns/b-001/devices/wv-001/images/2026/09/19/1d301117-98cc-4a32-9349-d66e57919cac.jpg","df096fc291ef33c9630e2919d316a750","image/jpeg","2229399","2026-09-19 21:35:22.695249+00","2026-09-19 21:35:24.306873+00"
"a45a4bea-3fe3-59bd-b37e-0a3eec0d5821","t-001","f-001","b-001","wv-001","20260919_213536","farmiq-media","tenants/t-001/farms/f-001/barns/b-001/devices/wv-001/images/2026/09/19/96db3d05-f667-4eb6-b5d1-8282c707c841.jpg","2ff5f44f67c42da5f44135a069963e50","image/jpeg","2526302","2026-09-19 21:35:36.086459+00","2026-09-19 21:35:37.948783+00"
"00446027-cba0-5594-9afc-8cef6fb83d10","t-001","f-001","b-001","wv-001","20260919_213536","farmiq-media","tenants/t-001/farms/f-001/barns/b-001/devices/wv-001/images/2026/09/19/303870f2-7340-4aca-8bc6-0cf71e634311.jpg","60c0bb7c68cc9cec32bd6d348609af08","image/jpeg","2551637","2026-09-19 21:35:36.086459+00","2026-09-19 21:35:38.320171+00"
"a1751dca-cd76-5ead-b398-2724c0022201","t-001","f-001","b-001","wv-001","20260919_213541","farmiq-media","tenants/t-001/farms/f-001/barns/b-001/devices/wv-001/images/2026/09/19/d6a33335-0d2f-4874-a5d7-4e6c004cdc11.jpg","0efbd6e34d42755f8a6e2ceef16c7d93","image/jpeg","2242527","2026-09-19 21:35:41.46046+00","2026-09-19 21:35:43.870655+00"
"69297d81-618e-5440-96d0-98e27b411c32","t-001","f-001","b-001","wv-001","20260919_213541","farmiq-media","tenants/t-001/farms/f-001/barns/b-001/devices/wv-001/images/2026/09/19/cd6d9a3e-9118-48c5-b7ec-8f7903830bd4.jpg","3b56b593d34ded33becf7143cc2ee759","image/jpeg","2282770","2026-09-19 21:35:41.46046+00","2026-09-19 21:35:44.29668+00"
"13138251-1be0-50bb-ba16-fb23803dca3f","t-001","f-001","b-001","wv-001","20260919_213615","farmiq-media","tenants/t-001/farms/f-001/barns/b-001/devices/wv-001/images/2026/09/19/f1acb8f9-0488-4a90-9ec4-7320b444d439.jpg","9626cf237e638d3cfbed6f0ce6e1197b","image/jpeg","2077092","2026-09-19 21:36:15.117791+00","2026-09-19 21:36:17.759953+00"
"681267c1-c29c-5a02-a0f6-20942ec20b99","t-001","f-001","b-001","wv-001","20260919_213615","farmiq-media","tenants/t-001/farms/f-001/barns/b-001/devices/wv-001/images/2026/09/19/397387c1-9cda-4f1b-9328-b45174de5960.jpg","f87b08342c3ff5b60509c1e73212c2c9","image/jpeg","2123784","2026-09-19 21:36:15.117791+00","2026-09-19 21:36:19.765705+00"
"1ac30190-82c7-5be6-9e7b-9fd3ece6322b","t-001","f-001","b-001","wv-001","20260919_213639","farmiq-media","tenants/t-001/farms/f-001/barns/b-001/devices/wv-001/images/2026/09/19/0201aa40-100b-45de-9d0c-5f94162f8b0a.jpg","b218f0f2ea1597474ebc8950d4d42991","image/jpeg","2221843","2026-09-19 21:36:39.303076+00","2026-09-19 21:36:40.736295+00"
"198893b5-5bc3-5a26-ae7c-e324d3e190ee","t-001","f-001","b-001","wv-001","20260919_213639","farmiq-media","tenants/t-001/farms/f-001/barns/b-001/devices/wv-001/images/2026/09/19/14f31412-f3ba-4551-81fc-1bd4c5932cc5.jpg","c94a81878823d392f025487d5862e7cc","image/jpeg","2263134","2026-09-19 21:36:39.303076+00","2026-09-19 21:36:41.158626+00"
"bfe10b0b-4998-509a-8752-a58242481aa1","t-001","f-001","b-001","wv-001","20260919_213652","farmiq-media","tenants/t-001/farms/f-001/barns/b-001/devices/wv-001/images/2026/09/19/c42813b6-43f8-477b-879d-613b1ecc7455.jpg","c13149e74878f167619d9de275faae90","image/jpeg","2297171","2026-09-19 21:36:52.035343+00","2026-09-19 21:36:52.827347+00"
"66f60a04-10a8-51c4-acec-af73d15590f4","t-001","f-001","b-001","wv-001","20260919_213652","farmiq-media","tenants/t-001/farms/f-001/barns/b-001/devices/wv-001/images/2026/09/19/d28f8eae-4b18-422c-96eb-46ce889925dc.jpg","f93ae4fe6e1cb46b7180a37efc259c62","image/jpeg","2322868","2026-09-19 21:36:52.035343+00","2026-09-19 21:36:53.214901+00"
"8dfafa2a-dbee-5e9d-baa4-c684fd39d54a","t-001","f-001","b-001","wv-001","20260919_213720","farmiq-media","tenants/t-001/farms/f-001/barns/b-001/devices/wv-001/images/2026/09/19/c7ffe763-1d6d-4e26-96b8-6c2a63d3608b.jpg","bc76c11dda305c1940be670a997274db","image/jpeg","2060382","2026-09-19 21:37:20.494597+00","2026-09-19 21:37:20.992822+00"
"365a931e-40c5-56ca-8cd9-67a81c737b45","t-001","f-001","b-001","wv-001","20260919_213720","farmiq-media","tenants/t-001/farms/f-001/barns/b-001/devices/wv-001/images/2026/09/19/f66ca06b-88b8-40a5-a9d7-581ba8d7fa64.jpg","da4edcc93a5399d4be440adaec71e81b","image/jpeg","2090029","2026-09-19 21:37:20.494597+00","2026-09-19 21:37:21.33938+00"
"2337ff60-c7fe-524e-99c6-80ab95988994","t-001","f-001","b-001","wv-001","20260919_213739","farmiq-media","tenants/t-001/farms/f-001/barns/b-001/devices/wv-001/images/2026/09/19/6af2107e-7465-4c42-8227-47d5b9936ebb.jpg","f5133d6fb720bcfabcceb5d7310c9b77","image/jpeg","2179974","2026-09-19 21:37:39.209711+00","2026-09-19 21:37:41.078507+00"
"c895b786-2358-5ea3-b1c8-6621e6a49f95","t-001","f-001","b-001","wv-001","20260919_213739","farmiq-media","tenants/t-001/farms/f-001/barns/b-001/devices/wv-001/images/2026/09/19/853dcc96-ad0c-4caa-8b70-7c0549b0d9b7.jpg","febce977e058eb672a154f17025a3239","image/jpeg","2214746","2026-09-19 21:37:39.209711+00","2026-09-19 21:37:41.51231+00"
"c4dd9a24-8bc9-56e4-9af6-ed2ba9c6890a","t-001","f-001","b-001","wv-001","20260919_213819","farmiq-media","tenants/t-001/farms/f-001/barns/b-001/devices/wv-001/images/2026/09/19/5b5caf97-224b-4f71-bd77-468cb59770ec.jpg","7b1bbf3d0615f034f33feb88606dee29","image/jpeg","2282028","2026-09-19 21:38:19.203996+00","2026-09-19 21:38:21.341193+00"
"80cf4d5f-936e-5d1c-af43-54cf53dd6123","t-001","f-001","b-001","wv-001","20260919_213819","farmiq-media","tenants/t-001/farms/f-001/barns/b-001/devices/wv-001/images/2026/09/19/38d32a7d-efa9-4de3-ad83-f09a40922757.jpg","a6d93e6af6e78ca7758ba8eb7d815a01","image/jpeg","2316772","2026-09-19 21:38:19.203996+00","2026-09-19 21:38:21.71986+00"
"1c99fba7-bfb9-5b01-8c93-6dcb8bc7f34f","t-001","f-001","b-001","wv-001","20260919_213920","farmiq-media","tenants/t-001/farms/f-001/barns/b-001/devices/wv-001/images/2026/09/19/e2bcb37f-d079-4752-bd1c-8fbd25a6a370.jpg","509b69ffa4f65407bac98407491b61da","image/jpeg","2352230","2026-09-19 21:39:20.622848+00","2026-09-19 21:39:21.809731+00"
"99bc4efb-8b73-5fbb-9df0-80f73905f806","t-001","f-001","b-001","wv-001","20260919_213920","farmiq-media","tenants/t-001/farms/f-001/barns/b-001/devices/wv-001/images/2026/09/19/f04606ec-e029-454d-9eb1-403dca24f035.jpg","180018190fa45c129c0891410fce712b","image/jpeg","2377651","2026-09-19 21:39:20.622848+00","2026-09-19 21:39:22.207672+00"
"09910372-c9c5-57c0-83a2-e8d03e3551ad","t-001","f-001","b-001","wv-001","20260919_213938","farmiq-media","tenants/t-001/farms/f-001/barns/b-001/devices/wv-001/images/2026/09/19/039be098-9c2a-4217-84c8-6dc0c955b304.jpg","33bc8171bc97747fed1eb70a8d48deb5","image/jpeg","2518602","2026-09-19 21:39:38.254697+00","2026-09-19 21:39:39.945175+00"
"4bea4163-4c1e-5fe2-b199-fb18b1c5da07","t-001","f-001","b-001","wv-001","20260919_213938","farmiq-media","tenants/t-001/farms/f-001/barns/b-001/devices/wv-001/images/2026/09/19/05233f0c-af24-4d36-b11c-130b74fcae9a.jpg","a755137d6704ceabdff5d4889b643cd9","image/jpeg","2540616","2026-09-19 21:39:38.254697+00","2026-09-19 21:39:40.378005+00"
"f295e999-134d-5588-8923-9461fb53c024","t-001","f-001","b-001","wv-001","20260919_213957","farmiq-media","tenants/t-001/farms/f-001/barns/b-001/devices/wv-001/images/2026/09/19/6a127638-156a-4566-ba1b-0c4e2a0d7b28.jpg","017f424d4c219add758120f2976959a5","image/jpeg","2116090","2026-09-19 21:39:57.158955+00","2026-09-19 21:39:58.009329+00"
"9ee775e1-f914-5d37-ba72-c81525340cc6","t-001","f-001","b-001","wv-001","20260919_213957","farmiq-media","tenants/t-001/farms/f-001/barns/b-001/devices/wv-001/images/2026/09/19/651840fd-6a8f-4953-864e-a0d3f8b94a4b.jpg","002f4090e6104745c3fbaa76ef381c05","image/jpeg","2165697","2026-09-19 21:39:57.158955+00","2026-09-19 21:39:58.364228+00"
"7efa2559-3c2a-5713-93e7-e791c6930d81","t-001","f-001","b-001","wv-001","20260919_214046","farmiq-media","tenants/t-001/farms/f-001/barns/b-001/devices/wv-001/images/2026/09/19/7cbf128e-f155-476a-8a28-9ee181b12f1e.jpg","97feadfed575fa955ebca959100ba5e4","image/jpeg","2359691","2026-09-19 21:40:46.663786+00","2026-09-19 21:40:48.316748+00"
"827039d8-76b5-5097-9b7c-cad73390f3ba","t-001","f-001","b-001","wv-001","20260919_214046","farmiq-media","tenants/t-001/farms/f-001/barns/b-001/devices/wv-001/images/2026/09/19/09a50e27-5d5e-4c97-8e9f-4322224c4d7a.jpg","d3694ee392bcebb741f6b5267a98b4f0","image/jpeg","2395808","2026-09-19 21:40:46.663786+00","2026-09-19 21:40:48.6909+00"
"ff2f5583-2844-5e81-a9b6-12c4d9889ce2","t-001","f-001","b-001","wv-001","20260919_214113","farmiq-media","tenants/t-001/farms/f-001/barns/b-001/devices/wv-001/images/2026/09/19/24cae02d-96c2-4f04-b8fd-f9d1232215b4.jpg","c5dc05a7f2edd44aa2e6a36bf5d0b22e","image/jpeg","2139239","2026-09-19 21:41:13.986379+00","2026-09-19 21:41:16.464712+00"
"dcc7f212-5910-5460-bc0b-cbfcc5131224","t-001","f-001","b-001","wv-001","20260919_214113","farmiq-media","tenants/t-001/farms/f-001/barns/b-001/devices/wv-001/images/2026/09/19/109acce0-3a57-4a88-8458-ff20e74ca889.jpg","cc6848b1f9aab318d22a4add5526eacd","image/jpeg","2178250","2026-09-19 21:41:13.986379+00","2026-09-19 21:41:16.88438+00"
"1770e3a5-bc8d-59f7-b109-05c70b3b4f34","t-001","f-001","b-001","wv-001","20260919_214121","farmiq-media","tenants/t-001/farms/f-001/barns/b-001/devices/wv-001/images/2026/09/19/af47eac3-fc28-4a58-92c7-059e1d041645.jpg","c76bcec7cd7b9397d970024ee78fcfa6","image/jpeg","2103597","2026-09-19 21:41:21.002359+00","2026-09-19 21:41:25.725469+00"
"843b4e08-eb6c-53b3-84a1-8fdbb190b6be","t-001","f-001","b-001","wv-001","20260919_214121","farmiq-media","tenants/t-001/farms/f-001/barns/b-001/devices/wv-001/images/2026/09/19/1921c164-6f20-42d1-ae85-f747187be241.jpg","258bcc2fc3445688b80af5b49a4eb0ce","image/jpeg","2141627","2026-09-19 21:41:21.002359+00","2026-09-19 21:41:54.561871+00"
"34a10e38-0f59-571a-92c4-296efc6e572f","t-001","f-001","b-001","wv-001","20260919_214237","farmiq-media","tenants/t-001/farms/f-001/barns/b-001/devices/wv-001/images/2026/09/19/45f0f088-7d27-4402-ae50-0deb80706086.jpg","4787a6dd96a73503c710e3220eeefe9a","image/jpeg","2291605","2026-09-19 21:42:37.269709+00","2026-09-19 21:42:38.552642+00"
"2c0a9eae-ce24-5303-a76d-5d610aaca5a6","t-001","f-001","b-001","wv-001","20260919_214237","farmiq-media","tenants/t-001/farms/f-001/barns/b-001/devices/wv-001/images/2026/09/19/7d67c637-9bdd-421b-8c30-76e0340bb6fa.jpg","0c0f2359e1fdd14a3f290bdd56b5c9ce","image/jpeg","2316325","2026-09-19 21:42:37.269709+00","2026-09-19 21:42:38.933424+00"
"e29e4cd5-fe66-5553-87d8-923d7fc87d51","t-001","f-001","b-001","wv-001","20260919_214302","farmiq-media","tenants/t-001/farms/f-001/barns/b-001/devices/wv-001/images/2026/09/19/98e372d3-e8b9-4952-9616-a7fbbe50c5db.jpg","fe2a0382aba4a11a4498f143f02853a4","image/jpeg","2191138","2026-09-19 21:43:02.072527+00","2026-09-19 21:43:02.743713+00"
"599dd442-6727-5d30-bb42-f44ec0efcd44","t-001","f-001","b-001","wv-001","20260919_214302","farmiq-media","tenants/t-001/farms/f-001/barns/b-001/devices/wv-001/images/2026/09/19/71b05ee3-b923-4048-95fa-c6b9ab9aa807.jpg","b31eeb7cbb7f497fc88b2a6cf205ff9e","image/jpeg","2219416","2026-09-19 21:43:02.072527+00","2026-09-19 21:43:03.114769+00"
"4cf93a0a-96f4-5ce2-b99e-051097e4794c","t-001","f-001","b-001","wv-001","20260919_214330","farmiq-media","tenants/t-001/farms/f-001/barns/b-001/devices/wv-001/images/2026/09/19/fe000f86-4821-40fa-9e84-8902e59da88c.jpg","bb7cdb899abd8536f695a16627777f48","image/jpeg","2323221","2026-09-19 21:43:30.446433+00","2026-09-19 21:43:32.863886+00"
"f9d9ad26-72b9-5e9c-8560-ba60887c83c8","t-001","f-001","b-001","wv-001","20260919_214330","farmiq-media","tenants/t-001/farms/f-001/barns/b-001/devices/wv-001/images/2026/09/19/e39463f8-a1e1-4f21-b891-ba8f3765a48a.jpg","e885e00ee19fd4dc6fa00a9ec012fb9b","image/jpeg","2357825","2026-09-19 21:43:30.446433+00","2026-09-19 21:43:33.241837+00"
"9736963d-ee2d-5cb3-a62d-648d5b795a00","t-001","f-001","b-001","wv-001","20260919_214349","farmiq-media","tenants/t-001/farms/f-001/barns/b-001/devices/wv-001/images/2026/09/19/491fcd11-7970-4bcb-aafc-2f2bed707358.jpg","53d125150b8f7a43ae09976596c5452a","image/jpeg","2230883","2026-09-19 21:43:49.740543+00","2026-09-19 21:43:50.875133+00"
"e547dda3-b68f-5676-9e3d-c6207ea3b383","t-001","f-001","b-001","wv-001","20260919_214349","farmiq-media","tenants/t-001/farms/f-001/barns/b-001/devices/wv-001/images/2026/09/19/1ca28ec0-f2c3-4a14-8b22-b59ec46f4e0d.jpg","1c9b426ccdaf90a8d556136404c34c92","image/jpeg","2270402","2026-09-19 21:43:49.740543+00","2026-09-19 21:43:51.27966+00"
"64d0fa62-8676-55a1-890b-43c6f27a8f3a","t-001","f-001","b-001","wv-001","20260919_214403","farmiq-media","tenants/t-001/farms/f-001/barns/b-001/devices/wv-001/images/2026/09/19/ea302315-c40c-4409-9e38-400568fccc1d.jpg","3b7951116b51d6a41821ec1bfd4a1f34","image/jpeg","2268056","2026-09-19 21:44:03.290907+00","2026-09-19 21:44:04.893886+00"
"ba0936cf-178f-59b2-af39-48e9b8a8cc41","t-001","f-001","b-001","wv-001","20260919_214403","farmiq-media","tenants/t-001/farms/f-001/barns/b-001/devices/wv-001/images/2026/09/19/e7fdc725-4f6e-4014-a8e4-6fc1edb74484.jpg","54357d00e21ebafc16ca5dd720f78a77","image/jpeg","2295548","2026-09-19 21:44:03.290907+00","2026-09-19 21:44:05.241586+00"
"021e215d-0db8-5e65-ae9e-59b2308065ff","t-001","f-001","b-001","wv-001","20260919_214638","farmiq-media","tenants/t-001/farms/f-001/barns/b-001/devices/wv-001/images/2026/09/19/a0ab2034-e4bf-4c58-bf7f-5f07c02fe576.jpg","03a4a94d5306b949ab22dca96af8eea4","image/jpeg","2292201","2026-09-19 21:46:38.67292+00","2026-09-19 21:46:40.064734+00"
"3870cca8-5f7d-5911-bc05-15467f537dcc","t-001","f-001","b-001","wv-001","20260919_214638","farmiq-media","tenants/t-001/farms/f-001/barns/b-001/devices/wv-001/images/2026/09/19/3a8f13f1-ba1d-406b-baa0-1e33bfa81e77.jpg","559bcfed374bc0fa124ff63ed1cf3926","image/jpeg","2329489","2026-09-19 21:46:38.67292+00","2026-09-19 21:46:40.475221+00"
"a1d40e92-fb40-5af4-b0c2-48d38409e15b","t-001","f-001","b-001","wv-001","20260919_214735","farmiq-media","tenants/t-001/farms/f-001/barns/b-001/devices/wv-001/images/2026/09/19/bc207811-5a37-4b5a-a8f3-834ac9b816eb.jpg","6f2b4ad6321964490e908d1629c9e811","image/jpeg","2272361","2026-09-19 21:47:35.155022+00","2026-09-19 21:47:36.475098+00"
"dc000290-ea4c-568c-9d6f-cac05ababf4e","t-001","f-001","b-001","wv-001","20260919_214735","farmiq-media","tenants/t-001/farms/f-001/barns/b-001/devices/wv-001/images/2026/09/19/bd840ecc-4cbc-4707-9580-ec17593556a4.jpg","d2debb86a78677f6e22a83e96bad7f89","image/jpeg","2304419","2026-09-19 21:47:35.155022+00","2026-09-19 21:47:36.849067+00"
"488109c0-aac1-5cbc-8e18-cb6218c39dd0","t-001","f-001","b-001","wv-001","20260919_214802","farmiq-media","tenants/t-001/farms/f-001/barns/b-001/devices/wv-001/images/2026/09/19/bcac1fb2-4858-4009-8e3a-cf4818d3f0a9.jpg","f1789d1fa76d9724351bc023488b5818","image/jpeg","2389201","2026-09-19 21:48:02.020353+00","2026-09-19 21:48:04.556273+00"
"bc94df80-9f5f-530e-9e72-06975936770f","t-001","f-001","b-001","wv-001","20260919_214802","farmiq-media","tenants/t-001/farms/f-001/barns/b-001/devices/wv-001/images/2026/09/19/d77563af-5ce3-45a9-8af9-3f7c59177d55.jpg","0e6be3889046b83b3e6ebb1e0d2b5186","image/jpeg","2419389","2026-09-19 21:48:02.020353+00","2026-09-19 21:48:04.930063+00"
"14985a8e-eb8a-5f73-a5ce-a0a4a2c5c078","t-001","f-001","b-001","wv-001","20260919_214806","farmiq-media","tenants/t-001/farms/f-001/barns/b-001/devices/wv-001/images/2026/09/19/b9f8a3bb-18a6-4432-b85d-9f94f8fa8300.jpg","b435c09079cd4cfc8a6042b1180451ac","image/jpeg","2303922","2026-09-19 21:48:06.274302+00","2026-09-19 21:48:10.510149+00"
"03f3df5b-c7c0-59b2-9891-53553e2cecc8","t-001","f-001","b-001","wv-001","20260919_214806","farmiq-media","tenants/t-001/farms/f-001/barns/b-001/devices/wv-001/images/2026/09/19/bbc0ff5d-17f2-4ed2-91ea-e0692a519377.jpg","0b1f47729b54de666839ce33e61d284f","image/jpeg","2342537","2026-09-19 21:48:06.274302+00","2026-09-19 21:48:10.889338+00"
"c6a50ed7-07e1-59a0-8492-62643009fad1","t-001","f-001","b-001","wv-001","20260919_215035","farmiq-media","tenants/t-001/farms/f-001/barns/b-001/devices/wv-001/images/2026/09/19/eeee152e-f423-461c-8bf2-f42953caad14.jpg","9fe38eee712af14e4056f4f1262c53c6","image/jpeg","2051054","2026-09-19 21:50:35.278311+00","2026-09-19 21:50:37.615313+00"
"ecdc5903-3f7c-58c0-af67-3ac8fe428d56","t-001","f-001","b-001","wv-001","20260919_215035","farmiq-media","tenants/t-001/farms/f-001/barns/b-001/devices/wv-001/images/2026/09/19/d86346c5-8e85-432b-836d-b700d2ca0ced.jpg","ffa990d59961ae849076f2215143c3d5","image/jpeg","2080062","2026-09-19 21:50:35.278311+00","2026-09-19 21:50:37.983991+00"
"8782be24-3597-5b49-8b61-71ac54a70f9a","t-001","f-001","b-001","wv-001","20260919_215104","farmiq-media","tenants/t-001/farms/f-001/barns/b-001/devices/wv-001/images/2026/09/19/55814918-7a0f-4045-a406-f6f5e8affdbf.jpg","acbde028cfe0df47805bb843014396eb","image/jpeg","2429570","2026-09-19 21:51:04.27667+00","2026-09-19 21:51:05.757787+00"
"20f62d50-a4b8-5ab5-bb28-fe789dd81505","t-001","f-001","b-001","wv-001","20260919_215104","farmiq-media","tenants/t-001/farms/f-001/barns/b-001/devices/wv-001/images/2026/09/19/7326fc84-2b15-4c6f-81ba-793b730bd465.jpg","88b6405c9bdb0461317f5c7e86dd023f","image/jpeg","2459354","2026-09-19 21:51:04.27667+00","2026-09-19 21:51:06.156249+00"
"100cfee0-678b-5eae-8b62-d4aebd4e267b","t-001","f-001","b-001","wv-001","20260919_215108","farmiq-media","tenants/t-001/farms/f-001/barns/b-001/devices/wv-001/images/2026/09/19/f6a56076-3b01-447d-a8af-e58120b781ac.jpg","c00a1ce00194d1bca1f9f42547a3e73e","image/jpeg","2111238","2026-09-19 21:51:08.23462+00","2026-09-19 21:51:11.696845+00"
"b9bc87ea-12c9-5113-b7b2-e61733de8e92","t-001","f-001","b-001","wv-001","20260919_215108","farmiq-media","tenants/t-001/farms/f-001/barns/b-001/devices/wv-001/images/2026/09/19/fa9e7e66-6151-4b70-9d2d-b229630434cf.jpg","d59c90d6435f4effefaf77cf841fdf9d","image/jpeg","2147888","2026-09-19 21:51:08.23462+00","2026-09-19 21:51:12.055329+00"
"c6186f79-1494-5553-9edf-4b01833b8543","t-001","f-001","b-001","wv-001","20260919_215255","farmiq-media","tenants/t-001/farms/f-001/barns/b-001/devices/wv-001/images/2026/09/19/3f5d2d8f-0ca4-4c03-bbf0-5b7a876393ac.jpg","247cd2e2174635d6a911f7a22cd27571","image/jpeg","2493183","2026-09-19 21:52:55.364352+00","2026-09-19 21:52:56.917701+00"
"76fbda1c-2cb3-507c-865f-979c7360548c","t-001","f-001","b-001","wv-001","20260919_215255","farmiq-media","tenants/t-001/farms/f-001/barns/b-001/devices/wv-001/images/2026/09/19/0db36d55-6dc7-490b-ad5c-4c7c163d3960.jpg","adf657edb608d3902e2e4c48366bbb68","image/jpeg","2518623","2026-09-19 21:52:55.364352+00","2026-09-19 21:52:57.301922+00"
"33219d65-a769-5443-95a4-657d530b19e6","t-001","f-001","b-001","wv-001","20260919_215311","farmiq-media","tenants/t-001/farms/f-001/barns/b-001/devices/wv-001/images/2026/09/19/cad9c08f-622f-4f9f-b314-83d7b33c6877.jpg","8eafdc043eb6c88d37a302635ce3009a","image/jpeg","2408849","2026-09-19 21:53:11.628087+00","2026-09-19 21:53:12.957928+00"
"157a0387-67f8-5bd7-8708-19a275e28ede","t-001","f-001","b-001","wv-001","20260919_215311","farmiq-media","tenants/t-001/farms/f-001/barns/b-001/devices/wv-001/images/2026/09/19/a4940a9f-10f6-4608-88f2-7b5c63c595f3.jpg","05cf67b5d8f192df685e4acad05184b2","image/jpeg","2442588","2026-09-19 21:53:11.628087+00","2026-09-19 21:53:13.333925+00"
"88d3f22e-1011-5de8-a745-73434bfa60e8","t-001","f-001","b-001","wv-001","20260919_215319","farmiq-media","tenants/t-001/farms/f-001/barns/b-001/devices/wv-001/images/2026/09/19/2aaaa67f-e898-43f7-9229-1597b7e90b2a.jpg","fd80492e2c777c8cdb5d44c0916009be","image/jpeg","2069046","2026-09-19 21:53:19.089744+00","2026-09-19 21:53:20.895458+00"
"241ba993-b059-5182-ac5c-e4abfbb43e2a","t-001","f-001","b-001","wv-001","20260919_215319","farmiq-media","tenants/t-001/farms/f-001/barns/b-001/devices/wv-001/images/2026/09/19/d0b62b5a-09c5-441b-8b08-673469f094a6.jpg","577e4184c54290ac6420f82f689fe50f","image/jpeg","2121335","2026-09-19 21:53:19.089744+00","2026-09-19 21:53:21.196706+00"
"a11014f2-6d56-5825-97f5-ee2c78da2671","t-001","f-001","b-001","wv-001","20260919_215355","farmiq-media","tenants/t-001/farms/f-001/barns/b-001/devices/wv-001/images/2026/09/19/a7d30e6c-84e1-4437-9807-94da56753e70.jpg","99973c71a1f5ca21bbb6a4f039a7605a","image/jpeg","2457687","2026-09-19 21:53:55.575541+00","2026-09-19 21:53:57.127874+00"
"4329a0b6-4d44-5461-988f-a8cdb0637ebf","t-001","f-001","b-001","wv-001","20260919_215355","farmiq-media","tenants/t-001/farms/f-001/barns/b-001/devices/wv-001/images/2026/09/19/5e123ae9-1007-4135-b868-a40af1a730a6.jpg","085aa3be4aa492f4dddaa254d0e2c329","image/jpeg","2492434","2026-09-19 21:53:55.575541+00","2026-09-19 21:53:57.548629+00"
"0178394b-cdce-50d7-9b2e-7f3025b95cab","t-001","f-001","b-001","wv-001","20260919_215424","farmiq-media","tenants/t-001/farms/f-001/barns/b-001/devices/wv-001/images/2026/09/19/509fab2f-b27a-45f0-9a61-2f6743a6cbde.jpg","5d8a4edcb6219dcb968be25e4305b609","image/jpeg","2471412","2026-09-19 21:54:24.878067+00","2026-09-19 21:54:27.366731+00"
"b99f8f14-9684-5f96-b9c6-6128bf790b64","t-001","f-001","b-001","wv-001","20260919_215424","farmiq-media","tenants/t-001/farms/f-001/barns/b-001/devices/wv-001/images/2026/09/19/7baee512-fab2-4fe2-bcea-4f9e5973e0ee.jpg","fa243c659599341d590711cbb5b9bcb7","image/jpeg","2505081","2026-09-19 21:54:24.878067+00","2026-09-19 21:54:27.834603+00"
"3560d8e6-1000-5814-bd96-bec78de61c61","t-001","f-001","b-001","wv-001","20260919_215433","farmiq-media","tenants/t-001/farms/f-001/barns/b-001/devices/wv-001/images/2026/09/19/66e71d9f-06c7-4771-ba10-bd5a638e7432.jpg","e8ee9cb361ad07be08833ef7182b805f","image/jpeg","2146166","2026-09-19 21:54:33.507292+00","2026-09-19 21:54:35.425343+00"
"fe260e48-e66f-5dbc-81c9-7d4982454d6c","t-001","f-001","b-001","wv-001","20260919_215433","farmiq-media","tenants/t-001/farms/f-001/barns/b-001/devices/wv-001/images/2026/09/19/cd0ef446-4145-4ba5-bb6f-7dc5477d771c.jpg","59d4a122e17e9b74000ba2c7cc81a7cb","image/jpeg","2190232","2026-09-19 21:54:33.507292+00","2026-09-19 21:54:35.785759+00"
"17296d62-745e-5a3a-9914-26eeeb9f818e","t-001","f-001","b-001","wv-001","20260919_215450","farmiq-media","tenants/t-001/farms/f-001/barns/b-001/devices/wv-001/images/2026/09/19/ecdda088-d454-4009-8a08-fa477764d043.jpg","0b096f80652abf064128c3726e95427f","image/jpeg","2289706","2026-09-19 21:54:50.944815+00","2026-09-19 21:54:53.408164+00"
"a211d1bf-7f23-5eeb-9dd5-ddc5b33a4488","t-001","f-001","b-001","wv-001","20260919_215450","farmiq-media","tenants/t-001/farms/f-001/barns/b-001/devices/wv-001/images/2026/09/19/134ad4bc-46d2-467e-9c05-9a7322fd536f.jpg","5772c24898b909edee29ba8c47eb16af","image/jpeg","2322461","2026-09-19 21:54:50.944815+00","2026-09-19 21:54:53.769172+00"
"2f2be043-3bae-5932-a3f6-15cbb75786c1","t-001","f-001","b-001","wv-001","20260919_215513","farmiq-media","tenants/t-001/farms/f-001/barns/b-001/devices/wv-001/images/2026/09/19/161be71f-bdf2-49e1-a827-108c8427b375.jpg","62c0db43fcb58661af48408e02a37669","image/jpeg","2272313","2026-09-19 21:55:13.438602+00","2026-09-19 21:55:15.411537+00"
"d7236954-7dc0-55a6-8ba4-53a28c987c92","t-001","f-001","b-001","wv-001","20260919_215513","farmiq-media","tenants/t-001/farms/f-001/barns/b-001/devices/wv-001/images/2026/09/19/08415775-fe9a-4584-8170-2d4a461a4e3f.jpg","591a08493a4b8c75151e03165c9a30b6","image/jpeg","2314693","2026-09-19 21:55:13.438602+00","2026-09-19 21:55:15.776705+00"
"fabb3e62-284d-5133-948b-971afb78d4d6","t-001","f-001","b-001","wv-001","20260919_215554","farmiq-media","tenants/t-001/farms/f-001/barns/b-001/devices/wv-001/images/2026/09/19/0323364b-f671-4234-b2aa-28fadaef7f0c.jpg","677def0630589b407e8aaf1246af866a","image/jpeg","2081189","2026-09-19 21:55:54.28876+00","2026-09-19 21:55:55.613463+00"
"b7339927-d49c-5006-bd09-3ee3dfa95637","t-001","f-001","b-001","wv-001","20260919_215554","farmiq-media","tenants/t-001/farms/f-001/barns/b-001/devices/wv-001/images/2026/09/19/dfa8ca8a-7f58-487e-8590-15f1c636b123.jpg","33e09ec63bf1cfe1856a38fa73227316","image/jpeg","2129828","2026-09-19 21:55:54.28876+00","2026-09-19 21:55:55.96622+00"
"d1da5ede-72ff-5246-9381-1c4867e9618b","t-001","f-001","b-001","wv-001","20260919_215901","farmiq-media","tenants/t-001/farms/f-001/barns/b-001/devices/wv-001/images/2026/09/19/6f67fed9-0c32-430f-836f-c36d5ce080cd.jpg","2a98e84ceb79785dadd265599903da47","image/jpeg","2418590","2026-09-19 21:59:01.250001+00","2026-09-19 21:59:02.981731+00"
"e5032b1c-3dda-5ddb-828c-4c9e19a75dc6","t-001","f-001","b-001","wv-001","20260919_215901","farmiq-media","tenants/t-001/farms/f-001/barns/b-001/devices/wv-001/images/2026/09/19/1c3762d3-2531-4b12-b69a-e865a850be9a.jpg","1fd213ef05b3c7c087263d7220fd4d3e","image/jpeg","2455397","2026-09-19 21:59:01.250001+00","2026-09-19 21:59:03.356916+00"
"57d22ffd-467e-52f3-9db1-b3abc7c1a96a","t-001","f-001","b-001","wv-001","20260919_220004","farmiq-media","tenants/t-001/farms/f-001/barns/b-001/devices/wv-001/images/2026/09/19/659f7470-8a80-498a-ad5c-666abe271597.jpg","e71e0b9f483309135a619ab1ef59dc41","image/jpeg","2387460","2026-09-19 22:00:04.685076+00","2026-09-19 22:00:05.480293+00"
"b0de56e3-6692-554e-9d77-128f4b8c49e4","t-001","f-001","b-001","wv-001","20260919_220004","farmiq-media","tenants/t-001/farms/f-001/barns/b-001/devices/wv-001/images/2026/09/19/3433b4b3-989d-4d3a-8de6-48f7bc02aef0.jpg","5234e73c587352d285621438fef061e7","image/jpeg","2424400","2026-09-19 22:00:04.685076+00","2026-09-19 22:00:05.849457+00"
"aab88548-c2c2-5ce3-a5d6-945f430ab119","t-001","f-001","b-001","wv-001","20260919_220105","farmiq-media","tenants/t-001/farms/f-001/barns/b-001/devices/wv-001/images/2026/09/19/867853df-d4d5-43a4-9410-c300406a725e.jpg","b8343b31b929eab2d9530fca859b0eef","image/jpeg","2357565","2026-09-19 22:01:05.600093+00","2026-09-19 22:01:07.890414+00"
"3151af5f-30ec-5e07-a79a-35405ac54242","t-001","f-001","b-001","wv-001","20260919_220105","farmiq-media","tenants/t-001/farms/f-001/barns/b-001/devices/wv-001/images/2026/09/19/341c3485-206f-4428-a16c-cb6bd09bd227.jpg","5e764583a4d723cc57c54de266583554","image/jpeg","2403864","2026-09-19 22:01:05.600093+00","2026-09-19 22:01:08.262523+00"
"733ce619-d28f-5d20-8af4-19b7efe2891b","t-001","f-001","b-001","wv-001","20260919_220304","farmiq-media","tenants/t-001/farms/f-001/barns/b-001/devices/wv-001/images/2026/09/19/67e8cd5f-82e3-4856-b967-50eb87b85ca7.jpg","03345179c6d13fad94ff4f72c9abb1a8","image/jpeg","1871950","2026-09-19 22:03:04.823373+00","2026-09-19 22:03:06.887126+00"
"9d6c3e06-f91a-5a39-9b22-e2ac28137008","t-001","f-001","b-001","wv-001","20260919_220304","farmiq-media","tenants/t-001/farms/f-001/barns/b-001/devices/wv-001/images/2026/09/19/e189f4d4-5da4-4817-9a09-b9f44270b0db.jpg","06a3ac4de30b9bd538e1643095d6b9c4","image/jpeg","1919988","2026-09-19 22:03:04.823373+00","2026-09-19 22:03:07.227491+00"
"1fff7e69-a6fc-561b-ae68-0629786220f1","t-001","f-001","b-001","wv-001","20260919_220309","farmiq-media","tenants/t-001/farms/f-001/barns/b-001/devices/wv-001/images/2026/09/19/76b37ede-413d-4741-8a19-840944a52ecb.jpg","21b594be0ce471a0025c347aabc8fee8","image/jpeg","1893128","2026-09-19 22:03:09.783564+00","2026-09-19 22:03:12.822157+00"
"fd73272d-8cb8-58e0-a2fe-469c8885d051","t-001","f-001","b-001","wv-001","20260919_220309","farmiq-media","tenants/t-001/farms/f-001/barns/b-001/devices/wv-001/images/2026/09/19/5d66f36c-969c-4bd7-aa24-60e52e693ab1.jpg","e0625d2dfe5fc7ef53ea5671ecbf8158","image/jpeg","1940213","2026-09-19 22:03:09.783564+00","2026-09-19 22:03:13.143193+00"
"0c3895e7-ef62-550d-85ad-ed3a8290a2e7","t-001","f-001","b-001","wv-001","20260919_220318","farmiq-media","tenants/t-001/farms/f-001/barns/b-001/devices/wv-001/images/2026/09/19/5099909a-810c-4f17-bde9-c680d91ff937.jpg","d549783529361efe76c7bca44871c058","image/jpeg","2158809","2026-09-19 22:03:18.21452+00","2026-09-19 22:03:20.707622+00"
"b58539a8-ed57-5250-ba06-590a0d2756cf","t-001","f-001","b-001","wv-001","20260919_220318","farmiq-media","tenants/t-001/farms/f-001/barns/b-001/devices/wv-001/images/2026/09/19/35f906db-3345-4ec8-8fa6-fb5c6ecaca3d.jpg","83c815aeadefa458bcd7ab1d54a9040d","image/jpeg","2197898","2026-09-19 22:03:18.21452+00","2026-09-19 22:03:21.06209+00"
"3c23bf38-7a10-5f41-afab-a5e8476fa203","t-001","f-001","b-001","wv-001","20260919_220322","farmiq-media","tenants/t-001/farms/f-001/barns/b-001/devices/wv-001/images/2026/09/19/a6e833f1-c601-4fd9-8f54-5d0ec780e78d.jpg","2708497a76e31a6aefb33c1ded7bf882","image/jpeg","2117367","2026-09-19 22:03:22.45195+00","2026-09-19 22:03:27.103429+00"
"03add97a-46e4-526e-8d87-5896fa9c635a","t-001","f-001","b-001","wv-001","20260919_220322","farmiq-media","tenants/t-001/farms/f-001/barns/b-001/devices/wv-001/images/2026/09/19/4f0e3e76-08fc-4387-981f-b83fdb80753c.jpg","c4ed58ce1b5e2a7415086abda2b47fed","image/jpeg","2155538","2026-09-19 22:03:22.45195+00","2026-09-19 22:03:44.8984+00"
"86e45920-5f0f-508a-aafb-80304c9dd8b6","t-001","f-001","b-001","wv-001","20260919_220343","farmiq-media","tenants/t-001/farms/f-001/barns/b-001/devices/wv-001/images/2026/09/19/ed6975b1-d929-44a6-bf54-44f8502b0618.jpg","b0138c3d02a6ba307d4283b988082509","image/jpeg","2374904","2026-09-19 22:03:43.73445+00","2026-09-19 22:03:56.91513+00"
"9ea9ac16-8439-56ce-a46a-c344106f231d","t-001","f-001","b-001","wv-001","20260919_220343","farmiq-media","tenants/t-001/farms/f-001/barns/b-001/devices/wv-001/images/2026/09/19/bbfeeb3f-2b35-4056-8225-876aa696ff87.jpg","23eb086a571b747a19837fba6633e165","image/jpeg","2419389","2026-09-19 22:03:43.73445+00","2026-09-19 22:03:57.329095+00"
"5227ccc6-f8e5-50d8-ad10-67d4b6f2ac6f","t-001","f-001","b-001","wv-001","20260919_220422","farmiq-media","tenants/t-001/farms/f-001/barns/b-001/devices/wv-001/images/2026/09/19/c56c0330-b492-4b05-9259-5dce834b08f1.jpg","ce40857dbdd4d912457754a02cc6c111","image/jpeg","1995593","2026-09-19 22:04:22.077192+00","2026-09-19 22:04:23.022991+00"
"63721130-026d-5980-a4d4-c21f98848e21","t-001","f-001","b-001","wv-001","20260919_220422","farmiq-media","tenants/t-001/farms/f-001/barns/b-001/devices/wv-001/images/2026/09/19/991449ae-6a5f-43a8-ace8-6379eceb292c.jpg","a759f2b82b1838fad0a78556a88c0be3","image/jpeg","2044699","2026-09-19 22:04:22.077192+00","2026-09-19 22:04:23.35327+00"
"82a26add-3b59-5ea5-91e7-2fe79fb6ae9d","t-001","f-001","b-001","wv-001","20260919_220440","farmiq-media","tenants/t-001/farms/f-001/barns/b-001/devices/wv-001/images/2026/09/19/d4581054-29ea-47fc-9873-ccfffeeb72e1.jpg","1139cb786ab48c9f4151319c73d4320c","image/jpeg","2037317","2026-09-19 22:04:40.833266+00","2026-09-19 22:04:42.979975+00"
"5f183383-d5ed-5ba8-bb56-febd72ac5602","t-001","f-001","b-001","wv-001","20260919_220440","farmiq-media","tenants/t-001/farms/f-001/barns/b-001/devices/wv-001/images/2026/09/19/2b2ba990-e719-43dc-8fbc-6f66ff0bd2e5.jpg","deb5b144513328a9a0a8983c8e43052a","image/jpeg","2083936","2026-09-19 22:04:40.833266+00","2026-09-19 22:04:43.310992+00"
"00773bcb-0868-5f77-8973-b8f457f065b2","t-001","f-001","b-001","wv-001","20260919_220450","farmiq-media","tenants/t-001/farms/f-001/barns/b-001/devices/wv-001/images/2026/09/19/764474bd-ec6f-42cc-b9fa-13467ed1299f.jpg","be9e6b395bab173f9164479a0b0b9aff","image/jpeg","2379985","2026-09-19 22:04:50.667499+00","2026-09-19 22:04:52.910487+00"
"b0c41824-ec1b-5074-8970-0c01736b5f38","t-001","f-001","b-001","wv-001","20260919_220450","farmiq-media","tenants/t-001/farms/f-001/barns/b-001/devices/wv-001/images/2026/09/19/f611521d-9431-4285-b331-165372567b0c.jpg","fa4b39f61bbfdcd72ddc1bd309e6af6b","image/jpeg","2414457","2026-09-19 22:04:50.667499+00","2026-09-19 22:04:53.31009+00"
"cb12d2d1-6eb3-51cf-bc3c-d1c7a15b820b","t-001","f-001","b-001","wv-001","20260919_220558","farmiq-media","tenants/t-001/farms/f-001/barns/b-001/devices/wv-001/images/2026/09/19/163c336c-5fee-4b09-b4b1-406c5b808f1b.jpg","bec00dfbb20345dac1d130d93ef2d52e","image/jpeg","2416494","2026-09-19 22:05:58.743496+00","2026-09-19 22:05:59.32828+00"
"1c12464f-b141-5855-93e0-0a1f9a48fc28","t-001","f-001","b-001","wv-001","20260919_220558","farmiq-media","tenants/t-001/farms/f-001/barns/b-001/devices/wv-001/images/2026/09/19/3ad39eb6-fea9-4dab-a664-c08c93f0fd47.jpg","a25bb3ceb854e612fb344cf3bf849efc","image/jpeg","2451194","2026-09-19 22:05:58.743496+00","2026-09-19 22:05:59.729714+00"
"dbfeab32-8dcf-5f5a-81b7-1f9adf94ab5d","t-001","f-001","b-001","wv-001","20260919_220604","farmiq-media","tenants/t-001/farms/f-001/barns/b-001/devices/wv-001/images/2026/09/19/03f05adb-ffb0-4681-822f-a9b30153dd55.jpg","674c0ab5f5c5f32bc7b0162b62fa93bf","image/jpeg","2171729","2026-09-19 22:06:04.328393+00","2026-09-19 22:06:05.202031+00"
"1577135a-eb4e-55dc-a40d-95ea2f6daa53","t-001","f-001","b-001","wv-001","20260919_220604","farmiq-media","tenants/t-001/farms/f-001/barns/b-001/devices/wv-001/images/2026/09/19/0c715f9d-f30a-4a97-a02a-c17c5f215812.jpg","9ab0852cd0373ebd0a67a5cb2a8c2fdb","image/jpeg","2220802","2026-09-19 22:06:04.328393+00","2026-09-19 22:06:05.511705+00"
"3e703107-fc79-5676-846a-cf6fdc90aabb","t-001","f-001","b-001","wv-001","20260919_220614","farmiq-media","tenants/t-001/farms/f-001/barns/b-001/devices/wv-001/images/2026/09/19/7d8aa3eb-c1a2-4094-85b9-e21c16aa29e3.jpg","302eb0a1ec81f75d533529188798e3bd","image/jpeg","2256795","2026-09-19 22:06:14.27191+00","2026-09-19 22:06:15.137453+00"
"fec9bfe8-5417-51ae-9861-3fa55e930c20","t-001","f-001","b-001","wv-001","20260919_220614","farmiq-media","tenants/t-001/farms/f-001/barns/b-001/devices/wv-001/images/2026/09/19/7e950319-a7df-49da-95bf-12ceeb236f46.jpg","149e6ab01cb41a45b6fd522b29358f78","image/jpeg","2292087","2026-09-19 22:06:14.27191+00","2026-09-19 22:06:15.497771+00"
"8f2b8769-feba-5e76-a567-e8499e7ffc24","t-001","f-001","b-001","wv-001","20260919_220630","farmiq-media","tenants/t-001/farms/f-001/barns/b-001/devices/wv-001/images/2026/09/19/2ffbbe39-10bc-45a6-8b40-44a86c282a89.jpg","37c566c6a48defad9b7cf820892d637a","image/jpeg","2298162","2026-09-19 22:06:30.655929+00","2026-09-19 22:06:33.253792+00"
"7c3ddfeb-cab0-52ec-a6da-e5f2de6be354","t-001","f-001","b-001","wv-001","20260919_220630","farmiq-media","tenants/t-001/farms/f-001/barns/b-001/devices/wv-001/images/2026/09/19/9928e5ad-88a7-42c4-ab39-5d28b9d30d11.jpg","dfd18ca7f3cbd3a9324948cc3d9853f8","image/jpeg","2338061","2026-09-19 22:06:30.655929+00","2026-09-19 22:06:33.642079+00"
"e0a20971-2d52-58e5-acf7-3ffc025c1df0","t-001","f-001","b-001","wv-001","20260919_220659","farmiq-media","tenants/t-001/farms/f-001/barns/b-001/devices/wv-001/images/2026/09/19/80b23b63-416d-4502-ab6f-eb5a48a44a69.jpg","f67e638ef0a338fbdec4935f0997b909","image/jpeg","2116636","2026-09-19 22:06:59.392938+00","2026-09-19 22:07:01.408115+00"
"c7398d9b-5ca3-52f4-9a01-65ef0fef8788","t-001","f-001","b-001","wv-001","20260919_220659","farmiq-media","tenants/t-001/farms/f-001/barns/b-001/devices/wv-001/images/2026/09/19/927e1be0-3364-4493-91be-6500b8e84ed2.jpg","8cbf832bc9f45deb6d42e440e3d29a45","image/jpeg","2150148","2026-09-19 22:06:59.392938+00","2026-09-19 22:07:01.785759+00"
"ff36c635-c1a5-5480-ba93-40495be5e373","t-001","f-001","b-001","wv-001","20260919_220719","farmiq-media","tenants/t-001/farms/f-001/barns/b-001/devices/wv-001/images/2026/09/19/6357f5a3-4419-4458-9831-c5810eb0a7ce.jpg","5de96933c303aea2b67ab8564ba5eefc","image/jpeg","2368178","2026-09-19 22:07:19.165389+00","2026-09-19 22:07:21.468102+00"
"1503e5f9-70c7-51dc-b453-d30db338e50e","t-001","f-001","b-001","wv-001","20260919_220719","farmiq-media","tenants/t-001/farms/f-001/barns/b-001/devices/wv-001/images/2026/09/19/015dae1b-ff21-478e-bc27-91bf86875833.jpg","6865663043c7f578aeef1fdcda0256ac","image/jpeg","2403308","2026-09-19 22:07:19.165389+00","2026-09-19 22:07:21.848869+00"
"1953e152-25fc-5f67-83f4-691368e5cf7a","t-001","f-001","b-001","wv-001","20260919_220846","farmiq-media","tenants/t-001/farms/f-001/barns/b-001/devices/wv-001/images/2026/09/19/14e23663-823b-4c5e-b0c7-658f7fc28ef6.jpg","4cf552760a52609ecc9233a44014cc19","image/jpeg","2367572","2026-09-19 22:08:46.891403+00","2026-09-19 22:08:48.163445+00"
"3d7585ad-cb2e-5d4a-8622-3d57e2268e5b","t-001","f-001","b-001","wv-001","20260919_220846","farmiq-media","tenants/t-001/farms/f-001/barns/b-001/devices/wv-001/images/2026/09/19/10b4d727-f9fa-4572-9a8c-593bb246e198.jpg","a93d10df436728f9e209e161be93ab19","image/jpeg","2405958","2026-09-19 22:08:46.891403+00","2026-09-19 22:08:48.530129+00"
"b3c46590-d61f-5f9e-bb44-1a37c696d5a5","t-001","f-001","b-001","wv-001","20260919_221142","farmiq-media","tenants/t-001/farms/f-001/barns/b-001/devices/wv-001/images/2026/09/19/23fc37f8-0f64-4f84-88d1-a18a016a6b3f.jpg","9e09fe01b0b384ac5a982fff472eef4c","image/jpeg","2399384","2026-09-19 22:11:42.221501+00","2026-09-19 22:11:43.432806+00"
"85bcc2aa-08c2-58e1-996d-d14e0b2ad27a","t-001","f-001","b-001","wv-001","20260919_221142","farmiq-media","tenants/t-001/farms/f-001/barns/b-001/devices/wv-001/images/2026/09/19/35531b45-fe81-4dc8-b967-bbcf7762edfe.jpg","83ea5d65e5e111ad7d8def3968794000","image/jpeg","2436456","2026-09-19 22:11:42.221501+00","2026-09-19 22:11:43.863328+00"
"d7106e86-ffa9-5a5b-8e6a-860987ac6875","t-001","f-001","b-001","wv-001","20260919_221236","farmiq-media","tenants/t-001/farms/f-001/barns/b-001/devices/wv-001/images/2026/09/19/f89b42c5-2d43-41c9-aeac-926a273a1492.jpg","251f0bbc9466bf57695846e39e693b00","image/jpeg","2246845","2026-09-19 22:12:36.775487+00","2026-09-19 22:12:37.82423+00"
"c264c83c-fcb5-53a3-926d-8e3daae9e150","t-001","f-001","b-001","wv-001","20260919_221236","farmiq-media","tenants/t-001/farms/f-001/barns/b-001/devices/wv-001/images/2026/09/19/9548959b-4ea0-441b-9eef-cfb8cf0ae877.jpg","114aa0a2bd79add4a6c1757e40fe212f","image/jpeg","2288580","2026-09-19 22:12:36.775487+00","2026-09-19 22:12:38.170483+00"
"4f99c288-5394-5c95-877c-2c4d389c00af","t-001","f-001","b-001","wv-001","20260919_221328","farmiq-media","tenants/t-001/farms/f-001/barns/b-001/devices/wv-001/images/2026/09/19/ec6cf4bc-e384-4297-9eb2-5d329d16e1ad.jpg","fe132d934a70f9d853bf2aad74e4c612","image/jpeg","2037741","2026-09-19 22:13:28.214957+00","2026-09-19 22:13:30.053168+00"
"bf53fa73-145c-5fca-a4a5-9a8e86730e26","t-001","f-001","b-001","wv-001","20260919_221328","farmiq-media","tenants/t-001/farms/f-001/barns/b-001/devices/wv-001/images/2026/09/19/084a8bc6-4875-4b7f-8cd3-14432238681a.jpg","3429676826fd7628630474cfabf977ff","image/jpeg","2096085","2026-09-19 22:13:28.214957+00","2026-09-19 22:13:30.367928+00"
"f8b36cb5-5c3e-578c-8f0c-84eeb688ff1a","t-001","f-001","b-001","wv-001","20260919_221336","farmiq-media","tenants/t-001/farms/f-001/barns/b-001/devices/wv-001/images/2026/09/19/32ef3b56-0990-4168-a2b4-8b02faf858e4.jpg","cef12ed2301d606e3d6ec57b4458e549","image/jpeg","2151334","2026-09-19 22:13:36.614186+00","2026-09-19 22:13:37.988874+00"
"aed5b4e8-8cf9-53b9-bd3e-1f5666f3f402","t-001","f-001","b-001","wv-001","20260919_221336","farmiq-media","tenants/t-001/farms/f-001/barns/b-001/devices/wv-001/images/2026/09/19/6143e06b-f3c1-4b60-b4a3-1dac07084238.jpg","aa11f3e9a8c1a6c637c53b5b591cbcb6","image/jpeg","2201596","2026-09-19 22:13:36.614186+00","2026-09-19 22:13:38.401244+00"
"ca860a29-3b27-54f1-9cda-b5cf7925e38e","t-001","f-001","b-001","wv-001","20260919_221400","farmiq-media","tenants/t-001/farms/f-001/barns/b-001/devices/wv-001/images/2026/09/19/109d68de-2414-4152-b0f1-3ede0665e1ae.jpg","f3f725c32b213af9274a8b8b825098e9","image/jpeg","2162873","2026-09-19 22:14:00.965451+00","2026-09-19 22:14:02.131581+00"
"e6ae886e-9168-581a-b056-76f3155a0262","t-001","f-001","b-001","wv-001","20260919_221400","farmiq-media","tenants/t-001/farms/f-001/barns/b-001/devices/wv-001/images/2026/09/19/e8598300-7547-4979-a7de-eb6f89383902.jpg","02e2090d154acfc07682243faa9c2dbb","image/jpeg","2206906","2026-09-19 22:14:00.965451+00","2026-09-19 22:14:02.531177+00"
"9a671a6b-39ec-5d00-834e-9f6a0df971df","t-001","f-001","b-001","wv-001","20260919_221430","farmiq-media","tenants/t-001/farms/f-001/barns/b-001/devices/wv-001/images/2026/09/19/e656dcee-dbff-4f0e-a7d1-1e9b57f8773a.jpg","e9bc4f70cfd4c3c84e5c61c9009016ac","image/jpeg","2275450","2026-09-19 22:14:30.646058+00","2026-09-19 22:14:35.03083+00"
"4898164d-cfd5-56db-8b44-fb5b3820e5f1","t-001","f-001","b-001","wv-001","20260919_221430","farmiq-media","tenants/t-001/farms/f-001/barns/b-001/devices/wv-001/images/2026/09/19/85c0f3c5-fd20-4e01-bf5a-fdea5a165212.jpg","145ea3054f19daa5f665aa2e1194c75b","image/jpeg","2320279","2026-09-19 22:14:30.646058+00","2026-09-19 22:14:42.070873+00"
"fc35ff76-2380-5039-889e-3f2e5d083da0","t-001","f-001","b-001","wv-001","20260919_221515","farmiq-media","tenants/t-001/farms/f-001/barns/b-001/devices/wv-001/images/2026/09/19/badddcb2-621a-49c9-a3d0-1e950a240e5a.jpg","db95656ca3b4152023f2cf906103e049","image/jpeg","2309106","2026-09-19 22:15:15.661094+00","2026-09-19 22:15:16.255908+00"
"8fb61c1b-958e-55f5-aac4-d26d2d64f757","t-001","f-001","b-001","wv-001","20260919_221515","farmiq-media","tenants/t-001/farms/f-001/barns/b-001/devices/wv-001/images/2026/09/19/29bde962-ab3e-4ec8-a980-69277b8d740d.jpg","f325ce293660b3643dddb87743efb7d1","image/jpeg","2345495","2026-09-19 22:15:15.661094+00","2026-09-19 22:15:16.621518+00"
"659ca164-5d69-5464-9d85-6148ad28d6e8","t-001","f-001","b-001","wv-001","20260919_221613","farmiq-media","tenants/t-001/farms/f-001/barns/b-001/devices/wv-001/images/2026/09/19/6dc0ab4d-e05c-4dd8-9dd6-87fbd9ac8c77.jpg","c94295595c6bcb8724e8a9a848e3f07f","image/jpeg","2124385","2026-09-19 22:16:13.279074+00","2026-09-19 22:16:14.615792+00"
"0337555f-3cc6-55a9-91a7-ecfc87ffc7b7","t-001","f-001","b-001","wv-001","20260919_221613","farmiq-media","tenants/t-001/farms/f-001/barns/b-001/devices/wv-001/images/2026/09/19/be04b0f8-b41b-4758-89d5-d6242dc4c69d.jpg","7634776e66a1d2ad7aaaac103f96a830","image/jpeg","2166607","2026-09-19 22:16:13.279074+00","2026-09-19 22:16:14.959283+00"
"f26315c6-3270-5459-b3f5-39821e737909","t-001","f-001","b-001","wv-001","20260919_221646","farmiq-media","tenants/t-001/farms/f-001/barns/b-001/devices/wv-001/images/2026/09/19/372e24f7-7aa4-4dbb-b64f-83c3f343610d.jpg","7c536a1776e10a4a5bc4e2f96c05e106","image/jpeg","2259492","2026-09-19 22:16:46.693023+00","2026-09-19 22:16:48.779367+00"
"3ace23f6-14df-5c42-b36e-81b75307f8dd","t-001","f-001","b-001","wv-001","20260919_221646","farmiq-media","tenants/t-001/farms/f-001/barns/b-001/devices/wv-001/images/2026/09/19/131be298-3de8-42ba-b1ca-00dc3629218e.jpg","487b170a2b7aa20a099aa57809d5862a","image/jpeg","2293347","2026-09-19 22:16:46.693023+00","2026-09-19 22:16:49.163385+00"
"f3f62c7d-bed0-58ae-bb8c-a10305dc2f93","t-001","f-001","b-001","wv-001","20260919_221653","farmiq-media","tenants/t-001/farms/f-001/barns/b-001/devices/wv-001/images/2026/09/19/df227e42-fb2f-4498-bb70-1e00f41beeee.jpg","5666f207766690914abea4e1117c700d","image/jpeg","2104494","2026-09-19 22:16:53.928061+00","2026-09-19 22:16:54.754091+00"
"a406e2ea-c02e-5f98-9e68-871415d6b4f1","t-001","f-001","b-001","wv-001","20260919_221653","farmiq-media","tenants/t-001/farms/f-001/barns/b-001/devices/wv-001/images/2026/09/19/fb8cee9f-59de-4f8b-ac3b-918100db3f75.jpg","77a51ed2408315392bf7e06d220f5cb8","image/jpeg","2148440","2026-09-19 22:16:53.928061+00","2026-09-19 22:16:55.097297+00"
"52aba7f5-f364-5bc3-a1f1-9bcde41398fe","t-001","f-001","b-001","wv-001","20260919_221702","farmiq-media","tenants/t-001/farms/f-001/barns/b-001/devices/wv-001/images/2026/09/19/f25f57a0-dfc8-453f-a953-cda5c55bcea1.jpg","d15387bc61a1743465f2313afca55e7f","image/jpeg","2420907","2026-09-19 22:17:02.954956+00","2026-09-19 22:17:04.669622+00"
"0717b55e-f733-5230-b123-d1364b8418b4","t-001","f-001","b-001","wv-001","20260919_221702","farmiq-media","tenants/t-001/farms/f-001/barns/b-001/devices/wv-001/images/2026/09/19/9f3d8525-9330-4ca2-b9a1-0a816469c458.jpg","87882ddbc2861d544fe889ebd3eff410","image/jpeg","2458324","2026-09-19 22:17:02.954956+00","2026-09-19 22:17:05.077488+00"
"bc3da528-3d69-588d-997b-b939d53c12cf","t-001","f-001","b-001","wv-001","20260919_221737","farmiq-media","tenants/t-001/farms/f-001/barns/b-001/devices/wv-001/images/2026/09/19/50ba6f49-5cd6-420d-bd5f-8568ec1e1aaf.jpg","05731540918ce7e8d2cda16c7d1db07d","image/jpeg","2283911","2026-09-19 22:17:37.632685+00","2026-09-19 22:17:38.902384+00"
"122c7855-3689-5068-8a0c-0cf5bc5bd942","t-001","f-001","b-001","wv-001","20260919_221737","farmiq-media","tenants/t-001/farms/f-001/barns/b-001/devices/wv-001/images/2026/09/19/8d7fb364-e4c8-4229-839f-9d6735550418.jpg","dd69bbf06908aa7bbcb9002ec1ada659","image/jpeg","2323785","2026-09-19 22:17:37.632685+00","2026-09-19 22:17:39.314528+00"
"033debb0-ba0e-5a8f-96bd-b940c493af27","t-001","f-001","b-001","wv-001","20260919_221828","farmiq-media","tenants/t-001/farms/f-001/barns/b-001/devices/wv-001/images/2026/09/19/9407a5f3-f4be-4107-b32e-7d1c59c01b0d.jpg","ef0aac9d310da88d8d69e4bd9df9af9a","image/jpeg","2182283","2026-09-19 22:18:28.57967+00","2026-09-19 22:18:29.221625+00"
"6b0de3b2-91c1-5e20-9e56-6766a6b99393","t-001","f-001","b-001","wv-001","20260919_221828","farmiq-media","tenants/t-001/farms/f-001/barns/b-001/devices/wv-001/images/2026/09/19/d5ff45c4-2263-4348-92cb-639e627d9a72.jpg","6f0f4c966e55b2e3f15c2bb3927c5c83","image/jpeg","2229142","2026-09-19 22:18:28.57967+00","2026-09-19 22:18:29.617737+00"
"660ad177-df9c-51aa-8f06-d7680640d726","t-001","f-001","b-001","wv-001","20260919_221832","farmiq-media","tenants/t-001/farms/f-001/barns/b-001/devices/wv-001/images/2026/09/19/5b36ded4-812d-4a14-a7c9-a76d1686b01a.jpg","13aed49bfbe8e739be4ca407124f0dc5","image/jpeg","1980455","2026-09-19 22:18:32.547633+00","2026-09-19 22:18:35.147595+00"
"67f19f29-dd9e-5b77-9ba1-58b54dbfce9d","t-001","f-001","b-001","wv-001","20260919_221832","farmiq-media","tenants/t-001/farms/f-001/barns/b-001/devices/wv-001/images/2026/09/19/5868a615-1f81-4964-bde9-8497a6abbf9c.jpg","f0d9c664ccc9fecafb5ad121ecf0f3f1","image/jpeg","2032703","2026-09-19 22:18:32.547633+00","2026-09-19 22:18:35.497291+00"
"faeb258d-ce15-58fd-a034-d2b14b48584d","t-001","f-001","b-001","wv-001","20260919_221934","farmiq-media","tenants/t-001/farms/f-001/barns/b-001/devices/wv-001/images/2026/09/19/841ac23c-92f8-4801-9085-8fc71d701987.jpg","695cc603a0c5607062df667249627f17","image/jpeg","2351635","2026-09-19 22:19:34.897511+00","2026-09-19 22:19:35.5496+00"
"ca131d03-8ffc-534e-8d05-b0b93fb4f6a2","t-001","f-001","b-001","wv-001","20260919_221934","farmiq-media","tenants/t-001/farms/f-001/barns/b-001/devices/wv-001/images/2026/09/19/cee4e910-f126-460e-9831-27ba2b39a4a1.jpg","55af35b0695233281c9496a2d298c622","image/jpeg","2391842","2026-09-19 22:19:34.897511+00","2026-09-19 22:19:35.901075+00"
"6862a232-2ca2-55a6-b106-3daa01ad098c","t-001","f-001","b-001","wv-001","20260919_222000","farmiq-media","tenants/t-001/farms/f-001/barns/b-001/devices/wv-001/images/2026/09/19/ae4bd754-6a72-4abf-a6e4-a79372333b99.jpg","502c4523a4703b60f2c692197d683323","image/jpeg","2080445","2026-09-19 22:20:00.188568+00","2026-09-19 22:20:15.636681+00"
"9cfb45e5-f235-5793-a7c6-4b576024e888","t-001","f-001","b-001","wv-001","20260919_222000","farmiq-media","tenants/t-001/farms/f-001/barns/b-001/devices/wv-001/images/2026/09/19/0f60d425-cab7-43d3-a0a7-8b26a183a5ce.jpg","53d9aa3298fee7ff9c4841e0c835501f","image/jpeg","2129742","2026-09-19 22:20:00.188568+00","2026-09-19 22:20:19.74259+00"
"46bbd682-a51c-5114-b9cd-a070cdb43e00","t-001","f-001","b-001","wv-001","20260919_222038","farmiq-media","tenants/t-001/farms/f-001/barns/b-001/devices/wv-001/images/2026/09/19/02fd66ef-714c-4126-87d4-d58f1f588e07.jpg","39e82d889b52b43b37eb007d1feca195","image/jpeg","2202064","2026-09-19 22:20:38.463449+00","2026-09-19 22:20:40.684025+00"
"eb790f99-5a39-5dd1-89ef-5a75d5c93f50","t-001","f-001","b-001","wv-001","20260919_222038","farmiq-media","tenants/t-001/farms/f-001/barns/b-001/devices/wv-001/images/2026/09/19/de652a50-1209-4644-9465-34f0988d2ba4.jpg","cbc1b314d420eacba6ddf59997592e00","image/jpeg","2245523","2026-09-19 22:20:38.463449+00","2026-09-19 22:20:41.020702+00"
"828bff0c-ed15-5120-8487-4b6c88907a62","t-001","f-001","b-001","wv-001","20260919_222108","farmiq-media","tenants/t-001/farms/f-001/barns/b-001/devices/wv-001/images/2026/09/19/aa4de418-793f-49e0-ae1f-23917dead973.jpg","e7c5fdbbf1291fdc0a575f5b5b991eb5","image/jpeg","2149262","2026-09-19 22:21:08.888719+00","2026-09-19 22:21:10.78223+00"
"8c6f032f-cc72-5367-aaa0-e43911e62533","t-001","f-001","b-001","wv-001","20260919_222108","farmiq-media","tenants/t-001/farms/f-001/barns/b-001/devices/wv-001/images/2026/09/19/7bb1d770-6caf-42b2-b7f9-b0c14b1da40a.jpg","ab46ee928e646f5f80de295f037d969d","image/jpeg","2187764","2026-09-19 22:21:08.888719+00","2026-09-19 22:21:11.122479+00"
"abe666e6-5f13-514d-aa5a-ffbe6bf4f63f","t-001","f-001","b-001","wv-001","20260919_222127","farmiq-media","tenants/t-001/farms/f-001/barns/b-001/devices/wv-001/images/2026/09/19/d13f41cd-7e90-4c74-beec-78a8e5d2c960.jpg","19f3e47d077390e6cfd7925ded97d7ef","image/jpeg","2401986","2026-09-19 22:21:27.90181+00","2026-09-19 22:21:28.886213+00"
"3a52ccd5-07aa-574c-9c6f-1c2092509ca6","t-001","f-001","b-001","wv-001","20260919_222127","farmiq-media","tenants/t-001/farms/f-001/barns/b-001/devices/wv-001/images/2026/09/19/193f1855-5515-4de8-b3bc-da410f32ce8e.jpg","064dc8221d7594253e09bbfd7f8eb36f","image/jpeg","2430398","2026-09-19 22:21:27.90181+00","2026-09-19 22:21:29.278259+00"
"aac9938c-1869-5ab8-8429-f7c3215d0ed6","t-001","f-001","b-001","wv-001","20260919_222131","farmiq-media","tenants/t-001/farms/f-001/barns/b-001/devices/wv-001/images/2026/09/19/233a9c02-813d-4622-95dc-1134779dad51.jpg","f19dae7e5399c4c5cc3c143f726862f7","image/jpeg","2087451","2026-09-19 22:21:31.891614+00","2026-09-19 22:21:34.795087+00"
"4738e5be-2389-55d0-9384-224dd538830a","t-001","f-001","b-001","wv-001","20260919_222131","farmiq-media","tenants/t-001/farms/f-001/barns/b-001/devices/wv-001/images/2026/09/19/f58ddc97-e422-4457-a458-6f63ebd4a6b8.jpg","b696b414b9247089bf73cf831267564a","image/jpeg","2134316","2026-09-19 22:21:31.891614+00","2026-09-19 22:21:35.127066+00"
"27fd3a3a-2a5c-5a17-89f4-04b08002504a","t-001","f-001","b-001","wv-001","20260919_222202","farmiq-media","tenants/t-001/farms/f-001/barns/b-001/devices/wv-001/images/2026/09/19/7b788eb6-a1fe-4ab3-8294-cb14c8811490.jpg","17cee4d1d1b3ab14c7fa6a8133518326","image/jpeg","2289223","2026-09-19 22:22:02.97475+00","2026-09-19 22:22:04.917998+00"
"7e583f7f-30e9-5e05-a1be-5deeb6dd5aef","t-001","f-001","b-001","wv-001","20260919_222202","farmiq-media","tenants/t-001/farms/f-001/barns/b-001/devices/wv-001/images/2026/09/19/dd9e123b-a060-44bc-88a8-fe68bb96689b.jpg","9eb9d6a4e563848ab3fc9627645dffaa","image/jpeg","2320187","2026-09-19 22:22:02.97475+00","2026-09-19 22:22:05.302873+00"
"a40a7fc3-04f8-5436-9ad5-dc4cd4d7a946","t-001","f-001","b-001","wv-001","20260919_222306","farmiq-media","tenants/t-001/farms/f-001/barns/b-001/devices/wv-001/images/2026/09/19/ff8c8664-31b2-4a4b-a806-588cc9892c57.jpg","f1cca31c1e8106e3dc3facea814f4a87","image/jpeg","2327318","2026-09-19 22:23:06.709767+00","2026-09-19 22:23:07.337464+00"
"86143654-9af3-570d-b328-2af5eee25a8b","t-001","f-001","b-001","wv-001","20260919_222306","farmiq-media","tenants/t-001/farms/f-001/barns/b-001/devices/wv-001/images/2026/09/19/b12a4e54-48ca-49ff-acab-c535e48f0b4c.jpg","fe1ccc70358705f53371f628654d0fc6","image/jpeg","2354771","2026-09-19 22:23:06.709767+00","2026-09-19 22:23:07.736726+00"
"c91395a5-a5bc-5d93-ae95-e05a5af6cb86","t-001","f-001","b-001","wv-001","20260919_222432","farmiq-media","tenants/t-001/farms/f-001/barns/b-001/devices/wv-001/images/2026/09/19/b8bcf797-5bcf-42e6-8d15-86127514b58a.jpg","9cba49d599e536fd2e5efb2a90922dc4","image/jpeg","2295380","2026-09-19 22:24:32.980718+00","2026-09-19 22:24:33.999941+00"
"d7b0bf74-ba89-5fa4-a74e-b49e9188bb06","t-001","f-001","b-001","wv-001","20260919_222432","farmiq-media","tenants/t-001/farms/f-001/barns/b-001/devices/wv-001/images/2026/09/19/ac218d21-5c71-4110-ae6c-c77ac409ffe5.jpg","0410df8fb62b3194c00b7b5345d4069c","image/jpeg","2314325","2026-09-19 22:24:32.980718+00","2026-09-19 22:24:34.410384+00"
"7d8d6f7c-290d-5725-b1d7-696ea1ee8dc7","t-001","f-001","b-001","wv-001","20260919_222505","farmiq-media","tenants/t-001/farms/f-001/barns/b-001/devices/wv-001/images/2026/09/19/4b45569c-d460-4414-96d4-394ccda39ee2.jpg","0135a2709a9d1c99c3ce9801ab37ac22","image/jpeg","2240549","2026-09-19 22:25:05.426596+00","2026-09-19 22:25:06.18521+00"
"8ce3d11e-5cfa-539f-90e4-e821377fb2c5","t-001","f-001","b-001","wv-001","20260919_222505","farmiq-media","tenants/t-001/farms/f-001/barns/b-001/devices/wv-001/images/2026/09/19/7b40a813-b463-4fdf-a2fc-f0e6461dc47a.jpg","47c05d97dde8af053d11314f8b627dc7","image/jpeg","2269380","2026-09-19 22:25:05.426596+00","2026-09-19 22:25:06.588335+00"
"f92fb841-b649-5e0e-962b-4f5b46463fd7","t-001","f-001","b-001","wv-001","20260919_222543","farmiq-media","tenants/t-001/farms/f-001/barns/b-001/devices/wv-001/images/2026/09/19/1eebef70-55a0-4b7e-844b-4bb65945e370.jpg","718880b830d07dad4148c05302a5cfdd","image/jpeg","2383848","2026-09-19 22:25:43.381571+00","2026-09-19 22:25:44.735885+00"
"9ca364df-c90f-572e-9d5d-0c3148ea8223","t-001","f-001","b-001","wv-001","20260919_222543","farmiq-media","tenants/t-001/farms/f-001/barns/b-001/devices/wv-001/images/2026/09/19/03d2160c-a3b6-4ce1-b132-4d0250cf55bb.jpg","6ec1bb4113fbb56dc22653e5ba2f2d7f","image/jpeg","2403931","2026-09-19 22:25:43.381571+00","2026-09-19 22:25:48.341382+00"
"d321b6ce-0b9b-5873-94da-18cc48f1573b","t-001","f-001","b-001","wv-001","20260919_222547","farmiq-media","tenants/t-001/farms/f-001/barns/b-001/devices/wv-001/images/2026/09/19/a774a74e-cae8-4ab6-a1f7-21ba55b6b5f0.jpg","52e6e96f9f5606329a64721034bd2be3","image/jpeg","2198816","2026-09-19 22:25:47.397642+00","2026-09-19 22:25:54.558834+00"
"441f9535-a9ec-5b65-8882-40ffde82aacc","t-001","f-001","b-001","wv-001","20260919_222547","farmiq-media","tenants/t-001/farms/f-001/barns/b-001/devices/wv-001/images/2026/09/19/86a27e96-5937-47be-aa57-a706ccdc37fc.jpg","c3754fb3efc2a508655877352f77b6ad","image/jpeg","2232163","2026-09-19 22:25:47.397642+00","2026-09-19 22:25:54.911753+00"
"71d47d92-19f8-5fe8-9012-9545158047f8","t-001","f-001","b-001","wv-001","20260919_222608","farmiq-media","tenants/t-001/farms/f-001/barns/b-001/devices/wv-001/images/2026/09/19/1c166408-92db-4c54-98d4-e7229f8dfc31.jpg","1244f84c31ce7185fff172316caefc11","image/jpeg","2053063","2026-09-19 22:26:08.700656+00","2026-09-19 22:26:10.396916+00"
"5cc0531e-3eaa-5c73-9770-c204c9a6da5e","t-001","f-001","b-001","wv-001","20260919_222608","farmiq-media","tenants/t-001/farms/f-001/barns/b-001/devices/wv-001/images/2026/09/19/f3f6aaea-481d-4cbd-b138-d981b18e6b6d.jpg","6b47aef64c344ba9b368b248286c558f","image/jpeg","2096045","2026-09-19 22:26:08.700656+00","2026-09-19 22:26:10.668993+00"
"93832481-fc9a-5fb0-b3d7-b480b90a616a","t-001","f-001","b-001","wv-001","20260919_222614","farmiq-media","tenants/t-001/farms/f-001/barns/b-001/devices/wv-001/images/2026/09/19/5065cdef-7af7-4e74-b75a-708ebe9009ad.jpg","4afe2196eecea1990cd851c7c0f8e702","image/jpeg","1984866","2026-09-19 22:26:14.817424+00","2026-09-19 22:26:16.11936+00"
"72e01c3a-64ca-533f-a438-f9d01b180bd3","t-001","f-001","b-001","wv-001","20260919_222614","farmiq-media","tenants/t-001/farms/f-001/barns/b-001/devices/wv-001/images/2026/09/19/c439ccdc-f5fc-41b5-a3da-f5f54dea34eb.jpg","814eb9afb506c22ce22b17c021cd0b00","image/jpeg","2033905","2026-09-19 22:26:14.817424+00","2026-09-19 22:26:16.411718+00"
"772c0fbc-e55c-5063-bc07-1086b2a235ac","t-001","f-001","b-001","wv-001","20260919_222622","farmiq-media","tenants/t-001/farms/f-001/barns/b-001/devices/wv-001/images/2026/09/19/926bd838-e095-4993-9fdb-fb3779bd858b.jpg","cf26c3419fb5a6a0f58f736eb7e44336","image/jpeg","2114507","2026-09-19 22:26:22.460523+00","2026-09-19 22:26:23.926189+00"
"4edbe0d3-0cf1-59fe-a10d-9d5dd2bbafe3","t-001","f-001","b-001","wv-001","20260919_222622","farmiq-media","tenants/t-001/farms/f-001/barns/b-001/devices/wv-001/images/2026/09/19/858a51ab-0e38-4699-b0e1-935487ea4f19.jpg","5a297bdca873750fd294c8966e065710","image/jpeg","2160819","2026-09-19 22:26:22.460523+00","2026-09-19 22:26:24.239496+00"
"b0cd10f3-239d-5b20-84fa-0dc5d007871c","t-001","f-001","b-001","wv-001","20260919_222635","farmiq-media","tenants/t-001/farms/f-001/barns/b-001/devices/wv-001/images/2026/09/19/54d05378-e863-487e-9533-fc4ea53c3cf1.jpg","82fc7767f4034d180e54922be1409c04","image/jpeg","2440646","2026-09-19 22:26:35.789666+00","2026-09-19 22:26:37.898069+00"
"f6447cdd-acfc-59b3-a8fb-3af3eebd4c63","t-001","f-001","b-001","wv-001","20260919_222635","farmiq-media","tenants/t-001/farms/f-001/barns/b-001/devices/wv-001/images/2026/09/19/cd6bbdd2-6f65-4da8-8c2d-b963f3076708.jpg","fd98b6e830abae76dc40a2bcd80cb176","image/jpeg","2470214","2026-09-19 22:26:35.789666+00","2026-09-19 22:26:38.254295+00"
"cd399757-2a63-5290-b944-8a9e340e4715","t-001","f-001","b-001","wv-001","20260919_222701","farmiq-media","tenants/t-001/farms/f-001/barns/b-001/devices/wv-001/images/2026/09/19/3cfae3fa-e452-4289-b837-1ab05663ce95.jpg","cab2120655102cbd97a7c2a05ace8fb8","image/jpeg","2015092","2026-09-19 22:27:01.986342+00","2026-09-19 22:27:03.979203+00"
"96fff449-1f24-536d-8f00-5f1a05b65221","t-001","f-001","b-001","wv-001","20260919_222701","farmiq-media","tenants/t-001/farms/f-001/barns/b-001/devices/wv-001/images/2026/09/19/daff4882-4b37-4b09-b029-924e5ea94737.jpg","146519684d41ab50061f0fb9b97d4310","image/jpeg","2057553","2026-09-19 22:27:01.986342+00","2026-09-19 22:27:04.340975+00"
"e61ce26b-6879-5dee-9988-9daf5183a910","t-001","f-001","b-001","wv-001","20260919_222729","farmiq-media","tenants/t-001/farms/f-001/barns/b-001/devices/wv-001/images/2026/09/19/775c9534-21d3-4089-a3f5-1df3d04ab466.jpg","d5f2fc685de2a14878a9f231798dc528","image/jpeg","2150418","2026-09-19 22:27:29.822962+00","2026-09-19 22:27:32.045382+00"
"0cb12cca-7ed0-545b-a5b0-d16c6c02fa45","t-001","f-001","b-001","wv-001","20260919_222729","farmiq-media","tenants/t-001/farms/f-001/barns/b-001/devices/wv-001/images/2026/09/19/68d72f51-9668-43f7-98a9-240f46c7223f.jpg","dc7097e7fdbca7c9bdb0c14ba5954e90","image/jpeg","2190346","2026-09-19 22:27:29.822962+00","2026-09-19 22:27:32.414643+00"
"6e24465d-ad3b-5dcf-b837-9febaa7bf07e","t-001","f-001","b-001","wv-001","20260919_222849","farmiq-media","tenants/t-001/farms/f-001/barns/b-001/devices/wv-001/images/2026/09/19/83560c26-e23a-470e-8949-d1047b4f9d0f.jpg","f494e9a93fb6185aebf26e60dd394b6f","image/jpeg","2416096","2026-09-19 22:28:49.900403+00","2026-09-19 22:28:50.680528+00"
"621163c8-21cc-5bd1-8c07-9f255a4e23bc","t-001","f-001","b-001","wv-001","20260919_222849","farmiq-media","tenants/t-001/farms/f-001/barns/b-001/devices/wv-001/images/2026/09/19/23531429-c308-457d-91e3-aaa3b8ce6812.jpg","658468ccdd0ad27a9ebd091517aaa0ea","image/jpeg","2450064","2026-09-19 22:28:49.900403+00","2026-09-19 22:28:51.036106+00"
"071103ff-4230-5136-be64-b9b57d72f4d8","t-001","f-001","b-001","wv-001","20260919_222853","farmiq-media","tenants/t-001/farms/f-001/barns/b-001/devices/wv-001/images/2026/09/19/7e896236-a41c-4039-a06d-b47a561cc8eb.jpg","55c03e04b375ec81432c96d806cb3670","image/jpeg","2115608","2026-09-19 22:28:53.926878+00","2026-09-19 22:28:56.626599+00"
"82063b8d-d829-5699-bd51-d3bb2838d910","t-001","f-001","b-001","wv-001","20260919_222853","farmiq-media","tenants/t-001/farms/f-001/barns/b-001/devices/wv-001/images/2026/09/19/51c523d7-dd82-41ef-a0d4-00159d6e48c9.jpg","e06082892d86f1a9baedd6c03e10f9fc","image/jpeg","2154155","2026-09-19 22:28:53.926878+00","2026-09-19 22:28:57.0276+00"
"e8ca524d-90e0-5232-8c28-c0cee0ef0493","t-001","f-001","b-001","wv-001","20260919_222921","farmiq-media","tenants/t-001/farms/f-001/barns/b-001/devices/wv-001/images/2026/09/19/b78b4e4a-7605-464c-99da-a09768bd262d.jpg","72d96a1a048ce87401d5b04f9531321b","image/jpeg","2400726","2026-09-19 22:29:21.858061+00","2026-09-19 22:29:22.800753+00"
"282ef376-f4a3-5cde-bc80-b8e969aeacd8","t-001","f-001","b-001","wv-001","20260919_222921","farmiq-media","tenants/t-001/farms/f-001/barns/b-001/devices/wv-001/images/2026/09/19/0de83012-5281-4e51-8c72-10bba029ada5.jpg","3d23b42212074c3d9de69e9a4058afc0","image/jpeg","2430476","2026-09-19 22:29:21.858061+00","2026-09-19 22:29:23.158773+00"
"bfee488b-cf40-56b3-a28a-dac80480488f","t-001","f-001","b-001","wv-001","20260919_222938","farmiq-media","tenants/t-001/farms/f-001/barns/b-001/devices/wv-001/images/2026/09/19/10238199-90a5-46c3-b5b2-87c14325f3fb.jpg","d0ce184041782ff9f1ba825875221d12","image/jpeg","2200897","2026-09-19 22:29:38.039311+00","2026-09-19 22:29:38.822539+00"
"923c2016-e849-5230-88cd-db50a4e4475a","t-001","f-001","b-001","wv-001","20260919_222938","farmiq-media","tenants/t-001/farms/f-001/barns/b-001/devices/wv-001/images/2026/09/19/9ffa3854-ad83-4844-86e4-e65facc181c9.jpg","3752402a85f70db8cf218eeb75de77f6","image/jpeg","2246005","2026-09-19 22:29:38.039311+00","2026-09-19 22:29:39.206187+00"
"da7cb78b-af82-558a-a031-7aeb8bc71b6b","t-001","f-001","b-001","wv-001","20260919_223128","farmiq-media","tenants/t-001/farms/f-001/barns/b-001/devices/wv-001/images/2026/09/19/eb90a7d4-4882-4b0d-a52a-1517f1f8f1cb.jpg","ad7e5d80a6f54aa35dbf6eb97df1d322","image/jpeg","2289560","2026-09-19 22:31:28.382303+00","2026-09-19 22:31:29.647738+00"
"cf27fc66-88d6-5cc5-b6b9-f9357ed5399d","t-001","f-001","b-001","wv-001","20260919_223128","farmiq-media","tenants/t-001/farms/f-001/barns/b-001/devices/wv-001/images/2026/09/19/4a81f044-173e-4712-81f9-80ecdbaa04b6.jpg","046df513ef8de78ca2334b8ed1c9f79e","image/jpeg","2325083","2026-09-19 22:31:28.382303+00","2026-09-19 22:31:30.02079+00"
"77927012-8bf8-5cf8-bc82-a5ac90f7280e","t-001","f-001","b-001","wv-001","20260919_223132","farmiq-media","tenants/t-001/farms/f-001/barns/b-001/devices/wv-001/images/2026/09/19/89945f2b-10e2-49e8-9b3e-f9aa3a8191bb.jpg","88b2e3764ebb296aedcb76356659583b","image/jpeg","2081551","2026-09-19 22:31:32.385238+00","2026-09-19 22:31:35.493584+00"
"547ceb50-5ce0-523c-bddb-24a5148025ce","t-001","f-001","b-001","wv-001","20260919_223132","farmiq-media","tenants/t-001/farms/f-001/barns/b-001/devices/wv-001/images/2026/09/19/d390d1c9-0ccc-4b97-b260-b01e317bba65.jpg","e55aeae1512bdddf7dee1c23866e742d","image/jpeg","2123292","2026-09-19 22:31:32.385238+00","2026-09-19 22:31:35.772923+00"
"aaf5a567-15a6-58a8-a058-60fb407d7f99","t-001","f-001","b-001","wv-001","20260919_223136","farmiq-media","tenants/t-001/farms/f-001/barns/b-001/devices/wv-001/images/2026/09/19/b7bdec4f-12bc-4616-8bcc-fc98647b91d3.jpg","b57f178785421dc66373cfc667de8709","image/jpeg","2030501","2026-09-19 22:31:36.685497+00","2026-09-19 22:31:41.369891+00"
"5ef0cfe3-206c-5f13-82e6-57fc2f341594","t-001","f-001","b-001","wv-001","20260919_223136","farmiq-media","tenants/t-001/farms/f-001/barns/b-001/devices/wv-001/images/2026/09/19/ebbda7eb-0e52-432a-828e-6121a6861aee.jpg","6949cf9cc8711c5c2250bc3d7970fe69","image/jpeg","2073546","2026-09-19 22:31:36.685497+00","2026-09-19 22:31:41.699806+00"
"c8d84ec8-9885-5e06-ad8b-6ba448dfff1e","t-001","f-001","b-001","wv-001","20260919_223335","farmiq-media","tenants/t-001/farms/f-001/barns/b-001/devices/wv-001/images/2026/09/19/f243cc41-ec7e-499a-b51a-c519e5f6744f.jpg","6d4aacd3804e53a0a46c313691a228f8","image/jpeg","2226750","2026-09-19 22:33:35.96666+00","2026-09-19 22:33:38.147776+00"
"6c44557e-4d87-5594-ac0b-189db040a155","t-001","f-001","b-001","wv-001","20260919_223335","farmiq-media","tenants/t-001/farms/f-001/barns/b-001/devices/wv-001/images/2026/09/19/99fd08d0-ce45-4b24-8e08-a28249e1eccf.jpg","2e566b6ba58a1ad12c7ff3536bbed53d","image/jpeg","2264760","2026-09-19 22:33:35.96666+00","2026-09-19 22:33:38.503639+00"
"46ab2fae-2f6e-5ea4-a059-53abb6c1f217","t-001","f-001","b-001","wv-001","20260919_223339","farmiq-media","tenants/t-001/farms/f-001/barns/b-001/devices/wv-001/images/2026/09/19/b47cb7a1-acc5-4ee4-916e-7101ad8e9fd3.jpg","d06f91becbe27b34dea7428fb9ea8f71","image/jpeg","2100615","2026-09-19 22:33:39.916647+00","2026-09-19 22:33:44.103025+00"
"cbdebfbd-4376-5c0d-a72e-3ec2e9715d2a","t-001","f-001","b-001","wv-001","20260919_223339","farmiq-media","tenants/t-001/farms/f-001/barns/b-001/devices/wv-001/images/2026/09/19/2c8d13bf-bd57-497a-aecc-04be84d3f242.jpg","0164cccbd831e5f5e187724c6881704b","image/jpeg","2139617","2026-09-19 22:33:39.916647+00","2026-09-19 22:33:44.491081+00"
"b142624a-e9de-520e-ac5e-fafd9f4e374d","t-001","f-001","b-001","wv-001","20260919_223354","farmiq-media","tenants/t-001/farms/f-001/barns/b-001/devices/wv-001/images/2026/09/19/eab3b4b6-5e75-46c9-8fa8-f9826f9ef8c2.jpg","fb2adb919aa3b8117c9d8dd764cb55f1","image/jpeg","2335008","2026-09-19 22:33:54.622643+00","2026-09-19 22:33:56.109062+00"
"bc3fc5d1-18a7-5ab5-bd5b-0a0a51c0ec71","t-001","f-001","b-001","wv-001","20260919_223354","farmiq-media","tenants/t-001/farms/f-001/barns/b-001/devices/wv-001/images/2026/09/19/617b3c4e-267d-43e1-942f-247a7268f42f.jpg","eff1ad37d1510f525dee5bc06ff56e6f","image/jpeg","2369063","2026-09-19 22:33:54.622643+00","2026-09-19 22:33:56.491455+00"
"b61095b2-35ba-5c82-82d0-b91f92f8c50d","t-001","f-001","b-001","wv-001","20260919_223439","farmiq-media","tenants/t-001/farms/f-001/barns/b-001/devices/wv-001/images/2026/09/19/9f39f24c-801d-41a1-852c-a961acef44e8.jpg","7fee3cd7055e2178e99a27ab2901ec65","image/jpeg","2361695","2026-09-19 22:34:39.20792+00","2026-09-19 22:34:40.326617+00"
"4059fd75-f75a-5b8f-98a0-9d56b33ab181","t-001","f-001","b-001","wv-001","20260919_223439","farmiq-media","tenants/t-001/farms/f-001/barns/b-001/devices/wv-001/images/2026/09/19/a96e0d16-3d2b-4b01-8d84-7f329b375e6d.jpg","f42137e7c618ae85bd4eed8c2ff80898","image/jpeg","2398262","2026-09-19 22:34:39.20792+00","2026-09-19 22:34:40.727099+00"
"9a629896-3431-5bd1-bccc-ac2490dad9ea","t-001","f-001","b-001","wv-001","20260919_223857","farmiq-media","tenants/t-001/farms/f-001/barns/b-001/devices/wv-001/images/2026/09/19/da25bb08-1397-4769-a663-d061fce5f6d4.jpg","f16c097a0bca503a9233c996dce6992d","image/jpeg","2111615","2026-09-19 22:38:57.532452+00","2026-09-19 22:38:58.434051+00"
"b873e3d3-3da0-557b-85fc-546a73e807b1","t-001","f-001","b-001","wv-001","20260919_223857","farmiq-media","tenants/t-001/farms/f-001/barns/b-001/devices/wv-001/images/2026/09/19/3f04bf69-a1a5-43ec-885d-dc158965a116.jpg","ff3529022686a7e76b51c1c2562eea72","image/jpeg","2141918","2026-09-19 22:38:57.532452+00","2026-09-19 22:38:58.784934+00"
"74ff4e25-7a64-5cfd-b629-68050ba8629d","t-001","f-001","b-001","wv-001","20260919_223924","farmiq-media","tenants/t-001/farms/f-001/barns/b-001/devices/wv-001/images/2026/09/19/08b4e35d-5550-4b6b-afe4-1449ce4ef36b.jpg","45f3260c3108118fab1cce490b08511b","image/jpeg","2356125","2026-09-19 22:39:24.400339+00","2026-09-19 22:39:26.534354+00"
"b1086e9e-898f-51ec-9585-d6d9723d9d62","t-001","f-001","b-001","wv-001","20260919_223924","farmiq-media","tenants/t-001/farms/f-001/barns/b-001/devices/wv-001/images/2026/09/19/65af5307-7a35-459e-b119-30192359ed0f.jpg","7cecedcb7aeda3dc043735ca240b8953","image/jpeg","2386955","2026-09-19 22:39:24.400339+00","2026-09-19 22:39:26.898375+00"
"fa0db292-f9cf-5fa2-9e1f-1f10409e8e7a","t-001","f-001","b-001","wv-001","20260919_223944","farmiq-media","tenants/t-001/farms/f-001/barns/b-001/devices/wv-001/images/2026/09/19/60d725bd-84f1-409a-878c-56f589af0498.jpg","fa1cb5c981c10eab0e00c2551607b588","image/jpeg","2143235","2026-09-19 22:39:44.789889+00","2026-09-19 22:39:46.504698+00"
"b766966b-67ce-57df-9795-fd2e2f0bb6d7","t-001","f-001","b-001","wv-001","20260919_223944","farmiq-media","tenants/t-001/farms/f-001/barns/b-001/devices/wv-001/images/2026/09/19/4151c1d9-6fad-4afe-ab33-09d59d8bcb1b.jpg","d4080c6e9778e684891c1e3ff74ab5bb","image/jpeg","2175658","2026-09-19 22:39:44.789889+00","2026-09-19 22:39:46.882432+00"
"22a83487-4d45-5fb3-811b-02651cdf60b6","t-001","f-001","b-001","wv-001","20260919_224248","farmiq-media","tenants/t-001/farms/f-001/barns/b-001/devices/wv-001/images/2026/09/19/c951e30b-a5c0-469f-97be-3c115e319f7f.jpg","d3ad9b2482853be434029767c1f2ee27","image/jpeg","2389149","2026-09-19 22:42:48.47559+00","2026-09-19 22:42:49.865922+00"
"d4802145-6f20-5f7b-8d6e-499a29c04340","t-001","f-001","b-001","wv-001","20260919_224248","farmiq-media","tenants/t-001/farms/f-001/barns/b-001/devices/wv-001/images/2026/09/19/c17ced56-db45-4ac8-aa1b-cab76aea4084.jpg","371d21f6bbfb59aea61adf6bc7a4a1c5","image/jpeg","2419232","2026-09-19 22:42:48.47559+00","2026-09-19 22:42:50.235472+00"
"07464815-c271-58de-b5ac-9fa9eb20a379","t-001","f-001","b-001","wv-001","20260919_224339","farmiq-media","tenants/t-001/farms/f-001/barns/b-001/devices/wv-001/images/2026/09/19/c78ed9b9-6ded-4488-9a8f-7c71d23d1053.jpg","ab70c8b12cde380eccd9b2af5f6d7442","image/jpeg","2401972","2026-09-19 22:43:39.060148+00","2026-09-19 22:43:40.179313+00"
"0672e976-d0ac-5a2c-939b-a8c79318c713","t-001","f-001","b-001","wv-001","20260919_224339","farmiq-media","tenants/t-001/farms/f-001/barns/b-001/devices/wv-001/images/2026/09/19/3a676324-89e6-474c-a0fc-554f5d67a882.jpg","50eaddf1ce371afe9487104c76becbc1","image/jpeg","2429576","2026-09-19 22:43:39.060148+00","2026-09-19 22:43:40.528351+00"
"3a8ab55d-898b-5403-9060-b1934c692a5b","t-001","f-001","b-001","wv-001","20260919_224433","farmiq-media","tenants/t-001/farms/f-001/barns/b-001/devices/wv-001/images/2026/09/19/ca575b99-b7cc-4feb-814a-b6d68d6e8c7e.jpg","2f84081dcdfd8d4c0ebe79f41797f163","image/jpeg","2227654","2026-09-19 22:44:33.735992+00","2026-09-19 22:44:34.448935+00"
"1ff8b593-933d-5bc3-8cda-42c03a3cc62c","t-001","f-001","b-001","wv-001","20260919_224433","farmiq-media","tenants/t-001/farms/f-001/barns/b-001/devices/wv-001/images/2026/09/19/866ecdf7-bf53-4208-acb5-e205ed12e9c0.jpg","a21df17d3da4461841e3c1bca763e339","image/jpeg","2263345","2026-09-19 22:44:33.735992+00","2026-09-19 22:44:34.83122+00"
"f3f52930-8d1f-5548-9b27-48458fda8487","t-001","f-001","b-001","wv-001","20260919_224536","farmiq-media","tenants/t-001/farms/f-001/barns/b-001/devices/wv-001/images/2026/09/19/f48cf3de-7644-4a4e-b980-94bd21bb8f1d.jpg","c2569495dcce10f506692a19d7fe9214","image/jpeg","2402019","2026-09-19 22:45:36.225369+00","2026-09-19 22:45:36.905566+00"
"85d39e00-f7e7-5701-9e2d-ed778bf042e5","t-001","f-001","b-001","wv-001","20260919_224536","farmiq-media","tenants/t-001/farms/f-001/barns/b-001/devices/wv-001/images/2026/09/19/d2ff5f45-ba50-4149-b559-5f9d2931f2a9.jpg","4c9fb04c4f270f6c4a64790575aa8f1d","image/jpeg","2433137","2026-09-19 22:45:36.225369+00","2026-09-19 22:45:37.28303+00"
"51fcf702-f2f9-5bc5-ba4a-3c5f0a62101d","t-001","f-001","b-001","wv-001","20260919_224617","farmiq-media","tenants/t-001/farms/f-001/barns/b-001/devices/wv-001/images/2026/09/19/62ca9a99-55c5-4622-bf8a-d9716759eb12.jpg","893baf646d7f1e17451bb204d45d1aad","image/jpeg","2053432","2026-09-19 22:46:17.957404+00","2026-09-19 22:46:19.078961+00"
"30d76110-54b0-5ed8-8e89-bcad9303d834","t-001","f-001","b-001","wv-001","20260919_224617","farmiq-media","tenants/t-001/farms/f-001/barns/b-001/devices/wv-001/images/2026/09/19/ab52f326-cf3f-4bae-bf04-3cb75d394a25.jpg","f4836c2a247a2e4823977ba225b62bb0","image/jpeg","2095458","2026-09-19 22:46:17.957404+00","2026-09-19 22:46:19.41189+00"
"94bea969-92c1-52a8-88c1-fb09ebeec977","t-001","f-001","b-001","wv-001","20260919_224631","farmiq-media","tenants/t-001/farms/f-001/barns/b-001/devices/wv-001/images/2026/09/19/a654db00-b66e-4bb4-a9e9-b0338ebd761a.jpg","549ad35735c63115695a76927ec6eb40","image/jpeg","2177304","2026-09-19 22:46:31.587529+00","2026-09-19 22:46:33.1941+00"
"b8897706-61aa-5fb4-97f4-95b0f0d1d132","t-001","f-001","b-001","wv-001","20260919_224631","farmiq-media","tenants/t-001/farms/f-001/barns/b-001/devices/wv-001/images/2026/09/19/ce9e968d-bda4-43c3-be2d-48a8291b9c2c.jpg","bac2a0ba5a51bd67ac21cb1f924ebd29","image/jpeg","2214559","2026-09-19 22:46:31.587529+00","2026-09-19 22:46:33.551149+00"
"f5f59484-862a-57d6-8b8f-bcc811ddfd32","t-001","f-001","b-001","wv-001","20260919_224647","farmiq-media","tenants/t-001/farms/f-001/barns/b-001/devices/wv-001/images/2026/09/19/9bd7f4fa-859b-40fa-818f-c824417fd899.jpg","aaa7f3c72c89e080d2c44aa995062069","image/jpeg","2146192","2026-09-19 22:46:47.661268+00","2026-09-19 22:46:49.169198+00"
"7e7ad0eb-8ff1-5172-ad84-e76e2ef0cff5","t-001","f-001","b-001","wv-001","20260919_224647","farmiq-media","tenants/t-001/farms/f-001/barns/b-001/devices/wv-001/images/2026/09/19/40db633a-2d2d-4a4b-9d36-be416f2611e1.jpg","d85216f8de9c6cacf97b1e0464320d01","image/jpeg","2177606","2026-09-19 22:46:47.661268+00","2026-09-19 22:46:49.538367+00"
"812205b3-15e3-58fb-ba5a-494a06b3ec9c","t-001","f-001","b-001","wv-001","20260919_224653","farmiq-media","tenants/t-001/farms/f-001/barns/b-001/devices/wv-001/images/2026/09/19/645d4276-d05e-491b-a71b-ef5c219300ac.jpg","bdb184e6a77731636df4c2b5f7a983ea","image/jpeg","2109757","2026-09-19 22:46:53.205643+00","2026-09-19 22:46:55.061279+00"
"c3c942d8-8bf0-5d8d-b42c-419ebe395c14","t-001","f-001","b-001","wv-001","20260919_224653","farmiq-media","tenants/t-001/farms/f-001/barns/b-001/devices/wv-001/images/2026/09/19/5581c936-16fa-445d-8cff-2f8a9a7f8dda.jpg","61bc67e9736c2cb1dc114e9e1888c783","image/jpeg","2147891","2026-09-19 22:46:53.205643+00","2026-09-19 22:46:55.436948+00"
"4c3c73ad-26be-5fd6-b953-06160fbfa46b","t-001","f-001","b-001","wv-001","20260919_224712","farmiq-media","tenants/t-001/farms/f-001/barns/b-001/devices/wv-001/images/2026/09/19/ef0ad1e0-cb37-497c-a350-9d8a4620ab49.jpg","2eaa005b68b8f7242b5a6f0f8cc48445","image/jpeg","2428940","2026-09-19 22:47:12.865884+00","2026-09-19 22:47:15.115739+00"
"bc61cd43-576e-5f0a-bedf-a4919eb1b01a","t-001","f-001","b-001","wv-001","20260919_224712","farmiq-media","tenants/t-001/farms/f-001/barns/b-001/devices/wv-001/images/2026/09/19/97b1a67e-a7eb-4f45-80c3-3c906a8cf0e1.jpg","ef19f808ce3af7afeb658e8e4398ab25","image/jpeg","2453264","2026-09-19 22:47:12.865884+00","2026-09-19 22:47:15.469699+00"
"e478c6f9-e621-5a80-be10-e395e028dc66","t-001","f-001","b-001","wv-001","20260919_224716","farmiq-media","tenants/t-001/farms/f-001/barns/b-001/devices/wv-001/images/2026/09/19/5e564950-8a1d-4719-9c18-94c16b71b905.jpg","014d27a17fc7814bbd29b3ea0f664e64","image/jpeg","2272284","2026-09-19 22:47:16.865768+00","2026-09-19 22:47:24.650766+00"
"490a2a99-4fd1-5863-8369-5a546afe7bc5","t-001","f-001","b-001","wv-001","20260919_224716","farmiq-media","tenants/t-001/farms/f-001/barns/b-001/devices/wv-001/images/2026/09/19/f2aaf397-ce7f-4076-989b-506214f8ccab.jpg","14b532d40c9d5a456e63eea0c846cc44","image/jpeg","2306070","2026-09-19 22:47:16.865768+00","2026-09-19 22:47:26.782731+00"
"2e8872df-93fb-57d1-a9fd-3d3a1a20dd3f","t-001","f-001","b-001","wv-001","20260919_224733","farmiq-media","tenants/t-001/farms/f-001/barns/b-001/devices/wv-001/images/2026/09/19/efa99496-b00f-4a07-b630-09351e2b9afe.jpg","1ef052aa3b9e6ff0d27a10e072915844","image/jpeg","2381144","2026-09-19 22:47:33.517431+00","2026-09-19 22:47:36.694672+00"
"72dd6f0c-f4da-5f38-bd3d-aba413da90f3","t-001","f-001","b-001","wv-001","20260919_224733","farmiq-media","tenants/t-001/farms/f-001/barns/b-001/devices/wv-001/images/2026/09/19/0594973b-0f53-4460-aaf5-ca7b7601ea97.jpg","98af0d8cda3b94d93a6833210e5d5dc2","image/jpeg","2420757","2026-09-19 22:47:33.517431+00","2026-09-19 22:47:37.817566+00"
"982513ca-5b11-50ea-9ed8-a66b0bede317","t-001","f-001","b-001","wv-001","20260919_224737","farmiq-media","tenants/t-001/farms/f-001/barns/b-001/devices/wv-001/images/2026/09/19/f5585c42-d05e-4c1a-a0d0-248fec8373ad.jpg","acfcd99ae3a1fc85eb68f13e5e1c4df5","image/jpeg","2036235","2026-09-19 22:47:37.601147+00","2026-09-19 22:47:47.353764+00"
"f1e61b54-c969-5467-8992-a7601f6c3083","t-001","f-001","b-001","wv-001","20260919_224737","farmiq-media","tenants/t-001/farms/f-001/barns/b-001/devices/wv-001/images/2026/09/19/ca63e4b4-2dd3-452c-a9b5-081308e647ce.jpg","b70ffb74cb46a2377c03caca1d08c9ef","image/jpeg","2085898","2026-09-19 22:47:37.601147+00","2026-09-19 22:47:47.707123+00"
"9f55745f-2f88-5462-ad43-e093010f2b42","t-001","f-001","b-001","wv-001","20260919_224743","farmiq-media","tenants/t-001/farms/f-001/barns/b-001/devices/wv-001/images/2026/09/19/ea8be168-decc-4866-95ed-bf32bfbd52e0.jpg","cc425ec8ba2ce066791d3ad6cf03885e","image/jpeg","1962459","2026-09-19 22:47:43.798059+00","2026-09-19 22:47:53.23629+00"
"1871d6a8-3477-54c0-b149-950e5255edad","t-001","f-001","b-001","wv-001","20260919_224743","farmiq-media","tenants/t-001/farms/f-001/barns/b-001/devices/wv-001/images/2026/09/19/de989ca5-7b88-41f0-9205-5d4b6affd547.jpg","28c07bd941e464f3d00009306fb1db88","image/jpeg","2017879","2026-09-19 22:47:43.798059+00","2026-09-19 22:47:53.616991+00"
"ec138347-b78d-5bc5-99b9-c086b73a9787","t-001","f-001","b-001","wv-001","20260919_224755","farmiq-media","tenants/t-001/farms/f-001/barns/b-001/devices/wv-001/images/2026/09/19/2cf92bb7-0e81-4c63-a908-c29033b930a5.jpg","176b81d5c3eafb438a855ded9eec9f5d","image/jpeg","2184819","2026-09-19 22:47:55.743901+00","2026-09-19 22:47:59.189563+00"
"855d8e1b-461e-58be-bfff-f3239e36bf51","t-001","f-001","b-001","wv-001","20260919_224755","farmiq-media","tenants/t-001/farms/f-001/barns/b-001/devices/wv-001/images/2026/09/19/ed7dcb55-97a2-4617-a93a-ee87334da8d4.jpg","7272be3c72904c5463e9c6297db3629e","image/jpeg","2228967","2026-09-19 22:47:55.743901+00","2026-09-19 22:47:59.522536+00"
"0123d537-3723-5b53-bacd-a682afdc8d5b","t-001","f-001","b-001","wv-001","20260919_224850","farmiq-media","tenants/t-001/farms/f-001/barns/b-001/devices/wv-001/images/2026/09/19/f11a32af-0438-4515-a925-af5aeac20f0a.jpg","749657f16f807f3ee4e71609580e7b23","image/jpeg","2395735","2026-09-19 22:48:50.109307+00","2026-09-19 22:48:51.572927+00"
"d453dc1c-415f-566d-8c17-3b956425e0c2","t-001","f-001","b-001","wv-001","20260919_224850","farmiq-media","tenants/t-001/farms/f-001/barns/b-001/devices/wv-001/images/2026/09/19/23981dd6-721b-48fa-8406-6310b3634546.jpg","cf6c7a6e9ef95c0095b2dfca7661adcc","image/jpeg","2435004","2026-09-19 22:48:50.109307+00","2026-09-19 22:48:51.941592+00"
"5c356fe4-f669-5942-92c9-9ace34ff2f80","t-001","f-001","b-001","wv-001","20260919_224938","farmiq-media","tenants/t-001/farms/f-001/barns/b-001/devices/wv-001/images/2026/09/19/3a995fe9-8f9d-4d8c-a429-8d8162a39cb0.jpg","6c3795840912f7471da8ccd77bb77d8e","image/jpeg","2192288","2026-09-19 22:49:38.224779+00","2026-09-19 22:49:40.014876+00"
"9495d20a-1c3e-5538-a2b6-c32647826fce","t-001","f-001","b-001","wv-001","20260919_224938","farmiq-media","tenants/t-001/farms/f-001/barns/b-001/devices/wv-001/images/2026/09/19/3cd93354-5b7a-4bbc-bb16-5895d3ca9e12.jpg","e6b9e46f36f5164c79f4643002b79d0c","image/jpeg","2246995","2026-09-19 22:49:38.224779+00","2026-09-19 22:49:40.37921+00"
"2436106f-6671-5cf5-b4b3-37b48e6a5279","t-001","f-001","b-001","wv-001","20260919_225101","farmiq-media","tenants/t-001/farms/f-001/barns/b-001/devices/wv-001/images/2026/09/19/56937d82-a17f-40a7-8e29-20e6cf176b75.jpg","776f046cbeb56cfc24c1c5f3907c95d8","image/jpeg","2397854","2026-09-19 22:51:01.552291+00","2026-09-19 22:51:02.503396+00"
"97dfc4a1-f418-50fc-a6fb-8fe11eb1e578","t-001","f-001","b-001","wv-001","20260919_225101","farmiq-media","tenants/t-001/farms/f-001/barns/b-001/devices/wv-001/images/2026/09/19/96016c2d-4949-4922-8474-f2b41cb751f7.jpg","fbb2eded1c9115f439442e55d08e63fa","image/jpeg","2440875","2026-09-19 22:51:01.552291+00","2026-09-19 22:51:02.907387+00"
"cf861e91-6fcf-5600-b1e9-696516fb9c97","t-001","f-001","b-001","wv-001","20260919_225222","farmiq-media","tenants/t-001/farms/f-001/barns/b-001/devices/wv-001/images/2026/09/19/1390d153-fe2a-4aac-acd5-7c95ada853a8.jpg","38db8c79fe24ef57171210e4efe93772","image/jpeg","2128234","2026-09-19 22:52:22.539857+00","2026-09-19 22:52:23.108127+00"
"ad7405d1-d289-501a-872a-5a7e461433c8","t-001","f-001","b-001","wv-001","20260919_225222","farmiq-media","tenants/t-001/farms/f-001/barns/b-001/devices/wv-001/images/2026/09/19/731a9fac-84bf-4e75-bc81-0f5f35acda7f.jpg","195cb3a24998b30158d8b7a2328271dc","image/jpeg","2163455","2026-09-19 22:52:22.539857+00","2026-09-19 22:52:23.477817+00"
"1b6ea577-d729-5151-9a77-ae70b885c616","t-001","f-001","b-001","wv-001","20260919_225233","farmiq-media","tenants/t-001/farms/f-001/barns/b-001/devices/wv-001/images/2026/09/19/3d60a5a6-b133-45d2-8c6f-5ad236d90d7b.jpg","c0c08f49fbbfcf5851d355537018067a","image/jpeg","2338556","2026-09-19 22:52:33.248959+00","2026-09-19 22:52:35.125472+00"
"4ad4320b-c5cb-5083-9aad-88998ac628d2","t-001","f-001","b-001","wv-001","20260919_225233","farmiq-media","tenants/t-001/farms/f-001/barns/b-001/devices/wv-001/images/2026/09/19/ce51b0cc-5b02-49c7-9720-d628503e6cf4.jpg","c74af31106760d3aedf913d483eede40","image/jpeg","2371383","2026-09-19 22:52:33.248959+00","2026-09-19 22:52:35.511907+00"
"535bb870-7ce2-5362-a352-c85c5bd7a397","t-001","f-001","b-001","wv-001","20260919_225300","farmiq-media","tenants/t-001/farms/f-001/barns/b-001/devices/wv-001/images/2026/09/19/54225a56-d043-4fcd-9f44-2810b2583eb3.jpg","8cffc799d49c014784d8abba5fdf682b","image/jpeg","2216204","2026-09-19 22:53:00.225641+00","2026-09-19 22:53:04.643321+00"
"ff19da03-2bb6-519a-a409-b4c0f6b58438","t-001","f-001","b-001","wv-001","20260919_225300","farmiq-media","tenants/t-001/farms/f-001/barns/b-001/devices/wv-001/images/2026/09/19/62f61ca8-4b5e-48b9-a6c7-c5d01dff0367.jpg","480674c4ae78754640b588b0cfe30bf9","image/jpeg","2250847","2026-09-19 22:53:00.225641+00","2026-09-19 22:53:05.36219+00"
"ff6ede49-fcb4-548b-9a83-c6340feae89f","t-001","f-001","b-001","wv-001","20260919_225306","farmiq-media","tenants/t-001/farms/f-001/barns/b-001/devices/wv-001/images/2026/09/19/e3de7e12-ddd9-4d0f-8386-82a21efa33da.jpg","dd9264af1eda035c3ac571af6bdf3612","image/jpeg","2008863","2026-09-19 22:53:06.060604+00","2026-09-19 22:53:13.621742+00"
"749ff3f6-7b17-5ae9-a182-507e7f660a0a","t-001","f-001","b-001","wv-001","20260919_225306","farmiq-media","tenants/t-001/farms/f-001/barns/b-001/devices/wv-001/images/2026/09/19/76185e36-c092-433f-8b4b-b64b58c1a887.jpg","8374b71982b83eefa0f334d00712d098","image/jpeg","2048648","2026-09-19 22:53:06.060604+00","2026-09-19 22:53:15.597583+00"
"68c2026c-c73e-599d-95d7-2980e490a0c3","t-001","f-001","b-001","wv-001","20260919_225310","farmiq-media","tenants/t-001/farms/f-001/barns/b-001/devices/wv-001/images/2026/09/19/066580eb-be3c-43be-af90-17715cb7b4f2.jpg","f7c1ef1f33f11120ddafba7166f13e74","image/jpeg","2020394","2026-09-19 22:53:10.347871+00","2026-09-19 22:53:19.261096+00"
"304814ee-3713-5a92-8cde-d25b078297ff","t-001","f-001","b-001","wv-001","20260919_225310","farmiq-media","tenants/t-001/farms/f-001/barns/b-001/devices/wv-001/images/2026/09/19/656cbe81-2b81-4ccd-8239-e89d62f5c996.jpg","738c173798ec1e8f33b3c0b34e194f86","image/jpeg","2061063","2026-09-19 22:53:10.347871+00","2026-09-19 22:53:19.590092+00"
"b8f0369a-67a4-5ac6-89b5-e3a24f69990f","t-001","f-001","b-001","wv-001","20260919_225548","farmiq-media","tenants/t-001/farms/f-001/barns/b-001/devices/wv-001/images/2026/09/19/f17880a6-b7b8-4e50-81b4-491f7821efc2.jpg","5be219e5a5fa755bc2619cad6d28739e","image/jpeg","2216570","2026-09-19 22:55:48.469596+00","2026-09-19 22:55:50.362377+00"
"6b5f3863-e9e3-5c66-a530-82ce6f90f7b0","t-001","f-001","b-001","wv-001","20260919_225548","farmiq-media","tenants/t-001/farms/f-001/barns/b-001/devices/wv-001/images/2026/09/19/1522b74c-0e93-457a-8478-b8705bd217a3.jpg","144c74761e82863a660ad5ecfcb34e49","image/jpeg","2251123","2026-09-19 22:55:48.469596+00","2026-09-19 22:55:50.728922+00"
"7ee93e75-37eb-5397-a56d-d25f32725b46","t-001","f-001","b-001","wv-001","20260919_225637","farmiq-media","tenants/t-001/farms/f-001/barns/b-001/devices/wv-001/images/2026/09/19/efb9c950-aaae-4b0e-91d2-27bb3b373827.jpg","001e2fc499a719664b6897a02f57121d","image/jpeg","2302168","2026-09-19 22:56:37.444489+00","2026-09-19 22:56:38.698998+00"
"9fabb729-4681-5ea7-bde2-f076c71a4a57","t-001","f-001","b-001","wv-001","20260919_225637","farmiq-media","tenants/t-001/farms/f-001/barns/b-001/devices/wv-001/images/2026/09/19/40733a41-3f4e-4d29-8e21-ac4b09f8e96a.jpg","ca561596c93270de62fc3a3bcc283c88","image/jpeg","2339205","2026-09-19 22:56:37.444489+00","2026-09-19 22:56:39.102769+00"
"d8199590-0c7f-5981-b033-4fe0a91f9c57","t-001","f-001","b-001","wv-001","20260919_225715","farmiq-media","tenants/t-001/farms/f-001/barns/b-001/devices/wv-001/images/2026/09/19/678fe082-5d1a-40d0-ab52-0ec294ed5268.jpg","6dd0c99bd28438eafc115d57bd770362","image/jpeg","2245014","2026-09-19 22:57:15.935373+00","2026-09-19 22:57:16.952954+00"
"91554aa8-82e0-5d99-aabb-eb2df412793e","t-001","f-001","b-001","wv-001","20260919_225715","farmiq-media","tenants/t-001/farms/f-001/barns/b-001/devices/wv-001/images/2026/09/19/36f6fc1e-b864-4291-8178-69bd8d0b9be9.jpg","961cb1c9bdd4d3d5cabefc678227c9ec","image/jpeg","2279310","2026-09-19 22:57:15.935373+00","2026-09-19 22:57:17.327652+00"
"68d70266-c36b-5621-9bb1-df46d6d3282e","t-001","f-001","b-001","wv-001","20260919_225751","farmiq-media","tenants/t-001/farms/f-001/barns/b-001/devices/wv-001/images/2026/09/19/a434b087-ba35-4c67-9f12-37a8a8dc87f4.jpg","fa2ce57bd5d673e5d8c3e54fc4456b46","image/jpeg","2198018","2026-09-19 22:57:51.448956+00","2026-09-19 22:57:53.153441+00"
"a21750ad-c4a2-50e2-9a70-d2ddcfb9b101","t-001","f-001","b-001","wv-001","20260919_225751","farmiq-media","tenants/t-001/farms/f-001/barns/b-001/devices/wv-001/images/2026/09/19/823fceb8-9c4b-491b-af02-f65010fa6c17.jpg","60e9d3eefd08afb2264b8438e7d6dec5","image/jpeg","2226744","2026-09-19 22:57:51.448956+00","2026-09-19 22:57:53.514959+00"
"b6307975-260e-518e-9061-b6ed0fc81aaf","t-001","f-001","b-001","wv-001","20260919_225805","farmiq-media","tenants/t-001/farms/f-001/barns/b-001/devices/wv-001/images/2026/09/19/d2c4897c-94b7-4ee3-9150-8ca5a3efc6e5.jpg","22194f3bd10f056ff4b7eba8137533e6","image/jpeg","2281956","2026-09-19 22:58:05.126691+00","2026-09-19 22:58:07.139244+00"
"04d245f6-ffa3-5556-a21d-97231ac7f4f9","t-001","f-001","b-001","wv-001","20260919_225805","farmiq-media","tenants/t-001/farms/f-001/barns/b-001/devices/wv-001/images/2026/09/19/14fd3b0a-9324-4f96-9c2c-2210f23ccf2e.jpg","689536733846410075f89977ea05b57d","image/jpeg","2308259","2026-09-19 22:58:05.126691+00","2026-09-19 22:58:07.505954+00"
"75317bd5-b8f8-52b1-9219-37a6d3a27bb4","t-001","f-001","b-001","wv-001","20260919_225838","farmiq-media","tenants/t-001/farms/f-001/barns/b-001/devices/wv-001/images/2026/09/19/321eb878-331e-4075-adbc-6d70d48369f1.jpg","6fa4e2378c9ee2daf653ed8677e415e0","image/jpeg","2242577","2026-09-19 22:58:38.680261+00","2026-09-19 22:58:52.965176+00"
"d08c2646-265f-5e96-8965-be1023dc7e67","t-001","f-001","b-001","wv-001","20260919_225838","farmiq-media","tenants/t-001/farms/f-001/barns/b-001/devices/wv-001/images/2026/09/19/f7ea32c6-a7ae-4377-a191-bf5465b7cfa8.jpg","2e0d3408a83d64bcdeb53ab0369ada97","image/jpeg","2270374","2026-09-19 22:58:38.680261+00","2026-09-19 22:58:53.358281+00"
"9beb2177-0452-55d8-8b26-9d49cd4a990b","t-001","f-001","b-001","wv-001","20260919_225851","farmiq-media","tenants/t-001/farms/f-001/barns/b-001/devices/wv-001/images/2026/09/19/c663bd30-47a1-4ea8-a58b-7f0379e60227.jpg","f300e7beceb75c3d2e97b0c5ba1e1b45","image/jpeg","2219599","2026-09-19 22:58:51.381453+00","2026-09-19 22:58:58.913691+00"
"50153b1f-ffc8-5cd6-8ca8-01fe23cb8057","t-001","f-001","b-001","wv-001","20260919_225851","farmiq-media","tenants/t-001/farms/f-001/barns/b-001/devices/wv-001/images/2026/09/19/9d910e1d-8e58-405e-b47e-6a49f11b5fce.jpg","1fcfe8ef3cf0f3b092c56105348e173a","image/jpeg","2247860","2026-09-19 22:58:51.381453+00","2026-09-19 22:58:59.275435+00"
"47e8ae43-49d6-574f-83e7-bae8b5830375","t-001","f-001","b-001","wv-001","20260919_225904","farmiq-media","tenants/t-001/farms/f-001/barns/b-001/devices/wv-001/images/2026/09/19/744181c3-fd5f-4687-b0b9-7e68f6622e93.jpg","ff8f3021d06c95fa8a3abe439a162414","image/jpeg","2412426","2026-09-19 22:59:04.449807+00","2026-09-19 22:59:06.890935+00"
"1bb1a12d-79a1-5249-97a7-5b7a2cb1958c","t-001","f-001","b-001","wv-001","20260919_225904","farmiq-media","tenants/t-001/farms/f-001/barns/b-001/devices/wv-001/images/2026/09/19/8042871a-da50-475a-ab90-4bbe1343ae67.jpg","d54cb3dc208f41add36426891f5c49e8","image/jpeg","2438208","2026-09-19 22:59:04.449807+00","2026-09-19 22:59:07.306278+00"
"892f90ea-fd6c-59ad-8d63-2287f1b0bcb6","t-001","f-001","b-001","wv-001","20260919_225911","farmiq-media","tenants/t-001/farms/f-001/barns/b-001/devices/wv-001/images/2026/09/19/c52c9c95-7463-44a8-bf7a-bf03a0e96654.jpg","6f44896129ffc335c463ed977498305f","image/jpeg","2154526","2026-09-19 22:59:11.494514+00","2026-09-19 22:59:12.874866+00"
"49721ab2-0fd5-5bba-b80c-8556834fe10c","t-001","f-001","b-001","wv-001","20260919_225911","farmiq-media","tenants/t-001/farms/f-001/barns/b-001/devices/wv-001/images/2026/09/19/1cb450a4-8865-4d20-9e17-d0f803c0a8d1.jpg","43b9f56a61a9f6d8d3a0f0251f2a668c","image/jpeg","2195418","2026-09-19 22:59:11.494514+00","2026-09-19 22:59:13.245705+00"
"f9dad09d-9d5a-5329-80bc-3da28ce16845","t-001","f-001","b-001","wv-001","20260919_225942","farmiq-media","tenants/t-001/farms/f-001/barns/b-001/devices/wv-001/images/2026/09/19/37db4af0-645c-4a4c-a31d-5d9cd274557b.jpg","a8cce4190f807e77e6e1cf1dd605eb0c","image/jpeg","2042924","2026-09-19 22:59:42.070594+00","2026-09-19 22:59:43.015761+00"
"4a0c30b8-529a-5076-accd-71081b36b549","t-001","f-001","b-001","wv-001","20260919_225942","farmiq-media","tenants/t-001/farms/f-001/barns/b-001/devices/wv-001/images/2026/09/19/9f0956c8-5acc-4f98-92c1-401a22e2d6fc.jpg","201952e0f24debdc8c817bd3a8add9dd","image/jpeg","2080649","2026-09-19 22:59:42.070594+00","2026-09-19 22:59:43.359608+00"
"67a78393-7419-56bb-83bc-3a18dd84df5c","t-001","f-001","b-001","wv-001","20260919_225955","farmiq-media","tenants/t-001/farms/f-001/barns/b-001/devices/wv-001/images/2026/09/19/307b4a5a-b1f8-4f91-bb8e-92e9146cd902.jpg","3fac237732e8b5f25a4e6054d28c9ac6","image/jpeg","2270532","2026-09-19 22:59:55.564672+00","2026-09-19 22:59:57.027774+00"
"21805c61-5ee2-5eee-901c-3c813cfd8bda","t-001","f-001","b-001","wv-001","20260919_225955","farmiq-media","tenants/t-001/farms/f-001/barns/b-001/devices/wv-001/images/2026/09/19/ecd23864-5d80-49e1-81f6-19da449d0a62.jpg","cd302bfc7d56a64efc2113266ec41538","image/jpeg","2299974","2026-09-19 22:59:55.564672+00","2026-09-19 22:59:57.417154+00"
"d76c986a-4796-5e14-87a7-46b00606d36c","t-001","f-001","b-001","wv-001","20260919_225959","farmiq-media","tenants/t-001/farms/f-001/barns/b-001/devices/wv-001/images/2026/09/19/564e116c-6304-4532-8017-faed10f07381.jpg","f9a5d6af0350e3084eaae8d2f8d66684","image/jpeg","2095647","2026-09-19 22:59:59.569958+00","2026-09-19 23:00:03.040464+00"
"1af7bff8-52dd-5f2c-89fe-5059ff962372","t-001","f-001","b-001","wv-001","20260919_225959","farmiq-media","tenants/t-001/farms/f-001/barns/b-001/devices/wv-001/images/2026/09/19/c8f5b605-fca6-4976-a59e-cac18c989674.jpg","724eaa706d54c0e2aad0aa97c6cb9a4d","image/jpeg","2138686","2026-09-19 22:59:59.569958+00","2026-09-19 23:00:03.418706+00"
"d5bf15ce-8431-5740-9bcc-34612c1d7d68","t-001","f-001","b-001","wv-001","20260919_230013","farmiq-media","tenants/t-001/farms/f-001/barns/b-001/devices/wv-001/images/2026/09/19/876db5a3-3ec5-4fe1-8ce0-1dba9ffef005.jpg","d570cb24bd7317d0ca11f1b43bea65de","image/jpeg","2227037","2026-09-19 23:00:13.996438+00","2026-09-19 23:00:15.119938+00"
"af3bb47a-ccae-58e0-a9c3-342fc296e639","t-001","f-001","b-001","wv-001","20260919_230013","farmiq-media","tenants/t-001/farms/f-001/barns/b-001/devices/wv-001/images/2026/09/19/3c0c0d86-1812-46b7-8e6e-ae8696d143d4.jpg","1a8cebef00add16b42d2b241e005187d","image/jpeg","2266934","2026-09-19 23:00:13.996438+00","2026-09-19 23:00:15.502379+00"
"92fb2247-3e65-53ef-a565-e41c9895b8fc","t-001","f-001","b-001","wv-001","20260919_230028","farmiq-media","tenants/t-001/farms/f-001/barns/b-001/devices/wv-001/images/2026/09/19/4b208576-d9a6-47fa-8440-84c97f375f6f.jpg","61a52cae55cbb3f65119afbf79de842b","image/jpeg","2329419","2026-09-19 23:00:28.489955+00","2026-09-19 23:00:29.098792+00"
"fdc5ec29-2f2c-5178-b5ce-7b8d631766a8","t-001","f-001","b-001","wv-001","20260919_230028","farmiq-media","tenants/t-001/farms/f-001/barns/b-001/devices/wv-001/images/2026/09/19/60d18fe3-c50b-4bdc-91e7-911941fd6c63.jpg","a8c6b08c759e83e80aeb54a24634c842","image/jpeg","2372785","2026-09-19 23:00:28.489955+00","2026-09-19 23:00:29.523309+00"
"9d242b56-5f56-5ab7-bd99-6556a0dced4c","t-001","f-001","b-001","wv-001","20260919_230103","farmiq-media","tenants/t-001/farms/f-001/barns/b-001/devices/wv-001/images/2026/09/19/319811db-872e-47cc-8c9d-67151c01b435.jpg","342105f586ad9319bdadeda5bb902668","image/jpeg","2276012","2026-09-19 23:01:03.673582+00","2026-09-19 23:01:05.362575+00"
"3cdec7f4-28df-5477-b59f-ef41c071023d","t-001","f-001","b-001","wv-001","20260919_230103","farmiq-media","tenants/t-001/farms/f-001/barns/b-001/devices/wv-001/images/2026/09/19/f6e8149c-a6d2-45de-a9fa-e776a158b487.jpg","e1ddb89d75c7cd1a3e10421cbeed5e5d","image/jpeg","2324014","2026-09-19 23:01:03.673582+00","2026-09-19 23:01:05.726627+00"
"30ed5fd0-aa67-5846-b4d3-98c759c718fb","t-001","f-001","b-001","wv-001","20260919_230107","farmiq-media","tenants/t-001/farms/f-001/barns/b-001/devices/wv-001/images/2026/09/19/1a4b6d53-ecb7-4968-adc8-0df270972f66.jpg","282a0f42b2d6bf8b53f03465d18f1555","image/jpeg","2141068","2026-09-19 23:01:07.649125+00","2026-09-19 23:01:11.361378+00"
"1efc09cb-7c56-5b32-b8b6-20c5cc6b9546","t-001","f-001","b-001","wv-001","20260919_230107","farmiq-media","tenants/t-001/farms/f-001/barns/b-001/devices/wv-001/images/2026/09/19/713b47f2-998b-492a-b70a-e3921de23cd0.jpg","dc170e29f9ddd25e13bff34c09864705","image/jpeg","2190311","2026-09-19 23:01:07.649125+00","2026-09-19 23:01:11.716469+00"
"d3a3976c-e1cd-5739-b5c1-0dee7593e12e","t-001","f-001","b-001","wv-001","20260919_230154","farmiq-media","tenants/t-001/farms/f-001/barns/b-001/devices/wv-001/images/2026/09/19/fde9c707-a883-48fb-bfa5-4310dc8d6771.jpg","bb06b33b7404cb3bffbe3b7a2164d2bf","image/jpeg","2123924","2026-09-19 23:01:54.899601+00","2026-09-19 23:01:55.558128+00"
"2372be93-c334-5606-9292-d509e7b4e8c7","t-001","f-001","b-001","wv-001","20260919_230154","farmiq-media","tenants/t-001/farms/f-001/barns/b-001/devices/wv-001/images/2026/09/19/9d8eac48-aae3-4ca8-b941-d2f38b99ae67.jpg","2565b8f4d9c918378f671d13f7372d85","image/jpeg","2166627","2026-09-19 23:01:54.899601+00","2026-09-19 23:01:55.923162+00"
"348e5eef-6885-59ad-addc-a2660e8de630","t-001","f-001","b-001","wv-001","20260919_230201","farmiq-media","tenants/t-001/farms/f-001/barns/b-001/devices/wv-001/images/2026/09/19/5c720853-9c61-4772-927a-56a8a72dafa8.jpg","5fcaa0e4bf311c598eb587072f04aaa7","image/jpeg","2049429","2026-09-19 23:02:01.639758+00","2026-09-19 23:02:03.563591+00"
"f4ec5504-6a47-5bf2-9af8-0ee63e35b90c","t-001","f-001","b-001","wv-001","20260919_230201","farmiq-media","tenants/t-001/farms/f-001/barns/b-001/devices/wv-001/images/2026/09/19/4984df1c-5100-4112-9b46-c83716448cb9.jpg","5ba551222633432d577475f1b07d6dc0","image/jpeg","2094602","2026-09-19 23:02:01.639758+00","2026-09-19 23:02:03.936431+00"
"20915a6e-315c-5808-9265-e0793564d4ca","t-001","f-001","b-001","wv-001","20260919_230226","farmiq-media","tenants/t-001/farms/f-001/barns/b-001/devices/wv-001/images/2026/09/19/87208962-670c-4e0c-ad9e-c8fab3a8d674.jpg","268e345b7ea4eeea2cd7fc3c3adaa627","image/jpeg","2161053","2026-09-19 23:02:26.217007+00","2026-09-19 23:02:27.741901+00"
"4c4324ea-7085-5067-ac9a-5cea6199508a","t-001","f-001","b-001","wv-001","20260919_230226","farmiq-media","tenants/t-001/farms/f-001/barns/b-001/devices/wv-001/images/2026/09/19/d6016b06-f480-4417-8b0a-c6d9093bed03.jpg","6d60d4970a883517729d247199182a51","image/jpeg","2201538","2026-09-19 23:02:26.217007+00","2026-09-19 23:02:28.12375+00"
"d11ab741-184e-573a-98e9-34450338cf1e","t-001","f-001","b-001","wv-001","20260919_230241","farmiq-media","tenants/t-001/farms/f-001/barns/b-001/devices/wv-001/images/2026/09/19/cfc4a3d9-b5ea-4986-b2d5-744b16de887f.jpg","fbc8c7047990a54e5b4e8d889612f401","image/jpeg","2364138","2026-09-19 23:02:41.452883+00","2026-09-19 23:02:43.802542+00"
"2d44dcf6-8fd8-5d95-9010-ab3bddd495c9","t-001","f-001","b-001","wv-001","20260919_230241","farmiq-media","tenants/t-001/farms/f-001/barns/b-001/devices/wv-001/images/2026/09/19/a4b357de-5217-43b8-a7ed-8e1dc3e35ce5.jpg","00c39823e3b189445b90c1fdfe042b78","image/jpeg","2399780","2026-09-19 23:02:41.452883+00","2026-09-19 23:02:44.203347+00"
"f7c3cf01-164a-5970-81e8-1802412b72c0","t-001","f-001","b-001","wv-001","20260919_230354","farmiq-media","tenants/t-001/farms/f-001/barns/b-001/devices/wv-001/images/2026/09/19/140b7cc3-b49c-4770-8b39-ebb5552ec442.jpg","0d9b8b87f4918e7961b62d5765c1656a","image/jpeg","2345923","2026-09-19 23:03:54.868533+00","2026-09-19 23:03:58.60167+00"
"6774f46c-8601-53ba-b3e6-68c7f0ca4451","t-001","f-001","b-001","wv-001","20260919_230354","farmiq-media","tenants/t-001/farms/f-001/barns/b-001/devices/wv-001/images/2026/09/19/eda03836-2d69-4484-aebe-b45a3dab170c.jpg","370ab53c0948f641d81f66cfaeb72cdd","image/jpeg","2381138","2026-09-19 23:03:54.868533+00","2026-09-19 23:04:24.249386+00"
"5b79a195-0d59-5bfa-8156-04c144feca31","t-001","f-001","b-001","wv-001","20260919_230358","farmiq-media","tenants/t-001/farms/f-001/barns/b-001/devices/wv-001/images/2026/09/19/bdc9ebe5-8fa0-4ebf-983e-eb6963a7d3b7.jpg","c1b6c2ef82ca9c9ec8dd30aa5d6d80d5","image/jpeg","2083035","2026-09-19 23:03:58.937905+00","2026-09-19 23:04:29.722714+00"
"35fa42b0-3818-5ab1-b1cd-a0d74b83de87","t-001","f-001","b-001","wv-001","20260919_230358","farmiq-media","tenants/t-001/farms/f-001/barns/b-001/devices/wv-001/images/2026/09/19/75906356-c917-4cb6-9a5a-2d8e1b81ee3b.jpg","65a562e8f37dbd211cda8bbb20a24419","image/jpeg","2134074","2026-09-19 23:03:58.937905+00","2026-09-19 23:04:29.939197+00"
"af70d227-b8b6-51c9-853c-5226759cd9b4","t-001","f-001","b-001","wv-001","20260919_230445","farmiq-media","tenants/t-001/farms/f-001/barns/b-001/devices/wv-001/images/2026/09/19/cec808ce-ec28-48eb-867e-2c96dd73f66f.jpg","394a1e47cc8f933ac48e1aff9d549981","image/jpeg","2390123","2026-09-19 23:04:45.304829+00","2026-09-19 23:04:47.449925+00"
"dfd19722-1517-5110-8785-c2e98ff87f92","t-001","f-001","b-001","wv-001","20260919_230445","farmiq-media","tenants/t-001/farms/f-001/barns/b-001/devices/wv-001/images/2026/09/19/82458f54-c7e2-447c-9e29-4b6392ca3a8a.jpg","9336f2cd5822da1ef1bbf43bd6629ff9","image/jpeg","2409258","2026-09-19 23:04:45.304829+00","2026-09-19 23:04:47.716961+00"
"f8fe5774-28ed-57b3-9d83-1a35cdc7c97d","t-001","f-001","b-001","wv-001","20260919_230449","farmiq-media","tenants/t-001/farms/f-001/barns/b-001/devices/wv-001/images/2026/09/19/01fcd8e6-119b-4c5d-95b1-f08d821cb3a5.jpg","b2af4bf1bc0462abbc3fa55a30ef5f8f","image/jpeg","2089961","2026-09-19 23:04:49.302134+00","2026-09-19 23:04:53.099132+00"
"f61111b0-aea4-5809-873a-187fea94b4dc","t-001","f-001","b-001","wv-001","20260919_230449","farmiq-media","tenants/t-001/farms/f-001/barns/b-001/devices/wv-001/images/2026/09/19/f8e87060-f873-41fc-9eec-31b5fc71f412.jpg","8b53e08447b0b3f306110e490a5ebf0b","image/jpeg","2114908","2026-09-19 23:04:49.302134+00","2026-09-19 23:04:53.327998+00"
"fa32cd6b-1b77-5418-8a4b-3fed2960e910","t-001","f-001","b-001","wv-001","20260919_230516","farmiq-media","tenants/t-001/farms/f-001/barns/b-001/devices/wv-001/images/2026/09/19/a7caf6f3-f346-439d-a90b-a472b6cfb99e.jpg","74b994127dfb883fc374a6b8a5232a98","image/jpeg","1910570","2026-09-19 23:05:16.155254+00","2026-09-19 23:05:17.139964+00"
"99a5fd4f-77f3-5f48-8591-4c7abcf0623b","t-001","f-001","b-001","wv-001","20260919_230516","farmiq-media","tenants/t-001/farms/f-001/barns/b-001/devices/wv-001/images/2026/09/19/6cd86062-37d0-4a24-8d1d-799cadaf5d10.jpg","d5a0eafb808c1354f97098cfa67c8a97","image/jpeg","1936073","2026-09-19 23:05:16.155254+00","2026-09-19 23:05:17.342512+00"
"e2ada179-8b3f-5c45-acf2-98991d874e60","t-001","f-001","b-001","wv-001","20260919_230526","farmiq-media","tenants/t-001/farms/f-001/barns/b-001/devices/wv-001/images/2026/09/19/dfd8792f-83ee-4a32-b0d3-f0c3c70c81a8.jpg","077751c752ac37336eab7441709e24ad","image/jpeg","2139119","2026-09-19 23:05:26.926265+00","2026-09-19 23:05:28.84684+00"
"c7676f5b-21f1-5d1f-ad92-d1e1f5fb3ac4","t-001","f-001","b-001","wv-001","20260919_230526","farmiq-media","tenants/t-001/farms/f-001/barns/b-001/devices/wv-001/images/2026/09/19/13967341-93d7-46f7-821e-e1eec59ad190.jpg","c90381155bc04fde68ecb67a6195256f","image/jpeg","2166521","2026-09-19 23:05:26.926265+00","2026-09-19 23:05:29.099659+00"
"bc0df503-ad7c-5c35-9c06-9a4fbd0b16e3","t-001","f-001","b-001","wv-001","20260919_230836","farmiq-media","tenants/t-001/farms/f-001/barns/b-001/devices/wv-001/images/2026/09/19/6b0f08ce-eeb8-4207-b67d-cf6fa5a14cc6.jpg","f01d461ba915aaaeb350f5d6cc5109b2","image/jpeg","2246759","2026-09-19 23:08:36.536172+00","2026-09-19 23:08:38.1074+00"
"119d8482-bfa0-5c49-8811-2b121481b406","t-001","f-001","b-001","wv-001","20260919_230836","farmiq-media","tenants/t-001/farms/f-001/barns/b-001/devices/wv-001/images/2026/09/19/0618ff66-818f-49a7-84ff-ecc157e3f0f8.jpg","342a80a458c44c962c902b45d4032495","image/jpeg","2267334","2026-09-19 23:08:36.536172+00","2026-09-19 23:08:38.373677+00"
"2ceb6795-ad8d-594d-8320-b9d23a9fc7e4","t-001","f-001","b-001","wv-001","20260919_230918","farmiq-media","tenants/t-001/farms/f-001/barns/b-001/devices/wv-001/images/2026/09/19/3eb5a12a-7a67-4568-9853-651f461a3887.jpg","326403d07865f5670a4c9f9363ea8f60","image/jpeg","2247796","2026-09-19 23:09:18.828286+00","2026-09-19 23:09:20.137501+00"
"ddfdc003-68b6-5e59-b311-37c27228f558","t-001","f-001","b-001","wv-001","20260919_230918","farmiq-media","tenants/t-001/farms/f-001/barns/b-001/devices/wv-001/images/2026/09/19/431bb64e-effb-4dae-ac32-d357c5752cb3.jpg","46b6712db6bd4822986d6e2dd54dd65b","image/jpeg","2273437","2026-09-19 23:09:18.828286+00","2026-09-19 23:09:20.42573+00"
"39d21b4e-65a1-5734-92db-b49062197f1b","t-001","f-001","b-001","wv-001","20260919_231044","farmiq-media","tenants/t-001/farms/f-001/barns/b-001/devices/wv-001/images/2026/09/19/c4ad8bec-1cf6-42ac-a375-3f3e6c7e650a.jpg","573722589f0c40c8ee373d50c75be76b","image/jpeg","2274204","2026-09-19 23:10:44.304205+00","2026-09-19 23:10:46.532393+00"
"6afc8aa7-072f-5c10-b591-c7022dc2d4c9","t-001","f-001","b-001","wv-001","20260919_231044","farmiq-media","tenants/t-001/farms/f-001/barns/b-001/devices/wv-001/images/2026/09/19/25a73c46-7121-4d9e-b4a3-bd5457c858cc.jpg","ac9d2dc7653eca44a8c56d3000a9aacb","image/jpeg","2300285","2026-09-19 23:10:44.304205+00","2026-09-19 23:10:46.82525+00"
"11b3cb86-5852-5ee7-8df5-988b58e57b7c","t-001","f-001","b-001","wv-001","20260919_231220","farmiq-media","tenants/t-001/farms/f-001/barns/b-001/devices/wv-001/images/2026/09/19/229c76c8-cf0e-4860-ae4f-a57befe5b424.jpg","06851e0d90c7a59401c5be93784cf279","image/jpeg","2403333","2026-09-19 23:12:20.590574+00","2026-09-19 23:12:23.015259+00"
"63376f3c-5e9d-576a-8fec-2a3c11484ad7","t-001","f-001","b-001","wv-001","20260919_231220","farmiq-media","tenants/t-001/farms/f-001/barns/b-001/devices/wv-001/images/2026/09/19/1156562d-2e53-46a4-9549-2307f0bc75d8.jpg","f7a950dcfe9093054a2228f60ca4beae","image/jpeg","2435671","2026-09-19 23:12:20.590574+00","2026-09-19 23:12:23.33549+00"
"17cbd0d0-875b-52de-be91-9725fd19f6e1","t-001","f-001","b-001","wv-001","20260919_231302","farmiq-media","tenants/t-001/farms/f-001/barns/b-001/devices/wv-001/images/2026/09/19/3cecdcc1-a0b4-4ef6-aab8-66f1b77a4739.jpg","7d8723135c889301a11752677e7760d8","image/jpeg","2258991","2026-09-19 23:13:02.146666+00","2026-09-19 23:13:03.080746+00"
"1c6a413f-2f40-5946-8886-457141542f74","t-001","f-001","b-001","wv-001","20260919_231302","farmiq-media","tenants/t-001/farms/f-001/barns/b-001/devices/wv-001/images/2026/09/19/63543e7d-9b6d-4dff-83af-ea26b10158ed.jpg","1f44117f53f07e53d9e5307652a24a25","image/jpeg","2295538","2026-09-19 23:13:02.146666+00","2026-09-19 23:13:03.362932+00"
"228233a1-f4df-5cfe-9bc9-57971e8603f3","t-001","f-001","b-001","wv-001","20260919_231325","farmiq-media","tenants/t-001/farms/f-001/barns/b-001/devices/wv-001/images/2026/09/19/ef6139ac-996e-4a50-a631-87321d819e58.jpg","4e9c6ba9e433cacdb858a6ad43dc6cc8","image/jpeg","2432877","2026-09-19 23:13:25.111161+00","2026-09-19 23:13:27.069535+00"
"da95209e-bed2-5f45-b6c4-b0a581adff6e","t-001","f-001","b-001","wv-001","20260919_231325","farmiq-media","tenants/t-001/farms/f-001/barns/b-001/devices/wv-001/images/2026/09/19/18301200-8bb9-48b1-88bd-ed3894d17709.jpg","6b49fad0bb33ed86f5c67c307a305f17","image/jpeg","2465304","2026-09-19 23:13:25.111161+00","2026-09-19 23:13:27.33365+00"
"4f98f689-a78a-5aa9-a82a-3de21e574140","t-001","f-001","b-001","wv-001","20260919_231436","farmiq-media","tenants/t-001/farms/f-001/barns/b-001/devices/wv-001/images/2026/09/19/7288ccda-d21e-49b1-a889-978fe4d44533.jpg","789e27bc871b98cdda28b152893ffd52","image/jpeg","2192003","2026-09-19 23:14:36.888939+00","2026-09-19 23:14:37.62364+00"
"ccad0225-5a82-5a49-8a79-9cf597f2289a","t-001","f-001","b-001","wv-001","20260919_231436","farmiq-media","tenants/t-001/farms/f-001/barns/b-001/devices/wv-001/images/2026/09/19/5310cf39-7d22-4c48-ab6c-529e44564cfa.jpg","886e300ebfc673424f0fa702aa21cf84","image/jpeg","2219194","2026-09-19 23:14:36.888939+00","2026-09-19 23:14:37.950309+00"
"f5ac4e02-7ff7-54f9-baf9-58ee7fd977ec","t-001","f-001","b-001","wv-001","20260919_231451","farmiq-media","tenants/t-001/farms/f-001/barns/b-001/devices/wv-001/images/2026/09/19/0b903bdd-3a69-4d25-a2c1-2cc517487d74.jpg","9c643cac9bf2998530ca4c2478812efb","image/jpeg","2339283","2026-09-19 23:14:51.581731+00","2026-09-19 23:14:53.501662+00"
"47acfe25-8d3f-528a-a646-85e0f72e625a","t-001","f-001","b-001","wv-001","20260919_231451","farmiq-media","tenants/t-001/farms/f-001/barns/b-001/devices/wv-001/images/2026/09/19/ed5e094c-9970-48f9-801f-dbf17d6ca29e.jpg","934a8cd47d64f22f772dbd4a8fdcab90","image/jpeg","2367935","2026-09-19 23:14:51.581731+00","2026-09-19 23:14:53.760085+00"
"4838f0bb-e53c-5e25-beb6-34b94bd39998","t-001","f-001","b-001","wv-001","20260919_231914","farmiq-media","tenants/t-001/farms/f-001/barns/b-001/devices/wv-001/images/2026/09/19/c9f19cfe-848f-4d03-92a7-40c96c0c4bb0.jpg","24fb7106f46ecc9b0907fa3c4363b4c5","image/jpeg","2474721","2026-09-19 23:19:14.37153+00","2026-09-19 23:19:15.267071+00"
"5ca6288e-eaf1-572c-8760-48bd8d3cfc40","t-001","f-001","b-001","wv-001","20260919_231914","farmiq-media","tenants/t-001/farms/f-001/barns/b-001/devices/wv-001/images/2026/09/19/c1143bab-bb0d-461c-a277-581feb763fbd.jpg","7abc995210113949b36f66086cf61e3e","image/jpeg","2497387","2026-09-19 23:19:14.37153+00","2026-09-19 23:19:15.541955+00"
"1556495c-0785-5c42-bb61-fb079f10dfac","t-001","f-001","b-001","wv-001","20260919_232140","farmiq-media","tenants/t-001/farms/f-001/barns/b-001/devices/wv-001/images/2026/09/19/50d421d4-3419-4bd5-9c67-e688bfc5b3e4.jpg","47d08868754b4905442d6727e51693f5","image/jpeg","2531193","2026-09-19 23:21:40.525341+00","2026-09-19 23:21:42.196656+00"
"a258c103-f4ee-5225-bf48-55b3b163843c","t-001","f-001","b-001","wv-001","20260919_232140","farmiq-media","tenants/t-001/farms/f-001/barns/b-001/devices/wv-001/images/2026/09/19/5e491dd6-def3-401c-8619-8e3dbf6f33cd.jpg","11dfe43e78a20de64b10f5b035418015","image/jpeg","2548573","2026-09-19 23:21:40.525341+00","2026-09-19 23:21:42.453216+00"
"e41e6c19-44ae-545a-a126-2e6ac25ed479","t-001","f-001","b-001","wv-001","20260919_232545","farmiq-media","tenants/t-001/farms/f-001/barns/b-001/devices/wv-001/images/2026/09/19/ea0b65f7-d01c-4559-aa70-4f192c2948ae.jpg","55c484df43d7598ca6f52d11b156ae9e","image/jpeg","2148529","2026-09-19 23:25:45.493873+00","2026-09-19 23:25:45.968405+00"
"724fc9f9-006c-5d83-8629-a32c7e1664cb","t-001","f-001","b-001","wv-001","20260919_232545","farmiq-media","tenants/t-001/farms/f-001/barns/b-001/devices/wv-001/images/2026/09/19/1eb731f8-c335-438e-af51-b5cd87b8d3fe.jpg","44bd1898f657f2bc3997461b9355f7ac","image/jpeg","2163781","2026-09-19 23:25:45.493873+00","2026-09-19 23:25:46.202163+00"
"ed203381-6692-563a-8de3-d0f2c3ac43fb","t-001","f-001","b-001","wv-001","20260919_232603","farmiq-media","tenants/t-001/farms/f-001/barns/b-001/devices/wv-001/images/2026/09/19/250b72ed-9dc3-4afa-8a43-97988726cdf0.jpg","610841abfc0a18b009e68ac082515e83","image/jpeg","1672168","2026-09-19 23:26:03.678562+00","2026-09-19 23:26:05.64249+00"
"3db13f38-d1f5-585c-88b8-721e0638ae34","t-001","f-001","b-001","wv-001","20260919_232603","farmiq-media","tenants/t-001/farms/f-001/barns/b-001/devices/wv-001/images/2026/09/19/e12a9b4f-ccc1-42a3-ba0c-f0045504a0d8.jpg","a2dca7698c9ccae8de5baa58eee2a6a1","image/jpeg","1687451","2026-09-19 23:26:03.678562+00","2026-09-19 23:26:05.830824+00"
"4b495acb-3eca-5de9-8eff-3e464bd6b968","t-001","f-001","b-001","wv-001","20260919_232621","farmiq-media","tenants/t-001/farms/f-001/barns/b-001/devices/wv-001/images/2026/09/19/f97ec8a2-cec3-4dee-8c6f-264e1df823ab.jpg","cdedad0fa2a479071ebd8118105c8391","image/jpeg","2483134","2026-09-19 23:26:21.651299+00","2026-09-19 23:26:23.303546+00"
"08b42de5-c843-51f2-882b-701823d3d3d4","t-001","f-001","b-001","wv-001","20260919_232621","farmiq-media","tenants/t-001/farms/f-001/barns/b-001/devices/wv-001/images/2026/09/19/7591b809-3ec9-40ef-9fb4-789b82404b41.jpg","326a8a8dbe1db822d813f4d361bfd61b","image/jpeg","2499230","2026-09-19 23:26:21.651299+00","2026-09-19 23:26:23.55376+00"
"7be05f85-0dcd-59e5-a32e-50e85f905807","t-001","f-001","b-001","wv-001","20260919_232742","farmiq-media","tenants/t-001/farms/f-001/barns/b-001/devices/wv-001/images/2026/09/19/db62b313-3efb-42c6-bd06-ded4d0ad04dd.jpg","485cfbd72675b44e4d3e86ec0e5b2cbf","image/jpeg","2339917","2026-09-19 23:27:42.410651+00","2026-09-19 23:27:43.622523+00"
"9908fde7-6be6-5420-8058-c244016929c2","t-001","f-001","b-001","wv-001","20260919_232742","farmiq-media","tenants/t-001/farms/f-001/barns/b-001/devices/wv-001/images/2026/09/19/932f20bb-0cd7-4385-8a48-7f25394174b3.jpg","bed364873c0369206feef5033e76e982","image/jpeg","2356868","2026-09-19 23:27:42.410651+00","2026-09-19 23:27:43.856779+00"
"70f2bd9e-63f6-56d8-b26d-b83458279835","t-001","f-001","b-001","wv-001","20260919_232800","farmiq-media","tenants/t-001/farms/f-001/barns/b-001/devices/wv-001/images/2026/09/19/657f563d-4de6-4488-882b-ede17802841d.jpg","ca714eb449cd9b28ede49c4bfaaeb552","image/jpeg","2157221","2026-09-19 23:28:00.370794+00","2026-09-19 23:28:01.354933+00"
"b5ad8abd-951f-51a0-ab6b-827d61813325","t-001","f-001","b-001","wv-001","20260919_232800","farmiq-media","tenants/t-001/farms/f-001/barns/b-001/devices/wv-001/images/2026/09/19/790205ef-71f7-40f3-9370-cdc6d8ef71e9.jpg","07e9d291f91c3f38db2690ab4d4fc1d0","image/jpeg","2171492","2026-09-19 23:28:00.370794+00","2026-09-19 23:28:01.581724+00"
"3ddc86fd-a7b4-5d87-a30a-2d09fbf30a39","t-001","f-001","b-001","wv-001","20260919_232804","farmiq-media","tenants/t-001/farms/f-001/barns/b-001/devices/wv-001/images/2026/09/19/584ba04e-487d-48b3-8a8f-a00381c04dbc.jpg","6826abb476a07f739cf2f5f6b163e996","image/jpeg","2058189","2026-09-19 23:28:04.547261+00","2026-09-19 23:28:07.017125+00"
"acd18088-c663-5185-b0b0-447a7e69fb7d","t-001","f-001","b-001","wv-001","20260919_232804","farmiq-media","tenants/t-001/farms/f-001/barns/b-001/devices/wv-001/images/2026/09/19/2ecc8f6d-e29a-4efd-bbd1-9e966734368e.jpg","9cc16ca813a22bc4a27a8de4bb045351","image/jpeg","2087586","2026-09-19 23:28:04.547261+00","2026-09-19 23:28:07.244353+00"
"2b98aefc-95c6-5364-836b-c999cdf71990","t-001","f-001","b-001","wv-001","20260919_232830","farmiq-media","tenants/t-001/farms/f-001/barns/b-001/devices/wv-001/images/2026/09/19/d68f839e-9a5a-4cc3-99e2-f033819a62ea.jpg","f9237f7823e49452f7b757ce4022dd31","image/jpeg","2154918","2026-09-19 23:28:30.961226+00","2026-09-19 23:28:32.87647+00"
"c7dad15f-61f3-5404-a233-c76826812124","t-001","f-001","b-001","wv-001","20260919_232830","farmiq-media","tenants/t-001/farms/f-001/barns/b-001/devices/wv-001/images/2026/09/19/59e3d9cb-a7b0-4679-8def-3b3f7fe7d518.jpg","666b91ec21554426ef5da82f6b3857a8","image/jpeg","2176960","2026-09-19 23:28:30.961226+00","2026-09-19 23:28:33.092399+00"
"4334159e-3f9d-54ea-a7a6-5241edff82d4","t-001","f-001","b-001","wv-001","20260919_232834","farmiq-media","tenants/t-001/farms/f-001/barns/b-001/devices/wv-001/images/2026/09/19/9183adf4-8d4b-45e4-a924-f6270c1f4a1e.jpg","57fcdd8af11046991ad57aefe12d95c7","image/jpeg","2065866","2026-09-19 23:28:34.910299+00","2026-09-19 23:28:38.451749+00"
"418bc60c-9aed-5529-8d75-54c97a11a402","t-001","f-001","b-001","wv-001","20260919_232834","farmiq-media","tenants/t-001/farms/f-001/barns/b-001/devices/wv-001/images/2026/09/19/4e4ac465-197c-4493-ac94-cac530d2fcf5.jpg","acca85db3d547588b54d9658175899bf","image/jpeg","2088869","2026-09-19 23:28:34.910299+00","2026-09-19 23:28:38.697286+00"
"c0cd5c27-d154-5bd9-90cb-e0355b3a33c5","t-001","f-001","b-001","wv-001","20260919_232839","farmiq-media","tenants/t-001/farms/f-001/barns/b-001/devices/wv-001/images/2026/09/19/82db2666-0a32-4c83-bd1b-630d9032c23a.jpg","546b692f112376ddc463bb6623cc70fd","image/jpeg","2036854","2026-09-19 23:28:39.690652+00","2026-09-19 23:28:44.05192+00"
"47d1abc5-ed7b-5518-85c0-fed862333043","t-001","f-001","b-001","wv-001","20260919_232839","farmiq-media","tenants/t-001/farms/f-001/barns/b-001/devices/wv-001/images/2026/09/19/63657ba7-46ce-4a4d-9a14-36a8f0284327.jpg","bada200f07772c89587b60ac5606254c","image/jpeg","2065375","2026-09-19 23:28:39.690652+00","2026-09-19 23:28:44.291945+00"
"87522261-8779-56e4-8b6b-9adad1bfeeec","t-001","f-001","b-001","wv-001","20260919_232856","farmiq-media","tenants/t-001/farms/f-001/barns/b-001/devices/wv-001/images/2026/09/19/e41525fa-e65b-4e51-b936-9752e990b3ac.jpg","51725a2971b520a3b0a79b6134f3a120","image/jpeg","2305303","2026-09-19 23:28:56.807234+00","2026-09-19 23:28:57.820187+00"
"495450d8-f8f4-53fb-acf5-9fdd99cc4a08","t-001","f-001","b-001","wv-001","20260919_232856","farmiq-media","tenants/t-001/farms/f-001/barns/b-001/devices/wv-001/images/2026/09/19/d7bcc420-10b9-43c0-9b71-c020dfbde749.jpg","898939fe84da69bf88819d1467711c83","image/jpeg","2330115","2026-09-19 23:28:56.807234+00","2026-09-19 23:28:58.074198+00"
"dbf889fb-f5b8-562a-afe6-211875035218","t-001","f-001","b-001","wv-001","20260919_232917","farmiq-media","tenants/t-001/farms/f-001/barns/b-001/devices/wv-001/images/2026/09/19/7d6e0a35-b620-4482-b41d-5146cece0c5e.jpg","909d2472115ee84a13c980cedebf0b77","image/jpeg","2034764","2026-09-19 23:29:17.326047+00","2026-09-19 23:29:19.639947+00"
"8d5220c0-b39f-5b23-beba-f78e006bedae","t-001","f-001","b-001","wv-001","20260919_232917","farmiq-media","tenants/t-001/farms/f-001/barns/b-001/devices/wv-001/images/2026/09/19/d225f51a-8315-4b6a-ba65-3539a77d5be4.jpg","0718706bf560af1d3919923a19d7db3e","image/jpeg","2069020","2026-09-19 23:29:17.326047+00","2026-09-19 23:29:19.915043+00"
"bf4f660b-b464-5741-a522-b0537c02afe0","t-001","f-001","b-001","wv-001","20260919_232921","farmiq-media","tenants/t-001/farms/f-001/barns/b-001/devices/wv-001/images/2026/09/19/23695c06-4a5a-43b2-8441-eca405d9f1d1.jpg","95dc43a87a675240e0e66a8e4593d223","image/jpeg","2005880","2026-09-19 23:29:21.57629+00","2026-09-19 23:29:29.80885+00"
"3007f2ca-5733-50d8-afe2-1ee7b9656716","t-001","f-001","b-001","wv-001","20260919_232921","farmiq-media","tenants/t-001/farms/f-001/barns/b-001/devices/wv-001/images/2026/09/19/4192f23c-e336-4773-a7c1-663d3470249d.jpg","bccdd29784cdb554136a45e124581c2f","image/jpeg","2042361","2026-09-19 23:29:21.57629+00","2026-09-19 23:29:30.265245+00"
"3875aeb5-8e20-5e26-a9c8-6d89f81d16d6","t-001","f-001","b-001","wv-001","20260919_232933","farmiq-media","tenants/t-001/farms/f-001/barns/b-001/devices/wv-001/images/2026/09/19/41f3a6ae-08aa-404b-9f6a-d0d3bdf7935e.jpg","9d4718b5416b4f868c0286aa62e060a5","image/jpeg","2257488","2026-09-19 23:29:33.707312+00","2026-09-19 23:29:35.843591+00"
"6b337eaf-746d-5247-a9e7-3f4d3f3e6c4c","t-001","f-001","b-001","wv-001","20260919_232933","farmiq-media","tenants/t-001/farms/f-001/barns/b-001/devices/wv-001/images/2026/09/19/20fd344d-ebab-405b-9d1e-419ed7567947.jpg","35ebaa61eff29e1afde29fd9b068d3ad","image/jpeg","2297334","2026-09-19 23:29:33.707312+00","2026-09-19 23:29:36.189203+00"
"abae0e31-b8b3-5e83-9d49-68e5b491e4dd","t-001","f-001","b-001","wv-001","20260919_232948","farmiq-media","tenants/t-001/farms/f-001/barns/b-001/devices/wv-001/images/2026/09/19/cf090c4b-49c9-4083-966a-ff79bf8add86.jpg","60966ad0532556a5f751fc398c904ceb","image/jpeg","2223381","2026-09-19 23:29:48.196758+00","2026-09-19 23:29:49.80015+00"
"4832c332-11eb-5bed-bfee-68e1f0eb057f","t-001","f-001","b-001","wv-001","20260919_232948","farmiq-media","tenants/t-001/farms/f-001/barns/b-001/devices/wv-001/images/2026/09/19/b503157e-7a9d-4a2d-ae9a-dbf5c6eabd6a.jpg","1388f48023ad08539ccfd4ea6ec8072a","image/jpeg","2271155","2026-09-19 23:29:48.196758+00","2026-09-19 23:29:50.099531+00"
"9bd3398f-6921-520e-95f3-aca58a401cd7","t-001","f-001","b-001","wv-001","20260919_233009","farmiq-media","tenants/t-001/farms/f-001/barns/b-001/devices/wv-001/images/2026/09/19/08858676-d444-466d-9c89-bb46dcd52f33.jpg","df73b409197ae3885aa426781088947e","image/jpeg","1984111","2026-09-19 23:30:09.894769+00","2026-09-19 23:30:11.984331+00"
"66616e33-bff8-5dbd-a987-d347ddf29159","t-001","f-001","b-001","wv-001","20260919_233009","farmiq-media","tenants/t-001/farms/f-001/barns/b-001/devices/wv-001/images/2026/09/19/5383aac4-a60d-480a-86bb-d2d1193bcca8.jpg","fe77c82f9b2fc7ede52735ebee162f59","image/jpeg","2036764","2026-09-19 23:30:09.894769+00","2026-09-19 23:30:12.226812+00"
"eb4cfb89-13a9-5f62-9c92-f7a918df5095","t-001","f-001","b-001","wv-001","20260919_233119","farmiq-media","tenants/t-001/farms/f-001/barns/b-001/devices/wv-001/images/2026/09/19/bf966795-a847-4207-bc0a-ac6a4e3d835e.jpg","1c76aa2a07323c94b6dff4d1aa3c36f0","image/jpeg","2333908","2026-09-19 23:31:19.179108+00","2026-09-19 23:31:20.602874+00"
"27d056c6-369e-5a27-ab74-e0ef0e0b7b77","t-001","f-001","b-001","wv-001","20260919_233119","farmiq-media","tenants/t-001/farms/f-001/barns/b-001/devices/wv-001/images/2026/09/19/90506a8d-4118-43d4-ada8-4829755ccb9f.jpg","b6fac9435f8f8797ee8cd57fc9e623dd","image/jpeg","2377134","2026-09-19 23:31:19.179108+00","2026-09-19 23:31:20.883523+00"
"2b481fbb-86f0-5d1c-b044-aa8e4cfe6d81","t-001","f-001","b-001","wv-001","20260919_233152","farmiq-media","tenants/t-001/farms/f-001/barns/b-001/devices/wv-001/images/2026/09/19/a6af2539-e6ff-4ec7-b8b9-bce1e203e81a.jpg","554e504a35a8f32dd8f404b2c014a2e6","image/jpeg","2227258","2026-09-19 23:31:52.216106+00","2026-09-19 23:31:54.761795+00"
"f6c874c6-e8dc-51a4-9206-8105e8e1d8bf","t-001","f-001","b-001","wv-001","20260919_233152","farmiq-media","tenants/t-001/farms/f-001/barns/b-001/devices/wv-001/images/2026/09/19/db2d990b-5892-4fd1-868e-baf2a958e8ca.jpg","23af87d8d44c92d2cfcb86066f53125a","image/jpeg","2272129","2026-09-19 23:31:52.216106+00","2026-09-19 23:31:55.028848+00"
"6fd58ed6-e023-5ee6-838c-12b4688f0242","t-001","f-001","b-001","wv-001","20260919_233331","farmiq-media","tenants/t-001/farms/f-001/barns/b-001/devices/wv-001/images/2026/09/19/65ae188c-7719-476c-892b-bb7348df013c.jpg","f86cd62934fe398566c979a9602ba2a1","image/jpeg","2344780","2026-09-19 23:33:31.780929+00","2026-09-19 23:33:33.521208+00"
"2a184149-a5e4-5d4d-87c1-262204aea8ee","t-001","f-001","b-001","wv-001","20260919_233331","farmiq-media","tenants/t-001/farms/f-001/barns/b-001/devices/wv-001/images/2026/09/19/5f33d676-0181-47d7-8507-fd39a08e8fd6.jpg","c439641c7bec5a712de64994402fff71","image/jpeg","2384682","2026-09-19 23:33:31.780929+00","2026-09-19 23:33:33.803377+00"
"eaf6b2f0-8662-595e-bf54-81ac87b97188","t-001","f-001","b-001","wv-001","20260919_233433","farmiq-media","tenants/t-001/farms/f-001/barns/b-001/devices/wv-001/images/2026/09/19/bad4a07a-78d0-4203-80af-cd3b6c8a3405.jpg","ef26470f65cffc145f73e7012c3b107b","image/jpeg","2344300","2026-09-19 23:34:33.485447+00","2026-09-19 23:34:36.70242+00"
"27261f8d-425a-592c-9256-274fccd7da5b","t-001","f-001","b-001","wv-001","20260919_233433","farmiq-media","tenants/t-001/farms/f-001/barns/b-001/devices/wv-001/images/2026/09/19/2c56659d-9144-4888-9533-dece5b4de6e3.jpg","e24ecd98511042e8eaeff8388f2e264d","image/jpeg","2386648","2026-09-19 23:34:33.485447+00","2026-09-19 23:34:37.390943+00"
"9a3814c0-33aa-54d1-9976-f414854cd806","t-001","f-001","b-001","wv-001","20260919_233508","farmiq-media","tenants/t-001/farms/f-001/barns/b-001/devices/wv-001/images/2026/09/19/e736906e-a8cb-47cf-a2f1-165c5a3dbdd8.jpg","1fd9d598176de0cb62272e1d3aaf1b0c","image/jpeg","2298871","2026-09-19 23:35:08.364678+00","2026-09-19 23:35:10.163534+00"
"b378749c-a31a-5fc1-90e1-c20d2cabda55","t-001","f-001","b-001","wv-001","20260919_233508","farmiq-media","tenants/t-001/farms/f-001/barns/b-001/devices/wv-001/images/2026/09/19/c573c723-7a04-4f47-86a8-5ea52dd7e9c3.jpg","7eb6286242fe8d57650f9c390eccf0f6","image/jpeg","2340436","2026-09-19 23:35:08.364678+00","2026-09-19 23:35:10.506877+00"
"b7b09fd1-ca31-5f9c-badc-3785451ac9be","t-001","f-001","b-001","wv-001","20260919_233557","farmiq-media","tenants/t-001/farms/f-001/barns/b-001/devices/wv-001/images/2026/09/19/e721155a-8ac7-4b0b-adcc-8a22d85b6626.jpg","c2f87cdedb61c834a3cf29cb794cf41c","image/jpeg","1974877","2026-09-19 23:35:57.152037+00","2026-09-19 23:35:58.545493+00"
"f8446324-a5c0-5a21-9bc6-2326e26732cc","t-001","f-001","b-001","wv-001","20260919_233557","farmiq-media","tenants/t-001/farms/f-001/barns/b-001/devices/wv-001/images/2026/09/19/7d99e3d4-4441-4584-9b4c-6b49dd548445.jpg","33574d4f617144686233475bba790a00","image/jpeg","2021419","2026-09-19 23:35:57.152037+00","2026-09-19 23:35:58.811196+00"
"4422ccf2-a927-5a30-82e8-5ec0bde9cea4","t-001","f-001","b-001","wv-001","20260919_233626","farmiq-media","tenants/t-001/farms/f-001/barns/b-001/devices/wv-001/images/2026/09/19/d5264062-5d6d-47b8-8b32-6ad427f212e2.jpg","ebab70c087ef9a1174cd25e760af9e59","image/jpeg","2135664","2026-09-19 23:36:26.520204+00","2026-09-19 23:36:28.918736+00"
"1692ee61-e2c1-5648-add6-1c4d274c25cd","t-001","f-001","b-001","wv-001","20260919_233626","farmiq-media","tenants/t-001/farms/f-001/barns/b-001/devices/wv-001/images/2026/09/19/408e69e7-bfe7-47a0-9dc1-eee7e5bf5557.jpg","91ff3dbfd2bc9ca1029ce7e34a5c7654","image/jpeg","2171644","2026-09-19 23:36:26.520204+00","2026-09-19 23:36:29.151753+00"
"21b9cddf-08eb-5653-bbef-73372a50cb67","t-001","f-001","b-001","wv-001","20260919_233725","farmiq-media","tenants/t-001/farms/f-001/barns/b-001/devices/wv-001/images/2026/09/19/0bc2566b-8ad9-4fa3-9810-eb5a683457cf.jpg","486425912a48e82ac42adf6873c6f792","image/jpeg","2342881","2026-09-19 23:37:25.796005+00","2026-09-19 23:37:27.035116+00"
"a3f54e2d-1ec9-5147-b2a2-44768803d14c","t-001","f-001","b-001","wv-001","20260919_233725","farmiq-media","tenants/t-001/farms/f-001/barns/b-001/devices/wv-001/images/2026/09/19/dd539532-bbb9-444a-b840-345c3af989ee.jpg","21ca974d98d284d8f9ac7fbe89a39438","image/jpeg","2379833","2026-09-19 23:37:25.796005+00","2026-09-19 23:37:27.269158+00"
"2bbd197f-d83c-5819-93d9-312f8fe12589","t-001","f-001","b-001","wv-001","20260919_233817","farmiq-media","tenants/t-001/farms/f-001/barns/b-001/devices/wv-001/images/2026/09/19/af1ecb20-0d34-4278-a31a-746a4c907db6.jpg","59d65c3f021109c5fe710ecb51d6453e","image/jpeg","2372034","2026-09-19 23:38:17.606819+00","2026-09-19 23:38:19.106647+00"
"67b21e3c-f880-553d-b6f8-5aa302c4ad07","t-001","f-001","b-001","wv-001","20260919_233817","farmiq-media","tenants/t-001/farms/f-001/barns/b-001/devices/wv-001/images/2026/09/19/89a0fe5d-7685-4887-a23f-51a6ea9ebade.jpg","e5677c5df343d8f52cacda2a48a0de12","image/jpeg","2409084","2026-09-19 23:38:17.606819+00","2026-09-19 23:38:19.350719+00"
"81993a5e-4eb5-5fba-a932-90bcd2e79bbc","t-001","f-001","b-001","wv-001","20260919_233822","farmiq-media","tenants/t-001/farms/f-001/barns/b-001/devices/wv-001/images/2026/09/19/304158b8-29f0-483f-badb-15d38fb3c9b1.jpg","ed9e95ca6294a932e59ddea266454f54","image/jpeg","2306159","2026-09-19 23:38:22.345477+00","2026-09-19 23:38:24.789608+00"
"5bc1d573-b98e-5547-8533-a381109dc170","t-001","f-001","b-001","wv-001","20260919_233822","farmiq-media","tenants/t-001/farms/f-001/barns/b-001/devices/wv-001/images/2026/09/19/427b40e2-6ef9-4917-a662-0d4ef7b7e890.jpg","d9f6f384756b9348937da34da5e5f21f","image/jpeg","2344508","2026-09-19 23:38:22.345477+00","2026-09-19 23:38:25.06226+00"
"58c20fca-3d19-58ee-9da7-cafd55c5f7e5","t-001","f-001","b-001","wv-001","20260919_233828","farmiq-media","tenants/t-001/farms/f-001/barns/b-001/devices/wv-001/images/2026/09/19/7c595024-13b8-4e21-a21e-eca2694d050f.jpg","dd0c955e5a050f12a69fbf1e6e4a26be","image/jpeg","2254296","2026-09-19 23:38:28.657704+00","2026-09-19 23:38:30.515848+00"
"fcfb9e98-9158-57ae-8a9c-2dd39b60ea36","t-001","f-001","b-001","wv-001","20260919_233828","farmiq-media","tenants/t-001/farms/f-001/barns/b-001/devices/wv-001/images/2026/09/19/1c7df693-453f-4c36-9124-98396eee7202.jpg","9eb5c0dfc4eb615c0a052f08802d9ce8","image/jpeg","2295924","2026-09-19 23:38:28.657704+00","2026-09-19 23:38:30.796811+00"
"313f6211-2d8b-596c-a2f3-f7842d162800","t-001","f-001","b-001","wv-001","20260919_233855","farmiq-media","tenants/t-001/farms/f-001/barns/b-001/devices/wv-001/images/2026/09/19/c8cf1671-7820-4218-a78d-485743522db1.jpg","f0845f187657221bc28dbe7b3eb270e1","image/jpeg","2324707","2026-09-19 23:38:55.22313+00","2026-09-19 23:38:56.415489+00"
"289f47a9-4125-5c92-a7c6-5caf83ed78af","t-001","f-001","b-001","wv-001","20260919_233855","farmiq-media","tenants/t-001/farms/f-001/barns/b-001/devices/wv-001/images/2026/09/19/94ba8dee-52a7-4bcb-8a9e-863c130220e3.jpg","a6d0c78800372743a31457b9e57c0cdc","image/jpeg","2370660","2026-09-19 23:38:55.22313+00","2026-09-19 23:38:56.648401+00"
"b1aa96e4-c542-526c-af2d-b9efc891ff5e","t-001","f-001","b-001","wv-001","20260919_233933","farmiq-media","tenants/t-001/farms/f-001/barns/b-001/devices/wv-001/images/2026/09/19/56694327-b1e7-4ee8-80c6-5aa243e853b2.jpg","bda0297ebcad54ba9b40910315500926","image/jpeg","2377222","2026-09-19 23:39:33.423784+00","2026-09-19 23:39:34.475731+00"
"91b1a6f3-e062-5d0e-a5e1-2216adb8617c","t-001","f-001","b-001","wv-001","20260919_233933","farmiq-media","tenants/t-001/farms/f-001/barns/b-001/devices/wv-001/images/2026/09/19/e8238e8f-25a3-406d-8820-95c7e378152c.jpg","1936b9ba75c9c09aac1ced38a73175b2","image/jpeg","2408955","2026-09-19 23:39:33.423784+00","2026-09-19 23:39:34.813124+00"
"8dc2a193-92b9-5cba-91f7-b720e7e3d3d8","t-001","f-001","b-001","wv-001","20260919_233937","farmiq-media","tenants/t-001/farms/f-001/barns/b-001/devices/wv-001/images/2026/09/19/8e29fd93-f7f2-4205-af7b-c5bdcc63da3a.jpg","ba45185c5eb02f96531bb62917a79bb4","image/jpeg","2071210","2026-09-19 23:39:37.374858+00","2026-09-19 23:39:40.297067+00"
"b52ba86d-6b13-526d-b056-9190ab363d4b","t-001","f-001","b-001","wv-001","20260919_233937","farmiq-media","tenants/t-001/farms/f-001/barns/b-001/devices/wv-001/images/2026/09/19/64bd166b-6bf5-46a9-a7fb-31a3f42f8222.jpg","0f78b54eefbca9995f4e1799d1294f86","image/jpeg","2108654","2026-09-19 23:39:37.374858+00","2026-09-19 23:39:40.582968+00"
"1401fddb-2f77-5ace-b73c-33ec02919790","t-001","f-001","b-001","wv-001","20260919_233945","farmiq-media","tenants/t-001/farms/f-001/barns/b-001/devices/wv-001/images/2026/09/19/5425327c-3e13-4227-a646-6393995bfb14.jpg","e7bd4f3ce24fd9671a9a1e1f805cdd24","image/jpeg","1977874","2026-09-19 23:39:45.158817+00","2026-09-19 23:39:45.96812+00"
"668d2bf0-7abb-53c3-beb5-f6bc5ce70f69","t-001","f-001","b-001","wv-001","20260919_233945","farmiq-media","tenants/t-001/farms/f-001/barns/b-001/devices/wv-001/images/2026/09/19/1af7ecb1-4606-48fd-bc39-1edc4dda2731.jpg","bc166efc39b38d86a203880195139511","image/jpeg","2016381","2026-09-19 23:39:45.158817+00","2026-09-19 23:39:46.489439+00"
"05632340-a526-5142-a0ac-a1133cd9debe","t-001","f-001","b-001","wv-001","20260919_233950","farmiq-media","tenants/t-001/farms/f-001/barns/b-001/devices/wv-001/images/2026/09/19/86af0112-457e-482e-98ff-26b2410a0274.jpg","575709a2ae73be00f264796ee88a9736","image/jpeg","2138902","2026-09-19 23:39:50.709585+00","2026-09-19 23:39:51.971655+00"
"b0b91d61-6efe-5614-a2c9-a19fb51d9667","t-001","f-001","b-001","wv-001","20260919_233950","farmiq-media","tenants/t-001/farms/f-001/barns/b-001/devices/wv-001/images/2026/09/19/7961d644-0e95-4af4-8f4e-0638247d9942.jpg","2254d06044e2fa692b7f4164bff8b964","image/jpeg","2180914","2026-09-19 23:39:50.709585+00","2026-09-19 23:39:52.228695+00"
"8aae7310-d83e-56b1-9e53-f31036492bfc","t-001","f-001","b-001","wv-001","20260919_234001","farmiq-media","tenants/t-001/farms/f-001/barns/b-001/devices/wv-001/images/2026/09/19/df0a55f5-2196-4fff-a965-10ee9bfd50b8.jpg","f2f395a07f6b107b56d90c3c724620fc","image/jpeg","2446942","2026-09-19 23:40:01.973287+00","2026-09-19 23:40:03.820519+00"
"8d3e51ae-d87e-55cc-89c4-036449c11def","t-001","f-001","b-001","wv-001","20260919_234001","farmiq-media","tenants/t-001/farms/f-001/barns/b-001/devices/wv-001/images/2026/09/19/5d893b35-ada2-4fd6-a8a5-b5095b719499.jpg","42651ac2bae88bfc0509a832797e3f89","image/jpeg","2487233","2026-09-19 23:40:01.973287+00","2026-09-19 23:40:04.122818+00"
"7933ec1b-3564-5fb6-bae6-b9c09b8b83eb","t-001","f-001","b-001","wv-001","20260919_234049","farmiq-media","tenants/t-001/farms/f-001/barns/b-001/devices/wv-001/images/2026/09/19/aa9b2229-3ae9-4892-b144-eb7a3b615ad5.jpg","830a285195e9e079db18e827721125b0","image/jpeg","2403287","2026-09-19 23:40:49.831743+00","2026-09-19 23:40:51.938412+00"
"68ea6317-dfe6-531c-9611-ff5a525f40e6","t-001","f-001","b-001","wv-001","20260919_234049","farmiq-media","tenants/t-001/farms/f-001/barns/b-001/devices/wv-001/images/2026/09/19/6ae56fad-9b0d-41a2-a4c6-d1b62036cce4.jpg","9342f021034a68bca8b5522708fa1349","image/jpeg","2439393","2026-09-19 23:40:49.831743+00","2026-09-19 23:40:52.190691+00"
"bfddf431-e8ca-5fdf-925b-a1e922ddbb6b","t-001","f-001","b-001","wv-001","20260919_234105","farmiq-media","tenants/t-001/farms/f-001/barns/b-001/devices/wv-001/images/2026/09/19/2302fa35-e2d1-4179-81c3-c63a2eada72e.jpg","a3fc91f9c160fb6d0409b937d6a7f728","image/jpeg","2315816","2026-09-19 23:41:05.849748+00","2026-09-19 23:41:07.698727+00"
"51ecc4b3-220f-5025-9c15-385990b349a1","t-001","f-001","b-001","wv-001","20260919_234105","farmiq-media","tenants/t-001/farms/f-001/barns/b-001/devices/wv-001/images/2026/09/19/7bb0dbde-f552-45a9-a58d-377229a48afc.jpg","53ced0cb23b7c074a0eaaec4ee8b88a7","image/jpeg","2355328","2026-09-19 23:41:05.849748+00","2026-09-19 23:41:07.962447+00"
"2a1e8679-8ede-5296-ada9-38c02ecc7d71","t-001","f-001","b-001","wv-001","20260919_234142","farmiq-media","tenants/t-001/farms/f-001/barns/b-001/devices/wv-001/images/2026/09/19/090740ba-7e0e-4cb0-a29f-4ec8a4f5f684.jpg","c530305ad5067d96cfd80583e1beb3c8","image/jpeg","2436089","2026-09-19 23:41:42.592062+00","2026-09-19 23:41:43.713473+00"
"b6a438ee-964c-5103-b5ec-6231a9e72e96","t-001","f-001","b-001","wv-001","20260919_234142","farmiq-media","tenants/t-001/farms/f-001/barns/b-001/devices/wv-001/images/2026/09/19/c3c2b853-2890-4f4b-93e6-ed714a5586af.jpg","5e3324101547fbb0c6a3528ff9926046","image/jpeg","2462487","2026-09-19 23:41:42.592062+00","2026-09-19 23:41:43.977502+00"
"690c6991-8fe0-5b5a-877b-155c41e9b4a8","t-001","f-001","b-001","wv-001","20260919_234146","farmiq-media","tenants/t-001/farms/f-001/barns/b-001/devices/wv-001/images/2026/09/19/a7c597ac-08e9-40a4-9628-9d85110b74d1.jpg","48f815151b02739529b1284e08ce2916","image/jpeg","2122671","2026-09-19 23:41:46.534036+00","2026-09-19 23:41:49.406025+00"
"8301bdf1-9ab8-58fc-b221-0368346aae1b","t-001","f-001","b-001","wv-001","20260919_234146","farmiq-media","tenants/t-001/farms/f-001/barns/b-001/devices/wv-001/images/2026/09/19/32b54479-02e6-4629-a3c4-cd40a4f7449b.jpg","c233c27fe3dfc1c506548697b29497c5","image/jpeg","2156055","2026-09-19 23:41:46.534036+00","2026-09-19 23:41:49.67683+00"
"879ba5f4-e92b-5e7b-aa44-d60a0fecfebd","t-001","f-001","b-001","wv-001","20260919_234158","farmiq-media","tenants/t-001/farms/f-001/barns/b-001/devices/wv-001/images/2026/09/19/e77c51f7-0918-47f9-922a-7bce111ad9ed.jpg","690d058253f7311f38b7aa8fb3888766","image/jpeg","2140334","2026-09-19 23:41:58.689219+00","2026-09-19 23:41:59.129357+00"
"054dadd7-c7d4-5bea-a2ab-a54feebae004","t-001","f-001","b-001","wv-001","20260919_234158","farmiq-media","tenants/t-001/farms/f-001/barns/b-001/devices/wv-001/images/2026/09/19/ec1d15fa-379d-4bb3-a46a-785d336c6cad.jpg","19feb8ce2f48d4c2a0a6ee252036e17c","image/jpeg","2181753","2026-09-19 23:41:58.689219+00","2026-09-19 23:41:59.36425+00"
"105c9f49-e06f-53f1-b1f6-595df1ac70bb","t-001","f-001","b-001","wv-001","20260919_234221","farmiq-media","tenants/t-001/farms/f-001/barns/b-001/devices/wv-001/images/2026/09/19/c4cea715-6cf6-450b-9250-66fd27effcc0.jpg","e2e77be97a7227278cbdccbc5f212ab4","image/jpeg","2222200","2026-09-19 23:42:21.166133+00","2026-09-19 23:42:22.987343+00"
"efbf98a5-9133-549c-8f86-98f56abb44d0","t-001","f-001","b-001","wv-001","20260919_234221","farmiq-media","tenants/t-001/farms/f-001/barns/b-001/devices/wv-001/images/2026/09/19/7bdf68fb-bf52-40e7-abc9-1482c2df1c68.jpg","c477d90f8db04340b8c40785bc271ae2","image/jpeg","2261275","2026-09-19 23:42:21.166133+00","2026-09-19 23:42:23.258918+00"
"71af0d6d-08ee-561a-b291-0afa4e3c3927","t-001","f-001","b-001","wv-001","20260919_234225","farmiq-media","tenants/t-001/farms/f-001/barns/b-001/devices/wv-001/images/2026/09/19/a1d83114-94ec-457c-9024-7330e8868342.jpg","9ae8da36a28065467d56d4bfdfca2f6a","image/jpeg","2115078","2026-09-19 23:42:25.427589+00","2026-09-19 23:42:28.735406+00"
"87d4d5cf-9230-573e-8528-bc5a13242fc3","t-001","f-001","b-001","wv-001","20260919_234225","farmiq-media","tenants/t-001/farms/f-001/barns/b-001/devices/wv-001/images/2026/09/19/41cc1561-108b-4c47-ab46-699fefcc5f3a.jpg","c19f1790dc3a779d79d51c9f78687ba7","image/jpeg","2163361","2026-09-19 23:42:25.427589+00","2026-09-19 23:42:28.966117+00"
"3c7e6565-9412-58d0-999c-54c3d8f103e8","t-001","f-001","b-001","wv-001","20260919_234252","farmiq-media","tenants/t-001/farms/f-001/barns/b-001/devices/wv-001/images/2026/09/19/099e284a-3e76-4988-b34b-463a3fb25761.jpg","ea7bb6c71372cd069b62b281c9a2524b","image/jpeg","2356595","2026-09-19 23:42:52.330201+00","2026-09-19 23:42:54.881011+00"
"bfaf6381-a502-563f-a940-0fb0a9986bee","t-001","f-001","b-001","wv-001","20260919_234252","farmiq-media","tenants/t-001/farms/f-001/barns/b-001/devices/wv-001/images/2026/09/19/7713e75b-a4cd-442c-8bb8-28f15e4b5b0b.jpg","a5dbe92a77650874cdeac43d8ae2945d","image/jpeg","2388682","2026-09-19 23:42:52.330201+00","2026-09-19 23:42:55.098287+00"
"78a85411-6d26-5e1c-8105-5dede6c39d43","t-001","f-001","b-001","wv-001","20260919_234307","farmiq-media","tenants/t-001/farms/f-001/barns/b-001/devices/wv-001/images/2026/09/19/a15c35c6-90ee-445a-99cf-fc41b0801332.jpg","6e55bbc8268c98caded75b385228fa94","image/jpeg","2358145","2026-09-19 23:43:07.51245+00","2026-09-19 23:43:09.481426+00"
"8b06e116-a9d3-58f4-b17e-a9cb5062da7c","t-001","f-001","b-001","wv-001","20260919_234307","farmiq-media","tenants/t-001/farms/f-001/barns/b-001/devices/wv-001/images/2026/09/19/96d86d23-58df-4db3-83cc-69023db14243.jpg","374c4b587b4fb314900eae47357aca90","image/jpeg","2385362","2026-09-19 23:43:07.51245+00","2026-09-19 23:43:09.865422+00"
"f820682f-190c-5878-b1bf-7a7b81293ee3","t-001","f-001","b-001","wv-001","20260919_234356","farmiq-media","tenants/t-001/farms/f-001/barns/b-001/devices/wv-001/images/2026/09/19/62edbf3f-b501-448e-aa37-0c6906c2596d.jpg","79ca15b1b1ee4956be0409352b3d1f75","image/jpeg","2142537","2026-09-19 23:43:56.394977+00","2026-09-19 23:43:57.656148+00"
"a3731857-8b8b-5373-884a-eaa4946faa25","t-001","f-001","b-001","wv-001","20260919_234356","farmiq-media","tenants/t-001/farms/f-001/barns/b-001/devices/wv-001/images/2026/09/19/2b78220f-7bf7-4ffe-a3dc-f4b17c33f598.jpg","cf8a7bf64b03ae8eaa352efd2b74d13e","image/jpeg","2172469","2026-09-19 23:43:56.394977+00","2026-09-19 23:43:57.877472+00"
"8dde3e84-e980-5fad-b05c-5ead4e52c8d1","t-001","f-001","b-001","wv-001","20260919_234448","farmiq-media","tenants/t-001/farms/f-001/barns/b-001/devices/wv-001/images/2026/09/19/8eb5b7c4-5947-465a-96e1-0b253e63fa83.jpg","92999fc1824b4bcc1b29155405ea8b4a","image/jpeg","2329846","2026-09-19 23:44:48.530793+00","2026-09-19 23:44:49.843879+00"
"bbd749d1-4320-5926-8150-034a44e5d764","t-001","f-001","b-001","wv-001","20260919_234448","farmiq-media","tenants/t-001/farms/f-001/barns/b-001/devices/wv-001/images/2026/09/19/2c3f15de-8982-4270-b79a-19e30cd3e681.jpg","3cbecc2883c45740aabc6b98c84c859b","image/jpeg","2365514","2026-09-19 23:44:48.530793+00","2026-09-19 23:44:50.195971+00"
"3cae2c7d-db09-5285-976a-eeaa0ca7d0b5","t-001","f-001","b-001","wv-001","20260919_234543","farmiq-media","tenants/t-001/farms/f-001/barns/b-001/devices/wv-001/images/2026/09/19/11f14978-da27-4b27-ba37-220df653d621.jpg","0b77f133001244442fccbbac5babbf84","image/jpeg","2340232","2026-09-19 23:45:43.995191+00","2026-09-19 23:45:46.10898+00"
"950c8519-bbdb-53ec-8427-96ae406e9d02","t-001","f-001","b-001","wv-001","20260919_234543","farmiq-media","tenants/t-001/farms/f-001/barns/b-001/devices/wv-001/images/2026/09/19/8b562a57-77a7-4f4c-b980-f49d3b80b40a.jpg","fe3687d1ba3be0b322adece2ac0097a2","image/jpeg","2375772","2026-09-19 23:45:43.995191+00","2026-09-19 23:45:46.338134+00"
"6ca46c81-e67a-5efc-a239-2c4252be1ae0","t-001","f-001","b-001","wv-001","20260919_234559","farmiq-media","tenants/t-001/farms/f-001/barns/b-001/devices/wv-001/images/2026/09/19/b7ed0eda-04c9-46bf-95f3-82212a247a44.jpg","2402f8b5204de7e35011e7965bfc182d","image/jpeg","2384250","2026-09-19 23:45:59.135909+00","2026-09-19 23:45:59.855706+00"
"a8876042-8049-5fdd-a11b-0f5663db25d3","t-001","f-001","b-001","wv-001","20260919_234559","farmiq-media","tenants/t-001/farms/f-001/barns/b-001/devices/wv-001/images/2026/09/19/9eeb3a54-b713-4fb7-9623-9fc1bf6bee56.jpg","3cb242d64aeea868682d9bc331597fda","image/jpeg","2415420","2026-09-19 23:45:59.135909+00","2026-09-19 23:46:00.08974+00"
"1be72539-1214-5e0a-88fc-ec9cfab0eac4","t-001","f-001","b-001","wv-001","20260919_234759","farmiq-media","tenants/t-001/farms/f-001/barns/b-001/devices/wv-001/images/2026/09/19/ab88daaf-0d03-453c-adc7-bb14a8719d27.jpg","4789331b4a895d79cb75b0133296db3b","image/jpeg","2247035","2026-09-19 23:47:59.26412+00","2026-09-19 23:48:00.455941+00"
"6c95fb77-1419-5a9e-86d6-d076a4bb12c5","t-001","f-001","b-001","wv-001","20260919_234759","farmiq-media","tenants/t-001/farms/f-001/barns/b-001/devices/wv-001/images/2026/09/19/d611b340-2d66-4769-84a0-a799e7c2df8b.jpg","4dd81fbd588cdfb5ab0285b3ff5899d3","image/jpeg","2277960","2026-09-19 23:47:59.26412+00","2026-09-19 23:48:00.681417+00"
"0c0105c5-6fde-5132-95be-491191fa0ead","t-001","f-001","b-001","wv-001","20260919_234815","farmiq-media","tenants/t-001/farms/f-001/barns/b-001/devices/wv-001/images/2026/09/19/e4e9256f-8b30-4d13-bc6c-8f9c8525cc51.jpg","148fb821c9627c609644f1fef55d88a4","image/jpeg","2256775","2026-09-19 23:48:15.853966+00","2026-09-19 23:48:18.195444+00"
"287ecb9a-4bf6-5cc1-a536-f7e18c926849","t-001","f-001","b-001","wv-001","20260919_234815","farmiq-media","tenants/t-001/farms/f-001/barns/b-001/devices/wv-001/images/2026/09/19/8aab219b-6616-421c-b571-35e14e8e427d.jpg","3907d6d3819615eb6510192832242a53","image/jpeg","2286982","2026-09-19 23:48:15.853966+00","2026-09-19 23:48:18.430171+00"
"000fccc2-be7c-574a-8e5b-599e7d563d59","t-001","f-001","b-001","wv-001","20260919_234835","farmiq-media","tenants/t-001/farms/f-001/barns/b-001/devices/wv-001/images/2026/09/19/ff2557d6-f7d4-4984-af50-218c5ddf7c94.jpg","2fdd50523eacc9a7846e4feeac195ef4","image/jpeg","2268200","2026-09-19 23:48:35.583938+00","2026-09-19 23:48:35.973789+00"
"51661062-2e6f-57cf-b0eb-063b91bea4a7","t-001","f-001","b-001","wv-001","20260919_234835","farmiq-media","tenants/t-001/farms/f-001/barns/b-001/devices/wv-001/images/2026/09/19/cd95b210-ddb5-4b28-a615-8844be6cd249.jpg","e9890c9fad5d0fb733775133fa1b7ae8","image/jpeg","2310287","2026-09-19 23:48:35.583938+00","2026-09-19 23:48:36.197958+00"
"2da78c7a-e73b-57ca-8ca1-9724d43c3cdd","t-001","f-001","b-001","wv-001","20260919_234857","farmiq-media","tenants/t-001/farms/f-001/barns/b-001/devices/wv-001/images/2026/09/19/72f6e9d8-8164-4c3f-ae94-e2f3c95efb27.jpg","c074197e6b72102ad4252bf4deb4895f","image/jpeg","1857893","2026-09-19 23:48:57.923708+00","2026-09-19 23:48:59.78743+00"
"665f3127-ba07-52f7-9d5a-7da85d37255e","t-001","f-001","b-001","wv-001","20260919_234857","farmiq-media","tenants/t-001/farms/f-001/barns/b-001/devices/wv-001/images/2026/09/19/881a5931-5149-4b84-a066-438c2a5a242b.jpg","505508017cb456b09ee65981959e6e88","image/jpeg","1908423","2026-09-19 23:48:57.923708+00","2026-09-19 23:49:00.018999+00"
"e9f0008d-7091-5350-8423-b9b51661575b","t-001","f-001","b-001","wv-001","20260919_234910","farmiq-media","tenants/t-001/farms/f-001/barns/b-001/devices/wv-001/images/2026/09/19/4fc5f82c-b421-425e-9bfa-7c17d1d8238c.jpg","c2cbb1b18104f5ca93fbdbb418b27f99","image/jpeg","2094726","2026-09-19 23:49:10.903403+00","2026-09-19 23:49:11.510459+00"
"c6e09e60-15ad-5d23-a117-9f8720c0ae30","t-001","f-001","b-001","wv-001","20260919_234910","farmiq-media","tenants/t-001/farms/f-001/barns/b-001/devices/wv-001/images/2026/09/19/c86ac72a-267b-4e9b-bb60-e674ba63bb22.jpg","93e6d3c0713028b7a986d016f74f6a39","image/jpeg","2129457","2026-09-19 23:49:10.903403+00","2026-09-19 23:49:11.716489+00"
"4f9f1189-012f-5b46-b324-832476b371a1","t-001","f-001","b-001","wv-001","20260919_234921","farmiq-media","tenants/t-001/farms/f-001/barns/b-001/devices/wv-001/images/2026/09/19/60e665c8-876a-4e66-9cd9-b2dfcf2a2567.jpg","a33308b7793c48bd9442c3443e3d5180","image/jpeg","2287496","2026-09-19 23:49:21.863495+00","2026-09-19 23:49:28.332427+00"
"a273e1ea-6031-5b2f-8838-2ae9ba575d84","t-001","f-001","b-001","wv-001","20260919_234921","farmiq-media","tenants/t-001/farms/f-001/barns/b-001/devices/wv-001/images/2026/09/19/cd5263b1-f533-4072-8407-8bab58b723f1.jpg","1929a94630ad0a0f3197ea0b7f4bc14e","image/jpeg","2309866","2026-09-19 23:49:21.863495+00","2026-09-19 23:49:31.284446+00"
"4b57668e-0cdc-5d42-a8ba-2d5c58dc0204","t-001","f-001","b-001","wv-001","20260919_234927","farmiq-media","tenants/t-001/farms/f-001/barns/b-001/devices/wv-001/images/2026/09/19/6e6b48d9-d739-4004-86ce-2ff7299e7033.jpg","624f2a330ad5df51ce2caff76ec5e817","image/jpeg","2099923","2026-09-19 23:49:27.40617+00","2026-09-19 23:49:36.912323+00"
"a41d0aba-fad3-5985-8d0a-e20345698d12","t-001","f-001","b-001","wv-001","20260919_234927","farmiq-media","tenants/t-001/farms/f-001/barns/b-001/devices/wv-001/images/2026/09/19/826106e1-ffcb-4747-8f81-c6de86660e1f.jpg","ecd143778d4874ee46bd36a59b071020","image/jpeg","2137476","2026-09-19 23:49:27.40617+00","2026-09-19 23:49:37.328459+00"
"d4ec87cb-f463-556f-b0ed-3f6bfa38d03b","t-001","f-001","b-001","wv-001","20260919_234941","farmiq-media","tenants/t-001/farms/f-001/barns/b-001/devices/wv-001/images/2026/09/19/eadcf58f-bdb8-4539-b812-f9d5f898e1b6.jpg","903fba2b77124a53f15e5b6a52616e97","image/jpeg","2250321","2026-09-19 23:49:41.77389+00","2026-09-19 23:49:42.863036+00"
"70379f9e-f8d4-544b-81cc-06b886891283","t-001","f-001","b-001","wv-001","20260919_234941","farmiq-media","tenants/t-001/farms/f-001/barns/b-001/devices/wv-001/images/2026/09/19/d014e982-5a65-4fa2-a7f7-6c91cb46a7c9.jpg","33387bcd439e72dab6ba2314cd9192fc","image/jpeg","2293610","2026-09-19 23:49:41.77389+00","2026-09-19 23:49:43.225946+00"
"c8618665-fa49-5879-aba8-d353ebe9fc74","t-001","f-001","b-001","wv-001","20260919_235008","farmiq-media","tenants/t-001/farms/f-001/barns/b-001/devices/wv-001/images/2026/09/19/955f081c-5f74-40fa-a5c0-3fd151e876f1.jpg","4c55612a407d071a47443569aeb85e04","image/jpeg","2413639","2026-09-19 23:50:08.360719+00","2026-09-19 23:50:09.114758+00"
"6e54eba2-1395-56c4-b7f3-cff06537c694","t-001","f-001","b-001","wv-001","20260919_235008","farmiq-media","tenants/t-001/farms/f-001/barns/b-001/devices/wv-001/images/2026/09/19/e4b2c82c-70d1-47f0-a152-629f970a1b10.jpg","68ae8d635c5da8a3d8cf530806004038","image/jpeg","2439800","2026-09-19 23:50:08.360719+00","2026-09-19 23:50:09.477649+00"
"65a60e03-24c8-51c9-b23f-d8d6c6487a60","t-001","f-001","b-001","wv-001","20260919_235012","farmiq-media","tenants/t-001/farms/f-001/barns/b-001/devices/wv-001/images/2026/09/19/548a9941-6d94-44b7-b55a-c5f1c3cdc291.jpg","2c2d9fa95edc077827178c7fff8146d9","image/jpeg","2163313","2026-09-19 23:50:12.295353+00","2026-09-19 23:50:14.949038+00"
"1807f732-e3b3-545e-ba1d-02d57d1590ba","t-001","f-001","b-001","wv-001","20260919_235012","farmiq-media","tenants/t-001/farms/f-001/barns/b-001/devices/wv-001/images/2026/09/19/68f5d361-77ed-40e7-8cf1-59058283496e.jpg","eb1aaf922cd1f6fd9f17cbb17a65e09e","image/jpeg","2192284","2026-09-19 23:50:12.295353+00","2026-09-19 23:50:15.271501+00"
"8816b971-ea0b-5a05-8711-e6a1b5037ffb","t-001","f-001","b-001","wv-001","20260919_235042","farmiq-media","tenants/t-001/farms/f-001/barns/b-001/devices/wv-001/images/2026/09/19/be6956cc-54a5-4bc2-9fb3-4fa1f0080f40.jpg","1c8e06e7247146ab39b7c4ac3cbbca4a","image/jpeg","2313390","2026-09-19 23:50:42.577142+00","2026-09-19 23:50:45.132315+00"
"30620732-1cd2-5bbe-81df-d5486fb2e182","t-001","f-001","b-001","wv-001","20260919_235042","farmiq-media","tenants/t-001/farms/f-001/barns/b-001/devices/wv-001/images/2026/09/19/32be02e1-7974-4c2d-8abe-96e9919346e4.jpg","3ec668763e09d4197319caab144a97f3","image/jpeg","2349977","2026-09-19 23:50:42.577142+00","2026-09-19 23:50:45.418362+00"
"2adcf17c-3f4c-5b70-9a73-5c32d34ac78a","t-001","f-001","b-001","wv-001","20260919_235046","farmiq-media","tenants/t-001/farms/f-001/barns/b-001/devices/wv-001/images/2026/09/19/23903a80-f37d-43e2-97a9-4830e6614865.jpg","54df4b9707f71a6c7a0c48b4e9d4887b","image/jpeg","2074482","2026-09-19 23:50:46.631397+00","2026-09-19 23:50:50.874325+00"
"6989342d-1ab0-5d2e-b929-6bf162a8059f","t-001","f-001","b-001","wv-001","20260919_235046","farmiq-media","tenants/t-001/farms/f-001/barns/b-001/devices/wv-001/images/2026/09/19/15423719-6fae-4282-8ad3-7d40d11e8e87.jpg","abd406d17e0c27a5ba10dd9230106750","image/jpeg","2120779","2026-09-19 23:50:46.631397+00","2026-09-19 23:50:51.180029+00"
"a6d99c79-fc3d-5d62-926f-b01d67d6362c","t-001","f-001","b-001","wv-001","20260919_235103","farmiq-media","tenants/t-001/farms/f-001/barns/b-001/devices/wv-001/images/2026/09/19/2a374d80-c49d-40d8-a953-2c7900b04aa3.jpg","f5feb108ad2ff06043f7f659e441ec4c","image/jpeg","2341305","2026-09-19 23:51:03.325272+00","2026-09-19 23:51:04.874216+00"
"81591096-47ac-5cd8-8a02-59e47a648277","t-001","f-001","b-001","wv-001","20260919_235103","farmiq-media","tenants/t-001/farms/f-001/barns/b-001/devices/wv-001/images/2026/09/19/2134cc3c-4e40-4edc-95e3-6487f0ace74a.jpg","85d447e61105919403ed8128ba02cb95","image/jpeg","2372307","2026-09-19 23:51:03.325272+00","2026-09-19 23:51:05.107763+00"
"e7b9e1c8-3907-5cd2-9605-b13e29b4a8d3","t-001","f-001","b-001","wv-001","20260919_235127","farmiq-media","tenants/t-001/farms/f-001/barns/b-001/devices/wv-001/images/2026/09/19/2f631a0f-a478-4f09-89c4-051dc31e1e0f.jpg","6f128eb80747e556e1f31dc7e5824711","image/jpeg","2166688","2026-09-19 23:51:27.394586+00","2026-09-19 23:51:28.762514+00"
"d71ca591-2962-5e92-b8d4-b220a008719b","t-001","f-001","b-001","wv-001","20260919_235127","farmiq-media","tenants/t-001/farms/f-001/barns/b-001/devices/wv-001/images/2026/09/19/08ead47a-1c13-4203-b85a-1afcc22e7a58.jpg","cd6f4288e9a804d1d5fc3dcef8f9bd49","image/jpeg","2206213","2026-09-19 23:51:27.394586+00","2026-09-19 23:51:29.030785+00"
"f066dd6d-e00c-59c2-86eb-ca419bf23625","t-001","f-001","b-001","wv-001","20260919_235153","farmiq-media","tenants/t-001/farms/f-001/barns/b-001/devices/wv-001/images/2026/09/19/663ff6ca-045a-4810-83b9-8d9246bab050.jpg","e3ef1f3b37537fede292fdf476079fe0","image/jpeg","2400859","2026-09-19 23:51:53.186687+00","2026-09-19 23:51:54.90354+00"
"5ab7cd41-986c-5ae6-91b8-3476b09d54dc","t-001","f-001","b-001","wv-001","20260919_235153","farmiq-media","tenants/t-001/farms/f-001/barns/b-001/devices/wv-001/images/2026/09/19/598f4dad-676b-4b5e-82e4-0ba38ada8a74.jpg","8f3df265db5fc376d28b4e8a46f3f411","image/jpeg","2429850","2026-09-19 23:51:53.186687+00","2026-09-19 23:51:55.167577+00"
"a8007d09-2fd5-5a8e-bec3-62f8a60bed85","t-001","f-001","b-001","wv-001","20260919_235214","farmiq-media","tenants/t-001/farms/f-001/barns/b-001/devices/wv-001/images/2026/09/19/6d5c9337-2483-4488-9f4c-6e15a929fa20.jpg","f6041665ddd3d770db99456be62cfc94","image/jpeg","2067466","2026-09-19 23:52:14.855263+00","2026-09-19 23:52:16.826679+00"
"277be44f-e67e-50a2-b453-22ad9ba40ff4","t-001","f-001","b-001","wv-001","20260919_235214","farmiq-media","tenants/t-001/farms/f-001/barns/b-001/devices/wv-001/images/2026/09/19/3f90e25c-c82a-4af7-aea3-034a9ae5af9d.jpg","e0d9fb8be54048774c6d95cd5ab07c9a","image/jpeg","2090927","2026-09-19 23:52:14.855263+00","2026-09-19 23:52:17.087452+00"
"0ef2cfac-c991-5066-9204-9d47780ed33e","t-001","f-001","b-001","wv-001","20260919_235228","farmiq-media","tenants/t-001/farms/f-001/barns/b-001/devices/wv-001/images/2026/09/19/8d6420ad-308d-4308-bd98-01b053c22d61.jpg","9eb6a657383a8a1d65bb1288d84a80cc","image/jpeg","2278187","2026-09-19 23:52:28.889186+00","2026-09-19 23:52:30.626435+00"
"69f6e284-3bcb-5f5b-9adf-15c7521a822d","t-001","f-001","b-001","wv-001","20260919_235228","farmiq-media","tenants/t-001/farms/f-001/barns/b-001/devices/wv-001/images/2026/09/19/4ab7dff7-0e44-42dd-96f2-c1c9f657a371.jpg","529d44464e42532263ad007cff38115f","image/jpeg","2314316","2026-09-19 23:52:28.889186+00","2026-09-19 23:52:30.885488+00"
"36c6ae90-f927-5d65-9493-0943cdefc86c","t-001","f-001","b-001","wv-001","20260919_235315","farmiq-media","tenants/t-001/farms/f-001/barns/b-001/devices/wv-001/images/2026/09/19/1a095967-9000-45fa-a6f3-53445c7130d0.jpg","92fc4fd8ab93e23a5bebaff6915e33fd","image/jpeg","2231285","2026-09-19 23:53:15.232732+00","2026-09-19 23:53:17.061293+00"
"390f48a5-452a-5979-8c6e-eb2c3ced85ab","t-001","f-001","b-001","wv-001","20260919_235315","farmiq-media","tenants/t-001/farms/f-001/barns/b-001/devices/wv-001/images/2026/09/19/ec1270ad-2f93-421a-9626-25d92720c2ba.jpg","8ebfa5fafdf29316417593d6a52e6e4e","image/jpeg","2264257","2026-09-19 23:53:15.232732+00","2026-09-19 23:53:17.391442+00"
"e72c3888-13b1-5f2e-a5d9-26246f3e334c","t-001","f-001","b-001","wv-001","20260919_235319","farmiq-media","tenants/t-001/farms/f-001/barns/b-001/devices/wv-001/images/2026/09/19/219d58c9-3fc7-4ad0-b362-44e4b6afe6ac.jpg","5c34198ba3a70dc84b206d940180675b","image/jpeg","2094462","2026-09-19 23:53:19.262938+00","2026-09-19 23:53:22.909054+00"
"03f0cade-ef94-5515-87fd-dfeea2d007cc","t-001","f-001","b-001","wv-001","20260919_235319","farmiq-media","tenants/t-001/farms/f-001/barns/b-001/devices/wv-001/images/2026/09/19/1795496d-b065-4dc7-b3d6-12f8ce5fcc34.jpg","c05f3ef69bffbc05d9d7603448bba91e","image/jpeg","2129303","2026-09-19 23:53:19.262938+00","2026-09-19 23:53:23.164315+00"
"c1f8d0d6-3d4d-53b7-a1cb-8a54d1ccafcf","t-001","f-001","b-001","wv-001","20260919_235323","farmiq-media","tenants/t-001/farms/f-001/barns/b-001/devices/wv-001/images/2026/09/19/0ebee385-aa3d-4a01-a4f3-06e7a7b79679.jpg","46a6f443a56e87305994fd553ddf89d1","image/jpeg","2044086","2026-09-19 23:53:23.60078+00","2026-09-19 23:53:28.704311+00"
"443d1c6b-4ce7-5589-a566-752db45775ba","t-001","f-001","b-001","wv-001","20260919_235323","farmiq-media","tenants/t-001/farms/f-001/barns/b-001/devices/wv-001/images/2026/09/19/234954e3-b00f-4086-b04e-1ae8e2f78d37.jpg","04449b997b223e19c602456168027c45","image/jpeg","2085406","2026-09-19 23:53:23.60078+00","2026-09-19 23:53:28.949759+00"
"94a5ae45-86d5-5f08-855a-261d165b5b00","t-001","f-001","b-001","wv-001","20260919_235358","farmiq-media","tenants/t-001/farms/f-001/barns/b-001/devices/wv-001/images/2026/09/19/b753a075-b781-4e22-a5aa-c55b28940260.jpg","476cfd2a9b0d1f0dcf71d8387c884fec","image/jpeg","2103512","2026-09-19 23:53:58.654756+00","2026-09-19 23:54:01.196037+00"
"265e1bde-0954-541b-8cef-e2fb163db88b","t-001","f-001","b-001","wv-001","20260919_235358","farmiq-media","tenants/t-001/farms/f-001/barns/b-001/devices/wv-001/images/2026/09/19/0a660788-bea3-49fd-a369-7c8941169c3e.jpg","059e3f8deda881abf4c5db39b0f56982","image/jpeg","2137660","2026-09-19 23:53:58.654756+00","2026-09-19 23:54:01.548543+00"
"a187c9b3-f2f0-5782-80c3-fe3352dcc3f7","t-001","f-001","b-001","wv-001","20260919_235403","farmiq-media","tenants/t-001/farms/f-001/barns/b-001/devices/wv-001/images/2026/09/19/6b92b18f-0ab2-4830-adab-520f0a7c5207.jpg","2059d549bdd9faa4134461cf96661b02","image/jpeg","2041321","2026-09-19 23:54:03.072626+00","2026-09-19 23:54:07.093147+00"
"fc699d05-72a3-5f19-aaa7-6587ccd9d5ae","t-001","f-001","b-001","wv-001","20260919_235403","farmiq-media","tenants/t-001/farms/f-001/barns/b-001/devices/wv-001/images/2026/09/19/92916875-442f-481f-97cd-6dd609781cd1.jpg","666484e50a783aced304c724f4a0a5d0","image/jpeg","2077674","2026-09-19 23:54:03.072626+00","2026-09-19 23:54:07.443804+00"
"b492c174-bea5-55c2-ab52-dd355d764ede","t-001","f-001","b-001","wv-001","20260919_235422","farmiq-media","tenants/t-001/farms/f-001/barns/b-001/devices/wv-001/images/2026/09/19/cdcbad79-b1b5-4b60-98e0-2ea14f178d0e.jpg","e81a6a9bfc0a868c9d87bf9747c0af99","image/jpeg","2419465","2026-09-19 23:54:22.441582+00","2026-09-19 23:54:28.992572+00"
"63327901-7b66-5649-8835-f8fd8724f325","t-001","f-001","b-001","wv-001","20260919_235422","farmiq-media","tenants/t-001/farms/f-001/barns/b-001/devices/wv-001/images/2026/09/19/ae5179a2-293d-41df-b724-1cb66a2f05ff.jpg","f923dd55b3b121809e64e8bba6e12547","image/jpeg","2433883","2026-09-19 23:54:22.441582+00","2026-09-19 23:54:30.329978+00"
"398022a3-bc45-55e8-9788-9f10b69e4022","t-001","f-001","b-001","wv-001","20260919_235426","farmiq-media","tenants/t-001/farms/f-001/barns/b-001/devices/wv-001/images/2026/09/19/f45e62b3-6198-4720-9206-7acb30880bab.jpg","8dc8a42c6239b6d0650a1fdfc4b9dc8a","image/jpeg","2079599","2026-09-19 23:54:26.317579+00","2026-09-19 23:54:35.87733+00"
"d45c3dea-8516-504f-816e-f88d29a36b10","t-001","f-001","b-001","wv-001","20260919_235426","farmiq-media","tenants/t-001/farms/f-001/barns/b-001/devices/wv-001/images/2026/09/19/b806dd7d-0bb8-4faf-ad1f-a7859aea1148.jpg","13706618fa9e3b4b7a9548f0b70ab582","image/jpeg","2097149","2026-09-19 23:54:26.317579+00","2026-09-19 23:54:36.154112+00"
"b0dd0ac0-818e-5598-bad9-41bb88836c7c","t-001","f-001","b-001","wv-001","20260919_235443","farmiq-media","tenants/t-001/farms/f-001/barns/b-001/devices/wv-001/images/2026/09/19/693b37e3-0cbb-44d2-91c0-70e362a8ce52.jpg","08d28f63dde65f035d5d76c4f33387c9","image/jpeg","2469208","2026-09-19 23:54:43.005859+00","2026-09-19 23:54:43.734685+00"
"818d601e-ea59-5a3a-a4eb-3daab0c648ac","t-001","f-001","b-001","wv-001","20260919_235443","farmiq-media","tenants/t-001/farms/f-001/barns/b-001/devices/wv-001/images/2026/09/19/b1eea6c5-7251-43b0-a6e0-f11fc4185c93.jpg","37d557a324d1c3ae0add81ad2321d94c","image/jpeg","2482953","2026-09-19 23:54:43.005859+00","2026-09-19 23:54:44.040813+00"
"c82ea399-c6a7-5580-b041-703acfd28250","t-001","f-001","b-001","wv-001","20260919_235447","farmiq-media","tenants/t-001/farms/f-001/barns/b-001/devices/wv-001/images/2026/09/19/3500e04f-5a9f-4276-89f6-f805c6e480a3.jpg","ad8bb1b28e80e6a83755c312b4c0d178","image/jpeg","2314835","2026-09-19 23:54:47.009895+00","2026-09-19 23:54:49.488275+00"
"1f2dcbe2-4356-5953-a4f9-dff9b55e1ebc","t-001","f-001","b-001","wv-001","20260919_235447","farmiq-media","tenants/t-001/farms/f-001/barns/b-001/devices/wv-001/images/2026/09/19/8203cb54-d88e-44b8-8c9e-d7e60b2e29f4.jpg","172ddb3beca171424487f3a190d3e17a","image/jpeg","2328699","2026-09-19 23:54:47.009895+00","2026-09-19 23:54:49.806664+00"
"72ed3074-0f23-552d-af45-7f354fa1d7fc","t-001","f-001","b-001","wv-001","20260919_235451","farmiq-media","tenants/t-001/farms/f-001/barns/b-001/devices/wv-001/images/2026/09/19/da78f022-0082-49ac-8e89-5727968df836.jpg","5a30e519cb031baacd1a500f2a4e74c7","image/jpeg","2262344","2026-09-19 23:54:51.366988+00","2026-09-19 23:54:55.409549+00"
"e1b3de3f-81e4-59b3-b635-960b487d7ce4","t-001","f-001","b-001","wv-001","20260919_235451","farmiq-media","tenants/t-001/farms/f-001/barns/b-001/devices/wv-001/images/2026/09/19/84266f52-4617-440d-a9e1-1f840633831f.jpg","f0020e675122233faf30286c6a430219","image/jpeg","2276839","2026-09-19 23:54:51.366988+00","2026-09-19 23:54:55.697005+00"
"66066e0b-582d-574c-8492-3f81dc2dab1b","t-001","f-001","b-001","wv-001","20260919_235501","farmiq-media","tenants/t-001/farms/f-001/barns/b-001/devices/wv-001/images/2026/09/19/2ba9f6fd-2fc7-48f0-884c-7d1aeee767c4.jpg","6958d7b52b7cf769348ff018ce2f9eb4","image/jpeg","2260629","2026-09-19 23:55:01.403135+00","2026-09-19 23:55:03.273236+00"
"2e583f9c-0ad5-5d7c-9a9c-5ec19caa5a46","t-001","f-001","b-001","wv-001","20260919_235501","farmiq-media","tenants/t-001/farms/f-001/barns/b-001/devices/wv-001/images/2026/09/19/08bd99b1-5467-4de6-a73a-aafa96efbdc3.jpg","e24a7a06b5da5c113919442ef71a552a","image/jpeg","2296119","2026-09-19 23:55:01.403135+00","2026-09-19 23:55:03.620915+00"
"4f3d9457-3313-5800-a787-ad2464e9a269","t-001","f-001","b-001","wv-001","20260919_235505","farmiq-media","tenants/t-001/farms/f-001/barns/b-001/devices/wv-001/images/2026/09/19/da17b7f9-d83a-48c5-b1ca-3bac95634d78.jpg","6680053ee887b75582680853014ba7df","image/jpeg","2063172","2026-09-19 23:55:05.335396+00","2026-09-19 23:55:09.103472+00"
"ff25e874-bd51-5c40-a029-517a1a0295d4","t-001","f-001","b-001","wv-001","20260919_235505","farmiq-media","tenants/t-001/farms/f-001/barns/b-001/devices/wv-001/images/2026/09/19/d20b2fe1-a83d-42c6-825b-ad94d6628771.jpg","54305b6f60963a10f0e8e11710973d8c","image/jpeg","2101188","2026-09-19 23:55:05.335396+00","2026-09-19 23:55:09.455626+00"
"dae9fce6-da21-567e-862b-21e60aa7f22f","t-001","f-001","b-001","wv-001","20260919_235512","farmiq-media","tenants/t-001/farms/f-001/barns/b-001/devices/wv-001/images/2026/09/19/2ee2ec1f-97eb-4201-a1c6-73f1ed0feff2.jpg","b84674afd09fd60afbdc2cda1e93f742","image/jpeg","1994152","2026-09-19 23:55:12.00974+00","2026-09-19 23:55:14.935452+00"
"94ba18fa-c616-510a-9676-61cd142724da","t-001","f-001","b-001","wv-001","20260919_235512","farmiq-media","tenants/t-001/farms/f-001/barns/b-001/devices/wv-001/images/2026/09/19/253f07ee-d97a-4975-86a5-c6cd6da72735.jpg","dd691b7a6e3956407da10c8391aedd8d","image/jpeg","2040437","2026-09-19 23:55:12.00974+00","2026-09-19 23:55:15.213955+00"
"5e730c76-ea9f-54ca-9c4a-5071a7768f78","t-001","f-001","b-001","wv-001","20260919_235520","farmiq-media","tenants/t-001/farms/f-001/barns/b-001/devices/wv-001/images/2026/09/19/d6f33311-e9a8-4cec-bdc4-68ec19fb02a4.jpg","80cf810729c38a0d2b2b713cc544ebaa","image/jpeg","2396913","2026-09-19 23:55:20.889316+00","2026-09-19 23:55:22.93554+00"
"b35da668-d358-5eaf-89ce-6a16fbd368bb","t-001","f-001","b-001","wv-001","20260919_235520","farmiq-media","tenants/t-001/farms/f-001/barns/b-001/devices/wv-001/images/2026/09/19/1990321e-f238-4929-958c-230088329dda.jpg","02e525b98f68ecf86299d7966a3bbd11","image/jpeg","2425277","2026-09-19 23:55:20.889316+00","2026-09-19 23:55:23.261312+00"
"869ca4a7-7043-56ba-91f3-ea9158cda671","t-001","f-001","b-001","wv-001","20260919_235536","farmiq-media","tenants/t-001/farms/f-001/barns/b-001/devices/wv-001/images/2026/09/19/298117fd-149e-4899-a2ab-b0b85e7c421e.jpg","c8c6cb54631989f49ad087b0280051ce","image/jpeg","2398067","2026-09-19 23:55:36.066557+00","2026-09-19 23:55:37.021913+00"
"360975a9-c448-54c8-adcf-58924c3b53db","t-001","f-001","b-001","wv-001","20260919_235536","farmiq-media","tenants/t-001/farms/f-001/barns/b-001/devices/wv-001/images/2026/09/19/0148a8b4-695c-4544-8581-b50190ca25bf.jpg","832aa8cd916383ebd80d4e8711e6fc21","image/jpeg","2424629","2026-09-19 23:55:36.066557+00","2026-09-19 23:55:37.377412+00"
"21574b42-2f33-5971-8c66-8e25efb000a2","t-001","f-001","b-001","wv-001","20260919_235540","farmiq-media","tenants/t-001/farms/f-001/barns/b-001/devices/wv-001/images/2026/09/19/a337cf00-5a02-4a48-9881-bd9d22ccf895.jpg","c111208058e08ca0acab597268ed08f9","image/jpeg","2084539","2026-09-19 23:55:40.086059+00","2026-09-19 23:55:42.958099+00"
"d0e7be04-511b-57e2-988f-775e852883a9","t-001","f-001","b-001","wv-001","20260919_235540","farmiq-media","tenants/t-001/farms/f-001/barns/b-001/devices/wv-001/images/2026/09/19/56765929-633e-4460-a049-5bcda75a2035.jpg","1fb7794184757e7efd6ddca29df773e4","image/jpeg","2123102","2026-09-19 23:55:40.086059+00","2026-09-19 23:55:43.306703+00"
"f1aad07e-d551-5289-a3bb-065883c2e597","t-001","f-001","b-001","wv-001","20260919_235632","farmiq-media","tenants/t-001/farms/f-001/barns/b-001/devices/wv-001/images/2026/09/19/09b5eadd-b6f4-4478-a1f4-75db588f965f.jpg","e9ce64a5284baed66d8360db2c5a23d4","image/jpeg","1870000","2026-09-19 23:56:32.96821+00","2026-09-19 23:56:35.730809+00"
"291950a1-6ca5-5e1b-8b94-2d6f4b3f56f5","t-001","f-001","b-001","wv-001","20260919_235632","farmiq-media","tenants/t-001/farms/f-001/barns/b-001/devices/wv-001/images/2026/09/19/0a62b868-2f31-4860-afd9-b2733b5242de.jpg","b733ae6b6634912a51f2e9afa1c1afba","image/jpeg","1894597","2026-09-19 23:56:32.96821+00","2026-09-19 23:56:36.015603+00"
"295eea9e-a348-5ba5-b6bf-9a1d51f74232","t-001","f-001","b-001","wv-001","20260919_235641","farmiq-media","tenants/t-001/farms/f-001/barns/b-001/devices/wv-001/images/2026/09/19/d0249adb-3750-4133-8344-db8d2ac58543.jpg","22e3f93fa5b177f2c821e58dee0400e1","image/jpeg","2181926","2026-09-19 23:56:41.34563+00","2026-09-19 23:56:43.545801+00"
"45aa3453-bf21-5a98-95f7-0b10edcaa47d","t-001","f-001","b-001","wv-001","20260919_235641","farmiq-media","tenants/t-001/farms/f-001/barns/b-001/devices/wv-001/images/2026/09/19/315346be-20c2-4766-b66f-db213484b81f.jpg","d2f6694ad6b7f59b705a72d7746b1321","image/jpeg","2209173","2026-09-19 23:56:41.34563+00","2026-09-19 23:56:43.878117+00"
"4b26a419-3ae7-5dfc-bebd-5460d57f62bd","t-001","f-001","b-001","wv-001","20260919_235645","farmiq-media","tenants/t-001/farms/f-001/barns/b-001/devices/wv-001/images/2026/09/19/f402bd86-a0b0-4713-a704-3d3235cb4c5d.jpg","6cc2143ef65de6cb5463dcbd8c4b4a1a","image/jpeg","2003847","2026-09-19 23:56:45.58085+00","2026-09-19 23:56:49.366771+00"
"24f66d57-13de-58e4-8e29-8ac69acb3cc8","t-001","f-001","b-001","wv-001","20260919_235645","farmiq-media","tenants/t-001/farms/f-001/barns/b-001/devices/wv-001/images/2026/09/19/2f020c3f-7c4d-48e1-8d1e-10e5d6431f68.jpg","23b30a55ba05d5908b2ff72019c47a9d","image/jpeg","2023422","2026-09-19 23:56:45.58085+00","2026-09-19 23:56:49.607468+00"
"e8e0018e-560c-5f65-bd0e-fc308d70e223","t-001","f-001","b-001","wv-001","20260919_235649","farmiq-media","tenants/t-001/farms/f-001/barns/b-001/devices/wv-001/images/2026/09/19/03b9390a-8448-4fac-9a37-691f6ab899d9.jpg","91bc2ee44a4e32b4440becbc1092a331","image/jpeg","1956820","2026-09-19 23:56:49.780106+00","2026-09-19 23:56:55.047553+00"
"5438aaff-4bf8-5663-a675-9f23c0bea31d","t-001","f-001","b-001","wv-001","20260919_235649","farmiq-media","tenants/t-001/farms/f-001/barns/b-001/devices/wv-001/images/2026/09/19/739e8a8c-70a0-4c17-82e3-c54b8928499d.jpg","bfa953ba0b1b4d0ba542eadbca285001","image/jpeg","1988508","2026-09-19 23:56:49.780106+00","2026-09-19 23:56:55.325105+00"
"6d104d50-a072-593a-ae50-7d0ad657dca6","t-001","f-001","b-001","wv-001","20260919_235654","farmiq-media","tenants/t-001/farms/f-001/barns/b-001/devices/wv-001/images/2026/09/19/3d775fcb-b67e-4de8-bcca-89a9bb1133d9.jpg","8f44f98118328d466f968f04db5661ed","image/jpeg","1914504","2026-09-19 23:56:54.401146+00","2026-09-19 23:56:58.765105+00"
"d4dc30a2-7440-5288-be9a-ed0248f58f88","t-001","f-001","b-001","wv-001","20260919_235654","farmiq-media","tenants/t-001/farms/f-001/barns/b-001/devices/wv-001/images/2026/09/19/6526fcd2-4983-4ea6-941c-8d2b48241df6.jpg","9536f565386caeb623cbdb03c7807c4e","image/jpeg","1953200","2026-09-19 23:56:54.401146+00","2026-09-19 23:56:59.072877+00"
"b5235414-8f94-5a72-bde5-c694ce73eb85","t-001","f-001","b-001","wv-001","20260919_235717","farmiq-media","tenants/t-001/farms/f-001/barns/b-001/devices/wv-001/images/2026/09/19/a01c20cf-ec44-4ccc-9ab3-6574a1528956.jpg","ab8091415c5009cc85ae4bddd26c6cab","image/jpeg","2232660","2026-09-19 23:57:17.636999+00","2026-09-19 23:57:18.798272+00"
"5bc3a5c3-3eda-5d79-925d-9897f9c7ca1f","t-001","f-001","b-001","wv-001","20260919_235717","farmiq-media","tenants/t-001/farms/f-001/barns/b-001/devices/wv-001/images/2026/09/19/1c70a969-0b3b-4910-a8fb-661629162ab9.jpg","e5a4c4836a19469ae8bcd05e9d826e4d","image/jpeg","2275493","2026-09-19 23:57:17.636999+00","2026-09-19 23:57:19.16484+00"
"f42e5d1f-900c-52c4-ae7c-64573649cf69","t-001","f-001","b-001","wv-001","20260919_235801","farmiq-media","tenants/t-001/farms/f-001/barns/b-001/devices/wv-001/images/2026/09/19/4ef9326d-e6be-4d53-865d-eb75df79f85c.jpg","6f5b18ef153e1d7b5536e3e1fe45ee54","image/jpeg","1838667","2026-09-19 23:58:01.665918+00","2026-09-19 23:58:03.069516+00"
"14303c56-1a0c-50c5-a150-2635ae71d2de","t-001","f-001","b-001","wv-001","20260919_235801","farmiq-media","tenants/t-001/farms/f-001/barns/b-001/devices/wv-001/images/2026/09/19/0619b3bc-3d28-41eb-9071-4331d33366fa.jpg","f8e8403a416ca2485ee94f452a567d49","image/jpeg","1888431","2026-09-19 23:58:01.665918+00","2026-09-19 23:58:03.345076+00"
"7033dacb-d9b9-5f5b-bed2-011fd9304daa","t-001","f-001","b-001","wv-001","20260919_235814","farmiq-media","tenants/t-001/farms/f-001/barns/b-001/devices/wv-001/images/2026/09/19/47f56d1f-7ef5-4f26-b477-f3fc3d819a4c.jpg","5f0dbadd58800afcf03a8770df1d2757","image/jpeg","2243488","2026-09-19 23:58:14.63939+00","2026-09-19 23:58:17.005548+00"
"b2160a7a-e783-5b5e-bdf9-a2af8ee27ecd","t-001","f-001","b-001","wv-001","20260919_235814","farmiq-media","tenants/t-001/farms/f-001/barns/b-001/devices/wv-001/images/2026/09/19/2178fa3f-aa26-46b7-8021-a063a0ef4de9.jpg","8914520102982f29507ba9a63da13add","image/jpeg","2282911","2026-09-19 23:58:14.63939+00","2026-09-19 23:58:17.319412+00"
"fbd6d9c6-3836-5212-805b-80245f5b851e","t-001","f-001","b-001","wv-001","20260919_235818","farmiq-media","tenants/t-001/farms/f-001/barns/b-001/devices/wv-001/images/2026/09/19/03716b7b-ccb3-4755-af52-80c94ff2d310.jpg","bd9a190579cca4cc797dc357f3094ef7","image/jpeg","1996561","2026-09-19 23:58:18.581618+00","2026-09-19 23:58:22.814161+00"
"aaa021de-d411-5853-b376-f0e8e0bac0e0","t-001","f-001","b-001","wv-001","20260919_235818","farmiq-media","tenants/t-001/farms/f-001/barns/b-001/devices/wv-001/images/2026/09/19/493409c9-915c-4f76-97a2-595880093b8b.jpg","0916d2f8360dbb9e867944fca9728658","image/jpeg","2039061","2026-09-19 23:58:18.581618+00","2026-09-19 23:58:23.106617+00"
"31d0c474-8ee4-5f5b-848b-cb42395a3ba0","t-001","f-001","b-001","wv-001","20260919_235839","farmiq-media","tenants/t-001/farms/f-001/barns/b-001/devices/wv-001/images/2026/09/19/cee776f1-285c-470b-bb18-c4d25f980323.jpg","91b6bce4a5d4142c0b1d3947077fad11","image/jpeg","2307475","2026-09-19 23:58:39.802304+00","2026-09-19 23:58:40.686539+00"
"6c544d2b-ab2f-52fe-8a0b-14b72bf6874e","t-001","f-001","b-001","wv-001","20260919_235839","farmiq-media","tenants/t-001/farms/f-001/barns/b-001/devices/wv-001/images/2026/09/19/63c365f4-9057-4812-907d-dd7dd607e3bb.jpg","315a71388af572acddbb0041dcbd2995","image/jpeg","2339647","2026-09-19 23:58:39.802304+00","2026-09-19 23:58:41.002239+00"
"fa292f96-2d48-5440-ade0-3ffbceeabe94","t-001","f-001","b-001","wv-001","20260919_235943","farmiq-media","tenants/t-001/farms/f-001/barns/b-001/devices/wv-001/images/2026/09/19/6e6c9a20-897e-4eb3-aff5-2061ebf87743.jpg","960c0dedbef60cd87077586be5d0bfb7","image/jpeg","2281918","2026-09-19 23:59:43.533443+00","2026-09-19 23:59:44.958883+00"
"8ddd59e4-ee60-50fe-81cf-bc754586d2b7","t-001","f-001","b-001","wv-001","20260919_235943","farmiq-media","tenants/t-001/farms/f-001/barns/b-001/devices/wv-001/images/2026/09/19/947a8420-5f95-472e-bb34-3018995f1373.jpg","433661f0f2877c1f3fd634a88b94fac0","image/jpeg","2311960","2026-09-19 23:59:43.533443+00","2026-09-19 23:59:45.229167+00"
