"id","session_id","tenant_id","farm_id","barn_id","device_id","station_id","batch_id","status","start_at","end_at","initial_weight_kg","final_weight_kg","image_count","inference_result_id","created_at","updated_at"
"387cf9d1-6e2d-4ee8-8e1d-aedbcbe1547f","20260919_115423","t-001","f-001","b-001","wv-001","st-01",NULL,"finalized","2026-09-19 11:54:23.782+00","2026-09-19 11:54:25.386+00","1.45","1.45",2,NULL,"2026-09-19 11:54:25.28+00","2026-09-19 11:54:25.381+00"
"4f55cc97-1eec-4b94-abed-343c60c4cd50","20260919_115551","t-001","f-001","b-001","wv-001","st-01",NULL,"finalized","2026-09-19 11:55:51.649+00","2026-09-19 11:55:53.335+00","1.80","1.80",2,NULL,"2026-09-19 11:55:53.23+00","2026-09-19 11:55:53.331+00"
"7640ba6e-ba93-4b7f-8433-8345892c1955","20260919_120058","t-001","f-001","b-001","wv-001","st-01",NULL,"finalized","2026-09-19 12:00:58.059+00","2026-09-19 12:01:00.277+00","1.45","1.45",2,NULL,"2026-09-19 12:01:00.184+00","2026-09-19 12:01:00.273+00"
"3fb72e63-6f94-45fe-b7ea-b0c6824e8125","20260919_061051","t-001","f-001","b-001","wv-001","st-01",NULL,"finalized","2026-09-19 06:10:51.98+00","2026-09-19 06:10:54.508+00","1.50","1.50",2,NULL,"2026-09-19 06:10:54.44+00","2026-09-19 06:10:54.504+00"
"6e9ea5a1-704f-40ad-937d-51dd7b97cc51","20260919_061118","t-001","f-001","b-001","wv-001","st-01",NULL,"finalized","2026-09-19 06:11:18.746+00","2026-09-19 06:11:20.631+00","1.50","1.50",2,NULL,"2026-09-19 06:11:20.491+00","2026-09-19 06:11:20.63+00"
"147e958c-e440-410e-b986-207ba64925aa","20260919_061546","t-001","f-001","b-001","wv-001","st-01",NULL,"finalized","2026-09-19 06:15:46.896+00","2026-09-19 06:15:48.549+00",NULL,"0.00",2,NULL,"2026-09-19 06:15:48.501+00","2026-09-19 06:15:48.548+00"
"9d8ebd31-d1d6-4c4e-a805-cbdbd99f5b82","20260919_061729","t-001","f-001","b-001","wv-001","st-01",NULL,"finalized","2026-09-19 06:17:29.759+00","2026-09-19 06:17:31.197+00","0.40","0.40",2,NULL,"2026-09-19 06:17:31.081+00","2026-09-19 06:17:31.192+00"
"3d507208-59ee-49fd-8fd8-790def7746ad","20260919_061823","t-001","f-001","b-001","wv-001","st-01",NULL,"finalized","2026-09-19 06:18:23.618+00","2026-09-19 06:18:25.487+00","0.80","0.80",2,NULL,"2026-09-19 06:18:25.39+00","2026-09-19 06:18:25.486+00"
"3b15d276-f0ab-4b66-9f88-d531bb156e6b","20260919_061843","t-001","f-001","b-001","wv-001","st-01",NULL,"finalized","2026-09-19 06:18:43.547+00","2026-09-19 06:18:45.428+00","0.80","0.80",2,NULL,"2026-09-19 06:18:45.301+00","2026-09-19 06:18:45.42+00"
"72f259d3-7d24-40f1-9286-2abc6e977754","20260919_062108","t-001","f-001","b-001","wv-001","st-01",NULL,"finalized","2026-09-19 06:21:08.422+00","2026-09-19 06:21:10.65+00","0.75","0.75",2,NULL,"2026-09-19 06:21:10.577+00","2026-09-19 06:21:10.649+00"
"979ae4ca-0782-42e1-bb7e-beef479cc1af","20260919_062122","t-001","f-001","b-001","wv-001","st-01",NULL,"finalized","2026-09-19 06:21:22.068+00","2026-09-19 06:21:24.428+00","0.75","0.75",2,NULL,"2026-09-19 06:21:24.358+00","2026-09-19 06:21:24.425+00"
"f1d61274-f920-4102-b086-f97a2d99a5ff","20260919_062243","t-001","f-001","b-001","wv-001","st-01",NULL,"finalized","2026-09-19 06:22:43.02+00","2026-09-19 06:22:46.435+00","0.75","0.75",2,NULL,"2026-09-19 06:22:46.361+00","2026-09-19 06:22:46.431+00"
"01c8afaf-6174-4f4a-8c19-407e0d69796c","20260919_062627","t-001","f-001","b-001","wv-001","st-01",NULL,"finalized","2026-09-19 06:26:27.554+00","2026-09-19 06:26:30.15+00","0.75","0.75",2,NULL,"2026-09-19 06:26:30.032+00","2026-09-19 06:26:30.143+00"
"f5f068e6-31be-4197-9215-ed99fc320a96","20260919_062913","t-001","f-001","b-001","wv-001","st-01",NULL,"finalized","2026-09-19 06:29:13.169+00","2026-09-19 06:29:15.431+00",NULL,"0.00",2,NULL,"2026-09-19 06:29:15.394+00","2026-09-19 06:29:15.43+00"
"7de0f721-eaee-4a96-9c0c-1d485e7f746e","20260919_062921","t-001","f-001","b-001","wv-001","st-01",NULL,"finalized","2026-09-19 06:29:21.762+00","2026-09-19 06:29:26.717+00","0.35","0.35",2,NULL,"2026-09-19 06:29:26.648+00","2026-09-19 06:29:26.714+00"
"aaaa7329-585b-493c-9963-126b85636b65","20260919_062926","t-001","f-001","b-001","wv-001","st-01",NULL,"finalized","2026-09-19 06:29:26.667+00","2026-09-19 06:29:32.328+00","0.35","0.35",2,NULL,"2026-09-19 06:29:32.221+00","2026-09-19 06:29:32.324+00"
"f28f2a30-4e2a-497c-9145-c04baa5a3f5d","20260919_063053","t-001","f-001","b-001","wv-001","st-01",NULL,"finalized","2026-09-19 06:30:53.444+00","2026-09-19 06:30:54.416+00",NULL,"0.00",2,NULL,"2026-09-19 06:30:54.366+00","2026-09-19 06:30:54.416+00"
"bd8200b6-8758-4cad-9ed0-943a0c536d9b","20260919_062953","t-001","f-001","b-001","wv-001","st-01",NULL,"finalized","2026-09-19 06:29:53.313+00","2026-09-19 06:29:54.182+00",NULL,"0.00",2,NULL,"2026-09-19 06:29:54.091+00","2026-09-19 06:29:54.178+00"
"c992cbe6-f637-478c-97a3-4e8e1959561f","20260919_063928","t-001","f-001","b-001","wv-001","st-01",NULL,"finalized","2026-09-19 06:39:28.753+00","2026-09-19 06:39:33.337+00","2.80","2.80",2,NULL,"2026-09-19 06:39:33.217+00","2026-09-19 06:39:33.333+00"
"28e02dd3-f5dc-4574-aef2-dafab780c06c","20260919_063025","t-001","f-001","b-001","wv-001","st-01",NULL,"finalized","2026-09-19 06:30:25.405+00","2026-09-19 06:30:27.13+00",NULL,"0.00",2,NULL,"2026-09-19 06:30:27.084+00","2026-09-19 06:30:27.129+00"
"33d0d015-01c2-47c2-81f4-2d7eef4c848a","20260919_063149","t-001","f-001","b-001","wv-001","st-01",NULL,"finalized","2026-09-19 06:31:49.791+00","2026-09-19 06:31:52.221+00","2.80","2.80",2,NULL,"2026-09-19 06:31:52.145+00","2026-09-19 06:31:52.22+00"
"4f0392c5-6d09-4f74-94a8-59994362febd","20260919_063037","t-001","f-001","b-001","wv-001","st-01",NULL,"finalized","2026-09-19 06:30:37.815+00","2026-09-19 06:30:38.697+00","2.80","2.80",2,NULL,"2026-09-19 06:30:38.589+00","2026-09-19 06:30:38.693+00"
"1cce5752-8319-4130-994a-f5ba5d98bcca","20260919_063722","t-001","f-001","b-001","wv-001","st-01",NULL,"finalized","2026-09-19 06:37:22.925+00","2026-09-19 06:37:25.539+00","2.80","2.80",2,NULL,"2026-09-19 06:37:25.433+00","2026-09-19 06:37:25.536+00"
"71a4f4d7-fae1-45b9-8dc1-b65f0712543c","20260919_063540","t-001","f-001","b-001","wv-001","st-01",NULL,"finalized","2026-09-19 06:35:40.271+00","2026-09-19 06:35:41.113+00","2.80","2.80",2,NULL,"2026-09-19 06:35:41.041+00","2026-09-19 06:35:41.109+00"
"a7a535e9-3c1a-4c69-b4b9-14f74671a46d","20260919_064718","t-001","f-001","b-001","wv-001","st-01",NULL,"finalized","2026-09-19 06:47:18.946+00","2026-09-19 06:47:20.947+00","2.80","2.80",2,NULL,"2026-09-19 06:47:20.848+00","2026-09-19 06:47:20.944+00"
"2f07e27d-70ee-4ecf-8577-9c12ede4072d","20260919_064317","t-001","f-001","b-001","wv-001","st-01",NULL,"finalized","2026-09-19 06:43:17.965+00","2026-09-19 06:43:21.247+00","2.80","2.80",2,NULL,"2026-09-19 06:43:21.15+00","2026-09-19 06:43:21.246+00"
"c4473b5b-60d5-4f25-a392-6e292d5569ed","20260919_065001","t-001","f-001","b-001","wv-001","st-01",NULL,"finalized","2026-09-19 06:50:01.734+00","2026-09-19 06:50:04.579+00","2.80","2.80",2,NULL,"2026-09-19 06:50:04.46+00","2026-09-19 06:50:04.575+00"
"82e8a13f-9722-4688-a9dd-00a97ff971ba","20260919_065255","t-001","f-001","b-001","wv-001","st-01",NULL,"finalized","2026-09-19 06:52:55.092+00","2026-09-19 06:53:01.936+00","2.80","2.80",2,NULL,"2026-09-19 06:53:01.825+00","2026-09-19 06:53:01.932+00"
"e0692141-d7d0-40c1-a535-e40fd789c255","20260919_065429","t-001","f-001","b-001","wv-001","st-01",NULL,"finalized","2026-09-19 06:54:29.999+00","2026-09-19 06:54:32.244+00","2.80","2.80",2,NULL,"2026-09-19 06:54:32.141+00","2026-09-19 06:54:32.24+00"
"45584dd7-63b5-480f-8c24-3350376918be","20260919_065448","t-001","f-001","b-001","wv-001","st-01",NULL,"finalized","2026-09-19 06:54:48.135+00","2026-09-19 06:54:50.201+00",NULL,"0.00",2,NULL,"2026-09-19 06:54:50.111+00","2026-09-19 06:54:50.198+00"
"34c1fa2e-e732-4455-89b5-7e1d84091a36","20260919_065452","t-001","f-001","b-001","wv-001","st-01",NULL,"finalized","2026-09-19 06:54:52.349+00","2026-09-19 06:54:55.932+00","1.80","1.80",2,NULL,"2026-09-19 06:54:55.816+00","2026-09-19 06:54:55.928+00"
"01e2050f-3cc5-4ea2-a6f4-b86279f26a44","20260919_065725","t-001","f-001","b-001","wv-001","st-01",NULL,"finalized","2026-09-19 06:57:25.533+00","2026-09-19 06:57:28.1+00",NULL,"0.00",2,NULL,"2026-09-19 06:57:28.014+00","2026-09-19 06:57:28.097+00"
"1d6d8a3b-6ee9-458d-a609-2767d7939b25","20260919_065743","t-001","f-001","b-001","wv-001","st-01",NULL,"finalized","2026-09-19 06:57:43.715+00","2026-09-19 06:57:47.596+00","1.35","1.35",2,NULL,"2026-09-19 06:57:47.495+00","2026-09-19 06:57:47.595+00"
"defdd88b-c7d7-4b71-baa0-368aa518bc49","20260919_062957","t-001","f-001","b-001","wv-001","st-01",NULL,"finalized","2026-09-19 06:29:57.294+00","2026-09-19 06:29:59.986+00","2.40","2.40",2,NULL,"2026-09-19 06:29:59.872+00","2026-09-19 06:29:59.983+00"
"5ac9f229-2546-48f5-94d2-6bf5abd6f827","20260919_063114","t-001","f-001","b-001","wv-001","st-01",NULL,"finalized","2026-09-19 06:31:14.906+00","2026-09-19 06:31:17.575+00","2.80","2.80",2,NULL,"2026-09-19 06:31:17.469+00","2026-09-19 06:31:17.571+00"
"d0c0ba90-2c3a-47f8-947b-6c664ac9c26d","20260919_063013","t-001","f-001","b-001","wv-001","st-01",NULL,"finalized","2026-09-19 06:30:13.275+00","2026-09-19 06:30:15.733+00",NULL,"0.00",2,NULL,"2026-09-19 06:30:15.69+00","2026-09-19 06:30:15.732+00"
"1b78164d-e419-42cc-9a2a-af9c71a2fb3c","20260919_063057","t-001","f-001","b-001","wv-001","st-01",NULL,"finalized","2026-09-19 06:30:57.415+00","2026-09-19 06:31:00.104+00","3.20","3.20",2,NULL,"2026-09-19 06:31:00.028+00","2026-09-19 06:31:00.103+00"
"f21e05a3-6abc-4b89-9c24-97732b9719dd","20260919_063029","t-001","f-001","b-001","wv-001","st-01",NULL,"finalized","2026-09-19 06:30:29.599+00","2026-09-19 06:30:33.002+00","2.80","2.80",2,NULL,"2026-09-19 06:30:32.866+00","2026-09-19 06:30:32.998+00"
"f236f864-fd40-4fe1-ada0-e8f7e78bb58e","20260919_063017","t-001","f-001","b-001","wv-001","st-01",NULL,"finalized","2026-09-19 06:30:17.261+00","2026-09-19 06:30:21.479+00","2.80","2.80",2,NULL,"2026-09-19 06:30:21.37+00","2026-09-19 06:30:21.476+00"
"bb654d9c-3194-42e7-b1b5-400f239268d9","20260919_063139","t-001","f-001","b-001","wv-001","st-01",NULL,"finalized","2026-09-19 06:31:39.889+00","2026-09-19 06:31:41.33+00","2.80","2.80",2,NULL,"2026-09-19 06:31:41.259+00","2026-09-19 06:31:41.329+00"
"c93b7fbc-64ed-4e35-8bc2-c108c21ad160","20260919_063244","t-001","f-001","b-001","wv-001","st-01",NULL,"finalized","2026-09-19 06:32:44.767+00","2026-09-19 06:32:46.256+00","2.80","2.80",2,NULL,"2026-09-19 06:32:46.149+00","2026-09-19 06:32:46.253+00"
"023c976c-971e-47a4-9f61-a2b52e0eed4b","20260919_063529","t-001","f-001","b-001","wv-001","st-01",NULL,"finalized","2026-09-19 06:35:29.744+00","2026-09-19 06:35:31.392+00","2.80","2.80",2,NULL,"2026-09-19 06:35:31.303+00","2026-09-19 06:35:31.387+00"
"c37194ce-fe96-412d-bd42-2fa98144e64d","20260919_063821","t-001","f-001","b-001","wv-001","st-01",NULL,"finalized","2026-09-19 06:38:21.551+00","2026-09-19 06:38:24.519+00","2.80","2.80",2,NULL,"2026-09-19 06:38:24.401+00","2026-09-19 06:38:24.516+00"
"6cb669d0-1ee9-4e58-a3c5-62b4e92ab6b5","20260919_063924","t-001","f-001","b-001","wv-001","st-01",NULL,"finalized","2026-09-19 06:39:24.317+00","2026-09-19 06:39:27.52+00","2.80","2.80",2,NULL,"2026-09-19 06:39:27.412+00","2026-09-19 06:39:27.517+00"
"8beab7a8-e905-46a1-86b7-01f86c9a5c13","20260919_064656","t-001","f-001","b-001","wv-001","st-01",NULL,"finalized","2026-09-19 06:46:56.55+00","2026-09-19 06:46:57.556+00","2.80","2.80",2,NULL,"2026-09-19 06:46:57.452+00","2026-09-19 06:46:57.553+00"
"70be2806-9095-48ed-9c82-1b293714bf5b","20260919_065008","t-001","f-001","b-001","wv-001","st-01",NULL,"finalized","2026-09-19 06:50:08.529+00","2026-09-19 06:50:10.465+00","2.80","2.80",2,NULL,"2026-09-19 06:50:10.355+00","2026-09-19 06:50:10.461+00"
"fcf94f21-9eee-41ee-8b73-1e208f950947","20260919_000932","t-001","f-001","b-001","wv-001","st-01",NULL,"finalized","2026-09-19 00:09:32.321+00","2026-09-19 00:09:33.647+00","0.60","0.60",2,"2284501c-24b3-5349-9bc9-ae4296647cda","2026-09-19 00:09:33.581+00","2026-09-19 00:09:34.627+00"
"ace13b5b-f0fd-4450-b9b7-fe4903c28c3e","20260919_063110","t-001","f-001","b-001","wv-001","st-01",NULL,"finalized","2026-09-19 06:31:10.944+00","2026-09-19 06:31:11.919+00",NULL,"0.00",2,NULL,"2026-09-19 06:31:11.866+00","2026-09-19 06:31:11.918+00"
"c0f56fed-1f26-48b0-ae35-11018e5f2dce","20260919_001857","t-001","f-001","b-001","wv-001","st-01",NULL,"finalized","2026-09-19 00:18:57.77+00","2026-09-19 00:19:00.744+00","1.05","1.05",2,"7b1b913d-66c2-54e4-9793-0d48eaf51f55","2026-09-19 00:19:00.605+00","2026-09-19 00:19:01.716+00"
"25308953-fe98-49b2-a3a6-f965e5798ff8","20260919_001529","t-001","f-001","b-001","wv-001","st-01",NULL,"finalized","2026-09-19 00:15:29.961+00","2026-09-19 00:15:33.559+00","0.70","0.70",2,"ef4bff98-44bd-5417-95cb-190073b966f8","2026-09-19 00:15:33.472+00","2026-09-19 00:15:34.546+00"
"96aa8bcc-b903-4aaf-9340-213dadd70084","20260919_001508","t-001","f-001","b-001","wv-001","st-01",NULL,"finalized","2026-09-19 00:15:08.325+00","2026-09-19 00:15:10.246+00",NULL,"0.00",2,"db8bd758-737b-5177-afc1-762647e81285","2026-09-19 00:15:10.172+00","2026-09-19 00:15:11.249+00"
"1297a43f-84db-4b3a-9ca7-62d095be1d8a","20260919_001226","t-001","f-001","b-001","wv-001","st-01",NULL,"finalized","2026-09-19 00:12:26.271+00","2026-09-19 00:12:32.982+00","0.65","0.65",2,"a81fc9de-5dd4-5ded-a8a3-34b114d590d6","2026-09-19 00:12:32.871+00","2026-09-19 00:12:33.933+00"
"5c84801f-7755-49ac-9587-5b2f3235ecfb","20260919_063919","t-001","f-001","b-001","wv-001","st-01",NULL,"finalized","2026-09-19 06:39:19.372+00","2026-09-19 06:39:21.744+00","2.80","2.80",2,NULL,"2026-09-19 06:39:21.641+00","2026-09-19 06:39:21.74+00"
"9ded4ed1-ee0f-459d-af9a-bee67c427c43","20260919_063128","t-001","f-001","b-001","wv-001","st-01",NULL,"finalized","2026-09-19 06:31:28.753+00","2026-09-19 06:31:31.432+00","2.80","2.80",2,NULL,"2026-09-19 06:31:31.321+00","2026-09-19 06:31:31.429+00"
"50066be8-f866-4aba-8ba7-ddf8d00b71c7","20260919_063913","t-001","f-001","b-001","wv-001","st-01",NULL,"finalized","2026-09-19 06:39:13.938+00","2026-09-19 06:39:16.01+00","2.80","2.80",2,NULL,"2026-09-19 06:39:15.933+00","2026-09-19 06:39:16.006+00"
"1277d32d-2290-4b3c-a1de-7341c80d2454","20260919_064028","t-001","f-001","b-001","wv-001","st-01",NULL,"finalized","2026-09-19 06:40:28.584+00","2026-09-19 06:40:29.535+00","2.80","2.80",2,NULL,"2026-09-19 06:40:29.436+00","2026-09-19 06:40:29.533+00"
"a76b27b9-0b79-40b0-9628-b0ce7ab5be60","20260919_064102","t-001","f-001","b-001","wv-001","st-01",NULL,"finalized","2026-09-19 06:41:02.457+00","2026-09-19 06:41:05.16+00","2.80","2.80",2,NULL,"2026-09-19 06:41:05.06+00","2026-09-19 06:41:05.156+00"
"6d573449-e25b-4403-a69d-ccf1f4bf5179","20260919_064136","t-001","f-001","b-001","wv-001","st-01",NULL,"finalized","2026-09-19 06:41:36.822+00","2026-09-19 06:41:39.113+00","2.80","2.80",2,NULL,"2026-09-19 06:41:39.015+00","2026-09-19 06:41:39.109+00"
"bca38160-91dc-4879-9506-457d68e30ce4","20260919_064921","t-001","f-001","b-001","wv-001","st-01",NULL,"finalized","2026-09-19 06:49:21.989+00","2026-09-19 06:49:24.293+00","2.80","2.80",2,NULL,"2026-09-19 06:49:24.183+00","2026-09-19 06:49:24.289+00"
"98fb142c-4ea6-463e-939f-767719dfcf35","20260919_065102","t-001","f-001","b-001","wv-001","st-01",NULL,"finalized","2026-09-19 06:51:02.523+00","2026-09-19 06:51:04.541+00","2.80","2.80",2,NULL,"2026-09-19 06:51:04.378+00","2026-09-19 06:51:04.538+00"
"22dd5f97-4c1d-4d6c-8575-f2af9449ee93","20260919_064712","t-001","f-001","b-001","wv-001","st-01",NULL,"finalized","2026-09-19 06:47:12.609+00","2026-09-19 06:47:15.323+00","2.80","2.80",2,NULL,"2026-09-19 06:47:15.214+00","2026-09-19 06:47:15.319+00"
"fff8234c-aff3-48be-80c0-0abbfd6af5d2","20260919_063806","t-001","f-001","b-001","wv-001","st-01",NULL,"finalized","2026-09-19 06:38:06.636+00","2026-09-19 06:38:10.457+00","2.80","2.80",2,NULL,"2026-09-19 06:38:10.381+00","2026-09-19 06:38:10.456+00"
"d29f586c-3b38-44b3-a69a-65b5e2407cef","20260919_001526","t-001","f-001","b-001","wv-001","st-01",NULL,"finalized","2026-09-19 00:15:26+00","2026-09-19 00:15:27.953+00",NULL,"0.00",2,"77cc5850-b06b-5c23-aafa-92ed612b87d0","2026-09-19 00:15:27.876+00","2026-09-19 00:15:28.958+00"
"71321c54-61d5-482b-a037-802e1bac7b08","20260919_000537","t-001","f-001","b-001","wv-001","st-01",NULL,"finalized","2026-09-19 00:05:37.302+00","2026-09-19 00:05:40.044+00",NULL,"0.00",2,"cb7b171b-3f02-5033-ab73-19c414dafd7c","2026-09-19 00:05:39.963+00","2026-09-19 00:05:41.022+00"
"f3a298a3-e1d0-4b72-be3e-7c1e846cf8b9","20260919_070009","t-001","f-001","b-001","wv-001","st-01",NULL,"finalized","2026-09-19 07:00:09.311+00","2026-09-19 07:00:11.221+00",NULL,"0.00",2,NULL,"2026-09-19 07:00:11.176+00","2026-09-19 07:00:11.221+00"
"3a83b14c-46dc-49e9-887b-fa0d84c19fd1","20260919_065706","t-001","f-001","b-001","wv-001","st-01",NULL,"finalized","2026-09-19 06:57:06.599+00","2026-09-19 06:57:08.6+00","2.05","2.05",2,NULL,"2026-09-19 06:57:08.539+00","2026-09-19 06:57:08.598+00"
"8783bac8-2683-48bf-bf79-9b1322db6268","20260919_064336","t-001","f-001","b-001","wv-001","st-01",NULL,"finalized","2026-09-19 06:43:36.823+00","2026-09-19 06:43:39.003+00","2.80","2.80",2,NULL,"2026-09-19 06:43:38.929+00","2026-09-19 06:43:38.999+00"
"800cfc67-2b82-487a-98af-97dee12f8e03","20260919_063802","t-001","f-001","b-001","wv-001","st-01",NULL,"finalized","2026-09-19 06:38:02.624+00","2026-09-19 06:38:04.679+00","2.80","2.80",2,NULL,"2026-09-19 06:38:04.554+00","2026-09-19 06:38:04.673+00"
"f8214393-60d7-4391-8735-a1128869ab0c","20260919_065638","t-001","f-001","b-001","wv-001","st-01",NULL,"finalized","2026-09-19 06:56:38.778+00","2026-09-19 06:56:40.812+00","2.10","2.10",2,NULL,"2026-09-19 06:56:40.703+00","2026-09-19 06:56:40.808+00"
"1a2ef1c1-c6a6-48f1-aee5-e3594c2bec6a","20260919_064831","t-001","f-001","b-001","wv-001","st-01",NULL,"finalized","2026-09-19 06:48:31.884+00","2026-09-19 06:48:34.545+00","2.80","2.80",2,NULL,"2026-09-19 06:48:34.43+00","2026-09-19 06:48:34.541+00"
"5b1e36d5-6128-4ab9-877c-b93f6f350759","20260919_070910","t-001","f-001","b-001","wv-001","st-01",NULL,"finalized","2026-09-19 07:09:10.655+00","2026-09-19 07:09:13.317+00","1.05","1.05",2,NULL,"2026-09-19 07:09:13.191+00","2026-09-19 07:09:13.313+00"
"9c1cb973-ef1b-4249-b2a5-c50d5b4bc14a","20260919_070708","t-001","f-001","b-001","wv-001","st-01",NULL,"finalized","2026-09-19 07:07:08.401+00","2026-09-19 07:07:09.977+00","1.35","1.35",2,NULL,"2026-09-19 07:07:09.878+00","2026-09-19 07:07:09.976+00"
"58ff598f-4032-42c2-93b3-e343c9dd9c89","20260919_072046","t-001","f-001","b-001","wv-001","st-01",NULL,"finalized","2026-09-19 07:20:46.597+00","2026-09-19 07:20:48.137+00","1.10","1.10",2,NULL,"2026-09-19 07:20:48.079+00","2026-09-19 07:20:48.136+00"
"63a3fa87-651a-4cd0-a7a6-39ba62f99494","20260919_073318","t-001","f-001","b-001","wv-001","st-01",NULL,"finalized","2026-09-19 07:33:18.278+00","2026-09-19 07:33:20.846+00","0.40","0.40",2,NULL,"2026-09-19 07:33:20.731+00","2026-09-19 07:33:20.842+00"
"f5966583-5165-40b7-ae5d-d6098862095a","20260919_073659","t-001","f-001","b-001","wv-001","st-01",NULL,"finalized","2026-09-19 07:36:59.232+00","2026-09-19 07:37:01.853+00","0.40","0.40",2,NULL,"2026-09-19 07:37:01.746+00","2026-09-19 07:37:01.848+00"
"3c84ddf5-4d09-4726-a4da-87d63e85bd12","20260919_120457","t-001","f-001","b-001","wv-001","st-01",NULL,"finalized","2026-09-19 12:04:57.68+00","2026-09-19 12:05:00.074+00","1.45","1.45",2,NULL,"2026-09-19 12:04:59.965+00","2026-09-19 12:05:00.07+00"
"7f1199a9-80c0-4cec-ad01-18a015b40f90","20260919_063827","t-001","f-001","b-001","wv-001","st-01",NULL,"finalized","2026-09-19 06:38:27.939+00","2026-09-19 06:38:30.2+00","2.80","2.80",2,NULL,"2026-09-19 06:38:30.103+00","2026-09-19 06:38:30.197+00"
"d15feb55-d4c0-4fa3-80b5-7d1893f74335","20260919_001534","t-001","f-001","b-001","wv-001","st-01",NULL,"finalized","2026-09-19 00:15:34.668+00","2026-09-19 00:15:39.449+00",NULL,"0.00",2,"63a79de0-d22b-5d8b-89e8-f7db993b1f6b","2026-09-19 00:15:39.365+00","2026-09-19 00:15:40.454+00"
"7fcfa392-739e-4921-9503-7d5f116faa45","20260919_064300","t-001","f-001","b-001","wv-001","st-01",NULL,"finalized","2026-09-19 06:43:00.818+00","2026-09-19 06:43:04.407+00","2.80","2.80",2,NULL,"2026-09-19 06:43:04.267+00","2026-09-19 06:43:04.403+00"
"234ddaee-705f-43ae-ba58-861e7a32b070","20260919_001539","t-001","f-001","b-001","wv-001","st-01",NULL,"finalized","2026-09-19 00:15:39.045+00","2026-09-19 00:15:45.141+00","1.05","1.05",2,"d89850ae-e4a5-5d17-b7ff-f24900e62252","2026-09-19 00:15:45.038+00","2026-09-19 00:15:46.125+00"
"7361ad9d-6e30-4218-a781-d883a4394301","20260919_001512","t-001","f-001","b-001","wv-001","st-01",NULL,"finalized","2026-09-19 00:15:12.461+00","2026-09-19 00:15:15.987+00","0.40","0.40",2,"9c530563-6fd8-5b84-9b49-99c8469e2bbc","2026-09-19 00:15:15.944+00","2026-09-19 00:15:17.023+00"
"5042b008-ea5e-436b-9a35-d708e216effe","20260919_065833","t-001","f-001","b-001","wv-001","st-01",NULL,"finalized","2026-09-19 06:58:33.263+00","2026-09-19 06:58:38.565+00",NULL,"0.00",2,NULL,"2026-09-19 06:58:38.48+00","2026-09-19 06:58:38.561+00"
"4da36c4f-8b2e-4eb9-9875-aa6a73f081c3","20260919_002113","t-001","f-001","b-001","wv-001","st-01",NULL,"finalized","2026-09-19 00:21:13.062+00","2026-09-19 00:21:15.404+00","1.45","1.45",2,"1ae1dde7-b3cb-5507-b2ee-64fbac9fd224","2026-09-19 00:21:15.346+00","2026-09-19 00:21:16.414+00"
"b038dbd5-87a6-4c21-8927-cc151a672db1","20260919_000740","t-001","f-001","b-001","wv-001","st-01",NULL,"finalized","2026-09-19 00:07:40.739+00","2026-09-19 00:07:42.828+00","0.30","0.30",2,"272f7e44-4038-5762-8375-f19dc3437412","2026-09-19 00:07:42.722+00","2026-09-19 00:07:43.771+00"
"21ebed8c-6f3a-46eb-b063-7078564d0eaa","20260919_064050","t-001","f-001","b-001","wv-001","st-01",NULL,"finalized","2026-09-19 06:40:50.574+00","2026-09-19 06:40:51.32+00","2.80","2.80",2,NULL,"2026-09-19 06:40:51.212+00","2026-09-19 06:40:51.317+00"
"6cabd4ca-20b0-4096-b647-065b9667a1d8","20260919_065648","t-001","f-001","b-001","wv-001","st-01",NULL,"finalized","2026-09-19 06:56:48.118+00","2026-09-19 06:56:50.696+00","2.40","2.40",2,NULL,"2026-09-19 06:56:50.635+00","2026-09-19 06:56:50.696+00"
"118c6e4e-bf9d-4f84-adea-fa32b14aa47b","20260919_065415","t-001","f-001","b-001","wv-001","st-01",NULL,"finalized","2026-09-19 06:54:15.212+00","2026-09-19 06:54:16.381+00","2.80","2.80",2,NULL,"2026-09-19 06:54:16.27+00","2026-09-19 06:54:16.377+00"
"d539a1b5-05d0-462e-a04e-31f002ca0552","20260919_064851","t-001","f-001","b-001","wv-001","st-01",NULL,"finalized","2026-09-19 06:48:51.466+00","2026-09-19 06:48:52.344+00","2.80","2.80",2,NULL,"2026-09-19 06:48:52.236+00","2026-09-19 06:48:52.34+00"
"54d7de13-5347-4a38-bc4e-c28c0a5c7f43","20260919_065824","t-001","f-001","b-001","wv-001","st-01",NULL,"finalized","2026-09-19 06:58:24.817+00","2026-09-19 06:58:31.395+00",NULL,"0.00",2,NULL,"2026-09-19 06:58:31.314+00","2026-09-19 06:58:31.392+00"
"d7b76c89-f893-4f8c-9c3e-c9c56bacaa1f","20260919_065854","t-001","f-001","b-001","wv-001","st-01",NULL,"finalized","2026-09-19 06:58:54.707+00","2026-09-19 06:58:56.05+00","2.70","2.70",2,NULL,"2026-09-19 06:58:55.944+00","2026-09-19 06:58:56.046+00"
"65203df0-329b-4b94-a0a2-421993990197","20260919_065913","t-001","f-001","b-001","wv-001","st-01",NULL,"finalized","2026-09-19 06:59:13.917+00","2026-09-19 06:59:16.013+00",NULL,"0.00",2,NULL,"2026-09-19 06:59:15.935+00","2026-09-19 06:59:16.01+00"
"643d0bca-0b80-4653-98f2-a3aec9a8ef5b","20260919_070200","t-001","f-001","b-001","wv-001","st-01",NULL,"finalized","2026-09-19 07:02:00.5+00","2026-09-19 07:02:01.717+00","1.35","1.35",2,NULL,"2026-09-19 07:02:01.601+00","2026-09-19 07:02:01.716+00"
"1cf9545e-9943-4d2b-97e6-6d4ca81a1693","20260919_120529","t-001","f-001","b-001","wv-001","st-01",NULL,"finalized","2026-09-19 12:05:29.587+00","2026-09-19 12:05:31.938+00",NULL,"0.00",2,NULL,"2026-09-19 12:05:31.859+00","2026-09-19 12:05:31.934+00"
"dad3dd30-f71b-47b9-9142-fec2e2fc202f","20260919_165409","t-001","f-001","b-001","wv-001","st-01",NULL,"finalized","2026-09-19 16:54:09.299+00","2026-09-19 16:54:10.658+00","1.15","1.15",2,NULL,"2026-09-19 16:54:10.584+00","2026-09-19 16:54:10.655+00"
"84f2c7a3-6897-4d01-a6d6-5923f92d2090","20260919_002039","t-001","f-001","b-001","wv-001","st-01",NULL,"finalized","2026-09-19 00:20:39.365+00","2026-09-19 00:20:41.224+00","1.45","1.45",2,"f3ac2090-e9cf-5026-a015-c2db0f25b36e","2026-09-19 00:20:41.119+00","2026-09-19 00:20:42.276+00"
"e58c0131-10ba-4cd0-95f0-58f3ffc8ce62","20260919_064637","t-001","f-001","b-001","wv-001","st-01",NULL,"finalized","2026-09-19 06:46:37.458+00","2026-09-19 06:46:39.867+00","2.80","2.80",2,NULL,"2026-09-19 06:46:39.766+00","2026-09-19 06:46:39.864+00"
"a49afd5b-9b91-4d3e-99b6-dfdad595ae19","20260919_001749","t-001","f-001","b-001","wv-001","st-01",NULL,"finalized","2026-09-19 00:17:49.09+00","2026-09-19 00:17:50.074+00","1.05","1.05",2,"e96dd328-0c01-526b-a3ec-feb87af57ed0","2026-09-19 00:17:49.963+00","2026-09-19 00:17:51.079+00"
"ff634f93-0a92-4be8-9bff-c9ce96c73f3d","20260919_002033","t-001","f-001","b-001","wv-001","st-01",NULL,"finalized","2026-09-19 00:20:33.331+00","2026-09-19 00:20:35.373+00","1.45","1.45",2,"72c6f512-a188-59c6-8834-c567d8772bab","2026-09-19 00:20:35.281+00","2026-09-19 00:20:36.407+00"
"03f5b834-0ab9-4106-9d69-26c3b7230fe7","20260919_064732","t-001","f-001","b-001","wv-001","st-01",NULL,"finalized","2026-09-19 06:47:32.426+00","2026-09-19 06:47:34.579+00","2.80","2.80",2,NULL,"2026-09-19 06:47:34.522+00","2026-09-19 06:47:34.578+00"
"ab4ae2d9-18a2-4686-81ad-4948c42fed26","20260919_064800","t-001","f-001","b-001","wv-001","st-01",NULL,"finalized","2026-09-19 06:48:00.123+00","2026-09-19 06:48:04.385+00","2.80","2.80",2,NULL,"2026-09-19 06:48:04.244+00","2026-09-19 06:48:04.382+00"
"23125137-6e98-4825-851a-372530c51667","20260919_065050","t-001","f-001","b-001","wv-001","st-01",NULL,"finalized","2026-09-19 06:50:50.741+00","2026-09-19 06:50:52.59+00","2.80","2.80",2,NULL,"2026-09-19 06:50:52.472+00","2026-09-19 06:50:52.586+00"
"5bd6f4db-f7d8-45b6-ab7f-4f64e6dbd046","20260919_065154","t-001","f-001","b-001","wv-001","st-01",NULL,"finalized","2026-09-19 06:51:54.357+00","2026-09-19 06:51:56.956+00","2.80","2.80",2,NULL,"2026-09-19 06:51:56.892+00","2026-09-19 06:51:56.955+00"
"3cf4cb57-36c1-490d-bee2-623eaca25245","20260919_002148","t-001","f-001","b-001","wv-001","st-01",NULL,"finalized","2026-09-19 00:21:48.714+00","2026-09-19 00:21:51.785+00","1.80","1.80",2,"a6843c5d-9170-54cd-9ec4-690b080df6fc","2026-09-19 00:21:51.705+00","2026-09-19 00:21:52.917+00"
"7c662f85-64e8-46b1-9555-20c3843cf4bd","20260919_002313","t-001","f-001","b-001","wv-001","st-01",NULL,"finalized","2026-09-19 00:23:13.673+00","2026-09-19 00:23:16.589+00","1.40","1.40",2,"ab9ff8be-3433-543e-ae52-83180e5f9af4","2026-09-19 00:23:16.48+00","2026-09-19 00:23:17.564+00"
"fd990573-746b-4de8-ae6c-8811833b0361","20260919_002518","t-001","f-001","b-001","wv-001","st-01",NULL,"finalized","2026-09-19 00:25:18.003+00","2026-09-19 00:25:19.29+00","1.75","1.75",2,"127a77fb-465b-5965-be67-4130ccdbae06","2026-09-19 00:25:19.204+00","2026-09-19 00:25:20.407+00"
"528d9087-672e-45d0-ac37-4bc1c1f3d123","20260919_002400","t-001","f-001","b-001","wv-001","st-01",NULL,"finalized","2026-09-19 00:24:00.072+00","2026-09-19 00:24:02.778+00","1.40","1.40",2,"244c59c7-23d2-55b7-ac2b-c4c7dd5cc7fc","2026-09-19 00:24:02.671+00","2026-09-19 00:24:03.872+00"
"bacea027-aab1-4c8f-94ea-89adc24e23ce","20260919_002552","t-001","f-001","b-001","wv-001","st-01",NULL,"finalized","2026-09-19 00:25:52.44+00","2026-09-19 00:25:53.451+00","1.75","1.75",2,"8c0d15a2-aa1e-5049-bfdf-3406a10df1ff","2026-09-19 00:25:53.354+00","2026-09-19 00:25:54.558+00"
"35bd0081-3e6e-4b2e-a22c-7bb005178954","20260919_002422","t-001","f-001","b-001","wv-001","st-01",NULL,"finalized","2026-09-19 00:24:22.324+00","2026-09-19 00:24:24.866+00","1.40","1.40",2,"30961de9-a0c8-51cf-ada0-b2be82abbfcf","2026-09-19 00:24:24.773+00","2026-09-19 00:24:25.911+00"
"e384792b-1bbf-4fc4-82a5-9addb751ae08","20260919_002206","t-001","f-001","b-001","wv-001","st-01",NULL,"finalized","2026-09-19 00:22:06.594+00","2026-09-19 00:22:07.963+00","1.80","1.80",2,"5d86be21-1a33-5398-aa1b-f0bb0db7cef9","2026-09-19 00:22:07.86+00","2026-09-19 00:22:09.003+00"
"4aca6e04-1852-43d9-a80d-28d9de06735e","20260919_002943","t-001","f-001","b-001","wv-001","st-01",NULL,"finalized","2026-09-19 00:29:43.067+00","2026-09-19 00:29:45.155+00",NULL,"0.00",2,"b142c440-9248-5416-b16d-e8945a261b79","2026-09-19 00:29:45.079+00","2026-09-19 00:29:46.292+00"
"dd91195f-236b-407e-a6c2-61c613dd5509","20260919_002926","t-001","f-001","b-001","wv-001","st-01",NULL,"finalized","2026-09-19 00:29:26.306+00","2026-09-19 00:29:29.184+00","2.10","2.10",2,"769058ca-eb12-51eb-974a-3513fb72d921","2026-09-19 00:29:29.074+00","2026-09-19 00:29:30.282+00"
"79909543-2278-4717-856d-bcaad36e1cd5","20260919_002947","t-001","f-001","b-001","wv-001","st-01",NULL,"finalized","2026-09-19 00:29:47.034+00","2026-09-19 00:29:51.063+00","2.80","2.80",2,"e03846d6-4052-5e29-b6fb-3462c1bcfdfa","2026-09-19 00:29:50.96+00","2026-09-19 00:29:52.142+00"
"9ad96b53-c1c1-493e-885b-93cfb810f664","20260919_003020","t-001","f-001","b-001","wv-001","st-01",NULL,"finalized","2026-09-19 00:30:20.192+00","2026-09-19 00:30:23.157+00","2.80","2.80",2,"ee635c10-3fa8-590d-b30c-b9e2b22276af","2026-09-19 00:30:23.059+00","2026-09-19 00:30:24.321+00"
"80dc5119-4df9-4070-a8a8-ec50d536cfa2","20260919_003241","t-001","f-001","b-001","wv-001","st-01",NULL,"finalized","2026-09-19 00:32:41.703+00","2026-09-19 00:32:44.297+00","2.80","2.80",2,"dfa93505-7e6f-549c-874e-495312688e7f","2026-09-19 00:32:44.205+00","2026-09-19 00:32:45.361+00"
"545003c7-8598-4984-802f-0b2cc1044562","20260919_003526","t-001","f-001","b-001","wv-001","st-01",NULL,"finalized","2026-09-19 00:35:26.07+00","2026-09-19 00:35:29.104+00",NULL,"0.00",2,"18513eed-47b4-55d4-8e8e-49dd4afa4bd0","2026-09-19 00:35:29.023+00","2026-09-19 00:35:30.248+00"
"5de44c20-9e23-4f02-9307-4552a0d53358","20260919_003530","t-001","f-001","b-001","wv-001","st-01",NULL,"finalized","2026-09-19 00:35:30.568+00","2026-09-19 00:35:34.766+00",NULL,"0.00",2,"aa9fbbec-f1e8-506c-a0fe-7596eed791da","2026-09-19 00:35:34.698+00","2026-09-19 00:35:35.9+00"
"b50fbd41-2beb-4c90-8a16-806bdfdf0cfb","20260919_003535","t-001","f-001","b-001","wv-001","st-01",NULL,"finalized","2026-09-19 00:35:35.048+00","2026-09-19 00:35:40.476+00","0.75","0.75",2,"6455a903-03af-524a-a75d-1b84f7777a89","2026-09-19 00:35:40.363+00","2026-09-19 00:35:41.578+00"
"31bcd2e0-4414-4e62-bfbf-617675fa2e50","20260919_003522","t-001","f-001","b-001","wv-001","st-01",NULL,"finalized","2026-09-19 00:35:22.037+00","2026-09-19 00:35:23.388+00",NULL,"0.00",2,"8747be33-6190-5f5d-ad03-e8ab7406f847","2026-09-19 00:35:23.316+00","2026-09-19 00:35:24.539+00"
"2e2d7c10-cbdc-4a47-8979-8c18ce88f848","20260919_003224","t-001","f-001","b-001","wv-001","st-01",NULL,"finalized","2026-09-19 00:32:24.447+00","2026-09-19 00:32:26.228+00","2.80","2.80",2,"0beb3f2c-b848-5fb7-8c3c-d99ff6dadecc","2026-09-19 00:32:26.125+00","2026-09-19 00:32:27.282+00"
"0ebb2c80-96e5-4db3-a800-5943f467cf74","20260919_065811","t-001","f-001","b-001","wv-001","st-01",NULL,"finalized","2026-09-19 06:58:11.969+00","2026-09-19 06:58:13.583+00",NULL,"0.00",2,NULL,"2026-09-19 06:58:13.508+00","2026-09-19 06:58:13.58+00"
"5b5af973-7e01-4645-aea3-41eec86d0f2e","20260919_003649","t-001","f-001","b-001","wv-001","st-01",NULL,"finalized","2026-09-19 00:36:49.231+00","2026-09-19 00:36:51.1+00","1.35","1.35",2,"a034e718-e3e4-5639-9c29-85ff8ea9bba7","2026-09-19 00:36:51.035+00","2026-09-19 00:36:52.097+00"
"dc2740c9-0eb7-4573-97a6-44593eb60d59","20260919_065147","t-001","f-001","b-001","wv-001","st-01",NULL,"finalized","2026-09-19 06:51:47.37+00","2026-09-19 06:51:48.904+00","2.80","2.80",2,NULL,"2026-09-19 06:51:48.804+00","2026-09-19 06:51:48.9+00"
"96574bb8-e797-4ba7-ad31-e2779d7e7b71","20260919_065816","t-001","f-001","b-001","wv-001","st-01",NULL,"finalized","2026-09-19 06:58:16.024+00","2026-09-19 06:58:19.423+00",NULL,"0.00",2,NULL,"2026-09-19 06:58:19.347+00","2026-09-19 06:58:19.42+00"
"3f38e4a3-4bae-4bc5-ba8e-6857f07b7faf","20260919_065959","t-001","f-001","b-001","wv-001","st-01",NULL,"finalized","2026-09-19 06:59:59.524+00","2026-09-19 07:00:01.441+00","2.40","2.40",2,NULL,"2026-09-19 07:00:01.35+00","2026-09-19 07:00:01.438+00"
"8d297e8f-0479-484d-93c4-349cc8c6279f","20260919_070013","t-001","f-001","b-001","wv-001","st-01",NULL,"finalized","2026-09-19 07:00:13.765+00","2026-09-19 07:00:16.845+00","2.05","2.05",2,NULL,"2026-09-19 07:00:16.745+00","2026-09-19 07:00:16.841+00"
"48eaa879-2d95-4501-9a34-5ec132e54241","20260919_120533","t-001","f-001","b-001","wv-001","st-01",NULL,"finalized","2026-09-19 12:05:33.496+00","2026-09-19 12:05:37.535+00","1.10","1.10",2,NULL,"2026-09-19 12:05:37.44+00","2026-09-19 12:05:37.532+00"
"8c34b80a-0625-448d-b417-84b4bc29e9a3","20260919_120748","t-001","f-001","b-001","wv-001","st-01",NULL,"finalized","2026-09-19 12:07:48.105+00","2026-09-19 12:07:50.21+00","0.75","0.75",2,NULL,"2026-09-19 12:07:50.161+00","2026-09-19 12:07:50.208+00"
"69c1f8b1-fa16-4b48-a67e-5b796cf6ad7a","20260919_122300","t-001","f-001","b-001","wv-001","st-01",NULL,"finalized","2026-09-19 12:23:00.199+00","2026-09-19 12:23:02.466+00","0.80","0.80",2,NULL,"2026-09-19 12:23:02.371+00","2026-09-19 12:23:02.462+00"
"2902340c-d51e-4096-8c92-9fbca35ddf4f","20260919_065330","t-001","f-001","b-001","wv-001","st-01",NULL,"finalized","2026-09-19 06:53:30.243+00","2026-09-19 06:53:32.084+00","2.80","2.80",2,NULL,"2026-09-19 06:53:31.981+00","2026-09-19 06:53:32.081+00"
"feedd52a-56a1-4568-886d-f29c2c4dd63a","20260919_065602","t-001","f-001","b-001","wv-001","st-01",NULL,"finalized","2026-09-19 06:56:02.486+00","2026-09-19 06:56:04.635+00","1.80","1.80",2,NULL,"2026-09-19 06:56:04.506+00","2026-09-19 06:56:04.631+00"
"3d4c5006-d69a-491c-aee7-fa5e60fb2873","20260919_003257","t-001","f-001","b-001","wv-001","st-01",NULL,"finalized","2026-09-19 00:32:57.378+00","2026-09-19 00:33:00.386+00","2.80","2.80",2,"0d2a9160-be24-5c26-a85d-50628c359040","2026-09-19 00:33:00.259+00","2026-09-19 00:33:01.473+00"
"52ac2b0e-a84f-452b-8a6a-1eb2bd8b6b2b","20260919_003341","t-001","f-001","b-001","wv-001","st-01",NULL,"finalized","2026-09-19 00:33:41.968+00","2026-09-19 00:33:44.768+00","2.10","2.10",2,"71bd4609-9101-5412-8fd1-abe04a3f607d","2026-09-19 00:33:44.65+00","2026-09-19 00:33:45.826+00"
"4ed6a977-fdca-4e8f-bd6e-955af7ae871a","20260919_003506","t-001","f-001","b-001","wv-001","st-01",NULL,"finalized","2026-09-19 00:35:06.166+00","2026-09-19 00:35:07.467+00",NULL,"0.00",2,"d9744b32-ade8-549e-98b4-9076ec9a54f8","2026-09-19 00:35:07.387+00","2026-09-19 00:35:08.602+00"
"965cc0ab-b21c-40b3-a765-773329dbda9b","20260919_065632","t-001","f-001","b-001","wv-001","st-01",NULL,"finalized","2026-09-19 06:56:32.599+00","2026-09-19 06:56:34.861+00",NULL,"0.00",2,NULL,"2026-09-19 06:56:34.765+00","2026-09-19 06:56:34.857+00"
"d271cc52-6347-42fe-9f3e-d7c77daf2e3c","20260919_123309","t-001","f-001","b-001","wv-001","st-01",NULL,"finalized","2026-09-19 12:33:09.861+00","2026-09-19 12:33:11.117+00","0.30","0.30",2,NULL,"2026-09-19 12:33:11.013+00","2026-09-19 12:33:11.112+00"
"53ee4fe9-fddc-426a-bd7a-3be9e60455c0","20260919_065917","t-001","f-001","b-001","wv-001","st-01",NULL,"finalized","2026-09-19 06:59:17.95+00","2026-09-19 06:59:21.81+00","2.75","2.75",2,NULL,"2026-09-19 06:59:21.704+00","2026-09-19 06:59:21.806+00"
"e733b80c-4129-45af-8546-5abef780e0d3","20260919_003413","t-001","f-001","b-001","wv-001","st-01",NULL,"finalized","2026-09-19 00:34:13.801+00","2026-09-19 00:34:15.123+00","2.10","2.10",2,"92e0aff8-2ea7-51cf-9be2-d1083f7cfa2e","2026-09-19 00:34:15.006+00","2026-09-19 00:34:16.087+00"
"d84315f8-82e1-48e5-8f5f-9c51a1f9e1f3","20260919_124009","t-001","f-001","b-001","wv-001","st-01",NULL,"finalized","2026-09-19 12:40:09.729+00","2026-09-19 12:40:12.273+00","1.05","1.05",2,NULL,"2026-09-19 12:40:12.232+00","2026-09-19 12:40:12.273+00"
"7898f5f9-8db9-472e-82d1-f9ee7e2f2cf4","20260919_065714","t-001","f-001","b-001","wv-001","st-01",NULL,"finalized","2026-09-19 06:57:14.198+00","2026-09-19 06:57:16.302+00","2.05","2.05",2,NULL,"2026-09-19 06:57:16.185+00","2026-09-19 06:57:16.298+00"
"9c9b15bc-49f5-44ee-8a40-acb4887d046a","20260919_122509","t-001","f-001","b-001","wv-001","st-01",NULL,"finalized","2026-09-19 12:25:09.489+00","2026-09-19 12:25:11.347+00","0.40","0.40",2,NULL,"2026-09-19 12:25:11.236+00","2026-09-19 12:25:11.344+00"
"c87a3ff2-42e4-4924-9173-92f14cec552a","20260919_123854","t-001","f-001","b-001","wv-001","st-01",NULL,"finalized","2026-09-19 12:38:54.742+00","2026-09-19 12:38:56.627+00","0.65","0.65",2,NULL,"2026-09-19 12:38:56.529+00","2026-09-19 12:38:56.624+00"
"5be13b6b-eac9-449a-86e5-f0b7b3f2141e","20260919_065739","t-001","f-001","b-001","wv-001","st-01",NULL,"finalized","2026-09-19 06:57:39.51+00","2026-09-19 06:57:41.911+00",NULL,"0.00",2,NULL,"2026-09-19 06:57:41.857+00","2026-09-19 06:57:41.91+00"
"885d0ca1-d033-45a1-953f-3a7dc52f2d5f","20260919_123718","t-001","f-001","b-001","wv-001","st-01",NULL,"finalized","2026-09-19 12:37:18.879+00","2026-09-19 12:37:20.704+00","0.65","0.65",2,NULL,"2026-09-19 12:37:20.646+00","2026-09-19 12:37:20.703+00"
"0d917e45-0ef6-44b4-bf3a-0314f4363661","20260919_122723","t-001","f-001","b-001","wv-001","st-01",NULL,"finalized","2026-09-19 12:27:23.852+00","2026-09-19 12:27:25.637+00","0.65","0.65",2,NULL,"2026-09-19 12:27:25.577+00","2026-09-19 12:27:25.636+00"
"cfa9eff2-1e21-4e80-82cd-6340aabb6d1b","20260919_124005","t-001","f-001","b-001","wv-001","st-01",NULL,"finalized","2026-09-19 12:40:05.804+00","2026-09-19 12:40:06.745+00",NULL,"0.00",2,NULL,"2026-09-19 12:40:06.664+00","2026-09-19 12:40:06.741+00"
"818775e5-2702-4a19-9eb7-b9d762076520","20260919_123825","t-001","f-001","b-001","wv-001","st-01",NULL,"finalized","2026-09-19 12:38:25.091+00","2026-09-19 12:38:26.819+00","0.65","0.65",2,NULL,"2026-09-19 12:38:26.726+00","2026-09-19 12:38:26.814+00"
"c804b079-dbca-425f-b4a5-b08fe50fa19f","20260919_165704","t-001","f-001","b-001","wv-001","st-01",NULL,"finalized","2026-09-19 16:57:04.311+00","2026-09-19 16:57:05.97+00","0.35","0.35",2,NULL,"2026-09-19 16:57:05.874+00","2026-09-19 16:57:05.967+00"
"17587dba-cf49-407f-92b7-2396cd19a111","20260919_124618","t-001","f-001","b-001","wv-001","st-01",NULL,"finalized","2026-09-19 12:46:18.917+00","2026-09-19 12:46:20.623+00","0.75","0.75",2,NULL,"2026-09-19 12:46:20.517+00","2026-09-19 12:46:20.62+00"
"2efd4449-c58a-4bdf-b384-e5744da0d29e","20260919_124022","t-001","f-001","b-001","wv-001","st-01",NULL,"finalized","2026-09-19 12:40:22.115+00","2026-09-19 12:40:23.896+00","1.05","1.05",2,NULL,"2026-09-19 12:40:23.794+00","2026-09-19 12:40:23.892+00"
"b1035d33-a11b-4be8-81d7-4f58f96466b5","20260919_130227","t-001","f-001","b-001","wv-001","st-01",NULL,"finalized","2026-09-19 13:02:27.034+00","2026-09-19 13:02:27.935+00","0.75","0.75",2,NULL,"2026-09-19 13:02:27.837+00","2026-09-19 13:02:27.932+00"
"112033e4-31c5-4340-8912-5aa9dc22b14e","20260919_170129","t-001","f-001","b-001","wv-001","st-01",NULL,"finalized","2026-09-19 17:01:29.355+00","2026-09-19 17:01:31.133+00","1.50","1.50",2,NULL,"2026-09-19 17:01:30.975+00","2026-09-19 17:01:31.13+00"
"bded152c-d994-4f3e-9286-fc84dd85f802","20260919_170528","t-001","f-001","b-001","wv-001","st-01",NULL,"finalized","2026-09-19 17:05:28.797+00","2026-09-19 17:05:31.364+00","1.45","1.45",2,NULL,"2026-09-19 17:05:31.308+00","2026-09-19 17:05:31.363+00"
"e0a06837-0522-4eb9-8705-7b74a8916d23","20260919_170536","t-001","f-001","b-001","wv-001","st-01",NULL,"finalized","2026-09-19 17:05:36.351+00","2026-09-19 17:05:39.218+00","1.45","1.45",2,NULL,"2026-09-19 17:05:39.113+00","2026-09-19 17:05:39.214+00"
"49e11f79-f3f8-4303-b1fd-4e135ca30cdd","20260919_171133","t-001","f-001","b-001","wv-001","st-01",NULL,"finalized","2026-09-19 17:11:33.24+00","2026-09-19 17:11:39.151+00","1.10","1.10",2,NULL,"2026-09-19 17:11:37.35+00","2026-09-19 17:11:39.148+00"
"55026d43-c90e-4e76-bed9-f4b70b50579c","20260919_171559","t-001","f-001","b-001","wv-001","st-01",NULL,"finalized","2026-09-19 17:15:59.624+00","2026-09-19 17:16:01.239+00",NULL,"0.00",2,NULL,"2026-09-19 17:16:01.15+00","2026-09-19 17:16:01.235+00"
"f6d165c2-4e81-47fe-b2b2-ef0b85573633","20260919_003510","t-001","f-001","b-001","wv-001","st-01",NULL,"finalized","2026-09-19 00:35:10.526+00","2026-09-19 00:35:13.41+00","1.50","1.50",2,"576d3d54-2f6c-5ce1-b906-7c699e8caabb","2026-09-19 00:35:13.337+00","2026-09-19 00:35:14.556+00"
"163b50b2-1e96-4a0c-a547-854d16bab065","20260919_065729","t-001","f-001","b-001","wv-001","st-01",NULL,"finalized","2026-09-19 06:57:29.912+00","2026-09-19 06:57:34.024+00",NULL,"0.00",2,NULL,"2026-09-19 06:57:33.825+00","2026-09-19 06:57:34.02+00"
"1baff806-62c1-494f-9f32-b92bb1f4662b","20260919_004242","t-001","f-001","b-001","wv-001","st-01",NULL,"finalized","2026-09-19 00:42:42.034+00","2026-09-19 00:42:43.782+00","1.30","1.30",2,"46fe6bf4-d4c2-5047-b5f3-42df10aa6ad2","2026-09-19 00:42:43.691+00","2026-09-19 00:42:44.829+00"
"ce9526d3-9ec4-43c2-8ae1-39ec8a9b9a77","20260919_065820","t-001","f-001","b-001","wv-001","st-01",NULL,"finalized","2026-09-19 06:58:20.545+00","2026-09-19 06:58:25.413+00",NULL,"0.00",2,NULL,"2026-09-19 06:58:25.339+00","2026-09-19 06:58:25.41+00"
"93461dcb-c9bd-48ed-a33f-0a25e5e71126","20260919_065932","t-001","f-001","b-001","wv-001","st-01",NULL,"finalized","2026-09-19 06:59:32.879+00","2026-09-19 06:59:35.584+00","2.75","2.75",2,NULL,"2026-09-19 06:59:35.512+00","2026-09-19 06:59:35.581+00"
"adca6596-c4e3-4daf-951e-9343f783e04b","20260919_122531","t-001","f-001","b-001","wv-001","st-01",NULL,"finalized","2026-09-19 12:25:31.134+00","2026-09-19 12:25:33.214+00","0.40","0.40",2,NULL,"2026-09-19 12:25:33.105+00","2026-09-19 12:25:33.21+00"
"c4b3fa92-0088-47de-8e20-e95fd0577d7e","20260919_122738","t-001","f-001","b-001","wv-001","st-01",NULL,"finalized","2026-09-19 12:27:38.058+00","2026-09-19 12:27:39.267+00","0.30","0.30",2,NULL,"2026-09-19 12:27:39.2+00","2026-09-19 12:27:39.266+00"
"1c1c0537-3d18-4778-952e-574a27063164","20260919_123058","t-001","f-001","b-001","wv-001","st-01",NULL,"finalized","2026-09-19 12:30:58.855+00","2026-09-19 12:31:00.666+00","0.30","0.30",2,NULL,"2026-09-19 12:31:00.61+00","2026-09-19 12:31:00.665+00"
"43fc2fca-58b8-4798-bf5c-2e479bc98dd0","20260919_123233","t-001","f-001","b-001","wv-001","st-01",NULL,"finalized","2026-09-19 12:32:33.942+00","2026-09-19 12:32:35.122+00","0.30","0.30",2,NULL,"2026-09-19 12:32:35.026+00","2026-09-19 12:32:35.12+00"
"55035da4-917d-417d-89d7-fee06c3f4f31","20260919_010227","t-001","f-001","b-001","wv-001","st-01",NULL,"finalized","2026-09-19 01:02:27.537+00","2026-09-19 01:02:34.497+00",NULL,"0.00",2,"738a5d9b-4601-5451-b30c-0605f78a91c2","2026-09-19 01:02:34.416+00","2026-09-19 01:02:35.464+00"
"e6fd8e4c-7a2c-40ce-8f9f-1fbb48a107c8","20260919_124657","t-001","f-001","b-001","wv-001","st-01",NULL,"finalized","2026-09-19 12:46:57.149+00","2026-09-19 12:46:58.64+00","0.75","0.75",2,NULL,"2026-09-19 12:46:58.542+00","2026-09-19 12:46:58.638+00"
"e44ac9da-b58e-4e8d-b4c4-1ec02814524e","20260919_010232","t-001","f-001","b-001","wv-001","st-01",NULL,"finalized","2026-09-19 01:02:32.883+00","2026-09-19 01:02:38.524+00","0.95","0.95",2,"95334ff8-8349-5315-9534-95f0402d4325","2026-09-19 01:02:38.42+00","2026-09-19 01:02:39.562+00"
"253ac837-1f1c-4f12-8aee-46b287dc2e7a","20260919_010212","t-001","f-001","b-001","wv-001","st-01",NULL,"finalized","2026-09-19 01:02:12.21+00","2026-09-19 01:02:28.398+00","1.25","1.25",2,"00e9f8c5-a1d7-580f-9439-1f9fa99b6155","2026-09-19 01:02:28.289+00","2026-09-19 01:02:29.427+00"
"64fa634a-1483-4e05-b116-230519b6dcd7","20260919_003634","t-001","f-001","b-001","wv-001","st-01",NULL,"finalized","2026-09-19 00:36:34.039+00","2026-09-19 00:36:37.101+00","1.65","1.65",2,"47a5c666-4214-5b8c-8ab8-7a84bbcba435","2026-09-19 00:36:37.007+00","2026-09-19 00:36:38.078+00"
"df03215c-d9e5-4eb6-ba36-2b646e49dc15","20260919_065841","t-001","f-001","b-001","wv-001","st-01",NULL,"finalized","2026-09-19 06:58:41.552+00","2026-09-19 06:58:48.2+00","3.05","3.05",2,NULL,"2026-09-19 06:58:48.098+00","2026-09-19 06:58:48.198+00"
"6e0b6bab-e8ce-47a3-93f4-75f8cfe613a6","20260919_004933","t-001","f-001","b-001","wv-001","st-01",NULL,"finalized","2026-09-19 00:49:33.864+00","2026-09-19 00:49:35.095+00","1.65","1.65",2,"31b34b45-ed08-5abd-890f-511db69e1472","2026-09-19 00:49:34.991+00","2026-09-19 00:49:36.106+00"
"2bcbf33e-4eca-4373-acd7-2c7788e3eef5","20260919_065837","t-001","f-001","b-001","wv-001","st-01",NULL,"finalized","2026-09-19 06:58:37.192+00","2026-09-19 06:58:44.38+00","3.05","3.05",2,NULL,"2026-09-19 06:58:44.259+00","2026-09-19 06:58:44.376+00"
"df617f1b-0593-42bc-88a7-b84fe8252e60","20260919_125144","t-001","f-001","b-001","wv-001","st-01",NULL,"finalized","2026-09-19 12:51:44.139+00","2026-09-19 12:51:46.588+00","0.75","0.75",2,NULL,"2026-09-19 12:51:46.468+00","2026-09-19 12:51:46.582+00"
"d8186ae5-4c09-4acf-97e6-5730130b9655","20260919_125308","t-001","f-001","b-001","wv-001","st-01",NULL,"finalized","2026-09-19 12:53:08.185+00","2026-09-19 12:53:09.05+00","0.75","0.75",2,NULL,"2026-09-19 12:53:08.941+00","2026-09-19 12:53:09.046+00"
"eb8043b7-da46-45d4-90f1-3ef1c4d6afc9","20260919_125329","t-001","f-001","b-001","wv-001","st-01",NULL,"finalized","2026-09-19 12:53:29.296+00","2026-09-19 12:53:34.471+00","0.75","0.75",2,NULL,"2026-09-19 12:53:34.412+00","2026-09-19 12:53:34.47+00"
"51d8d91e-9984-48b9-9d37-3d5548362f8f","20260919_125805","t-001","f-001","b-001","wv-001","st-01",NULL,"finalized","2026-09-19 12:58:05.879+00","2026-09-19 12:58:06.848+00","0.75","0.75",2,NULL,"2026-09-19 12:58:06.791+00","2026-09-19 12:58:06.847+00"
"39050de2-3df4-4786-9232-0c16c54d6d68","20260919_125840","t-001","f-001","b-001","wv-001","st-01",NULL,"finalized","2026-09-19 12:58:40.499+00","2026-09-19 12:58:50.924+00","0.75","0.75",2,NULL,"2026-09-19 12:58:44.812+00","2026-09-19 12:58:50.919+00"
"e296e086-65ce-403c-851f-5bfe6db330c0","20260919_130412","t-001","f-001","b-001","wv-001","st-01",NULL,"finalized","2026-09-19 13:04:12.248+00","2026-09-19 13:04:42.384+00","0.75","0.75",2,NULL,"2026-09-19 13:04:42.316+00","2026-09-19 13:04:42.383+00"
"db6a13ef-7be3-482d-8730-093088c8dad5","20260919_132014","t-001","f-001","b-001","wv-001","st-01",NULL,"finalized","2026-09-19 13:20:14.313+00","2026-09-19 13:20:16.315+00","0.70","0.70",2,NULL,"2026-09-19 13:20:16.211+00","2026-09-19 13:20:16.311+00"
"ead734d5-882a-4e13-a85e-5f89461e25f4","20260919_134322","t-001","f-001","b-001","wv-001","st-01",NULL,"finalized","2026-09-19 13:43:22.367+00","2026-09-19 13:43:24.684+00","0.35","0.35",2,NULL,"2026-09-19 13:43:24.571+00","2026-09-19 13:43:24.678+00"
"453eb8ad-6251-466d-a130-f40946babfd3","20260919_003713","t-001","f-001","b-001","wv-001","st-01",NULL,"finalized","2026-09-19 00:37:13.426+00","2026-09-19 00:37:15.348+00","1.35","1.35",2,"859204ec-6d37-5583-8fa4-d0e0dffddb75","2026-09-19 00:37:15.253+00","2026-09-19 00:37:16.395+00"
"1bbecde1-d241-4c16-9dc7-0ae379fac7cf","20260919_070720","t-001","f-001","b-001","wv-001","st-01",NULL,"finalized","2026-09-19 07:07:20.86+00","2026-09-19 07:07:21.787+00","1.35","1.35",2,NULL,"2026-09-19 07:07:21.63+00","2026-09-19 07:07:21.78+00"
"e2dce97b-b951-469b-af87-7dfe9a2f017d","20260919_004117","t-001","f-001","b-001","wv-001","st-01",NULL,"finalized","2026-09-19 00:41:17.281+00","2026-09-19 00:41:19.326+00","1.05","1.05",2,"bdf14b68-fa11-59d9-bd54-6b9fe3c2936d","2026-09-19 00:41:19.247+00","2026-09-19 00:41:20.371+00"
"dbeae45c-d726-45d8-b8e7-ae5a7148bb67","20260919_071005","t-001","f-001","b-001","wv-001","st-01",NULL,"finalized","2026-09-19 07:10:05.709+00","2026-09-19 07:10:07.405+00","1.05","1.05",2,NULL,"2026-09-19 07:10:07.289+00","2026-09-19 07:10:07.4+00"
"160fc381-0f59-4fd9-812f-cb9a0bea9a5d","20260919_070742","t-001","f-001","b-001","wv-001","st-01",NULL,"finalized","2026-09-19 07:07:42.798+00","2026-09-19 07:07:43.572+00","1.70","1.70",2,NULL,"2026-09-19 07:07:43.488+00","2026-09-19 07:07:43.571+00"
"9a3ab623-9108-49c0-a8c0-762a6bf940f2","20260919_004137","t-001","f-001","b-001","wv-001","st-01",NULL,"finalized","2026-09-19 00:41:37.381+00","2026-09-19 00:41:39.307+00",NULL,"0.00",2,"a7675755-51e2-5b49-8290-b67e2e0445b6","2026-09-19 00:41:39.236+00","2026-09-19 00:41:40.359+00"
"2c046c2e-7e79-4e9a-9e29-9c5fc8a960d4","20260919_004158","t-001","f-001","b-001","wv-001","st-01",NULL,"finalized","2026-09-19 00:41:58.026+00","2026-09-19 00:41:59.398+00","1.00","1.00",2,"d97f3acf-b550-54ba-a73a-b5d1cb668348","2026-09-19 00:41:59.302+00","2026-09-19 00:42:00.379+00"
"e3a5b6f5-3615-45c7-a55c-a57ee4385bc2","20260919_072329","t-001","f-001","b-001","wv-001","st-01",NULL,"finalized","2026-09-19 07:23:29.407+00","2026-09-19 07:23:30.6+00","1.10","1.10",2,NULL,"2026-09-19 07:23:30.495+00","2026-09-19 07:23:30.596+00"
"b7c64e6c-6ef6-44a2-bb87-e4f31100869f","20260919_071223","t-001","f-001","b-001","wv-001","st-01",NULL,"finalized","2026-09-19 07:12:23.09+00","2026-09-19 07:12:23.909+00","1.35","1.35",2,NULL,"2026-09-19 07:12:23.766+00","2026-09-19 07:12:23.904+00"
"ff3143a4-14b6-409b-85bb-b65cbcc9499b","20260919_070854","t-001","f-001","b-001","wv-001","st-01",NULL,"finalized","2026-09-19 07:08:54.34+00","2026-09-19 07:08:55.565+00","1.05","1.05",2,NULL,"2026-09-19 07:08:55.463+00","2026-09-19 07:08:55.561+00"
"2184e9a1-caec-4848-8394-425425d2be71","20260919_071043","t-001","f-001","b-001","wv-001","st-01",NULL,"finalized","2026-09-19 07:10:43.744+00","2026-09-19 07:10:45.426+00","1.05","1.05",2,NULL,"2026-09-19 07:10:45.322+00","2026-09-19 07:10:45.422+00"
"1b5ea2f9-10c5-48e0-b4dc-54c697480a43","20260919_072359","t-001","f-001","b-001","wv-001","st-01",NULL,"finalized","2026-09-19 07:23:59.316+00","2026-09-19 07:24:00.498+00","1.10","1.10",2,NULL,"2026-09-19 07:24:00.408+00","2026-09-19 07:24:00.494+00"
"ee03c5c8-15b6-4c31-9413-a12e02a9b453","20260919_072846","t-001","f-001","b-001","wv-001","st-01",NULL,"finalized","2026-09-19 07:28:46.493+00","2026-09-19 07:28:48.818+00","0.40","0.40",2,NULL,"2026-09-19 07:28:48.739+00","2026-09-19 07:28:48.814+00"
"57191363-a6b6-4942-9de1-640df2cb7aa3","20260919_072908","t-001","f-001","b-001","wv-001","st-01",NULL,"finalized","2026-09-19 07:29:08.078+00","2026-09-19 07:29:10.677+00","0.40","0.40",2,NULL,"2026-09-19 07:29:10.586+00","2026-09-19 07:29:10.676+00"
"c4e06418-8cee-48d8-82f7-df763ff2a2ad","20260919_073426","t-001","f-001","b-001","wv-001","st-01",NULL,"finalized","2026-09-19 07:34:26.23+00","2026-09-19 07:34:27.142+00","0.40","0.40",2,NULL,"2026-09-19 07:34:27.019+00","2026-09-19 07:34:27.138+00"
"759c8cdc-d85f-46d9-81b9-c671858fc610","20260919_073502","t-001","f-001","b-001","wv-001","st-01",NULL,"finalized","2026-09-19 07:35:02.145+00","2026-09-19 07:35:03.127+00","0.75","0.75",2,NULL,"2026-09-19 07:35:03.036+00","2026-09-19 07:35:03.124+00"
"fff67468-0e2c-42e3-aa71-cadf605c6e19","20260919_134357","t-001","f-001","b-001","wv-001","st-01",NULL,"finalized","2026-09-19 13:43:57.368+00","2026-09-19 13:43:58.604+00","0.35","0.35",2,NULL,"2026-09-19 13:43:58.498+00","2026-09-19 13:43:58.6+00"
"55c517c1-0513-41de-94c3-4062182d9ee3","20260919_134536","t-001","f-001","b-001","wv-001","st-01",NULL,"finalized","2026-09-19 13:45:36.8+00","2026-09-19 13:45:39.134+00","0.35","0.35",2,NULL,"2026-09-19 13:45:39.025+00","2026-09-19 13:45:39.13+00"
"03f43726-704f-4e7a-926a-b5ff3f6bbdd3","20260919_004938","t-001","f-001","b-001","wv-001","st-01",NULL,"finalized","2026-09-19 00:49:38.2+00","2026-09-19 00:49:41.049+00","1.65","1.65",2,"cf715886-c4ca-5439-b47e-2fd7b96231ea","2026-09-19 00:49:40.916+00","2026-09-19 00:49:42.107+00"
"0b781751-07f0-4415-9a7f-c31456735560","20260919_010928","t-001","f-001","b-001","wv-001","st-01",NULL,"finalized","2026-09-19 01:09:28.842+00","2026-09-19 01:09:30.017+00","0.60","0.60",2,"2ef8e121-dfeb-5678-add5-be2b25f8a4ab","2026-09-19 01:09:29.922+00","2026-09-19 01:09:31.011+00"
"08f831b5-d6f5-42cc-91e5-ff8dcd9a1613","20260919_071242","t-001","f-001","b-001","wv-001","st-01",NULL,"finalized","2026-09-19 07:12:42.557+00","2026-09-19 07:12:43.638+00","1.05","1.05",2,NULL,"2026-09-19 07:12:43.557+00","2026-09-19 07:12:43.637+00"
"836b2a80-00e4-4d52-b431-7da63e659f66","20260919_070832","t-001","f-001","b-001","wv-001","st-01",NULL,"finalized","2026-09-19 07:08:32.655+00","2026-09-19 07:08:33.699+00","1.70","1.70",2,NULL,"2026-09-19 07:08:33.628+00","2026-09-19 07:08:33.698+00"
"f4101dfd-baa6-47ce-ba97-45c4073f11f4","20260919_071937","t-001","f-001","b-001","wv-001","st-01",NULL,"finalized","2026-09-19 07:19:37.066+00","2026-09-19 07:19:39.915+00","1.10","1.10",2,NULL,"2026-09-19 07:19:39.81+00","2026-09-19 07:19:39.912+00"
"8088c05c-4613-4223-ab95-e021dba6121c","20260919_071723","t-001","f-001","b-001","wv-001","st-01",NULL,"finalized","2026-09-19 07:17:23.222+00","2026-09-19 07:17:25.038+00","1.10","1.10",2,NULL,"2026-09-19 07:17:24.923+00","2026-09-19 07:17:25.034+00"
"771101a7-1d02-475d-a54e-250cb1b732ea","20260919_071404","t-001","f-001","b-001","wv-001","st-01",NULL,"finalized","2026-09-19 07:14:04.57+00","2026-09-19 07:14:05.891+00","1.10","1.10",2,NULL,"2026-09-19 07:14:05.782+00","2026-09-19 07:14:05.887+00"
"3479bba8-7f6c-4dd6-bf10-4eeedfd18483","20260919_072104","t-001","f-001","b-001","wv-001","st-01",NULL,"finalized","2026-09-19 07:21:04.095+00","2026-09-19 07:21:05.939+00","1.10","1.10",2,NULL,"2026-09-19 07:21:05.821+00","2026-09-19 07:21:05.933+00"
"bb025217-548c-4c21-bdec-814d1bea53c3","20260919_072147","t-001","f-001","b-001","wv-001","st-01",NULL,"finalized","2026-09-19 07:21:47.494+00","2026-09-19 07:21:50.089+00","1.10","1.10",2,NULL,"2026-09-19 07:21:50.004+00","2026-09-19 07:21:50.088+00"
"bdc70ec8-0411-4f43-be5a-825f7178fd99","20260919_074244","t-001","f-001","b-001","wv-001","st-01",NULL,"finalized","2026-09-19 07:42:44.86+00","2026-09-19 07:42:46.689+00","0.35","0.35",2,NULL,"2026-09-19 07:42:46.586+00","2026-09-19 07:42:46.686+00"
"6006f45c-98a6-4f02-821e-373bbc3cf621","20260919_074543","t-001","f-001","b-001","wv-001","st-01",NULL,"finalized","2026-09-19 07:45:43.439+00","2026-09-19 07:45:45.925+00","0.70","0.70",2,NULL,"2026-09-19 07:45:45.799+00","2026-09-19 07:45:45.919+00"
"5baef283-0db2-46fe-afaf-1d6bf7053ed9","20260919_074841","t-001","f-001","b-001","wv-001","st-01",NULL,"finalized","2026-09-19 07:48:41.969+00","2026-09-19 07:48:44.137+00","1.30","1.30",2,NULL,"2026-09-19 07:48:44.042+00","2026-09-19 07:48:44.134+00"
"69cf1968-9492-4612-9482-efad5440251a","20260919_075305","t-001","f-001","b-001","wv-001","st-01",NULL,"finalized","2026-09-19 07:53:05.839+00","2026-09-19 07:53:08.174+00","1.30","1.30",2,NULL,"2026-09-19 07:53:08.09+00","2026-09-19 07:53:08.173+00"
"9f9c24b0-18d4-427f-9339-9b4c5d333c37","20260919_074640","t-001","f-001","b-001","wv-001","st-01",NULL,"finalized","2026-09-19 07:46:40.567+00","2026-09-19 07:46:41.812+00","1.05","1.05",2,NULL,"2026-09-19 07:46:41.712+00","2026-09-19 07:46:41.808+00"
"73d644af-33d6-4420-aafe-ef6f132f72f5","20260919_005308","t-001","f-001","b-001","wv-001","st-01",NULL,"finalized","2026-09-19 00:53:08.78+00","2026-09-19 00:53:12.005+00","0.95","0.95",2,"c15ea7b9-6a28-5152-b2b2-c00670f73efb","2026-09-19 00:53:11.9+00","2026-09-19 00:53:12.982+00"
"8933bf57-913d-43b3-9879-a9d13255871f","20260919_074614","t-001","f-001","b-001","wv-001","st-01",NULL,"finalized","2026-09-19 07:46:14.063+00","2026-09-19 07:46:15.804+00","1.05","1.05",2,NULL,"2026-09-19 07:46:15.715+00","2026-09-19 07:46:15.8+00"
"26f404a1-862b-4a1d-9733-57bb869cb252","20260919_005351","t-001","f-001","b-001","wv-001","st-01",NULL,"finalized","2026-09-19 00:53:51.096+00","2026-09-19 00:53:52.192+00","0.95","0.95",2,"4eaaa0d0-7944-56c2-b6aa-93edd9eb7a3f","2026-09-19 00:53:52.101+00","2026-09-19 00:53:53.174+00"
"a15addde-ecff-4291-91c2-c4cc03d08dab","20260919_005007","t-001","f-001","b-001","wv-001","st-01",NULL,"finalized","2026-09-19 00:50:07.33+00","2026-09-19 00:50:09.126+00",NULL,"0.00",2,"0fc2dd9b-d275-5e6e-8b00-aa221ba473be","2026-09-19 00:50:09.037+00","2026-09-19 00:50:10.119+00"
"47bc291a-467b-497b-9e78-9f9fca5c7448","20260919_075930","t-001","f-001","b-001","wv-001","st-01",NULL,"finalized","2026-09-19 07:59:30.338+00","2026-09-19 07:59:31.191+00",NULL,"0.00",2,NULL,"2026-09-19 07:59:31.098+00","2026-09-19 07:59:31.186+00"
"bf1da636-6f2b-4f14-aeaa-4f0176eabde1","20260919_075453","t-001","f-001","b-001","wv-001","st-01",NULL,"finalized","2026-09-19 07:54:53.82+00","2026-09-19 07:54:54.794+00","1.30","1.30",2,NULL,"2026-09-19 07:54:54.71+00","2026-09-19 07:54:54.793+00"
"c2996e7c-63aa-479a-a279-960b794ce06c","20260919_074805","t-001","f-001","b-001","wv-001","st-01",NULL,"finalized","2026-09-19 07:48:05.431+00","2026-09-19 07:48:08.212+00","1.30","1.30",2,NULL,"2026-09-19 07:48:08.099+00","2026-09-19 07:48:08.207+00"
"7e578e41-5777-4fd9-862d-d4fc67c83dbf","20260919_075733","t-001","f-001","b-001","wv-001","st-01",NULL,"finalized","2026-09-19 07:57:33.184+00","2026-09-19 07:57:35.629+00",NULL,"0.00",2,NULL,"2026-09-19 07:57:35.55+00","2026-09-19 07:57:35.626+00"
"b04104aa-1744-4ddf-aa5b-b109b7585a84","20260919_075934","t-001","f-001","b-001","wv-001","st-01",NULL,"finalized","2026-09-19 07:59:34.23+00","2026-09-19 07:59:36.804+00","1.90","1.90",2,NULL,"2026-09-19 07:59:36.724+00","2026-09-19 07:59:36.801+00"
"cca273dd-07f9-4d62-afe5-a4df91d53435","20260919_080040","t-001","f-001","b-001","wv-001","st-01",NULL,"finalized","2026-09-19 08:00:40.09+00","2026-09-19 08:00:41.796+00","1.10","1.10",2,NULL,"2026-09-19 08:00:41.687+00","2026-09-19 08:00:41.791+00"
"c05bd50a-7d19-40a8-a362-5dbb8fb6be07","20260919_080054","t-001","f-001","b-001","wv-001","st-01",NULL,"finalized","2026-09-19 08:00:54.978+00","2026-09-19 08:00:57.503+00","1.10","1.10",2,NULL,"2026-09-19 08:00:57.427+00","2026-09-19 08:00:57.499+00"
"8912cfaf-d1b1-480f-be11-a551fec12ba2","20260919_080210","t-001","f-001","b-001","wv-001","st-01",NULL,"finalized","2026-09-19 08:02:10.767+00","2026-09-19 08:02:14.104+00",NULL,"0.00",2,NULL,"2026-09-19 08:02:14.025+00","2026-09-19 08:02:14.1+00"
"b918f62f-c6a2-43a2-9e14-4cc6e242a0e3","20260919_080214","t-001","f-001","b-001","wv-001","st-01",NULL,"finalized","2026-09-19 08:02:14.752+00","2026-09-19 08:02:19.771+00","0.70","0.70",2,NULL,"2026-09-19 08:02:19.669+00","2026-09-19 08:02:19.768+00"
"ebd0279f-5b02-4e1d-8518-e2c1a6c49257","20260919_075737","t-001","f-001","b-001","wv-001","st-01",NULL,"finalized","2026-09-19 07:57:37.165+00","2026-09-19 07:57:41.247+00","1.00","1.00",2,NULL,"2026-09-19 07:57:41.144+00","2026-09-19 07:57:41.243+00"
"fe71beda-d5cb-4650-989b-50a1c862c64f","20260919_075901","t-001","f-001","b-001","wv-001","st-01",NULL,"finalized","2026-09-19 07:59:01.717+00","2026-09-19 07:59:03.559+00",NULL,"0.00",2,NULL,"2026-09-19 07:59:03.474+00","2026-09-19 07:59:03.554+00"
"823dfe85-1702-4b86-9198-6136d521d1ff","20260919_075905","t-001","f-001","b-001","wv-001","st-01",NULL,"finalized","2026-09-19 07:59:05.708+00","2026-09-19 07:59:09.28+00","1.00","1.00",2,NULL,"2026-09-19 07:59:09.161+00","2026-09-19 07:59:09.276+00"
"b2bbf38f-a575-4b18-965c-19c33b399b11","20260919_005011","t-001","f-001","b-001","wv-001","st-01",NULL,"finalized","2026-09-19 00:50:11.626+00","2026-09-19 00:50:15.016+00","0.70","0.70",2,"89611324-626e-5806-98f3-9e35d7be0f51","2026-09-19 00:50:14.909+00","2026-09-19 00:50:16.026+00"
"5378ea8d-7e69-45f4-97e5-0313b5c0ddcf","20260919_010149","t-001","f-001","b-001","wv-001","st-01",NULL,"finalized","2026-09-19 01:01:49.452+00","2026-09-19 01:01:54.023+00","1.25","1.25",2,"99a64e2e-5897-5411-8b6e-17b4395ca406","2026-09-19 01:01:53.544+00","2026-09-19 01:01:54.763+00"
"4d663813-68f7-49da-bebd-6abf3ba972ad","20260919_080003","t-001","f-001","b-001","wv-001","st-01",NULL,"finalized","2026-09-19 08:00:03.866+00","2026-09-19 08:00:04.752+00","1.15","1.15",2,NULL,"2026-09-19 08:00:04.687+00","2026-09-19 08:00:04.749+00"
"b57ad9bb-e43d-438e-b10f-2323a195c513","20260919_080007","t-001","f-001","b-001","wv-001","st-01",NULL,"finalized","2026-09-19 08:00:07.781+00","2026-09-19 08:00:10.467+00","1.15","1.15",2,NULL,"2026-09-19 08:00:10.369+00","2026-09-19 08:00:10.463+00"
"185db7f2-d0e4-4533-9e25-33aadc440c18","20260919_080012","t-001","f-001","b-001","wv-001","st-01",NULL,"finalized","2026-09-19 08:00:12.403+00","2026-09-19 08:00:16.206+00","1.15","1.15",2,NULL,"2026-09-19 08:00:16.144+00","2026-09-19 08:00:16.202+00"
"46b63a20-7cc7-47bd-a238-bc88999299ed","20260919_134553","t-001","f-001","b-001","wv-001","st-01",NULL,"finalized","2026-09-19 13:45:53.074+00","2026-09-19 13:45:54.762+00","0.35","0.35",2,NULL,"2026-09-19 13:45:54.701+00","2026-09-19 13:45:54.757+00"
"098557f3-d329-4f83-87f9-1c65e4fc5074","20260919_134814","t-001","f-001","b-001","wv-001","st-01",NULL,"finalized","2026-09-19 13:48:14.453+00","2026-09-19 13:48:22.882+00","0.35","0.35",2,NULL,"2026-09-19 13:48:20.164+00","2026-09-19 13:48:22.877+00"
"f4217d1f-0f9e-4ac3-a8d5-156315528fbb","20260919_005225","t-001","f-001","b-001","wv-001","st-01",NULL,"finalized","2026-09-19 00:52:25.258+00","2026-09-19 00:52:28.119+00","0.75","0.75",2,"f6b2821a-754a-5dff-9796-2ff6904ddea8","2026-09-19 00:52:28.019+00","2026-09-19 00:52:29.09+00"
"519e6247-bbce-49f7-b74a-7e83e98e4375","20260919_005302","t-001","f-001","b-001","wv-001","st-01",NULL,"finalized","2026-09-19 00:53:02.575+00","2026-09-19 00:53:06.092+00","0.95","0.95",2,"ea744854-7a84-558c-a5d1-b4dae7bc04ac","2026-09-19 00:53:05.986+00","2026-09-19 00:53:07.036+00"
"693eaf8f-4b6b-4e91-8ff6-3f69f5ae5bbb","20260919_005258","t-001","f-001","b-001","wv-001","st-01",NULL,"finalized","2026-09-19 00:52:58.503+00","2026-09-19 00:53:00.279+00",NULL,"0.00",2,"14698950-ab1a-547e-8371-7eea04842ca2","2026-09-19 00:53:00.195+00","2026-09-19 00:53:01.269+00"
"6ae23e39-55a7-4b63-ac04-7fc418b10bf6","20260919_005419","t-001","f-001","b-001","wv-001","st-01",NULL,"finalized","2026-09-19 00:54:19.449+00","2026-09-19 00:54:22.298+00","0.95","0.95",2,"eb8465b8-269a-5cd0-8a9e-debf9d7f8f7e","2026-09-19 00:54:22.212+00","2026-09-19 00:54:23.323+00"
"e8c791f8-a322-44b2-a36c-6ffe08fcdb04","20260919_005822","t-001","f-001","b-001","wv-001","st-01",NULL,"finalized","2026-09-19 00:58:22.259+00","2026-09-19 00:58:24.31+00","1.25","1.25",2,"7b56c260-224d-5da9-a7b3-75fb365a88c4","2026-09-19 00:58:24.191+00","2026-09-19 00:58:25.305+00"
"e5cfbb09-c779-4940-b267-0e2e07a2122a","20260919_011015","t-001","f-001","b-001","wv-001","st-01",NULL,"finalized","2026-09-19 01:10:15.315+00","2026-09-19 01:10:16.459+00","0.75","0.75",2,"97470ce1-d0d7-5b73-a5f8-f06328b7b811","2026-09-19 01:10:16.359+00","2026-09-19 01:10:17.44+00"
"4c18fa12-14f3-49ff-a7eb-26bd4837bb4c","20260919_011029","t-001","f-001","b-001","wv-001","st-01",NULL,"finalized","2026-09-19 01:10:29.097+00","2026-09-19 01:10:30.548+00","0.75","0.75",2,"7d7e67ca-c1e2-5cf9-9f33-e2f14ccdf8f0","2026-09-19 01:10:30.446+00","2026-09-19 01:10:31.554+00"
"849780da-6221-4c44-a3dd-1f25921d4377","20260919_011711","t-001","f-001","b-001","wv-001","st-01",NULL,"finalized","2026-09-19 01:17:11.02+00","2026-09-19 01:17:13.83+00","0.35","0.35",2,"6b1bddaf-fef3-51a7-854e-9ff1f85feb5e","2026-09-19 01:17:13.754+00","2026-09-19 01:17:14.836+00"
"8a6f8d90-8717-4ecf-aab6-ef14c05ba787","20260919_080021","t-001","f-001","b-001","wv-001","st-01",NULL,"finalized","2026-09-19 08:00:21.851+00","2026-09-19 08:00:24.015+00","1.15","1.15",2,NULL,"2026-09-19 08:00:23.921+00","2026-09-19 08:00:24.011+00"
"73152686-c266-4dd0-9ae5-845886187b5c","20260919_011742","t-001","f-001","b-001","wv-001","st-01",NULL,"finalized","2026-09-19 01:17:42.875+00","2026-09-19 01:17:44.076+00","0.65","0.65",2,"35b01ae9-6e76-5c17-ad04-afaeac6fa6a0","2026-09-19 01:17:43.971+00","2026-09-19 01:17:45.069+00"
"26bad29d-329c-48bd-a3b2-9d7a30aea3d0","20260919_013700","t-001","f-001","b-001","wv-001","st-01",NULL,"finalized","2026-09-19 01:37:00.557+00","2026-09-19 01:37:02.829+00",NULL,"0.00",2,"ee91b613-d62c-5350-b665-ddedecd6798e","2026-09-19 01:37:02.751+00","2026-09-19 01:37:03.825+00"
"29f4c1c4-6d36-45ea-b7fa-c330e79f3199","20260919_080132","t-001","f-001","b-001","wv-001","st-01",NULL,"finalized","2026-09-19 08:01:32.928+00","2026-09-19 08:01:35.467+00","0.70","0.70",2,NULL,"2026-09-19 08:01:35.371+00","2026-09-19 08:01:35.463+00"
"4dbde7ce-3238-4709-ae99-3786863995d2","20260919_135027","t-001","f-001","b-001","wv-001","st-01",NULL,"finalized","2026-09-19 13:50:27.006+00","2026-09-19 13:50:29.634+00","0.35","0.35",2,NULL,"2026-09-19 13:50:29.537+00","2026-09-19 13:50:29.631+00"
"95a1cf6b-6574-4672-ba6f-c08e0c94b3ae","20260919_135431","t-001","f-001","b-001","wv-001","st-01",NULL,"finalized","2026-09-19 13:54:31.068+00","2026-09-19 13:54:33.064+00","0.35","0.35",2,NULL,"2026-09-19 13:54:32.973+00","2026-09-19 13:54:33.061+00"
"ab2ed279-5fac-4457-9c8b-2575f6e037b4","20260919_140810","t-001","f-001","b-001","wv-001","st-01",NULL,"finalized","2026-09-19 14:08:10.314+00","2026-09-19 14:08:12.477+00","1.05","1.05",2,NULL,"2026-09-19 14:08:12.422+00","2026-09-19 14:08:12.476+00"
"03680d0e-0697-4133-b400-70e328a4e873","20260919_081221","t-001","f-001","b-001","wv-001","st-01",NULL,"finalized","2026-09-19 08:12:21.179+00","2026-09-19 08:12:22.491+00","0.70","0.70",2,NULL,"2026-09-19 08:12:22.444+00","2026-09-19 08:12:22.491+00"
"4afbea44-7197-4cc8-bb4e-78d01ab17cb0","20260919_081712","t-001","f-001","b-001","wv-001","st-01",NULL,"finalized","2026-09-19 08:17:12.411+00","2026-09-19 08:17:14.654+00","0.70","0.70",2,NULL,"2026-09-19 08:17:14.552+00","2026-09-19 08:17:14.65+00"
"d362eccb-9d9f-4fe2-b061-7728f943f582","20260919_011803","t-001","f-001","b-001","wv-001","st-01",NULL,"finalized","2026-09-19 01:18:03.265+00","2026-09-19 01:18:06.172+00",NULL,"0.00",2,"2fd4d1f7-0e2c-5e39-a9d4-ae42525124b0","2026-09-19 01:18:06.071+00","2026-09-19 01:18:07.148+00"
"273505c0-ae0f-4206-a422-171657871e42","20260919_011958","t-001","f-001","b-001","wv-001","st-01",NULL,"finalized","2026-09-19 01:19:58.124+00","2026-09-19 01:20:00.939+00","1.05","1.05",2,"62b12c8d-e422-5d0b-9a6f-afef91db5b45","2026-09-19 01:20:00.87+00","2026-09-19 01:20:01.992+00"
"fb07241a-fd57-4033-8f8a-83b97ac7dc3a","20260919_012544","t-001","f-001","b-001","wv-001","st-01",NULL,"finalized","2026-09-19 01:25:44.927+00","2026-09-19 01:25:47.651+00","1.00","1.00",2,"94043756-ee14-5e36-b06c-d6068c5e12a1","2026-09-19 01:25:47.512+00","2026-09-19 01:25:48.551+00"
"5b7b1f7f-fd21-42e7-a62b-73cc9a572c1c","20260919_082017","t-001","f-001","b-001","wv-001","st-01",NULL,"finalized","2026-09-19 08:20:17.842+00","2026-09-19 08:20:19.959+00","0.70","0.70",2,NULL,"2026-09-19 08:20:19.843+00","2026-09-19 08:20:19.953+00"
"7355bcf9-ede7-40a2-91b4-ea7f9de9a539","20260919_082103","t-001","f-001","b-001","wv-001","st-01",NULL,"finalized","2026-09-19 08:21:03.445+00","2026-09-19 08:21:05.831+00","1.05","1.05",2,NULL,"2026-09-19 08:21:05.716+00","2026-09-19 08:21:05.828+00"
"ad25532a-d351-49f7-a20c-e0bd3503ad92","20260919_082233","t-001","f-001","b-001","wv-001","st-01",NULL,"finalized","2026-09-19 08:22:33.223+00","2026-09-19 08:22:34.127+00","1.05","1.05",2,NULL,"2026-09-19 08:22:34.011+00","2026-09-19 08:22:34.122+00"
"fda0a8c0-6aa0-410e-b0c7-14911cec690d","20260919_082819","t-001","f-001","b-001","wv-001","st-01",NULL,"finalized","2026-09-19 08:28:19.276+00","2026-09-19 08:28:20.275+00","0.75","0.75",2,NULL,"2026-09-19 08:28:20.17+00","2026-09-19 08:28:20.271+00"
"0afa3d12-af9c-4762-9ae6-049ebcb3ab23","20260919_135234","t-001","f-001","b-001","wv-001","st-01",NULL,"finalized","2026-09-19 13:52:34.775+00","2026-09-19 13:52:36.334+00","0.35","0.35",2,NULL,"2026-09-19 13:52:36.224+00","2026-09-19 13:52:36.33+00"
"97406a7d-860c-4db3-b89f-c6593c94ca7d","20260919_082049","t-001","f-001","b-001","wv-001","st-01",NULL,"finalized","2026-09-19 08:20:49.245+00","2026-09-19 08:20:51.958+00","1.05","1.05",2,NULL,"2026-09-19 08:20:51.897+00","2026-09-19 08:20:51.957+00"
"40e0750d-e963-4fec-8f38-bd6f2d32d5e6","20260919_082539","t-001","f-001","b-001","wv-001","st-01",NULL,"finalized","2026-09-19 08:25:39.383+00","2026-09-19 08:25:41.365+00","1.05","1.05",2,NULL,"2026-09-19 08:25:41.26+00","2026-09-19 08:25:41.362+00"
"d7ba16ed-2667-47e6-bd6c-cb1ef7739b65","20260919_011807","t-001","f-001","b-001","wv-001","st-01",NULL,"finalized","2026-09-19 01:18:07.238+00","2026-09-19 01:18:12.055+00","1.05","1.05",2,"627bbe9b-ca0b-55b2-a9d1-8503e03981d5","2026-09-19 01:18:11.961+00","2026-09-19 01:18:13.113+00"
"bbd417f7-7ef1-4a00-8e8e-386043fd077c","20260919_012426","t-001","f-001","b-001","wv-001","st-01",NULL,"finalized","2026-09-19 01:24:26.481+00","2026-09-19 01:24:28.992+00","1.40","1.40",2,"e62f390d-6315-537d-b68b-ace9185563c4","2026-09-19 01:24:28.838+00","2026-09-19 01:24:29.953+00"
"7812ed03-c721-4a86-b3f9-c996cfb3f56b","20260919_082657","t-001","f-001","b-001","wv-001","st-01",NULL,"finalized","2026-09-19 08:26:57.828+00","2026-09-19 08:26:59.791+00","0.70","0.70",2,NULL,"2026-09-19 08:26:59.683+00","2026-09-19 08:26:59.787+00"
"d6638dce-6918-4512-81f9-268ed38e7b95","20260919_082852","t-001","f-001","b-001","wv-001","st-01",NULL,"finalized","2026-09-19 08:28:52.69+00","2026-09-19 08:28:54.499+00","0.75","0.75",2,NULL,"2026-09-19 08:28:54.398+00","2026-09-19 08:28:54.496+00"
"71b56109-4821-4502-b257-5186037af82e","20260919_082856","t-001","f-001","b-001","wv-001","st-01",NULL,"finalized","2026-09-19 08:28:56.647+00","2026-09-19 08:29:00.239+00","0.75","0.75",2,NULL,"2026-09-19 08:29:00.135+00","2026-09-19 08:29:00.235+00"
"390049f5-7265-4337-86a2-49a08f911ff0","20260919_012122","t-001","f-001","b-001","wv-001","st-01",NULL,"finalized","2026-09-19 01:21:22.303+00","2026-09-19 01:21:23.567+00","1.05","1.05",2,"e80bb9bd-63a3-5802-a6de-ac926dc0ca9e","2026-09-19 01:21:23.47+00","2026-09-19 01:21:24.555+00"
"94eb1539-2613-4e39-95b4-1ef87a769091","20260919_012638","t-001","f-001","b-001","wv-001","st-01",NULL,"finalized","2026-09-19 01:26:38.667+00","2026-09-19 01:26:39.988+00","1.00","1.00",2,"1d76b618-3fb8-5c33-b467-83fc7ad77f96","2026-09-19 01:26:39.893+00","2026-09-19 01:26:40.978+00"
"1d4f7d2d-6080-47b5-852a-207afaf75d91","20260919_012658","t-001","f-001","b-001","wv-001","st-01",NULL,"finalized","2026-09-19 01:26:58.041+00","2026-09-19 01:27:00.151+00","1.00","1.00",2,"d92f3d40-0697-56ed-a4c9-4c06cf29df48","2026-09-19 01:27:00.049+00","2026-09-19 01:27:01.187+00"
"79871875-0732-4f70-b9b4-54b2b553ef7c","20260919_013052","t-001","f-001","b-001","wv-001","st-01",NULL,"finalized","2026-09-19 01:30:52.323+00","2026-09-19 01:30:53.952+00","1.00","1.00",2,"0c2f0dc7-0ad9-54b1-ba88-12fa46630a65","2026-09-19 01:30:53.865+00","2026-09-19 01:30:54.978+00"
"4fff3b61-9937-45f6-a9f7-a84b7b0c3a6f","20260919_012708","t-001","f-001","b-001","wv-001","st-01",NULL,"finalized","2026-09-19 01:27:08.685+00","2026-09-19 01:27:10.206+00","1.00","1.00",2,"21dfd6fe-77b6-5ea6-9e77-077fc8287f56","2026-09-19 01:27:10.108+00","2026-09-19 01:27:11.278+00"
"8383eda2-3f64-4410-856e-5c5a5cff5ee8","20260919_013253","t-001","f-001","b-001","wv-001","st-01",NULL,"finalized","2026-09-19 01:32:53.888+00","2026-09-19 01:32:56.929+00","1.00","1.00",2,"ac1a0e21-b94d-5743-85d6-7d541ca8e6c7","2026-09-19 01:32:56.835+00","2026-09-19 01:32:57.954+00"
"835f531e-4aaa-4f02-ad3d-01c9a2219061","20260919_083115","t-001","f-001","b-001","wv-001","st-01",NULL,"finalized","2026-09-19 08:31:15.549+00","2026-09-19 08:31:17.088+00","1.10","1.10",2,NULL,"2026-09-19 08:31:16.987+00","2026-09-19 08:31:17.085+00"
"1593b4ed-6943-49cd-9029-a08f3d1ecc36","20260919_135324","t-001","f-001","b-001","wv-001","st-01",NULL,"finalized","2026-09-19 13:53:24.31+00","2026-09-19 13:53:26.347+00","0.35","0.35",2,NULL,"2026-09-19 13:53:26.247+00","2026-09-19 13:53:26.343+00"
"935900ab-b3e7-401a-a301-f355c06d510b","20260919_140023","t-001","f-001","b-001","wv-001","st-01",NULL,"finalized","2026-09-19 14:00:23.32+00","2026-09-19 14:00:24.613+00","0.70","0.70",2,NULL,"2026-09-19 14:00:24.51+00","2026-09-19 14:00:24.609+00"
"e43eda57-34d8-4e84-aac5-b52a384aaac4","20260919_140322","t-001","f-001","b-001","wv-001","st-01",NULL,"finalized","2026-09-19 14:03:22.175+00","2026-09-19 14:03:23.762+00","1.05","1.05",2,NULL,"2026-09-19 14:03:23.672+00","2026-09-19 14:03:23.759+00"
"e6f13ee9-21d3-4285-bf19-fec8c3f4db6e","20260919_170111","t-001","f-001","b-001","wv-001","st-01",NULL,"finalized","2026-09-19 17:01:11.206+00","2026-09-19 17:01:13.893+00",NULL,"0.00",2,NULL,"2026-09-19 17:01:13.824+00","2026-09-19 17:01:13.89+00"
"450a443b-b2b3-4539-a51b-fd99c0bee837","20260919_013709","t-001","f-001","b-001","wv-001","st-01",NULL,"finalized","2026-09-19 01:37:09.347+00","2026-09-19 01:37:14.657+00","1.05","1.05",2,"68ba5f85-78ba-5a93-819d-2213621ee4a8","2026-09-19 01:37:14.548+00","2026-09-19 01:37:15.602+00"
"1dca95dc-60bd-4aa0-a36d-78d5ba862003","20260919_013704","t-001","f-001","b-001","wv-001","st-01",NULL,"finalized","2026-09-19 01:37:04.591+00","2026-09-19 01:37:08.73+00",NULL,"0.00",2,"e08b7dbb-d78b-541a-9c25-ca171f33ee4a","2026-09-19 01:37:08.656+00","2026-09-19 01:37:09.808+00"
"4781d7de-80b6-454d-9795-49e5f587f7a8","20260919_083329","t-001","f-001","b-001","wv-001","st-01",NULL,"finalized","2026-09-19 08:33:29.411+00","2026-09-19 08:33:32.281+00","1.50","1.50",2,NULL,"2026-09-19 08:33:32.163+00","2026-09-19 08:33:32.277+00"
"3db36f23-38d8-4d30-884a-1993e9dc3330","20260919_013016","t-001","f-001","b-001","wv-001","st-01",NULL,"finalized","2026-09-19 01:30:16.413+00","2026-09-19 01:30:17.694+00","1.00","1.00",2,"37f1d081-02bd-586f-9937-7e6e068cd707","2026-09-19 01:30:17.599+00","2026-09-19 01:30:18.708+00"
"195234a2-1206-41d7-a983-a57f982b5093","20260919_141005","t-001","f-001","b-001","wv-001","st-01",NULL,"finalized","2026-09-19 14:10:05.579+00","2026-09-19 14:10:12.62+00","1.05","1.05",2,NULL,"2026-09-19 14:10:12.504+00","2026-09-19 14:10:12.616+00"
"bf1eb9d2-2fbe-445a-8e18-cc78553de345","20260919_012349","t-001","f-001","b-001","wv-001","st-01",NULL,"finalized","2026-09-19 01:23:49.204+00","2026-09-19 01:23:50.713+00","1.40","1.40",2,"f540832e-d84c-59ef-8105-ab898fc1f3ff","2026-09-19 01:23:50.618+00","2026-09-19 01:23:51.76+00"
"a04faa56-3287-44fd-80da-487949ebaf88","20260919_135401","t-001","f-001","b-001","wv-001","st-01",NULL,"finalized","2026-09-19 13:54:01.738+00","2026-09-19 13:54:05.197+00","0.35","0.35",2,NULL,"2026-09-19 13:54:05.1+00","2026-09-19 13:54:05.193+00"
"01c50fb5-9dc7-43db-9dc1-922862442fe5","20260919_012538","t-001","f-001","b-001","wv-001","st-01",NULL,"finalized","2026-09-19 01:25:38.036+00","2026-09-19 01:25:39.624+00","1.00","1.00",2,"064192b7-e57d-5343-8ce5-c74629f13d94","2026-09-19 01:25:39.527+00","2026-09-19 01:25:40.608+00"
"8fe689ae-27f1-48e6-b2e4-70642d2ffe43","20260919_141648","t-001","f-001","b-001","wv-001","st-01",NULL,"finalized","2026-09-19 14:16:48.665+00","2026-09-19 14:16:49.897+00","0.70","0.70",2,NULL,"2026-09-19 14:16:49.791+00","2026-09-19 14:16:49.893+00"
"b5149e8a-adb8-4515-8ffc-8676a34a4f93","20260919_141454","t-001","f-001","b-001","wv-001","st-01",NULL,"finalized","2026-09-19 14:14:54.192+00","2026-09-19 14:14:56.222+00","0.70","0.70",2,NULL,"2026-09-19 14:14:56.13+00","2026-09-19 14:14:56.22+00"
"6524e03d-33b7-4284-a263-7b3be2cd005f","20260919_140703","t-001","f-001","b-001","wv-001","st-01",NULL,"finalized","2026-09-19 14:07:03.58+00","2026-09-19 14:07:04.94+00","1.05","1.05",2,NULL,"2026-09-19 14:07:04.874+00","2026-09-19 14:07:04.937+00"
"d645e9ea-2556-4244-a026-359c141d3505","20260919_141226","t-001","f-001","b-001","wv-001","st-01",NULL,"finalized","2026-09-19 14:12:26.226+00","2026-09-19 14:12:27.622+00","1.05","1.05",2,NULL,"2026-09-19 14:12:27.522+00","2026-09-19 14:12:27.619+00"
"fbe54b05-3f1a-439f-b918-f89375c4afaf","20260919_014241","t-001","f-001","b-001","wv-001","st-01",NULL,"finalized","2026-09-19 01:42:41.025+00","2026-09-19 01:42:43.365+00","1.05","1.05",2,"fa13287a-f655-5108-b499-98debd5b3cd7","2026-09-19 01:42:43.314+00","2026-09-19 01:42:44.432+00"
"aa2e1172-6030-4525-8d01-9e733361087c","20260919_140722","t-001","f-001","b-001","wv-001","st-01",NULL,"finalized","2026-09-19 14:07:22.812+00","2026-09-19 14:07:24.884+00","1.05","1.05",2,NULL,"2026-09-19 14:07:24.78+00","2026-09-19 14:07:24.88+00"
"4dafc2cd-1fb5-43fb-90e5-62906e3ad081","20260919_170054","t-001","f-001","b-001","wv-001","st-01",NULL,"finalized","2026-09-19 17:00:54.107+00","2026-09-19 17:00:58.076+00",NULL,"0.00",2,NULL,"2026-09-19 17:00:58.003+00","2026-09-19 17:00:58.074+00"
"3a6db5d4-a0f6-431e-9a4b-60a215e90b44","20260919_141605","t-001","f-001","b-001","wv-001","st-01",NULL,"finalized","2026-09-19 14:16:05.449+00","2026-09-19 14:16:08.104+00","0.70","0.70",2,NULL,"2026-09-19 14:16:08.002+00","2026-09-19 14:16:08.099+00"
"2a54c51b-d932-40f2-9d00-aae9c83a244c","20260919_141359","t-001","f-001","b-001","wv-001","st-01",NULL,"finalized","2026-09-19 14:13:59.12+00","2026-09-19 14:13:59.942+00","1.05","1.05",2,NULL,"2026-09-19 14:13:59.842+00","2026-09-19 14:13:59.938+00"
"e427d7f7-71a4-438c-8da1-655a86db3168","20260919_165908","t-001","f-001","b-001","wv-001","st-01",NULL,"finalized","2026-09-19 16:59:08.958+00","2026-09-19 16:59:10.935+00","0.80","0.80",2,NULL,"2026-09-19 16:59:10.817+00","2026-09-19 16:59:10.931+00"
"7402b86e-adfc-4818-bd34-04c4111de229","20260919_141719","t-001","f-001","b-001","wv-001","st-01",NULL,"finalized","2026-09-19 14:17:19.181+00","2026-09-19 14:17:21.763+00","0.70","0.70",2,NULL,"2026-09-19 14:17:21.664+00","2026-09-19 14:17:21.759+00"
"d61ae278-a9bf-4d99-af1b-82bfb4816dc9","20260919_170058","t-001","f-001","b-001","wv-001","st-01",NULL,"finalized","2026-09-19 17:00:58.112+00","2026-09-19 17:01:03.905+00","1.20","1.20",2,NULL,"2026-09-19 17:01:03.806+00","2026-09-19 17:01:03.902+00"
"c05f7b19-d31e-4fd6-b686-dd13045d1a57","20260919_170120","t-001","f-001","b-001","wv-001","st-01",NULL,"finalized","2026-09-19 17:01:20.186+00","2026-09-19 17:01:25.291+00","1.50","1.50",2,NULL,"2026-09-19 17:01:25.192+00","2026-09-19 17:01:25.288+00"
"2f9a6868-e6ae-4376-9d64-1b10f856a39f","20260919_170200","t-001","f-001","b-001","wv-001","st-01",NULL,"finalized","2026-09-19 17:02:00.438+00","2026-09-19 17:02:02.765+00","2.25","2.25",2,NULL,"2026-09-19 17:02:02.664+00","2026-09-19 17:02:02.762+00"
"59f9f277-f316-4e92-9017-7427fb4c39ed","20260919_170240","t-001","f-001","b-001","wv-001","st-01",NULL,"finalized","2026-09-19 17:02:40.184+00","2026-09-19 17:02:44.752+00","1.55","1.55",2,NULL,"2026-09-19 17:02:44.701+00","2026-09-19 17:02:44.751+00"
"a01ddd8d-e46e-4c23-ad58-e8648b6a44d8","20260919_170245","t-001","f-001","b-001","wv-001","st-01",NULL,"finalized","2026-09-19 17:02:45.643+00","2026-09-19 17:02:50.686+00","1.55","1.55",2,NULL,"2026-09-19 17:02:50.602+00","2026-09-19 17:02:50.685+00"
"afc71f21-5201-46e5-88dd-c8ce26cd31e3","20260919_170603","t-001","f-001","b-001","wv-001","st-01",NULL,"finalized","2026-09-19 17:06:03.24+00","2026-09-19 17:06:10.425+00","1.45","1.45",2,NULL,"2026-09-19 17:06:10.308+00","2026-09-19 17:06:10.421+00"
"d54dc6b8-8c49-47b4-beaa-c5e4f0d9591e","20260919_020628","t-001","f-001","b-001","wv-001","st-01",NULL,"finalized","2026-09-19 02:06:28.567+00","2026-09-19 02:06:30.343+00","1.15","1.15",2,"6cbcc6f8-06b0-5c3a-896a-46ee2288f37f","2026-09-19 02:06:30.283+00","2026-09-19 02:06:31.344+00"
"c9442d6d-e74b-479d-b7b6-6e02b45717ec","20260919_015508","t-001","f-001","b-001","wv-001","st-01",NULL,"finalized","2026-09-19 01:55:08.705+00","2026-09-19 01:55:09.745+00","0.35","0.35",2,"a9d8e173-34e8-540a-acfb-775d6ad46644","2026-09-19 01:55:09.641+00","2026-09-19 01:55:10.7+00"
"75f03b23-0c54-45a5-9319-e366d1d55ee2","20260919_020026","t-001","f-001","b-001","wv-001","st-01",NULL,"finalized","2026-09-19 02:00:26.057+00","2026-09-19 02:00:29.602+00","1.00","1.00",2,"fc9363b2-f888-52ed-9d38-8d4f431e907c","2026-09-19 02:00:29.541+00","2026-09-19 02:00:30.734+00"
"38d976b9-ce70-40c4-9f2b-05ff84f5e0c8","20260919_014527","t-001","f-001","b-001","wv-001","st-01",NULL,"finalized","2026-09-19 01:45:27.092+00","2026-09-19 01:45:28.703+00","0.70","0.70",2,"48324d03-5bfd-5c60-9c05-4b383845f7ec","2026-09-19 01:45:28.588+00","2026-09-19 01:45:29.696+00"
"bcb0e12d-29ce-4f26-aaaf-8af214223105","20260919_015945","t-001","f-001","b-001","wv-001","st-01",NULL,"finalized","2026-09-19 01:59:45.449+00","2026-09-19 01:59:49.807+00","0.70","0.70",2,"933d6982-77c3-5146-94fa-47f5cea09661","2026-09-19 01:59:49.707+00","2026-09-19 01:59:50.776+00"
"f4d33a76-b686-41e3-91d6-d07a98aaf575","20260919_015836","t-001","f-001","b-001","wv-001","st-01",NULL,"finalized","2026-09-19 01:58:36.02+00","2026-09-19 01:58:37.413+00","0.70","0.70",2,"fb58d17b-80f1-59f8-919a-d6db16baa01d","2026-09-19 01:58:37.298+00","2026-09-19 01:58:38.369+00"
"e6a9c113-7d0d-4a87-b938-40541355f3d9","20260919_020021","t-001","f-001","b-001","wv-001","st-01",NULL,"finalized","2026-09-19 02:00:21.802+00","2026-09-19 02:00:23.783+00",NULL,"0.00",2,"4c83587c-a816-5357-9414-1ce8e47630de","2026-09-19 02:00:23.694+00","2026-09-19 02:00:24.82+00"
"dc35dca5-6c64-4e38-9859-2305420a516a","20260919_015941","t-001","f-001","b-001","wv-001","st-01",NULL,"finalized","2026-09-19 01:59:41.335+00","2026-09-19 01:59:43.939+00",NULL,"0.00",2,"a92229f3-67c8-5da0-8053-f6f106bc4634","2026-09-19 01:59:43.843+00","2026-09-19 01:59:44.892+00"
"05ecf654-e253-4bca-b022-e256a377b8e5","20260919_020635","t-001","f-001","b-001","wv-001","st-01",NULL,"finalized","2026-09-19 02:06:35.707+00","2026-09-19 02:06:38.268+00","1.15","1.15",2,"736efdfe-2f6f-54aa-a37e-cfaadcbbcde6","2026-09-19 02:06:38.195+00","2026-09-19 02:06:39.319+00"
"605f87d4-1320-403c-8622-8165f5661984","20260919_021214","t-001","f-001","b-001","wv-001","st-01",NULL,"finalized","2026-09-19 02:12:14.993+00","2026-09-19 02:12:18.548+00",NULL,"0.00",2,"42d4f8db-9ed5-5161-917e-443815ec1a84","2026-09-19 02:12:18.465+00","2026-09-19 02:12:19.611+00"
"638701f1-41e3-4627-9ccc-81517b399ad6","20260919_021210","t-001","f-001","b-001","wv-001","st-01",NULL,"finalized","2026-09-19 02:12:10.996+00","2026-09-19 02:12:12.653+00",NULL,"0.00",2,"0a182254-efa2-5429-9b93-8ea351fddda3","2026-09-19 02:12:12.578+00","2026-09-19 02:12:13.733+00"
"f421bdfd-e472-41bb-b80b-254cf309a865","20260919_021237","t-001","f-001","b-001","wv-001","st-01",NULL,"finalized","2026-09-19 02:12:37.095+00","2026-09-19 02:12:42.113+00","2.05","2.05",2,"f3a80446-2f38-5523-9ba6-43299c9d0b58","2026-09-19 02:12:42.025+00","2026-09-19 02:12:43.135+00"
"05449f72-65a2-4fb6-aab4-a05e7ebfc189","20260919_021252","t-001","f-001","b-001","wv-001","st-01",NULL,"finalized","2026-09-19 02:12:52.268+00","2026-09-19 02:12:53.967+00",NULL,"0.00",2,"9e4e409b-8079-560a-ac5f-2e0641a1c6e1","2026-09-19 02:12:53.893+00","2026-09-19 02:12:54.99+00"
"e31d27d0-9b50-4fa4-8e58-b7d648f0a978","20260919_021352","t-001","f-001","b-001","wv-001","st-01",NULL,"finalized","2026-09-19 02:13:52.887+00","2026-09-19 02:14:01.673+00",NULL,"0.00",2,"c0129898-7a1e-5b7b-ab0d-96e283cfe8a6","2026-09-19 02:14:01.588+00","2026-09-19 02:14:02.695+00"
"2d3d7cdc-e66d-4578-a270-e80084666f52","20260919_091539","t-001","f-001","b-001","wv-001","st-01",NULL,"finalized","2026-09-19 09:15:39.597+00","2026-09-19 09:15:40.388+00","1.40","1.40",2,NULL,"2026-09-19 09:15:40.286+00","2026-09-19 09:15:40.384+00"
"4f8e902f-72c0-48de-b15c-3cb15a92e61e","20260919_084957","t-001","f-001","b-001","wv-001","st-01",NULL,"finalized","2026-09-19 08:49:57.489+00","2026-09-19 08:49:58.896+00","1.45","1.45",2,NULL,"2026-09-19 08:49:58.766+00","2026-09-19 08:49:58.893+00"
"34ce2902-e0e7-49bf-a433-7378a2830237","20260919_091153","t-001","f-001","b-001","wv-001","st-01",NULL,"finalized","2026-09-19 09:11:53.999+00","2026-09-19 09:11:55.898+00","2.10","2.10",2,NULL,"2026-09-19 09:11:55.796+00","2026-09-19 09:11:55.894+00"
"652521f9-3748-4e8b-aa10-e19967132b4a","20260919_092043","t-001","f-001","b-001","wv-001","st-01",NULL,"finalized","2026-09-19 09:20:43.606+00","2026-09-19 09:20:46.454+00",NULL,"0.00",2,NULL,"2026-09-19 09:20:46.378+00","2026-09-19 09:20:46.452+00"
"a569e12b-fba2-4b2c-b3b8-f564ebd174ad","20260919_085726","t-001","f-001","b-001","wv-001","st-01",NULL,"finalized","2026-09-19 08:57:26.751+00","2026-09-19 08:57:28.44+00","1.50","1.50",2,NULL,"2026-09-19 08:57:28.338+00","2026-09-19 08:57:28.437+00"
"f105453f-0cb8-46b7-80a2-57f6387080ba","20260919_020702","t-001","f-001","b-001","wv-001","st-01",NULL,"finalized","2026-09-19 02:07:02.175+00","2026-09-19 02:07:04.383+00","1.50","1.50",2,"b45c8ca1-3ada-5e42-8e25-7bf33a677de0","2026-09-19 02:07:04.275+00","2026-09-19 02:07:05.37+00"
"3f98d07b-4875-48a4-a34b-9131187eb772","20260919_020803","t-001","f-001","b-001","wv-001","st-01",NULL,"finalized","2026-09-19 02:08:03.61+00","2026-09-19 02:08:10.817+00",NULL,"0.00",2,"26410603-7f65-5a39-a7e4-fe0a8714f80a","2026-09-19 02:08:10.705+00","2026-09-19 02:08:11.571+00"
"a79a3bcb-a519-4e6f-a0c6-4c9949b1f2c4","20260919_021242","t-001","f-001","b-001","wv-001","st-01",NULL,"finalized","2026-09-19 02:12:42.812+00","2026-09-19 02:12:47.946+00","1.75","1.75",2,"3e2387b1-fc44-5d04-8c81-d68117db3803","2026-09-19 02:12:47.839+00","2026-09-19 02:12:48.99+00"
"fb62000c-fd37-4b01-808f-fe826530ac0f","20260919_021219","t-001","f-001","b-001","wv-001","st-01",NULL,"finalized","2026-09-19 02:12:19.44+00","2026-09-19 02:12:24.463+00",NULL,"0.00",2,"81ff8e3e-10a3-5094-abfd-f258a0ff0181","2026-09-19 02:12:24.415+00","2026-09-19 02:12:25.526+00"
"0457a5a0-d889-45b5-9c95-5ace724e3797","20260919_020007","t-001","f-001","b-001","wv-001","st-01",NULL,"finalized","2026-09-19 02:00:07.566+00","2026-09-19 02:00:09.865+00",NULL,"0.00",2,"f3ac461c-a6bc-5307-8e51-1837282d2f9e","2026-09-19 02:00:09.782+00","2026-09-19 02:00:10.834+00"
"879b26ae-e1ef-4057-b240-4095bc708d18","20260919_022216","t-001","f-001","b-001","wv-001","st-01",NULL,"finalized","2026-09-19 02:22:16.31+00","2026-09-19 02:22:17.341+00",NULL,"0.00",2,"a08abb29-f0dc-5f4d-b150-e5a2e7fc325a","2026-09-19 02:22:17.26+00","2026-09-19 02:22:18.366+00"
"e70e133a-d778-47f8-9238-88bd1c70d884","20260919_022220","t-001","f-001","b-001","wv-001","st-01",NULL,"finalized","2026-09-19 02:22:20.376+00","2026-09-19 02:22:23.111+00",NULL,"0.00",2,"2aa2b940-3e79-580d-a1ba-cf9f0fcb53e3","2026-09-19 02:22:23.033+00","2026-09-19 02:22:24.19+00"
"4e6758cb-73f6-4dde-bb73-81cc1fd1609e","20260919_014618","t-001","f-001","b-001","wv-001","st-01",NULL,"finalized","2026-09-19 01:46:18.773+00","2026-09-19 01:46:21.064+00","0.70","0.70",2,"e7db37ba-5a47-5e55-a2a5-d1db4a949296","2026-09-19 01:46:20.943+00","2026-09-19 01:46:22.062+00"
"b2ca5e3d-5e7d-4192-b8cb-bb0411373be9","20260919_021105","t-001","f-001","b-001","wv-001","st-01",NULL,"finalized","2026-09-19 02:11:05.167+00","2026-09-19 02:11:06.199+00","0.40","0.40",2,"2a03fc85-702b-5a18-a1dd-8392925179b2","2026-09-19 02:11:06.111+00","2026-09-19 02:11:07.154+00"
"8b230a89-316c-45f0-8a66-0e936a6b96c2","20260919_093939","t-001","f-001","b-001","wv-001","st-01",NULL,"finalized","2026-09-19 09:39:39.481+00","2026-09-19 09:39:41.922+00","1.75","1.75",2,NULL,"2026-09-19 09:39:41.852+00","2026-09-19 09:39:41.922+00"
"b38cd586-39e1-4938-a203-6cfe18f56a97","20260919_084340","t-001","f-001","b-001","wv-001","st-01",NULL,"finalized","2026-09-19 08:43:40.154+00","2026-09-19 08:43:42.826+00","1.40","1.40",2,NULL,"2026-09-19 08:43:42.746+00","2026-09-19 08:43:42.823+00"
"d0722699-8805-4cb8-b9a5-bf8070091fcb","20260919_091233","t-001","f-001","b-001","wv-001","st-01",NULL,"finalized","2026-09-19 09:12:33.563+00","2026-09-19 09:12:36.56+00","1.75","1.75",2,NULL,"2026-09-19 09:12:36.461+00","2026-09-19 09:12:36.559+00"
"8acc7ec3-2510-45ab-9b0a-fef98beb5df6","20260919_090021","t-001","f-001","b-001","wv-001","st-01",NULL,"finalized","2026-09-19 09:00:21.824+00","2026-09-19 09:00:23.724+00","1.80","1.80",2,NULL,"2026-09-19 09:00:23.604+00","2026-09-19 09:00:23.719+00"
"7fead857-01f0-4526-9171-7e6330a4cc34","20260919_092027","t-001","f-001","b-001","wv-001","st-01",NULL,"finalized","2026-09-19 09:20:27.567+00","2026-09-19 09:20:30.165+00","2.10","2.10",2,NULL,"2026-09-19 09:20:30.055+00","2026-09-19 09:20:30.161+00"
"fca48d26-be8a-4bb2-8c5b-14e4b1694207","20260919_092641","t-001","f-001","b-001","wv-001","st-01",NULL,"finalized","2026-09-19 09:26:41.623+00","2026-09-19 09:26:43.953+00",NULL,"0.00",2,NULL,"2026-09-19 09:26:43.869+00","2026-09-19 09:26:43.949+00"
"489303a8-24ed-49fd-b95a-eeb230653964","20260919_092610","t-001","f-001","b-001","wv-001","st-01",NULL,"finalized","2026-09-19 09:26:10.43+00","2026-09-19 09:26:12.026+00","2.15","2.15",2,NULL,"2026-09-19 09:26:11.909+00","2026-09-19 09:26:12.023+00"
"54984e3f-fe81-4708-9d99-4d8f6e2a5007","20260919_094206","t-001","f-001","b-001","wv-001","st-01",NULL,"finalized","2026-09-19 09:42:06.461+00","2026-09-19 09:42:08.768+00","2.20","2.20",2,NULL,"2026-09-19 09:42:08.67+00","2026-09-19 09:42:08.765+00"
"db4a4bed-cc01-42bb-a56c-d87a4c7886d8","20260919_093335","t-001","f-001","b-001","wv-001","st-01",NULL,"finalized","2026-09-19 09:33:35.909+00","2026-09-19 09:33:38.449+00","2.45","2.45",2,NULL,"2026-09-19 09:33:38.322+00","2026-09-19 09:33:38.445+00"
"43540bc4-d773-4124-a4dc-5cdded40f032","20260919_094359","t-001","f-001","b-001","wv-001","st-01",NULL,"finalized","2026-09-19 09:43:59.882+00","2026-09-19 09:44:01.912+00","1.45","1.45",2,NULL,"2026-09-19 09:44:01.822+00","2026-09-19 09:44:01.908+00"
"24dd15b9-b6f8-4c06-aba3-021c6a85703c","20260919_094507","t-001","f-001","b-001","wv-001","st-01",NULL,"finalized","2026-09-19 09:45:07.003+00","2026-09-19 09:45:07.981+00","1.55","1.55",2,NULL,"2026-09-19 09:45:07.887+00","2026-09-19 09:45:07.98+00"
"db7861b4-b0d9-432b-beb3-85cfddd693a5","20260919_094528","t-001","f-001","b-001","wv-001","st-01",NULL,"finalized","2026-09-19 09:45:28.715+00","2026-09-19 09:45:29.697+00","1.55","1.55",2,NULL,"2026-09-19 09:45:29.613+00","2026-09-19 09:45:29.692+00"
"39834543-2cd4-4020-9442-5cc03febb661","20260919_094637","t-001","f-001","b-001","wv-001","st-01",NULL,"finalized","2026-09-19 09:46:37.453+00","2026-09-19 09:46:39.161+00","1.55","1.55",2,NULL,"2026-09-19 09:46:39.072+00","2026-09-19 09:46:39.158+00"
"f781d1f3-49f2-49e3-854a-be0e79355b8a","20260919_021333","t-001","f-001","b-001","wv-001","st-01",NULL,"finalized","2026-09-19 02:13:33.341+00","2026-09-19 02:13:39.249+00",NULL,"0.00",2,"4bf5c42e-071f-5cc6-af28-58bd720fb6aa","2026-09-19 02:13:39.157+00","2026-09-19 02:13:40.333+00"
"3f4cb7c8-d204-46fd-a211-1e89f17117b1","20260919_021315","t-001","f-001","b-001","wv-001","st-01",NULL,"finalized","2026-09-19 02:13:15.252+00","2026-09-19 02:13:17.897+00","1.75","1.75",2,"7feed842-09fd-5d83-8e6f-318240e7f8bf","2026-09-19 02:13:17.784+00","2026-09-19 02:13:18.915+00"
"90af3777-3620-459a-8c8c-580289367a48","20260919_021256","t-001","f-001","b-001","wv-001","st-01",NULL,"finalized","2026-09-19 02:12:56.301+00","2026-09-19 02:12:59.9+00","1.75","1.75",2,"573c2206-e2b4-55fd-b150-0ea23d8ec2e0","2026-09-19 02:12:59.844+00","2026-09-19 02:13:00.921+00"
"2d1d1918-ae4d-4d69-ab0a-3724ee0a4cf6","20260919_020831","t-001","f-001","b-001","wv-001","st-01",NULL,"finalized","2026-09-19 02:08:31.285+00","2026-09-19 02:08:32.946+00","0.75","0.75",2,"f3586950-dcf9-5a57-9706-3eb7442d18ac","2026-09-19 02:08:32.838+00","2026-09-19 02:08:33.956+00"
"6a4ad5d2-5949-4762-8fc0-a8ac29ef604c","20260919_020720","t-001","f-001","b-001","wv-001","st-01",NULL,"finalized","2026-09-19 02:07:20.037+00","2026-09-19 02:07:22.385+00","1.50","1.50",2,"b3391bd5-e8e4-5271-84b3-ec2369c261df","2026-09-19 02:07:22.28+00","2026-09-19 02:07:23.381+00"
"a82f75e4-a06d-43a5-b8a1-fcd4abee4d49","20260919_020749","t-001","f-001","b-001","wv-001","st-01",NULL,"finalized","2026-09-19 02:07:49.365+00","2026-09-19 02:07:50.485+00","1.50","1.50",2,"f77d70ae-1cc3-5bdc-ba8f-3b7cb653002a","2026-09-19 02:07:50.396+00","2026-09-19 02:07:51.489+00"
"924a7b74-128f-4e82-ac76-b54f7d6e2098","20260919_020011","t-001","f-001","b-001","wv-001","st-01",NULL,"finalized","2026-09-19 02:00:11.951+00","2026-09-19 02:00:15.775+00","1.35","1.35",2,"b1417561-12e4-5433-aaea-d6f20b68b439","2026-09-19 02:00:15.698+00","2026-09-19 02:00:16.751+00"
"8c0f4a8b-be91-4934-ab81-ddca49d98b43","20260919_014656","t-001","f-001","b-001","wv-001","st-01",NULL,"finalized","2026-09-19 01:46:56.233+00","2026-09-19 01:46:57.312+00","0.70","0.70",2,"27e05032-4677-5c3a-b020-a0ee5423b039","2026-09-19 01:46:57.209+00","2026-09-19 01:46:58.323+00"
"f75ad78e-0dd2-485c-90dd-267367960925","20260919_021342","t-001","f-001","b-001","wv-001","st-01",NULL,"finalized","2026-09-19 02:13:42.059+00","2026-09-19 02:13:55.792+00","2.15","2.15",2,"520e071d-aebe-5b4a-beba-33d8dd7c40f3","2026-09-19 02:13:55.692+00","2026-09-19 02:13:56.841+00"
"f1a6b911-9162-4cb0-b0a5-b159569e41fe","20260919_021337","t-001","f-001","b-001","wv-001","st-01",NULL,"finalized","2026-09-19 02:13:37.641+00","2026-09-19 02:13:51.193+00",NULL,"0.00",2,"a1f7bdab-ef18-56c6-9e47-1e74384d4dd6","2026-09-19 02:13:51.114+00","2026-09-19 02:13:52.256+00"
"018e6bfe-e11d-4cc2-9cf6-02df15114762","20260919_021223","t-001","f-001","b-001","wv-001","st-01",NULL,"finalized","2026-09-19 02:12:23.871+00","2026-09-19 02:12:30.358+00","1.75","1.75",2,"5864fe74-5871-5bbd-8c93-bf36e9c40681","2026-09-19 02:12:30.261+00","2026-09-19 02:12:31.39+00"
"8cf0a3e2-eb54-4ca6-aec6-5d236ea1d816","20260919_021233","t-001","f-001","b-001","wv-001","st-01",NULL,"finalized","2026-09-19 02:12:33.094+00","2026-09-19 02:12:36.246+00",NULL,"0.00",2,"d2c6126c-ab8b-5ccd-a75a-c9081be1eada","2026-09-19 02:12:36.18+00","2026-09-19 02:12:37.253+00"
"3427335a-6174-4589-b3be-4c6826e1eb0e","20260919_021405","t-001","f-001","b-001","wv-001","st-01",NULL,"finalized","2026-09-19 02:14:05.685+00","2026-09-19 02:14:15.291+00","2.80","2.80",2,"65e8415f-abdd-542c-a64c-f786620ced2f","2026-09-19 02:14:15.185+00","2026-09-19 02:14:16.364+00"
"f14a85f6-65a9-4212-9be0-cd9f7ff2b667","20260919_021419","t-001","f-001","b-001","wv-001","st-01",NULL,"finalized","2026-09-19 02:14:19.468+00","2026-09-19 02:14:25.019+00","2.80","2.80",2,"06e00e03-9788-5c8e-8b35-58cd9745bd3f","2026-09-19 02:14:24.901+00","2026-09-19 02:14:26.013+00"
"6867377d-c5f8-40c1-87c1-cb9d17296cb0","20260919_021430","t-001","f-001","b-001","wv-001","st-01",NULL,"finalized","2026-09-19 02:14:30.006+00","2026-09-19 02:14:30.957+00",NULL,"0.00",2,"9b51eb32-b7c7-5f05-87dd-82457ae63f06","2026-09-19 02:14:30.872+00","2026-09-19 02:14:32.054+00"
"f82b7b3c-f532-484a-84d2-18ae0fccaeb5","20260919_021442","t-001","f-001","b-001","wv-001","st-01",NULL,"finalized","2026-09-19 02:14:42.374+00","2026-09-19 02:14:44.728+00","2.50","2.50",2,"8ced2ddd-fc49-5068-9f50-14cc681ef4bc","2026-09-19 02:14:44.621+00","2026-09-19 02:14:45.838+00"
"fc4529dc-e02d-401a-b112-3c049c23e20d","20260919_021452","t-001","f-001","b-001","wv-001","st-01",NULL,"finalized","2026-09-19 02:14:52.63+00","2026-09-19 02:14:54.719+00","2.15","2.15",2,"eb19d5fa-57d6-50ef-9744-a5fab5ee1673","2026-09-19 02:14:54.62+00","2026-09-19 02:14:55.753+00"
"36290329-c136-4bbf-8105-0fd8c00f78ce","20260919_021649","t-001","f-001","b-001","wv-001","st-01",NULL,"finalized","2026-09-19 02:16:49.51+00","2026-09-19 02:16:53.541+00","1.80","1.80",2,"d7ddcc00-7f06-558e-bbc0-4e8985f7eb10","2026-09-19 02:16:53.443+00","2026-09-19 02:16:54.576+00"
"4e7bdab1-071c-401b-971f-d28717f26dac","20260919_021712","t-001","f-001","b-001","wv-001","st-01",NULL,"finalized","2026-09-19 02:17:12.212+00","2026-09-19 02:17:13.527+00","2.15","2.15",2,"12b6610e-e6ca-57ad-945d-84712b23b81d","2026-09-19 02:17:13.441+00","2026-09-19 02:17:14.564+00"
"d2903fbb-5fe0-41c4-957c-d2f09c0e342b","20260919_084409","t-001","f-001","b-001","wv-001","st-01",NULL,"finalized","2026-09-19 08:44:09.065+00","2026-09-19 08:44:10.744+00","1.40","1.40",2,NULL,"2026-09-19 08:44:10.671+00","2026-09-19 08:44:10.737+00"
"74dfecff-56be-407d-8d94-5368f0dc2c8d","20260919_084424","t-001","f-001","b-001","wv-001","st-01",NULL,"finalized","2026-09-19 08:44:24.089+00","2026-09-19 08:44:26.471+00","1.40","1.40",2,NULL,"2026-09-19 08:44:26.401+00","2026-09-19 08:44:26.467+00"
"775b5680-dad3-4266-b541-931c7d2c88d9","20260919_021356","t-001","f-001","b-001","wv-001","st-01",NULL,"finalized","2026-09-19 02:13:56.927+00","2026-09-19 02:14:05.429+00",NULL,"0.00",2,"bc489a74-6dc0-5913-83d8-d6b271a180f9","2026-09-19 02:14:05.35+00","2026-09-19 02:14:06.469+00"
"42e3cb32-7016-4979-bb1e-1fa6a7f3e708","20260919_021401","t-001","f-001","b-001","wv-001","st-01",NULL,"finalized","2026-09-19 02:14:01.358+00","2026-09-19 02:14:11.25+00","2.80","2.80",2,"8e910c52-6fa8-5333-a4f2-2e2152afea75","2026-09-19 02:14:11.162+00","2026-09-19 02:14:12.278+00"
"f8e21207-d287-4091-bd38-207b84499bac","20260919_021410","t-001","f-001","b-001","wv-001","st-01",NULL,"finalized","2026-09-19 02:14:10.754+00","2026-09-19 02:14:21.105+00","2.80","2.80",2,"a4b7b2c8-e5e5-59a1-8b20-fee23a4c6c5e","2026-09-19 02:14:20.995+00","2026-09-19 02:14:22.068+00"
"6545fb2c-8691-4c62-991b-dc1b53f9b220","20260919_021645","t-001","f-001","b-001","wv-001","st-01",NULL,"finalized","2026-09-19 02:16:45.431+00","2026-09-19 02:16:47.685+00",NULL,"0.00",2,"af377bb8-4d2a-54c4-a13b-59f6af37b4e9","2026-09-19 02:16:47.6+00","2026-09-19 02:16:48.729+00"
"c1119ed2-eec9-4fc9-9a76-509bbd2c9941","20260919_021824","t-001","f-001","b-001","wv-001","st-01",NULL,"finalized","2026-09-19 02:18:24.003+00","2026-09-19 02:18:26.007+00","1.15","1.15",2,"237b819e-fc0f-5a08-8a61-79fd52389d50","2026-09-19 02:18:25.908+00","2026-09-19 02:18:26.96+00"
"067dec36-546d-48a2-ae98-0ceea415a68c","20260919_085046","t-001","f-001","b-001","wv-001","st-01",NULL,"finalized","2026-09-19 08:50:46.332+00","2026-09-19 08:50:49.037+00","1.45","1.45",2,NULL,"2026-09-19 08:50:48.914+00","2026-09-19 08:50:49.036+00"
"6b9e1f41-bb45-484e-ab0b-a47dcbe82c51","20260919_085148","t-001","f-001","b-001","wv-001","st-01",NULL,"finalized","2026-09-19 08:51:48.46+00","2026-09-19 08:51:51.229+00","1.45","1.45",2,NULL,"2026-09-19 08:51:51.109+00","2026-09-19 08:51:51.224+00"
"296bff8a-58dc-4c7c-b14e-e26371e389d4","20260919_021434","t-001","f-001","b-001","wv-001","st-01",NULL,"finalized","2026-09-19 02:14:34.062+00","2026-09-19 02:14:36.795+00","2.45","2.45",2,"2dce60e1-1667-5d29-abca-85b761b6b335","2026-09-19 02:14:36.698+00","2026-09-19 02:14:37.808+00"
"99c5894c-bb8d-496e-b782-28a70c9297c8","20260919_021509","t-001","f-001","b-001","wv-001","st-01",NULL,"finalized","2026-09-19 02:15:09.009+00","2026-09-19 02:15:10.73+00","2.15","2.15",2,"271e2f3f-cdb2-54ff-8677-316feefa511f","2026-09-19 02:15:10.629+00","2026-09-19 02:15:11.803+00"
"35056a2e-ab3e-4f86-9eb2-16819995d85a","20260919_022118","t-001","f-001","b-001","wv-001","st-01",NULL,"finalized","2026-09-19 02:21:18.33+00","2026-09-19 02:21:21.257+00","1.00","1.00",2,"1e6b2a83-50a8-5e2c-bd6e-b013c236e068","2026-09-19 02:21:21.154+00","2026-09-19 02:21:22.299+00"
"501f7a0c-7f75-4d1c-a167-c573fcb14b73","20260919_021729","t-001","f-001","b-001","wv-001","st-01",NULL,"finalized","2026-09-19 02:17:29.075+00","2026-09-19 02:17:31.601+00","2.15","2.15",2,"c2cd18e3-992f-5da6-aa80-f2d0bacbced7","2026-09-19 02:17:31.458+00","2026-09-19 02:17:32.613+00"
"2d14c53a-6f3d-455d-b309-0897bf555d4e","20260919_022029","t-001","f-001","b-001","wv-001","st-01",NULL,"finalized","2026-09-19 02:20:29.238+00","2026-09-19 02:20:30.792+00","0.75","0.75",2,"daec168e-621e-5956-85bb-a0fb513c7aea","2026-09-19 02:20:30.692+00","2026-09-19 02:20:31.804+00"
"24d1ca10-6c41-4261-8e07-6c630f760489","20260919_022144","t-001","f-001","b-001","wv-001","st-01",NULL,"finalized","2026-09-19 02:21:44.667+00","2026-09-19 02:21:47.266+00","1.30","1.30",2,"72c28bb3-b39a-5e50-b541-f927e9e481cf","2026-09-19 02:21:47.171+00","2026-09-19 02:21:48.285+00"
"3dd9b8b4-4b64-4d31-b96c-7bd27b09381d","20260919_085217","t-001","f-001","b-001","wv-001","st-01",NULL,"finalized","2026-09-19 08:52:17.408+00","2026-09-19 08:52:19.133+00","1.45","1.45",2,NULL,"2026-09-19 08:52:19.042+00","2026-09-19 08:52:19.129+00"
"32027ffa-6e1e-46bd-b6e4-bc4b4d3755d0","20260919_085524","t-001","f-001","b-001","wv-001","st-01",NULL,"finalized","2026-09-19 08:55:24.649+00","2026-09-19 08:55:26.502+00","1.10","1.10",2,NULL,"2026-09-19 08:55:26.39+00","2026-09-19 08:55:26.498+00"
"843d37a5-e13d-41e6-8e1d-11dc165a8566","20260919_085609","t-001","f-001","b-001","wv-001","st-01",NULL,"finalized","2026-09-19 08:56:09.554+00","2026-09-19 08:56:10.564+00","1.50","1.50",2,NULL,"2026-09-19 08:56:10.463+00","2026-09-19 08:56:10.56+00"
"21830dc0-8f27-44ee-a986-663e2196f0f9","20260919_085628","t-001","f-001","b-001","wv-001","st-01",NULL,"finalized","2026-09-19 08:56:28.007+00","2026-09-19 08:56:30.487+00","1.50","1.50",2,NULL,"2026-09-19 08:56:30.401+00","2026-09-19 08:56:30.484+00"
"e619246f-5ee9-4ddd-8a0f-6c89ccbaab4f","20260919_022227","t-001","f-001","b-001","wv-001","st-01",NULL,"finalized","2026-09-19 02:22:27.925+00","2026-09-19 02:22:28.904+00","1.30","1.30",2,"bd002404-4c31-5323-b901-d7cb75918ea5","2026-09-19 02:22:28.808+00","2026-09-19 02:22:29.947+00"
"8e60b076-b32b-4424-ac00-4c07d5976ace","20260919_022244","t-001","f-001","b-001","wv-001","st-01",NULL,"finalized","2026-09-19 02:22:44.311+00","2026-09-19 02:22:46.857+00","0.60","0.60",2,"f05b44fc-ef10-5e44-8395-bda25d29935f","2026-09-19 02:22:46.761+00","2026-09-19 02:22:47.868+00"
"8c709858-6ff8-4087-97db-07a220c44900","20260919_022426","t-001","f-001","b-001","wv-001","st-01",NULL,"finalized","2026-09-19 02:24:26.935+00","2026-09-19 02:24:47.586+00","0.85","0.85",2,"8c555bdc-ff01-53d4-8c5e-6d79be0096bb","2026-09-19 02:24:47.152+00","2026-09-19 02:24:48.31+00"
"78498898-e2a9-45f5-8850-f6a448574631","20260919_085631","t-001","f-001","b-001","wv-001","st-01",NULL,"finalized","2026-09-19 08:56:31.899+00","2026-09-19 08:56:36.393+00","1.50","1.50",2,NULL,"2026-09-19 08:56:36.29+00","2026-09-19 08:56:36.389+00"
"e826307d-5720-4e1c-801f-ea709893a5b1","20260919_094615","t-001","f-001","b-001","wv-001","st-01",NULL,"finalized","2026-09-19 09:46:15.961+00","2026-09-19 09:46:17.406+00","1.55","1.55",2,NULL,"2026-09-19 09:46:17.298+00","2026-09-19 09:46:17.403+00"
"4364ad5e-b68d-4d77-88ad-16e21964a23e","20260919_173624","t-001","f-001","b-001","wv-001","st-01",NULL,"finalized","2026-09-19 17:36:24.974+00","2026-09-19 17:36:27.218+00","1.85","1.85",2,NULL,"2026-09-19 17:36:27.123+00","2026-09-19 17:36:27.215+00"
"a7b221d2-36e4-4129-9ff3-7d0f6920e0b0","20260919_173025","t-001","f-001","b-001","wv-001","st-01",NULL,"finalized","2026-09-19 17:30:25.509+00","2026-09-19 17:30:26.815+00","2.25","2.25",2,NULL,"2026-09-19 17:30:26.715+00","2026-09-19 17:30:26.812+00"
"7adccf75-c9e2-40ca-b177-a8184430f438","20260919_095920","t-001","f-001","b-001","wv-001","st-01",NULL,"finalized","2026-09-19 09:59:20.264+00","2026-09-19 09:59:22.38+00","1.80","1.80",2,NULL,"2026-09-19 09:59:22.26+00","2026-09-19 09:59:22.376+00"
"12b7f09c-cc3a-46f8-a126-12a48aa53291","20260919_171159","t-001","f-001","b-001","wv-001","st-01",NULL,"finalized","2026-09-19 17:11:59.521+00","2026-09-19 17:12:01.934+00","1.10","1.10",2,NULL,"2026-09-19 17:12:01.834+00","2026-09-19 17:12:01.931+00"
"a03f10d3-fb32-4d8f-bed2-30a3d63f1d72","20260919_172410","t-001","f-001","b-001","wv-001","st-01",NULL,"finalized","2026-09-19 17:24:10.422+00","2026-09-19 17:24:12.523+00","1.50","1.50",2,NULL,"2026-09-19 17:24:12.434+00","2026-09-19 17:24:12.52+00"
"ececf027-d851-4f94-80f7-2a8ba65df54a","20260919_022341","t-001","f-001","b-001","wv-001","st-01",NULL,"finalized","2026-09-19 02:23:41.478+00","2026-09-19 02:23:43.254+00","0.55","0.55",2,"14f94945-af8c-501b-bc4a-f0c732044a65","2026-09-19 02:23:43.157+00","2026-09-19 02:23:44.282+00"
"1cd0c67f-6fec-4ccc-a612-404412aabf9a","20260919_135752","t-001","f-001","b-001","wv-001","st-01",NULL,"finalized","2026-09-19 13:57:52.363+00","2026-09-19 13:57:54.343+00","0.70","0.70",2,NULL,"2026-09-19 13:57:54.244+00","2026-09-19 13:57:54.339+00"
"b66b7d86-410a-437a-abef-e4d96eabdcd9","20260919_085711","t-001","f-001","b-001","wv-001","st-01",NULL,"finalized","2026-09-19 08:57:11.731+00","2026-09-19 08:57:14.483+00","1.50","1.50",2,NULL,"2026-09-19 08:57:14.354+00","2026-09-19 08:57:14.479+00"
"54ff0936-99c9-49ab-9f6f-eea94e31d233","20260919_172814","t-001","f-001","b-001","wv-001","st-01",NULL,"finalized","2026-09-19 17:28:14.626+00","2026-09-19 17:28:18.93+00","2.25","2.25",2,NULL,"2026-09-19 17:28:18.553+00","2026-09-19 17:28:18.929+00"
"f6b45dfa-df14-46ff-868a-faecbf3f58df","20260919_090003","t-001","f-001","b-001","wv-001","st-01",NULL,"finalized","2026-09-19 09:00:03.634+00","2026-09-19 09:00:05.728+00","1.80","1.80",2,NULL,"2026-09-19 09:00:05.617+00","2026-09-19 09:00:05.724+00"
"33e0aa56-c6a9-4c3c-bbc7-885acb0c00e7","20260919_140757","t-001","f-001","b-001","wv-001","st-01",NULL,"finalized","2026-09-19 14:07:57.127+00","2026-09-19 14:07:58.786+00","1.05","1.05",2,NULL,"2026-09-19 14:07:58.734+00","2026-09-19 14:07:58.786+00"
"a75888e7-1a68-4776-8e7d-93cfda8db026","20260919_091015","t-001","f-001","b-001","wv-001","st-01",NULL,"finalized","2026-09-19 09:10:15.672+00","2026-09-19 09:10:18.13+00",NULL,"0.00",2,NULL,"2026-09-19 09:10:18.069+00","2026-09-19 09:10:18.129+00"
"a10fc434-ad3e-4bec-a4f9-d9de2e678764","20260919_172414","t-001","f-001","b-001","wv-001","st-01",NULL,"finalized","2026-09-19 17:24:14.978+00","2026-09-19 17:24:18.383+00","1.50","1.50",2,NULL,"2026-09-19 17:24:18.282+00","2026-09-19 17:24:18.38+00"
"581b64e2-b11b-47ec-9779-ff2b3d3aa409","20260919_140823","t-001","f-001","b-001","wv-001","st-01",NULL,"finalized","2026-09-19 14:08:23.069+00","2026-09-19 14:08:24.151+00","1.05","1.05",2,NULL,"2026-09-19 14:08:24.048+00","2026-09-19 14:08:24.147+00"
"fe5a65e3-ba88-4e3c-9563-771db1abdfa9","20260919_094608","t-001","f-001","b-001","wv-001","st-01",NULL,"finalized","2026-09-19 09:46:08.965+00","2026-09-19 09:46:11.762+00","1.55","1.55",2,NULL,"2026-09-19 09:46:11.635+00","2026-09-19 09:46:11.757+00"
"251c0292-b2ce-4db8-9dcb-d68954fdad4d","20260919_174115","t-001","f-001","b-001","wv-001","st-01",NULL,"finalized","2026-09-19 17:41:15.538+00","2026-09-19 17:41:17.989+00","1.75","1.75",2,NULL,"2026-09-19 17:41:17.881+00","2026-09-19 17:41:17.986+00"
"148826a1-1ac4-45b4-8999-33ae9221a785","20260919_170713","t-001","f-001","b-001","wv-001","st-01",NULL,"finalized","2026-09-19 17:07:13.722+00","2026-09-19 17:07:15.056+00","1.45","1.45",2,NULL,"2026-09-19 17:07:14.955+00","2026-09-19 17:07:15.053+00"
"3de95c11-661c-4a0c-aecb-80fc693f7ce7","20260919_172818","t-001","f-001","b-001","wv-001","st-01",NULL,"finalized","2026-09-19 17:28:18.923+00","2026-09-19 17:28:43.521+00","2.25","2.25",2,NULL,"2026-09-19 17:28:43.424+00","2026-09-19 17:28:43.518+00"
"f20a0d73-16ad-456a-acd0-98f7f4993bb4","20260919_172619","t-001","f-001","b-001","wv-001","st-01",NULL,"finalized","2026-09-19 17:26:19.055+00","2026-09-19 17:26:21.018+00","1.85","1.85",2,NULL,"2026-09-19 17:26:20.904+00","2026-09-19 17:26:21.014+00"
"a7959620-e006-49de-a4f9-0ecc798f69d0","20260919_171055","t-001","f-001","b-001","wv-001","st-01",NULL,"finalized","2026-09-19 17:10:55.559+00","2026-09-19 17:10:58.466+00","1.50","1.50",2,NULL,"2026-09-19 17:10:58.368+00","2026-09-19 17:10:58.463+00"
"d58f80f2-fd84-4f58-bc08-7c62c1ae6b36","20260919_173501","t-001","f-001","b-001","wv-001","st-01",NULL,"finalized","2026-09-19 17:35:01.524+00","2026-09-19 17:35:02.494+00","1.85","1.85",2,NULL,"2026-09-19 17:35:02.388+00","2026-09-19 17:35:02.49+00"
"14ef0e0a-760b-43f4-95cc-fc327e5ec056","20260919_172746","t-001","f-001","b-001","wv-001","st-01",NULL,"finalized","2026-09-19 17:27:46.403+00","2026-09-19 17:27:47.302+00","2.25","2.25",2,NULL,"2026-09-19 17:27:47.21+00","2026-09-19 17:27:47.299+00"
"0617d3a8-61b7-4d1a-a7a6-8106f092966f","20260919_172826","t-001","f-001","b-001","wv-001","st-01",NULL,"finalized","2026-09-19 17:28:26.232+00","2026-09-19 17:28:49.085+00","2.25","2.25",2,NULL,"2026-09-19 17:28:49.033+00","2026-09-19 17:28:49.084+00"
"3e99c00c-5c48-4375-b12b-9ea8e57b3d42","20260919_173706","t-001","f-001","b-001","wv-001","st-01",NULL,"finalized","2026-09-19 17:37:06.517+00","2026-09-19 17:37:09.647+00","1.85","1.85",2,NULL,"2026-09-19 17:37:09.554+00","2026-09-19 17:37:09.643+00"
"f5640905-62ba-4e1c-a9fd-868464fc0eb5","20260919_174309","t-001","f-001","b-001","wv-001","st-01",NULL,"finalized","2026-09-19 17:43:09.735+00","2026-09-19 17:43:12.56+00","2.05","2.05",2,NULL,"2026-09-19 17:43:12.467+00","2026-09-19 17:43:12.556+00"
"ea6553d2-88fc-4ca5-bcfa-802cb6868385","20260919_174119","t-001","f-001","b-001","wv-001","st-01",NULL,"finalized","2026-09-19 17:41:19.835+00","2026-09-19 17:41:23.967+00","1.75","1.75",2,NULL,"2026-09-19 17:41:23.841+00","2026-09-19 17:41:23.963+00"
"facb5f95-fbe5-4991-84d1-f01261f6a1d7","20260919_174154","t-001","f-001","b-001","wv-001","st-01",NULL,"finalized","2026-09-19 17:41:54.312+00","2026-09-19 17:41:56.233+00","2.10","2.10",2,NULL,"2026-09-19 17:41:56.117+00","2026-09-19 17:41:56.229+00"
"f888300a-be8c-4393-9227-467ba30519d6","20260919_174201","t-001","f-001","b-001","wv-001","st-01",NULL,"finalized","2026-09-19 17:42:01.521+00","2026-09-19 17:42:04.198+00","2.10","2.10",2,NULL,"2026-09-19 17:42:04.134+00","2026-09-19 17:42:04.195+00"
"4ded1469-c4d9-4358-9bc1-17b7618d0265","20260919_174321","t-001","f-001","b-001","wv-001","st-01",NULL,"finalized","2026-09-19 17:43:21.32+00","2026-09-19 17:43:22.558+00","2.05","2.05",2,NULL,"2026-09-19 17:43:22.476+00","2026-09-19 17:43:22.558+00"
"1e7eca85-fbb1-470e-b580-28065ae5224b","20260919_174419","t-001","f-001","b-001","wv-001","st-01",NULL,"finalized","2026-09-19 17:44:19.991+00","2026-09-19 17:44:22.878+00","2.40","2.40",2,NULL,"2026-09-19 17:44:22.786+00","2026-09-19 17:44:22.875+00"
"37ba9110-204d-483d-8c29-fbeb77794779","20260919_174906","t-001","f-001","b-001","wv-001","st-01",NULL,"finalized","2026-09-19 17:49:06.5+00","2026-09-19 17:49:08.586+00","1.75","1.75",2,NULL,"2026-09-19 17:49:08.496+00","2026-09-19 17:49:08.583+00"
"90f2011c-a353-4579-a0c6-293f4d29e456","20260919_174822","t-001","f-001","b-001","wv-001","st-01",NULL,"finalized","2026-09-19 17:48:22.072+00","2026-09-19 17:48:26.225+00","2.10","2.10",2,NULL,"2026-09-19 17:48:26.063+00","2026-09-19 17:48:26.22+00"
"4f941042-f83e-45bf-85f7-c8b76635658d","20260919_175024","t-001","f-001","b-001","wv-001","st-01",NULL,"finalized","2026-09-19 17:50:24.627+00","2026-09-19 17:50:30.371+00","2.10","2.10",2,NULL,"2026-09-19 17:50:30.275+00","2026-09-19 17:50:30.367+00"
"c8fa3d58-3aab-4c99-ad45-76aed0398da0","20260919_175032","t-001","f-001","b-001","wv-001","st-01",NULL,"finalized","2026-09-19 17:50:32.057+00","2026-09-19 17:50:42.845+00","2.10","2.10",2,NULL,"2026-09-19 17:50:42.749+00","2026-09-19 17:50:42.841+00"
"bdb6a146-1587-42ef-8870-1743fea96b09","20260919_093742","t-001","f-001","b-001","wv-001","st-01",NULL,"finalized","2026-09-19 09:37:42.327+00","2026-09-19 09:37:43.575+00","1.75","1.75",2,NULL,"2026-09-19 09:37:43.469+00","2026-09-19 09:37:43.572+00"
"37364de9-3ded-4b7c-ac7a-102bf9483874","20260919_022905","t-001","f-001","b-001","wv-001","st-01",NULL,"finalized","2026-09-19 02:29:05.259+00","2026-09-19 02:29:07.462+00","0.85","0.85",2,"46483384-4a7d-5a90-b936-e0400192b69d","2026-09-19 02:29:07.369+00","2026-09-19 02:29:08.465+00"
"bea24f74-4ee2-4655-9703-80444c7ff1e0","20260919_090902","t-001","f-001","b-001","wv-001","st-01",NULL,"finalized","2026-09-19 09:09:02.088+00","2026-09-19 09:09:04.176+00","2.45","2.45",2,NULL,"2026-09-19 09:09:04.083+00","2026-09-19 09:09:04.175+00"
"353517e7-4e1d-4dc0-9a39-5cf3fdd89e8c","20260919_022859","t-001","f-001","b-001","wv-001","st-01",NULL,"finalized","2026-09-19 02:28:59.553+00","2026-09-19 02:29:01.631+00","0.85","0.85",2,"66d527a5-a78c-5e85-af6d-05826beb1586","2026-09-19 02:29:01.537+00","2026-09-19 02:29:02.678+00"
"84967793-00c2-4c7f-8407-bb2cccc6a8d4","20260919_095614","t-001","f-001","b-001","wv-001","st-01",NULL,"finalized","2026-09-19 09:56:14.413+00","2026-09-19 09:56:15.52+00","1.85","1.85",2,NULL,"2026-09-19 09:56:15.442+00","2026-09-19 09:56:15.517+00"
"a5a00b80-d66c-4529-8579-99e718200dee","20260919_095852","t-001","f-001","b-001","wv-001","st-01",NULL,"finalized","2026-09-19 09:58:52.42+00","2026-09-19 09:58:54.959+00","2.20","2.20",2,NULL,"2026-09-19 09:58:54.862+00","2026-09-19 09:58:54.955+00"
"02ba3d74-5c22-4438-a266-82ffbe933055","20260919_022515","t-001","f-001","b-001","wv-001","st-01",NULL,"finalized","2026-09-19 02:25:15.809+00","2026-09-19 02:25:17.85+00","0.85","0.85",2,"f92793fd-9fe4-5851-a22e-959c61a1d6aa","2026-09-19 02:25:17.766+00","2026-09-19 02:25:18.871+00"
"a6518eb7-2f12-4f8e-8395-12c5f561f51f","20260919_091522","t-001","f-001","b-001","wv-001","st-01",NULL,"finalized","2026-09-19 09:15:22.565+00","2026-09-19 09:15:24.613+00","1.40","1.40",2,NULL,"2026-09-19 09:15:24.488+00","2026-09-19 09:15:24.609+00"
"c251a337-216c-495e-a9d9-d486b46ad45e","20260919_093808","t-001","f-001","b-001","wv-001","st-01",NULL,"finalized","2026-09-19 09:38:08.69+00","2026-09-19 09:38:09.746+00","1.45","1.45",2,NULL,"2026-09-19 09:38:09.642+00","2026-09-19 09:38:09.742+00"
"c6ffdfb7-8157-40f1-b1fd-47c2465b1e96","20260919_094316","t-001","f-001","b-001","wv-001","st-01",NULL,"finalized","2026-09-19 09:43:16.794+00","2026-09-19 09:43:18.631+00","1.80","1.80",2,NULL,"2026-09-19 09:43:18.554+00","2026-09-19 09:43:18.631+00"
"c1dfe469-7e9d-4475-8120-3a729c3d2f85","20260919_092645","t-001","f-001","b-001","wv-001","st-01",NULL,"finalized","2026-09-19 09:26:45.744+00","2026-09-19 09:26:49.913+00","2.15","2.15",2,NULL,"2026-09-19 09:26:49.81+00","2026-09-19 09:26:49.909+00"
"11791185-f489-48cc-82b1-5addcba35c53","20260919_023437","t-001","f-001","b-001","wv-001","st-01",NULL,"finalized","2026-09-19 02:34:37.784+00","2026-09-19 02:34:40.205+00","0.80","0.80",2,"8c75eb30-5736-5f3c-a3f9-488800c888a0","2026-09-19 02:34:40.112+00","2026-09-19 02:34:41.176+00"
"7d2f764c-872f-43c2-bd5f-320264b82f7f","20260919_085756","t-001","f-001","b-001","wv-001","st-01",NULL,"finalized","2026-09-19 08:57:56.95+00","2026-09-19 08:58:03.021+00","1.05","1.05",2,NULL,"2026-09-19 08:58:02.968+00","2026-09-19 08:58:03.021+00"
"5c29e812-7a0e-49b2-8fcc-e12af09f9f45","20260919_093821","t-001","f-001","b-001","wv-001","st-01",NULL,"finalized","2026-09-19 09:38:21.07+00","2026-09-19 09:38:23.639+00","1.45","1.45",2,NULL,"2026-09-19 09:38:23.569+00","2026-09-19 09:38:23.636+00"
"9a7a3ae4-242e-490f-a24f-83958c4d2c3e","20260919_093017","t-001","f-001","b-001","wv-001","st-01",NULL,"finalized","2026-09-19 09:30:17.812+00","2026-09-19 09:30:19.465+00","1.40","1.40",2,NULL,"2026-09-19 09:30:19.364+00","2026-09-19 09:30:19.462+00"
"8c8ee321-1520-4051-9c87-080af5a3349f","20260919_171001","t-001","f-001","b-001","wv-001","st-01",NULL,"finalized","2026-09-19 17:10:01.342+00","2026-09-19 17:10:04.063+00","1.05","1.05",2,NULL,"2026-09-19 17:10:03.974+00","2026-09-19 17:10:04.061+00"
"30173d36-d726-4080-a2c5-9a5c7d1ca68e","20260919_095619","t-001","f-001","b-001","wv-001","st-01",NULL,"finalized","2026-09-19 09:56:19.816+00","2026-09-19 09:56:21.134+00","1.85","1.85",2,NULL,"2026-09-19 09:56:21.059+00","2026-09-19 09:56:21.131+00"
"d2b8853a-b493-4620-a31d-ce8d95b19ae9","20260919_095241","t-001","f-001","b-001","wv-001","st-01",NULL,"finalized","2026-09-19 09:52:41.392+00","2026-09-19 09:52:43.25+00","1.55","1.55",2,NULL,"2026-09-19 09:52:43.15+00","2026-09-19 09:52:43.246+00"
"d8f56b90-c6d7-4867-8216-9261e8e852c6","20260919_094219","t-001","f-001","b-001","wv-001","st-01",NULL,"finalized","2026-09-19 09:42:19.758+00","2026-09-19 09:42:20.501+00","2.20","2.20",2,NULL,"2026-09-19 09:42:20.397+00","2026-09-19 09:42:20.499+00"
"17f2ccd3-45aa-424c-89be-584686b63f19","20260919_135902","t-001","f-001","b-001","wv-001","st-01",NULL,"finalized","2026-09-19 13:59:02.453+00","2026-09-19 13:59:04.298+00","0.70","0.70",2,NULL,"2026-09-19 13:59:04.208+00","2026-09-19 13:59:04.293+00"
"58a547d5-bbc4-4d72-aa29-1906a6c566da","20260919_135839","t-001","f-001","b-001","wv-001","st-01",NULL,"finalized","2026-09-19 13:58:39.133+00","2026-09-19 13:58:40.384+00","0.70","0.70",2,NULL,"2026-09-19 13:58:40.267+00","2026-09-19 13:58:40.379+00"
"d9e83f27-c500-4d1d-a227-213fe43086ce","20260919_100257","t-001","f-001","b-001","wv-001","st-01",NULL,"finalized","2026-09-19 10:02:57.951+00","2026-09-19 10:03:24.523+00","1.75","1.75",2,NULL,"2026-09-19 10:03:24.411+00","2026-09-19 10:03:24.52+00"
"f3de1840-1d27-4a58-8cb0-95c0b6dd3dcb","20260919_140422","t-001","f-001","b-001","wv-001","st-01",NULL,"finalized","2026-09-19 14:04:22.199+00","2026-09-19 14:04:23.883+00","1.05","1.05",2,NULL,"2026-09-19 14:04:23.827+00","2026-09-19 14:04:23.882+00"
"7309dc35-3925-47b6-ab9e-0c5627aa7604","20260919_172630","t-001","f-001","b-001","wv-001","st-01",NULL,"finalized","2026-09-19 17:26:30.105+00","2026-09-19 17:26:33.021+00","1.85","1.85",2,NULL,"2026-09-19 17:26:32.902+00","2026-09-19 17:26:33.017+00"
"b1f8e29a-e717-4ce0-b981-b3fb957d9c97","20260919_174003","t-001","f-001","b-001","wv-001","st-01",NULL,"finalized","2026-09-19 17:40:03.729+00","2026-09-19 17:40:05.513+00","1.50","1.50",2,NULL,"2026-09-19 17:40:05.414+00","2026-09-19 17:40:05.509+00"
"4f0f882e-3930-459f-b239-267cc37b4b99","20260919_174100","t-001","f-001","b-001","wv-001","st-01",NULL,"finalized","2026-09-19 17:41:00.036+00","2026-09-19 17:41:01.809+00","1.50","1.50",2,NULL,"2026-09-19 17:41:01.715+00","2026-09-19 17:41:01.805+00"
"bda9488d-6af0-4ac9-a911-18f7aa4604ea","20260919_174240","t-001","f-001","b-001","wv-001","st-01",NULL,"finalized","2026-09-19 17:42:40.139+00","2026-09-19 17:42:42.379+00","1.70","1.70",2,NULL,"2026-09-19 17:42:42.274+00","2026-09-19 17:42:42.376+00"
"b6fec67b-c3cc-459b-b317-96f3bd75b428","20260919_174435","t-001","f-001","b-001","wv-001","st-01",NULL,"finalized","2026-09-19 17:44:35.103+00","2026-09-19 17:44:36.887+00","2.40","2.40",2,NULL,"2026-09-19 17:44:36.797+00","2026-09-19 17:44:36.883+00"
"7ed22ec1-d8b8-4a27-9b96-b3c0e90d9d73","20260919_090503","t-001","f-001","b-001","wv-001","st-01",NULL,"finalized","2026-09-19 09:05:03.533+00","2026-09-19 09:05:06.246+00","2.15","2.15",2,NULL,"2026-09-19 09:05:06.135+00","2026-09-19 09:05:06.242+00"
"b26060d9-f0ee-46ba-a383-ccc766740f68","20260919_022925","t-001","f-001","b-001","wv-001","st-01",NULL,"finalized","2026-09-19 02:29:25.788+00","2026-09-19 02:29:27.308+00","0.85","0.85",2,"f2e0cc95-a36c-5ce1-ac3a-fe5f8d092b65","2026-09-19 02:29:27.217+00","2026-09-19 02:29:28.339+00"
"3b8001c4-7a36-41cf-b14a-5fa8e816dde8","20260919_022909","t-001","f-001","b-001","wv-001","st-01",NULL,"finalized","2026-09-19 02:29:09.647+00","2026-09-19 02:29:13.345+00","0.85","0.85",2,"177fdde8-7f20-5ee7-b206-75c778dd8bc0","2026-09-19 02:29:13.241+00","2026-09-19 02:29:14.289+00"
"0139f42a-28ac-4eef-b51c-d2d1fe7f9310","20260919_023702","t-001","f-001","b-001","wv-001","st-01",NULL,"finalized","2026-09-19 02:37:02.97+00","2026-09-19 02:37:05.438+00","0.50","0.50",2,"e251d4cd-29b4-53c2-926b-76d26bca6741","2026-09-19 02:37:05.345+00","2026-09-19 02:37:06.427+00"
"c22b0e70-6b91-4ce8-8073-0252c557c7f1","20260919_090811","t-001","f-001","b-001","wv-001","st-01",NULL,"finalized","2026-09-19 09:08:11.914+00","2026-09-19 09:08:14.098+00","2.15","2.15",2,NULL,"2026-09-19 09:08:13.955+00","2026-09-19 09:08:14.093+00"
"e9963edd-3e1b-4328-86f5-a23ca8858f42","20260919_090839","t-001","f-001","b-001","wv-001","st-01",NULL,"finalized","2026-09-19 09:08:39.111+00","2026-09-19 09:08:40.2+00","2.15","2.15",2,NULL,"2026-09-19 09:08:40.082+00","2026-09-19 09:08:40.195+00"
"1c0315f0-fc86-4fd6-83b6-0ce2ab83d254","20260919_090911","t-001","f-001","b-001","wv-001","st-01",NULL,"finalized","2026-09-19 09:09:11.26+00","2026-09-19 09:09:14.149+00","2.45","2.45",2,NULL,"2026-09-19 09:09:14.043+00","2026-09-19 09:09:14.145+00"
"afa242e1-3438-4d05-8dad-a6ead7ba4723","20260919_090926","t-001","f-001","b-001","wv-001","st-01",NULL,"finalized","2026-09-19 09:09:26.536+00","2026-09-19 09:09:28.16+00","2.45","2.45",2,NULL,"2026-09-19 09:09:28.091+00","2026-09-19 09:09:28.159+00"
"3b5fd5af-b111-46ef-969d-d78c995395c6","20260919_091346","t-001","f-001","b-001","wv-001","st-01",NULL,"finalized","2026-09-19 09:13:46.924+00","2026-09-19 09:13:48.425+00","1.75","1.75",2,NULL,"2026-09-19 09:13:48.325+00","2026-09-19 09:13:48.421+00"
"ce9b2365-2a24-4a26-8698-ef02473f63cb","20260919_023123","t-001","f-001","b-001","wv-001","st-01",NULL,"finalized","2026-09-19 02:31:23.18+00","2026-09-19 02:31:24.342+00","0.85","0.85",2,"e14b8c7d-6f71-5dfa-b165-3706f1073a53","2026-09-19 02:31:24.243+00","2026-09-19 02:31:25.316+00"
"87f93421-9096-42cc-ad41-18ec228153c5","20260919_024734","t-001","f-001","b-001","wv-001","st-01",NULL,"finalized","2026-09-19 02:47:34.511+00","2026-09-19 02:47:38.269+00","0.20","0.20",2,"51a7ef9c-754b-5397-804f-dc9d3619afb7","2026-09-19 02:47:38.16+00","2026-09-19 02:47:39.243+00"
"cf49eb1c-d29c-44bc-849a-c0acaf8532b9","20260919_025041","t-001","f-001","b-001","wv-001","st-01",NULL,"finalized","2026-09-19 02:50:41.154+00","2026-09-19 02:51:51.279+00","0.65","0.65",2,"c85ff8d8-355d-586e-9d3b-20b521f0d5e4","2026-09-19 02:51:50.94+00","2026-09-19 02:51:52.061+00"
"a88cc818-f2da-4ff7-b2cd-152ffe73babe","20260919_025136","t-001","f-001","b-001","wv-001","st-01",NULL,"finalized","2026-09-19 02:51:36.633+00","2026-09-19 02:53:03.866+00",NULL,"0.00",2,"45a64c88-2d21-5b67-b234-6294c006292e","2026-09-19 02:53:03.727+00","2026-09-19 02:53:04.836+00"
"d8c94d01-8a82-45ed-b827-11a64561d206","20260919_025145","t-001","f-001","b-001","wv-001","st-01",NULL,"finalized","2026-09-19 02:51:45.006+00","2026-09-19 02:53:39.577+00","0.60","0.60",2,"71adb9ce-363c-558d-9e6d-a9e12534a50b","2026-09-19 02:53:39.494+00","2026-09-19 02:53:40.563+00"
"fe5351bd-57b2-46af-b1d6-51657c6d6b7e","20260919_025408","t-001","f-001","b-001","wv-001","st-01",NULL,"finalized","2026-09-19 02:54:08.88+00","2026-09-19 02:54:12.549+00","0.60","0.60",2,"71e67dea-480e-591b-9154-9f28dcb3b6c8","2026-09-19 02:54:12.443+00","2026-09-19 02:54:13.273+00"
"72a10326-85c1-46a6-ad44-014b8e588853","20260919_092048","t-001","f-001","b-001","wv-001","st-01",NULL,"finalized","2026-09-19 09:20:48.602+00","2026-09-19 09:20:52.394+00","2.15","2.15",2,NULL,"2026-09-19 09:20:52.229+00","2026-09-19 09:20:52.39+00"
"66c8eb23-c35b-42aa-bfe9-b81a6da8c242","20260919_090959","t-001","f-001","b-001","wv-001","st-01",NULL,"finalized","2026-09-19 09:09:59.284+00","2026-09-19 09:10:00.211+00","2.45","2.45",2,NULL,"2026-09-19 09:10:00.12+00","2026-09-19 09:10:00.208+00"
"3da860be-3c79-4693-a6e5-4939455f2011","20260919_091311","t-001","f-001","b-001","wv-001","st-01",NULL,"finalized","2026-09-19 09:13:11.608+00","2026-09-19 09:13:12.545+00",NULL,"0.00",2,NULL,"2026-09-19 09:13:12.487+00","2026-09-19 09:13:12.544+00"
"39f68c04-43d0-46ab-af2e-acf85edb759d","20260919_024750","t-001","f-001","b-001","wv-001","st-01",NULL,"finalized","2026-09-19 02:47:50.031+00","2026-09-19 02:47:59.855+00","0.20","0.20",2,"68de20ff-78f6-590a-8568-c4e4c0f3762e","2026-09-19 02:47:59.706+00","2026-09-19 02:48:00.859+00"
"4c49083b-b55e-4f53-8e31-778c323abed1","20260919_093144","t-001","f-001","b-001","wv-001","st-01",NULL,"finalized","2026-09-19 09:31:44.928+00","2026-09-19 09:31:46.071+00","1.40","1.40",2,NULL,"2026-09-19 09:31:45.967+00","2026-09-19 09:31:46.067+00"
"539cf08b-ac4d-4348-bd7f-7c5bedac3c34","20260919_092549","t-001","f-001","b-001","wv-001","st-01",NULL,"finalized","2026-09-19 09:25:49.27+00","2026-09-19 09:25:50.06+00","2.15","2.15",2,NULL,"2026-09-19 09:25:49.97+00","2026-09-19 09:25:50.057+00"
"76159684-9f9e-4fba-addc-a8c342f0785f","20260919_091403","t-001","f-001","b-001","wv-001","st-01",NULL,"finalized","2026-09-19 09:14:03.482+00","2026-09-19 09:14:06.296+00","1.75","1.75",2,NULL,"2026-09-19 09:14:06.192+00","2026-09-19 09:14:06.293+00"
"3cc5d0c8-804c-4801-9544-61dc79a82f03","20260919_025140","t-001","f-001","b-001","wv-001","st-01",NULL,"finalized","2026-09-19 02:51:40.773+00","2026-09-19 02:53:29.783+00",NULL,"0.00",2,"27e50972-8485-5bba-888f-566ea3720103","2026-09-19 02:53:29.533+00","2026-09-19 02:53:30.651+00"
"78c6e3b5-21f6-4298-a265-586bba1f021d","20260919_091856","t-001","f-001","b-001","wv-001","st-01",NULL,"finalized","2026-09-19 09:18:56.757+00","2026-09-19 09:18:57.624+00",NULL,"0.00",2,NULL,"2026-09-19 09:18:57.533+00","2026-09-19 09:18:57.621+00"
"bcba4bdf-d52e-47c3-bc71-3602a0d2bf3d","20260919_100414","t-001","f-001","b-001","wv-001","st-01",NULL,"finalized","2026-09-19 10:04:14.648+00","2026-09-19 10:04:16.764+00","1.45","1.45",2,NULL,"2026-09-19 10:04:16.646+00","2026-09-19 10:04:16.76+00"
"34a568f6-1502-4714-95f5-89889acc8262","20260919_092800","t-001","f-001","b-001","wv-001","st-01",NULL,"finalized","2026-09-19 09:28:00.711+00","2026-09-19 09:28:02.539+00","2.50","2.50",2,NULL,"2026-09-19 09:28:02.448+00","2026-09-19 09:28:02.537+00"
"722d12f6-e08d-47e0-8922-f89f0e4cfcb7","20260919_091900","t-001","f-001","b-001","wv-001","st-01",NULL,"finalized","2026-09-19 09:19:00.758+00","2026-09-19 09:19:03.406+00","2.10","2.10",2,NULL,"2026-09-19 09:19:03.301+00","2026-09-19 09:19:03.402+00"
"9956fb4d-dd6a-4bd9-bea9-cdcd0e0c83c0","20260919_093243","t-001","f-001","b-001","wv-001","st-01",NULL,"finalized","2026-09-19 09:32:43.565+00","2026-09-19 09:32:46.748+00","2.05","2.05",2,NULL,"2026-09-19 09:32:46.654+00","2026-09-19 09:32:46.744+00"
"d4c84b57-fd62-4c42-8306-d938a6817994","20260919_091921","t-001","f-001","b-001","wv-001","st-01",NULL,"finalized","2026-09-19 09:19:21.465+00","2026-09-19 09:19:23.559+00","2.10","2.10",2,NULL,"2026-09-19 09:19:23.454+00","2026-09-19 09:19:23.555+00"
"590f2a7e-7f43-4028-9ba7-49b88dbef733","20260919_092804","t-001","f-001","b-001","wv-001","st-01",NULL,"finalized","2026-09-19 09:28:04.839+00","2026-09-19 09:28:08.247+00","2.50","2.50",2,NULL,"2026-09-19 09:28:08.111+00","2026-09-19 09:28:08.243+00"
"3907173f-fe80-4390-8bd2-c70fe0d110d1","20260919_171139","t-001","f-001","b-001","wv-001","st-01",NULL,"finalized","2026-09-19 17:11:39.574+00","2026-09-19 17:11:47.648+00","1.10","1.10",2,NULL,"2026-09-19 17:11:47.532+00","2026-09-19 17:11:47.645+00"
"087c00a1-dd7f-409f-8024-0a7f3fdae68e","20260919_141514","t-001","f-001","b-001","wv-001","st-01",NULL,"finalized","2026-09-19 14:15:14.755+00","2026-09-19 14:15:15.909+00","0.70","0.70",2,NULL,"2026-09-19 14:15:15.858+00","2026-09-19 14:15:15.909+00"
"525ca741-aec2-4cbd-b293-168d79c93798","20260919_094326","t-001","f-001","b-001","wv-001","st-01",NULL,"finalized","2026-09-19 09:43:26.951+00","2026-09-19 09:43:28.401+00",NULL,"0.00",2,NULL,"2026-09-19 09:43:28.311+00","2026-09-19 09:43:28.398+00"
"1a1b5545-34eb-4465-b129-b9016bd02c59","20260919_093131","t-001","f-001","b-001","wv-001","st-01",NULL,"finalized","2026-09-19 09:31:31.094+00","2026-09-19 09:31:34.227+00","1.40","1.40",2,NULL,"2026-09-19 09:31:34.112+00","2026-09-19 09:31:34.224+00"
"e651c100-34e8-412a-911d-f1e5b6abcd32","20260919_100634","t-001","f-001","b-001","wv-001","st-01",NULL,"finalized","2026-09-19 10:06:34.751+00","2026-09-19 10:06:35.707+00","1.45","1.45",2,NULL,"2026-09-19 10:06:35.606+00","2026-09-19 10:06:35.704+00"
"ffe5213a-9945-4b5e-9d29-e8ac9973ed5c","20260919_100245","t-001","f-001","b-001","wv-001","st-01",NULL,"finalized","2026-09-19 10:02:45.151+00","2026-09-19 10:02:46.534+00","1.75","1.75",2,NULL,"2026-09-19 10:02:46.434+00","2026-09-19 10:02:46.531+00"
"5c17747c-331c-4339-bfa8-052a27175ea9","20260919_171103","t-001","f-001","b-001","wv-001","st-01",NULL,"finalized","2026-09-19 17:11:03.76+00","2026-09-19 17:11:06.27+00","1.10","1.10",2,NULL,"2026-09-19 17:11:06.217+00","2026-09-19 17:11:06.269+00"
"fb8fd3ae-1be7-4279-9564-5dc8421d9b71","20260919_140905","t-001","f-001","b-001","wv-001","st-01",NULL,"finalized","2026-09-19 14:09:05.598+00","2026-09-19 14:09:08.17+00","1.05","1.05",2,NULL,"2026-09-19 14:09:08.114+00","2026-09-19 14:09:08.169+00"
"84d0d7ea-02eb-421a-a081-232660318e43","20260919_172903","t-001","f-001","b-001","wv-001","st-01",NULL,"finalized","2026-09-19 17:29:03.178+00","2026-09-19 17:29:04.848+00","2.25","2.25",2,NULL,"2026-09-19 17:29:04.745+00","2026-09-19 17:29:04.845+00"
"92072c1c-6db4-45f7-a292-7196f1e49963","20260919_172240","t-001","f-001","b-001","wv-001","st-01",NULL,"finalized","2026-09-19 17:22:40.518+00","2026-09-19 17:22:43.994+00","1.85","1.85",2,NULL,"2026-09-19 17:22:43.466+00","2026-09-19 17:22:43.989+00"
"d410edbc-a8dc-4d4d-9d88-0e0ed35e74de","20260919_171617","t-001","f-001","b-001","wv-001","st-01",NULL,"finalized","2026-09-19 17:16:17.494+00","2026-09-19 17:16:19.058+00","1.50","1.50",2,NULL,"2026-09-19 17:16:18.959+00","2026-09-19 17:16:19.055+00"
"7534bcc9-f37d-4662-a128-67b6837195ec","20260919_172322","t-001","f-001","b-001","wv-001","st-01",NULL,"finalized","2026-09-19 17:23:22.139+00","2026-09-19 17:23:24.234+00","1.55","1.55",2,NULL,"2026-09-19 17:23:24.083+00","2026-09-19 17:23:24.23+00"
"e8453ed5-0000-44d6-8e18-c349931d7730","20260919_172953","t-001","f-001","b-001","wv-001","st-01",NULL,"finalized","2026-09-19 17:29:53.888+00","2026-09-19 17:29:54.931+00","2.25","2.25",2,NULL,"2026-09-19 17:29:54.846+00","2026-09-19 17:29:54.927+00"
"f0644c14-8b10-404a-b9fe-c42febd52b85","20260919_173104","t-001","f-001","b-001","wv-001","st-01",NULL,"finalized","2026-09-19 17:31:04.116+00","2026-09-19 17:31:06.716+00","2.25","2.25",2,NULL,"2026-09-19 17:31:06.616+00","2026-09-19 17:31:06.713+00"
"f6853733-e389-415a-9f61-ba089514ba73","20260919_173726","t-001","f-001","b-001","wv-001","st-01",NULL,"finalized","2026-09-19 17:37:26.518+00","2026-09-19 17:37:27.839+00","1.85","1.85",2,NULL,"2026-09-19 17:37:27.746+00","2026-09-19 17:37:27.836+00"
"a99abf8b-cec8-4e99-84ff-dc16cc29b331","20260919_173933","t-001","f-001","b-001","wv-001","st-01",NULL,"finalized","2026-09-19 17:39:33.947+00","2026-09-19 17:39:39.29+00","1.50","1.50",2,NULL,"2026-09-19 17:39:38.906+00","2026-09-19 17:39:39.285+00"
"3e609d5b-72a9-4f8d-9c3c-a4c5cdc180b4","20260919_174817","t-001","f-001","b-001","wv-001","st-01",NULL,"finalized","2026-09-19 17:48:17.539+00","2026-09-19 17:48:20.359+00","2.10","2.10",2,NULL,"2026-09-19 17:48:20.256+00","2026-09-19 17:48:20.354+00"
"fb9bdca9-52ed-4a6d-8fe4-c9dfa6b566f0","20260919_091019","t-001","f-001","b-001","wv-001","st-01",NULL,"finalized","2026-09-19 09:10:19.763+00","2026-09-19 09:10:23.814+00","2.80","2.80",2,NULL,"2026-09-19 09:10:23.706+00","2026-09-19 09:10:23.81+00"
"976bf285-8c90-4f86-93c0-52cc2a2bca56","20260919_030910","t-001","f-001","b-001","wv-001","st-01",NULL,"finalized","2026-09-19 03:09:10.38+00","2026-09-19 03:09:14.498+00","0.30","0.30",2,"8fad52f3-471a-5590-b55f-e0a9671d880e","2026-09-19 03:09:14.404+00","2026-09-19 03:09:15.432+00"
"8b2880e9-41e3-45e5-9458-fbcdd22e0eb8","20260919_030602","t-001","f-001","b-001","wv-001","st-01",NULL,"finalized","2026-09-19 03:06:02.784+00","2026-09-19 03:06:05.865+00","0.70","0.70",2,"c469dd81-d1f6-56e9-b4b8-ce541c77284e","2026-09-19 03:06:05.749+00","2026-09-19 03:06:06.846+00"
"c43f172d-730a-4643-90f9-04f3578bc137","20260919_031126","t-001","f-001","b-001","wv-001","st-01",NULL,"finalized","2026-09-19 03:11:26.474+00","2026-09-19 03:11:31.613+00","0.30","0.30",2,"56d2cbf2-5631-56fc-9c60-519c78fcfa10","2026-09-19 03:11:31.456+00","2026-09-19 03:11:32.658+00"
"978bbf83-8adb-4f99-b70a-14e6b96c6233","20260919_030838","t-001","f-001","b-001","wv-001","st-01",NULL,"finalized","2026-09-19 03:08:38.103+00","2026-09-19 03:08:45.604+00","0.70","0.70",2,"d608b589-c65c-542d-add7-04b3f1c8fa7b","2026-09-19 03:08:45.485+00","2026-09-19 03:08:46.562+00"
"3de20c5f-6042-4022-918f-f4aa887637dd","20260919_025157","t-001","f-001","b-001","wv-001","st-01",NULL,"finalized","2026-09-19 02:51:57.339+00","2026-09-19 02:53:45.847+00","0.60","0.60",2,"da9495b5-2949-5e48-accb-c131c9198568","2026-09-19 02:53:45.751+00","2026-09-19 02:53:46.863+00"
"5782c799-4747-4b78-87cc-0a736b515cde","20260919_024841","t-001","f-001","b-001","wv-001","st-01",NULL,"finalized","2026-09-19 02:48:41.535+00","2026-09-19 02:48:44.932+00","0.35","0.35",2,"bca7b957-39b3-5aca-b6fe-1708b03c26f0","2026-09-19 02:48:44.836+00","2026-09-19 02:48:45.92+00"
"d85038ac-21fd-44d3-b721-d803ce390f96","20260919_031031","t-001","f-001","b-001","wv-001","st-01",NULL,"finalized","2026-09-19 03:10:31.091+00","2026-09-19 03:10:34.274+00","0.30","0.30",2,"fd5fd5eb-4092-5aa9-9145-7fc3f6977121","2026-09-19 03:10:34.155+00","2026-09-19 03:10:35.291+00"
"ab48dcd6-3cd9-468d-a8c9-e09a592f3601","20260919_030115","t-001","f-001","b-001","wv-001","st-01",NULL,"finalized","2026-09-19 03:01:15.121+00","2026-09-19 03:01:20.143+00","0.30","0.30",2,"08f4c035-dea6-57ed-bbfe-185a4e226b55","2026-09-19 03:01:20.081+00","2026-09-19 03:01:21.115+00"
"2662cd85-0e91-467c-b5b2-9442ad531d13","20260919_033722","t-001","f-001","b-001","wv-001","st-01",NULL,"finalized","2026-09-19 03:37:22.077+00","2026-09-19 03:37:23.756+00","0.30","0.30",2,"668b20c7-ccc8-58e1-9bbf-c7224b65f944","2026-09-19 03:37:23.664+00","2026-09-19 03:37:24.741+00"
"b3f55277-4a45-4f49-85f4-a4afedf18740","20260919_031850","t-001","f-001","b-001","wv-001","st-01",NULL,"finalized","2026-09-19 03:18:50.809+00","2026-09-19 03:18:53.355+00","0.30","0.30",2,"7409db80-6d98-5ad9-92a7-38db06475680","2026-09-19 03:18:53.261+00","2026-09-19 03:18:54.344+00"
"784ee19c-8494-4df3-afe6-a1f454f0b112","20260919_032917","t-001","f-001","b-001","wv-001","st-01",NULL,"finalized","2026-09-19 03:29:17.06+00","2026-09-19 03:29:18.789+00","0.40","0.40",2,"9f1fd1de-2b46-5a40-a9ca-c6482300df46","2026-09-19 03:29:18.666+00","2026-09-19 03:29:19.742+00"
"dc139012-dac9-47e4-b5ea-59e5e6e1a5c3","20260919_032744","t-001","f-001","b-001","wv-001","st-01",NULL,"finalized","2026-09-19 03:27:44.719+00","2026-09-19 03:27:45.808+00","0.35","0.35",2,"06924992-a7dc-5216-a79b-ffbea8116ebb","2026-09-19 03:27:45.754+00","2026-09-19 03:27:46.8+00"
"3078c1c1-bc32-4e2a-9507-33935e548be9","20260919_033101","t-001","f-001","b-001","wv-001","st-01",NULL,"finalized","2026-09-19 03:31:01.789+00","2026-09-19 03:31:03.235+00",NULL,"0.00",2,"faa9e92a-1e07-53f9-a1b8-a6af435fb66c","2026-09-19 03:31:03.161+00","2026-09-19 03:31:04.273+00"
"dec560c2-768d-4dd2-a8d6-158a16247c6e","20260919_034027","t-001","f-001","b-001","wv-001","st-01",NULL,"finalized","2026-09-19 03:40:27.766+00","2026-09-19 03:40:30.314+00","1.35","1.35",2,"9d3c13cd-f8df-5ddc-9458-d1fdfbbcea9d","2026-09-19 03:40:30.233+00","2026-09-19 03:40:31.382+00"
"0a76a26b-2120-4f27-89ee-62f66aa5e272","20260919_033741","t-001","f-001","b-001","wv-001","st-01",NULL,"finalized","2026-09-19 03:37:41.211+00","2026-09-19 03:37:43.844+00","0.30","0.30",2,"b65f6336-2624-5603-b2e8-85c08ef654b3","2026-09-19 03:37:43.782+00","2026-09-19 03:37:44.867+00"
"3518f12d-b104-423a-99bb-38529b7e1d09","20260919_034045","t-001","f-001","b-001","wv-001","st-01",NULL,"finalized","2026-09-19 03:40:45.168+00","2026-09-19 03:40:47.972+00","1.35","1.35",2,"769de27e-680c-5711-a459-b523ef8b4748","2026-09-19 03:40:47.873+00","2026-09-19 03:40:48.979+00"
"a9b68041-218c-4204-bb44-b9adffda87e3","20260919_034053","t-001","f-001","b-001","wv-001","st-01",NULL,"finalized","2026-09-19 03:40:53.051+00","2026-09-19 03:40:55.767+00","1.35","1.35",2,"88904b1d-01c4-5bef-a672-85888c8dddfd","2026-09-19 03:40:55.657+00","2026-09-19 03:40:56.775+00"
"70da907b-93af-4d31-8092-4ed7ca2e52a0","20260919_035154","t-001","f-001","b-001","wv-001","st-01",NULL,"finalized","2026-09-19 03:51:54.685+00","2026-09-19 03:51:56.648+00","0.95","0.95",2,"25d13925-012a-5fce-9616-ec3f404f213b","2026-09-19 03:51:56.556+00","2026-09-19 03:51:57.64+00"
"f412935f-c9fb-4fe3-9ba6-fdc1978c4608","20260919_091038","t-001","f-001","b-001","wv-001","st-01",NULL,"finalized","2026-09-19 09:10:38.457+00","2026-09-19 09:10:39.713+00","2.80","2.80",2,NULL,"2026-09-19 09:10:39.561+00","2026-09-19 09:10:39.708+00"
"5ac8a4d7-9c2c-4a9d-9b77-3209fd32d142","20260919_035138","t-001","f-001","b-001","wv-001","st-01",NULL,"finalized","2026-09-19 03:51:38.093+00","2026-09-19 03:51:40.617+00","0.95","0.95",2,"1adb9453-7e75-519c-bb06-156ca35d7232","2026-09-19 03:51:40.525+00","2026-09-19 03:51:41.606+00"
"a7fe540b-e537-4b31-a60f-e0aaf7538362","20260919_033853","t-001","f-001","b-001","wv-001","st-01",NULL,"finalized","2026-09-19 03:38:53.523+00","2026-09-19 03:38:57.685+00","1.40","1.40",2,"3889969a-2613-5478-a60c-363042f6ca5f","2026-09-19 03:38:57.589+00","2026-09-19 03:38:58.736+00"
"22456f1a-53a8-4b29-a1a9-e839599745ca","20260919_034654","t-001","f-001","b-001","wv-001","st-01",NULL,"finalized","2026-09-19 03:46:54.777+00","2026-09-19 03:47:00.279+00","0.65","0.65",2,"07a47df6-8794-5f04-a5c1-ce0af34ea477","2026-09-19 03:47:00.159+00","2026-09-19 03:47:01.052+00"
"e58d59ac-30d4-4a00-acac-d72c5054eb8e","20260919_032943","t-001","f-001","b-001","wv-001","st-01",NULL,"finalized","2026-09-19 03:29:43.81+00","2026-09-19 03:29:44.936+00",NULL,"0.00",2,"144214e2-bb8d-518c-8ab1-796d70caf067","2026-09-19 03:29:44.834+00","2026-09-19 03:29:45.914+00"
"940a6be2-ce93-477a-a788-8ecc16832547","20260919_091048","t-001","f-001","b-001","wv-001","st-01",NULL,"finalized","2026-09-19 09:10:48.517+00","2026-09-19 09:10:49.641+00","2.80","2.80",2,NULL,"2026-09-19 09:10:49.54+00","2026-09-19 09:10:49.637+00"
"1f6e0dda-31ce-4eab-9c9b-d93f51db3cdd","20260919_093322","t-001","f-001","b-001","wv-001","st-01",NULL,"finalized","2026-09-19 09:33:22.295+00","2026-09-19 09:33:26.593+00","2.45","2.45",2,NULL,"2026-09-19 09:33:26.485+00","2026-09-19 09:33:26.59+00"
"3943aded-6968-45c9-b91b-4c00cc4fd445","20260919_091315","t-001","f-001","b-001","wv-001","st-01",NULL,"finalized","2026-09-19 09:13:15.538+00","2026-09-19 09:13:18.429+00","1.75","1.75",2,NULL,"2026-09-19 09:13:18.33+00","2026-09-19 09:13:18.425+00"
"579851a5-7aeb-4dc6-a72b-0d4095ad36c8","20260919_095948","t-001","f-001","b-001","wv-001","st-01",NULL,"finalized","2026-09-19 09:59:48.708+00","2026-09-19 09:59:50.26+00","1.80","1.80",2,NULL,"2026-09-19 09:59:50.171+00","2026-09-19 09:59:50.257+00"
"d7462440-6b65-4bb4-a86a-168cf487eac2","20260919_100032","t-001","f-001","b-001","wv-001","st-01",NULL,"finalized","2026-09-19 10:00:32.398+00","2026-09-19 10:00:34.291+00","1.50","1.50",2,NULL,"2026-09-19 10:00:34.227+00","2026-09-19 10:00:34.29+00"
"1755322f-1f95-4f17-821a-01809eda0652","20260919_100229","t-001","f-001","b-001","wv-001","st-01",NULL,"finalized","2026-09-19 10:02:29.355+00","2026-09-19 10:02:30.851+00","1.50","1.50",2,NULL,"2026-09-19 10:02:30.751+00","2026-09-19 10:02:30.848+00"
"79766f85-3d0e-4055-bdaf-7cdd7beeb469","20260919_100314","t-001","f-001","b-001","wv-001","st-01",NULL,"finalized","2026-09-19 10:03:14.956+00","2026-09-19 10:03:30.454+00","1.75","1.75",2,NULL,"2026-09-19 10:03:30.304+00","2026-09-19 10:03:30.449+00"
"53ef8eaf-ebc9-4154-ac69-27a1f91f6074","20260919_101527","t-001","f-001","b-001","wv-001","st-01",NULL,"finalized","2026-09-19 10:15:27.819+00","2026-09-19 10:15:29.645+00","1.75","1.75",2,NULL,"2026-09-19 10:15:29.559+00","2026-09-19 10:15:29.641+00"
"32faef20-963e-48c4-8797-a4fb4b7e260b","20260919_093427","t-001","f-001","b-001","wv-001","st-01",NULL,"finalized","2026-09-19 09:34:27.556+00","2026-09-19 09:34:29.382+00","1.10","1.10",2,NULL,"2026-09-19 09:34:29.282+00","2026-09-19 09:34:29.378+00"
"9f14bb4d-a836-4407-8cb9-83252608c196","20260919_093400","t-001","f-001","b-001","wv-001","st-01",NULL,"finalized","2026-09-19 09:34:00.705+00","2026-09-19 09:34:01.97+00","1.35","1.35",2,NULL,"2026-09-19 09:34:01.879+00","2026-09-19 09:34:01.967+00"
"0090933f-0154-47c1-8c66-def1b2d8e0de","20260919_092526","t-001","f-001","b-001","wv-001","st-01",NULL,"finalized","2026-09-19 09:25:26.809+00","2026-09-19 09:25:28.226+00","2.15","2.15",2,NULL,"2026-09-19 09:25:28.075+00","2026-09-19 09:25:28.223+00"
"e92e9875-3102-4b4d-9fa9-8c5645579b3d","20260919_093318","t-001","f-001","b-001","wv-001","st-01",NULL,"finalized","2026-09-19 09:33:18.334+00","2026-09-19 09:33:20.79+00",NULL,"0.00",2,NULL,"2026-09-19 09:33:20.709+00","2026-09-19 09:33:20.789+00"
"8c331854-b3bf-4451-9782-a728c62634d6","20260919_032948","t-001","f-001","b-001","wv-001","st-01",NULL,"finalized","2026-09-19 03:29:48.303+00","2026-09-19 03:29:50.782+00","0.70","0.70",2,"daf6f358-7e67-5c4a-9d21-d785cbdab051","2026-09-19 03:29:50.676+00","2026-09-19 03:29:51.755+00"
"084bad88-980e-4baa-aa1e-d3b7abaeb9a1","20260919_093526","t-001","f-001","b-001","wv-001","st-01",NULL,"finalized","2026-09-19 09:35:26.883+00","2026-09-19 09:35:29.07+00","1.10","1.10",2,NULL,"2026-09-19 09:35:28.964+00","2026-09-19 09:35:29.067+00"
"f118b289-ed59-4bb3-bfec-430ca9c78906","20260919_093416","t-001","f-001","b-001","wv-001","st-01",NULL,"finalized","2026-09-19 09:34:16.248+00","2026-09-19 09:34:17.663+00",NULL,"0.00",2,NULL,"2026-09-19 09:34:17.569+00","2026-09-19 09:34:17.66+00"
"2555cffe-ca50-490d-ba58-fe05ca993302","20260919_092101","t-001","f-001","b-001","wv-001","st-01",NULL,"finalized","2026-09-19 09:21:01.609+00","2026-09-19 09:21:04.381+00","2.15","2.15",2,NULL,"2026-09-19 09:21:04.282+00","2026-09-19 09:21:04.378+00"
"f5b6869c-997c-4ad4-8f4e-41deff73eaf6","20260919_093341","t-001","f-001","b-001","wv-001","st-01",NULL,"finalized","2026-09-19 09:33:41.207+00","2026-09-19 09:33:44.189+00","2.45","2.45",2,NULL,"2026-09-19 09:33:44.064+00","2026-09-19 09:33:44.185+00"
"b9cb64b3-8e19-4cc9-877c-e28494e3beb9","20260919_093437","t-001","f-001","b-001","wv-001","st-01",NULL,"finalized","2026-09-19 09:34:37.051+00","2026-09-19 09:34:39.066+00","1.10","1.10",2,NULL,"2026-09-19 09:34:38.97+00","2026-09-19 09:34:39.062+00"
"69430b23-82f3-45dc-8135-e3cbaad4dc1b","20260919_095040","t-001","f-001","b-001","wv-001","st-01",NULL,"finalized","2026-09-19 09:50:40.106+00","2026-09-19 09:50:42.865+00","1.55","1.55",2,NULL,"2026-09-19 09:50:42.742+00","2026-09-19 09:50:42.861+00"
"4fe04abc-569f-4ad5-9fc7-9f3f9ad3e830","20260919_094330","t-001","f-001","b-001","wv-001","st-01",NULL,"finalized","2026-09-19 09:43:30.868+00","2026-09-19 09:43:34.04+00","1.45","1.45",2,NULL,"2026-09-19 09:43:33.949+00","2026-09-19 09:43:34.037+00"
"90e18055-3ec9-46d9-a83b-adb836d6c191","20260919_093734","t-001","f-001","b-001","wv-001","st-01",NULL,"finalized","2026-09-19 09:37:34.02+00","2026-09-19 09:37:35.811+00","2.10","2.10",2,NULL,"2026-09-19 09:37:35.719+00","2026-09-19 09:37:35.807+00"
"e7e8df8f-ef7c-40aa-9512-7357716c8d6c","20260919_095050","t-001","f-001","b-001","wv-001","st-01",NULL,"finalized","2026-09-19 09:50:50.859+00","2026-09-19 09:50:52.592+00","1.55","1.55",2,NULL,"2026-09-19 09:50:52.491+00","2026-09-19 09:50:52.588+00"
"e42dc363-2711-4ab0-8e8e-397e9c77cdda","20260919_095330","t-001","f-001","b-001","wv-001","st-01",NULL,"finalized","2026-09-19 09:53:30.401+00","2026-09-19 09:53:32.914+00","1.55","1.55",2,NULL,"2026-09-19 09:53:32.828+00","2026-09-19 09:53:32.913+00"
"24b36980-eef5-44c4-b259-a799562d9d30","20260919_095433","t-001","f-001","b-001","wv-001","st-01",NULL,"finalized","2026-09-19 09:54:33.308+00","2026-09-19 09:54:35.151+00","1.55","1.55",2,NULL,"2026-09-19 09:54:35.052+00","2026-09-19 09:54:35.147+00"
"4966448a-4fb9-4063-b2c7-2f4e8a8138e4","20260919_100700","t-001","f-001","b-001","wv-001","st-01",NULL,"finalized","2026-09-19 10:07:00.541+00","2026-09-19 10:07:01.752+00","1.45","1.45",2,NULL,"2026-09-19 10:07:01.646+00","2026-09-19 10:07:01.748+00"
"7d260ce7-9705-4cd7-b4e1-26b84fc89253","20260919_141029","t-001","f-001","b-001","wv-001","st-01",NULL,"finalized","2026-09-19 14:10:29.581+00","2026-09-19 14:10:37.008+00","1.05","1.05",2,NULL,"2026-09-19 14:10:36.923+00","2026-09-19 14:10:37.007+00"
"ac03425c-7e95-4cfb-9181-fd757d1ca21b","20260919_033105","t-001","f-001","b-001","wv-001","st-01",NULL,"finalized","2026-09-19 03:31:05.774+00","2026-09-19 03:31:09.035+00","0.70","0.70",2,"84590d28-6a52-5043-9edf-262b5c7fc5b5","2026-09-19 03:31:08.983+00","2026-09-19 03:31:10.013+00"
"be2f462a-6b6c-4c4f-b63b-b8411c9640a4","20260919_034219","t-001","f-001","b-001","wv-001","st-01",NULL,"finalized","2026-09-19 03:42:19.027+00","2026-09-19 03:42:20.926+00","1.00","1.00",2,"923f05e5-6453-5911-93dd-9cad7959784b","2026-09-19 03:42:20.833+00","2026-09-19 03:42:21.919+00"
"09ae9003-7f0a-41cf-896f-7f3364d22a2e","20260919_034200","t-001","f-001","b-001","wv-001","st-01",NULL,"finalized","2026-09-19 03:42:00.041+00","2026-09-19 03:42:02.975+00","1.35","1.35",2,"4d0f6774-712c-53ea-b6c1-317044383407","2026-09-19 03:42:02.878+00","2026-09-19 03:42:04.02+00"
"a538c5af-53db-4d0d-9fd1-96d5ea1d809e","20260919_034102","t-001","f-001","b-001","wv-001","st-01",NULL,"finalized","2026-09-19 03:41:02.429+00","2026-09-19 03:41:03.747+00","1.35","1.35",2,"18168ff2-e99d-5c71-8304-25ca7b072b51","2026-09-19 03:41:03.654+00","2026-09-19 03:41:04.772+00"
"3287156a-4e7d-4cb4-8577-a145bfe5174e","20260919_033849","t-001","f-001","b-001","wv-001","st-01",NULL,"finalized","2026-09-19 03:38:49.433+00","2026-09-19 03:38:51.888+00",NULL,"0.00",2,"79403027-4b34-549e-97e5-a5e02e85515c","2026-09-19 03:38:51.819+00","2026-09-19 03:38:52.966+00"
"dc9fadb3-e323-4855-95be-86fccd56e0d3","20260919_034041","t-001","f-001","b-001","wv-001","st-01",NULL,"finalized","2026-09-19 03:40:41.139+00","2026-09-19 03:40:42.21+00",NULL,"0.00",2,"8d4a4335-debe-599f-aec9-6c52a6a51dc8","2026-09-19 03:40:42.135+00","2026-09-19 03:40:43.214+00"
"8fd18170-c087-415c-b49e-727cfa22934d","20260919_034308","t-001","f-001","b-001","wv-001","st-01",NULL,"finalized","2026-09-19 03:43:08.996+00","2026-09-19 03:43:11.256+00","0.65","0.65",2,"dbd09976-14a2-5528-b310-7d0b7b8f3316","2026-09-19 03:43:11.155+00","2026-09-19 03:43:12.176+00"
"705b0bdd-f264-416f-9065-1a2fadcd1296","20260919_095317","t-001","f-001","b-001","wv-001","st-01",NULL,"finalized","2026-09-19 09:53:17.695+00","2026-09-19 09:53:19.374+00","1.55","1.55",2,NULL,"2026-09-19 09:53:19.251+00","2026-09-19 09:53:19.371+00"
"5873643a-b8c0-42a5-a042-fbfe18627059","20260919_095632","t-001","f-001","b-001","wv-001","st-01",NULL,"finalized","2026-09-19 09:56:32.662+00","2026-09-19 09:56:34.937+00",NULL,"0.00",2,NULL,"2026-09-19 09:56:34.893+00","2026-09-19 09:56:34.936+00"
"1c5d52e5-b4d1-4070-80be-b78360e9a41a","20260919_095637","t-001","f-001","b-001","wv-001","st-01",NULL,"finalized","2026-09-19 09:56:37.709+00","2026-09-19 09:56:40.53+00","2.20","2.20",2,NULL,"2026-09-19 09:56:40.446+00","2026-09-19 09:56:40.529+00"
"001cb4c1-745a-425f-a7e0-870c777cc7fb","20260919_095748","t-001","f-001","b-001","wv-001","st-01",NULL,"finalized","2026-09-19 09:57:48.979+00","2026-09-19 09:57:50.758+00","1.90","1.90",2,NULL,"2026-09-19 09:57:50.681+00","2026-09-19 09:57:50.755+00"
"0ec409d1-2e78-45f2-b8c3-91debfca6fe6","20260919_095857","t-001","f-001","b-001","wv-001","st-01",NULL,"finalized","2026-09-19 09:58:57.641+00","2026-09-19 09:59:00.506+00","1.80","1.80",2,NULL,"2026-09-19 09:59:00.454+00","2026-09-19 09:59:00.505+00"
"62a1c060-beda-42c7-90ab-c339eca3f8e0","20260919_141318","t-001","f-001","b-001","wv-001","st-01",NULL,"finalized","2026-09-19 14:13:18.018+00","2026-09-19 14:13:19.83+00","1.05","1.05",2,NULL,"2026-09-19 14:13:19.738+00","2026-09-19 14:13:19.827+00"
"82d12323-4480-4198-8886-edba34aee2c6","20260919_141632","t-001","f-001","b-001","wv-001","st-01",NULL,"finalized","2026-09-19 14:16:32.013+00","2026-09-19 14:16:34+00","0.70","0.70",2,NULL,"2026-09-19 14:16:33.908+00","2026-09-19 14:16:33.997+00"
"14cef8e0-5829-464e-8706-dfa467906908","20260919_101658","t-001","f-001","b-001","wv-001","st-01",NULL,"finalized","2026-09-19 10:16:58.046+00","2026-09-19 10:17:00.203+00","1.75","1.75",2,NULL,"2026-09-19 10:17:00.149+00","2026-09-19 10:17:00.203+00"
"90985aa5-fcec-4736-8a1f-8150732995b5","20260919_033358","t-001","f-001","b-001","wv-001","st-01",NULL,"finalized","2026-09-19 03:33:58.585+00","2026-09-19 03:34:00.428+00","0.40","0.40",2,"5a990f00-431b-5c65-8131-5541ec9f5192","2026-09-19 03:34:00.381+00","2026-09-19 03:34:01.462+00"
"452b389a-aa5a-4c17-b6b0-01b21c082e10","20260919_033815","t-001","f-001","b-001","wv-001","st-01",NULL,"finalized","2026-09-19 03:38:15.813+00","2026-09-19 03:38:19.769+00","0.65","0.65",2,"c2401cac-bf4b-56d7-9a76-a30b3bf19b7a","2026-09-19 03:38:19.675+00","2026-09-19 03:38:20.788+00"
"73fcca2f-5558-4973-bdde-8a70e7e126e9","20260919_033520","t-001","f-001","b-001","wv-001","st-01",NULL,"finalized","2026-09-19 03:35:20.981+00","2026-09-19 03:35:22.868+00","0.40","0.40",2,"e658ce0c-00de-5b48-9ddf-6c7bdb5482e8","2026-09-19 03:35:22.708+00","2026-09-19 03:35:23.78+00"
"9450a13e-86df-4949-a0be-b2045cee0882","20260919_033811","t-001","f-001","b-001","wv-001","st-01",NULL,"finalized","2026-09-19 03:38:11.746+00","2026-09-19 03:38:13.988+00",NULL,"0.00",2,"d7bbc566-e188-569c-9ff6-57ef78b418da","2026-09-19 03:38:13.884+00","2026-09-19 03:38:15.003+00"
"738a1f60-bac3-4445-b2f7-c5db85c9748e","20260919_034135","t-001","f-001","b-001","wv-001","st-01",NULL,"finalized","2026-09-19 03:41:35.065+00","2026-09-19 03:41:42.073+00","1.35","1.35",2,"bf671d31-b7ae-5c9e-98fb-280a05109076","2026-09-19 03:41:40.601+00","2026-09-19 03:41:42.716+00"
"a464ba84-6078-48d8-8c56-e022fdd6d89e","20260919_034149","t-001","f-001","b-001","wv-001","st-01",NULL,"finalized","2026-09-19 03:41:49.915+00","2026-09-19 03:41:53.075+00","1.35","1.35",2,"b318cec0-a151-5a43-88a4-c0393dd47bad","2026-09-19 03:41:52.983+00","2026-09-19 03:41:54.097+00"
"01fe83bd-f1cc-4d9c-89ac-078ff8c1f18a","20260919_035848","t-001","f-001","b-001","wv-001","st-01",NULL,"finalized","2026-09-19 03:58:48.403+00","2026-09-19 03:58:50.091+00","0.70","0.70",2,"9649694a-b674-5281-b689-ab0b2c4984a1","2026-09-19 03:58:50.008+00","2026-09-19 03:58:51.127+00"
"1c7ec43c-0c8a-4cde-a7ca-4d23b3adc829","20260919_101748","t-001","f-001","b-001","wv-001","st-01",NULL,"finalized","2026-09-19 10:17:48.271+00","2026-09-19 10:17:50.464+00","1.75","1.75",2,NULL,"2026-09-19 10:17:50.343+00","2026-09-19 10:17:50.46+00"
"148427c8-5db3-4dc1-8298-0b0605f5ca62","20260919_102632","t-001","f-001","b-001","wv-001","st-01",NULL,"finalized","2026-09-19 10:26:32.037+00","2026-09-19 10:26:33.154+00","1.80","1.80",2,NULL,"2026-09-19 10:26:33.047+00","2026-09-19 10:26:33.151+00"
"8885af6c-a7ac-4cd8-b5a5-ecc352b690d1","20260919_141846","t-001","f-001","b-001","wv-001","st-01",NULL,"finalized","2026-09-19 14:18:46.777+00","2026-09-19 14:18:48.065+00","0.70","0.70",2,NULL,"2026-09-19 14:18:48.018+00","2026-09-19 14:18:48.064+00"
"46dd5702-7336-402e-b019-d717c35a57bb","20260919_040540","t-001","f-001","b-001","wv-001","st-01",NULL,"finalized","2026-09-19 04:05:40.456+00","2026-09-19 04:05:41.527+00","0.75","0.75",2,"8ea17bef-658d-5b4c-bb03-616174065dcb","2026-09-19 04:05:41.418+00","2026-09-19 04:05:42.524+00"
"ee2dcc70-b4b7-4e7d-82f9-2ab9b5c66149","20260919_142924","t-001","f-001","b-001","wv-001","st-01",NULL,"finalized","2026-09-19 14:29:24.337+00","2026-09-19 14:29:26.642+00","1.10","1.10",2,NULL,"2026-09-19 14:29:26.545+00","2026-09-19 14:29:26.639+00"
"fd507f9c-d53a-418e-b9ae-4f3309398990","20260919_101822","t-001","f-001","b-001","wv-001","st-01",NULL,"finalized","2026-09-19 10:18:22.403+00","2026-09-19 10:18:24.601+00","1.75","1.75",2,NULL,"2026-09-19 10:18:24.486+00","2026-09-19 10:18:24.595+00"
"5a8b9b60-9f1b-4490-8b97-8a53e6252f8d","20260919_103656","t-001","f-001","b-001","wv-001","st-01",NULL,"finalized","2026-09-19 10:36:56.817+00","2026-09-19 10:36:57.818+00","2.15","2.15",2,NULL,"2026-09-19 10:36:57.717+00","2026-09-19 10:36:57.814+00"
"d64f82bb-26e4-44ec-a1f5-e5d39082b411","20260919_141944","t-001","f-001","b-001","wv-001","st-01",NULL,"finalized","2026-09-19 14:19:44.054+00","2026-09-19 14:19:46.224+00","0.70","0.70",2,NULL,"2026-09-19 14:19:46.105+00","2026-09-19 14:19:46.22+00"
"39797f4f-b6ec-4ac2-83ae-8dbc54cf9b2f","20260919_172158","t-001","f-001","b-001","wv-001","st-01",NULL,"finalized","2026-09-19 17:21:58.883+00","2026-09-19 17:22:01.759+00","1.85","1.85",2,NULL,"2026-09-19 17:22:01.599+00","2026-09-19 17:22:01.754+00"
"2679dfa6-9304-4717-9c81-cb93b3325cf8","20260919_102752","t-001","f-001","b-001","wv-001","st-01",NULL,"finalized","2026-09-19 10:27:52.972+00","2026-09-19 10:27:55.481+00","2.20","2.20",2,NULL,"2026-09-19 10:27:55.382+00","2026-09-19 10:27:55.477+00"
"35ea944b-01d4-4dd6-83c2-39ba31ab9861","20260919_172205","t-001","f-001","b-001","wv-001","st-01",NULL,"finalized","2026-09-19 17:22:05.454+00","2026-09-19 17:22:07.699+00","1.85","1.85",2,NULL,"2026-09-19 17:22:07.588+00","2026-09-19 17:22:07.696+00"
"61b50005-eeea-4ca7-b832-f6ffd1480c2c","20260919_143225","t-001","f-001","b-001","wv-001","st-01",NULL,"finalized","2026-09-19 14:32:25.343+00","2026-09-19 14:32:42.589+00","1.10","1.10",2,NULL,"2026-09-19 14:32:42.489+00","2026-09-19 14:32:42.585+00"
"6d220398-177e-4233-a7ce-a51db9c65d7c","20260919_172533","t-001","f-001","b-001","wv-001","st-01",NULL,"finalized","2026-09-19 17:25:33.335+00","2026-09-19 17:25:34.724+00","1.85","1.85",2,NULL,"2026-09-19 17:25:34.622+00","2026-09-19 17:25:34.72+00"
"f3a5e88c-5fd9-40ac-a2b2-4d0b23d732ba","20260919_172516","t-001","f-001","b-001","wv-001","st-01",NULL,"finalized","2026-09-19 17:25:16.597+00","2026-09-19 17:25:18.736+00","1.50","1.50",2,NULL,"2026-09-19 17:25:18.663+00","2026-09-19 17:25:18.733+00"
"b44291d5-023f-42b6-8a89-a59cfcb4805b","20260919_172648","t-001","f-001","b-001","wv-001","st-01",NULL,"finalized","2026-09-19 17:26:48.155+00","2026-09-19 17:26:51.016+00","2.25","2.25",2,NULL,"2026-09-19 17:26:50.952+00","2026-09-19 17:26:51.013+00"
"750ee5a5-8b68-4a48-bc2b-330646307937","20260919_173057","t-001","f-001","b-001","wv-001","st-01",NULL,"finalized","2026-09-19 17:30:57.679+00","2026-09-19 17:30:58.935+00","2.25","2.25",2,NULL,"2026-09-19 17:30:58.836+00","2026-09-19 17:30:58.931+00"
"9a797bda-b227-4d8b-a53a-6bd771861494","20260919_173253","t-001","f-001","b-001","wv-001","st-01",NULL,"finalized","2026-09-19 17:32:53.621+00","2026-09-19 17:32:55.482+00","1.85","1.85",2,NULL,"2026-09-19 17:32:55.355+00","2026-09-19 17:32:55.477+00"
"22f34625-234f-441f-a364-f98d39ad51ce","20260919_174451","t-001","f-001","b-001","wv-001","st-01",NULL,"finalized","2026-09-19 17:44:51.178+00","2026-09-19 17:45:08.972+00","2.40","2.40",2,NULL,"2026-09-19 17:45:06.871+00","2026-09-19 17:45:08.968+00"
"b92b09d8-ecac-4259-80d6-64ca1f0a06e6","20260919_153400","t-001","f-001","b-001","wv-001","st-01",NULL,"finalized","2026-09-19 15:34:00.172+00","2026-09-19 15:34:00.933+00","1.10","1.10",2,NULL,"2026-09-19 15:34:00.842+00","2026-09-19 15:34:00.928+00"
"91087b0d-dc47-4e8b-82aa-244112b88273","20260919_040623","t-001","f-001","b-001","wv-001","st-01",NULL,"finalized","2026-09-19 04:06:23.764+00","2026-09-19 04:06:25.656+00",NULL,"0.00",2,"6d97f741-b418-57db-9f50-df10fab14023","2026-09-19 04:06:25.605+00","2026-09-19 04:06:26.729+00"
"55242ab7-e5ba-425c-b3b0-39a29328cf2d","20260919_143419","t-001","f-001","b-001","wv-001","st-01",NULL,"finalized","2026-09-19 14:34:19.464+00","2026-09-19 14:34:22.236+00","1.10","1.10",2,NULL,"2026-09-19 14:34:22.126+00","2026-09-19 14:34:22.231+00"
"daa29c7e-da57-4a8f-aef9-425da95cbe92","20260919_101842","t-001","f-001","b-001","wv-001","st-01",NULL,"finalized","2026-09-19 10:18:42.803+00","2026-09-19 10:18:44.654+00",NULL,"0.00",2,NULL,"2026-09-19 10:18:44.556+00","2026-09-19 10:18:44.648+00"
"689c5d1a-1166-4e8b-b074-008252203d12","20260919_144225","t-001","f-001","b-001","wv-001","st-01",NULL,"finalized","2026-09-19 14:42:25.808+00","2026-09-19 14:42:27.219+00","1.50","1.50",2,NULL,"2026-09-19 14:42:27.109+00","2026-09-19 14:42:27.216+00"
"153a15f0-bf11-4139-9509-63a1284e173c","20260919_153754","t-001","f-001","b-001","wv-001","st-01",NULL,"finalized","2026-09-19 15:37:54.977+00","2026-09-19 15:37:57.457+00","1.10","1.10",2,NULL,"2026-09-19 15:37:57.405+00","2026-09-19 15:37:57.456+00"
"4c5cc1f4-1314-4eae-b157-5103d69b12ca","20260919_102237","t-001","f-001","b-001","wv-001","st-01",NULL,"finalized","2026-09-19 10:22:37.416+00","2026-09-19 10:22:39.517+00","2.15","2.15",2,NULL,"2026-09-19 10:22:39.421+00","2026-09-19 10:22:39.513+00"
"d5295bb8-d276-476f-b696-83f9ea9f39f3","20260919_143738","t-001","f-001","b-001","wv-001","st-01",NULL,"finalized","2026-09-19 14:37:38.431+00","2026-09-19 14:37:39.442+00","1.10","1.10",2,NULL,"2026-09-19 14:37:39.344+00","2026-09-19 14:37:39.438+00"
"ae410e62-9016-4c1b-8a6d-011dbf4ee03e","20260919_143127","t-001","f-001","b-001","wv-001","st-01",NULL,"finalized","2026-09-19 14:31:27.625+00","2026-09-19 14:31:29.462+00","1.10","1.10",2,NULL,"2026-09-19 14:31:29.35+00","2026-09-19 14:31:29.457+00"
"678738e8-5f30-4c04-827f-377f06470cf0","20260919_153008","t-001","f-001","b-001","wv-001","st-01",NULL,"finalized","2026-09-19 15:30:08.694+00","2026-09-19 15:30:11.364+00","0.75","0.75",2,NULL,"2026-09-19 15:30:11.251+00","2026-09-19 15:30:11.36+00"
"a029a847-e46d-4b43-99e4-c72df6d97094","20260919_143912","t-001","f-001","b-001","wv-001","st-01",NULL,"finalized","2026-09-19 14:39:12.94+00","2026-09-19 14:39:13.968+00","1.10","1.10",2,NULL,"2026-09-19 14:39:13.876+00","2026-09-19 14:39:13.965+00"
"41eb87ef-9342-45fd-89e3-686bef0c2377","20260919_153655","t-001","f-001","b-001","wv-001","st-01",NULL,"finalized","2026-09-19 15:36:55.129+00","2026-09-19 15:36:57.444+00","1.10","1.10",2,NULL,"2026-09-19 15:36:57.345+00","2026-09-19 15:36:57.44+00"
"220668f4-28b3-465b-b932-fc82015a3531","20260919_155523","t-001","f-001","b-001","wv-001","st-01",NULL,"finalized","2026-09-19 15:55:23.595+00","2026-09-19 15:55:24.498+00","0.70","0.70",2,NULL,"2026-09-19 15:55:24.393+00","2026-09-19 15:55:24.494+00"
"835b74fe-4050-49a7-be07-7cf0345e850e","20260919_155137","t-001","f-001","b-001","wv-001","st-01",NULL,"finalized","2026-09-19 15:51:37.952+00","2026-09-19 15:51:39.412+00","1.10","1.10",2,NULL,"2026-09-19 15:51:39.354+00","2026-09-19 15:51:39.411+00"
"5ef40336-852a-4f66-b80f-6bf27eadeb57","20260919_155106","t-001","f-001","b-001","wv-001","st-01",NULL,"finalized","2026-09-19 15:51:06.772+00","2026-09-19 15:51:07.572+00","1.10","1.10",2,NULL,"2026-09-19 15:51:07.472+00","2026-09-19 15:51:07.569+00"
"c96de938-8fa5-45c3-a96c-af74028e3567","20260919_155447","t-001","f-001","b-001","wv-001","st-01",NULL,"finalized","2026-09-19 15:54:47.514+00","2026-09-19 15:54:50.146+00","0.70","0.70",2,NULL,"2026-09-19 15:54:50.037+00","2026-09-19 15:54:50.143+00"
"286f1651-fbd3-4228-ac83-4a1c05865422","20260919_155701","t-001","f-001","b-001","wv-001","st-01",NULL,"finalized","2026-09-19 15:57:01.79+00","2026-09-19 15:57:02.649+00","1.10","1.10",2,NULL,"2026-09-19 15:57:02.531+00","2026-09-19 15:57:02.644+00"
"e4e53133-cd05-42c2-b85c-da82f7b56e94","20260919_160630","t-001","f-001","b-001","wv-001","st-01",NULL,"finalized","2026-09-19 16:06:30.898+00","2026-09-19 16:06:32.775+00","0.70","0.70",2,NULL,"2026-09-19 16:06:32.675+00","2026-09-19 16:06:32.771+00"
"afad72ea-6ddb-49d2-a682-fd35e41cbc46","20260919_160702","t-001","f-001","b-001","wv-001","st-01",NULL,"finalized","2026-09-19 16:07:02.18+00","2026-09-19 16:07:04.676+00","0.70","0.70",2,NULL,"2026-09-19 16:07:04.579+00","2026-09-19 16:07:04.673+00"
"fa2582ac-685e-4624-9219-671b4679412c","20260919_161023","t-001","f-001","b-001","wv-001","st-01",NULL,"finalized","2026-09-19 16:10:23.198+00","2026-09-19 16:10:25.548+00","0.70","0.70",2,NULL,"2026-09-19 16:10:25.394+00","2026-09-19 16:10:25.544+00"
"083b2cfd-5c02-4081-a12c-de82a2c995f3","20260919_161212","t-001","f-001","b-001","wv-001","st-01",NULL,"finalized","2026-09-19 16:12:12.927+00","2026-09-19 16:12:14.236+00","0.70","0.70",2,NULL,"2026-09-19 16:12:14.114+00","2026-09-19 16:12:14.232+00"
"184b8ee1-3ade-41ae-97ae-4cec2e9f0946","20260919_161255","t-001","f-001","b-001","wv-001","st-01",NULL,"finalized","2026-09-19 16:12:55.394+00","2026-09-19 16:12:56.294+00",NULL,"0.00",2,NULL,"2026-09-19 16:12:56.203+00","2026-09-19 16:12:56.289+00"
"db5d40e2-522d-4b98-843e-360ded4669a7","20260919_155547","t-001","f-001","b-001","wv-001","st-01",NULL,"finalized","2026-09-19 15:55:47.719+00","2026-09-19 15:55:50.439+00","0.70","0.70",2,NULL,"2026-09-19 15:55:50.337+00","2026-09-19 15:55:50.433+00"
"6e1ad0ce-df53-4dea-a8fb-6d753487cf6e","20260919_102707","t-001","f-001","b-001","wv-001","st-01",NULL,"finalized","2026-09-19 10:27:07.531+00","2026-09-19 10:27:09.359+00","1.80","1.80",2,NULL,"2026-09-19 10:27:09.245+00","2026-09-19 10:27:09.356+00"
"6e45a5d4-43f8-4d65-8a1b-f5648e6cee02","20260919_040807","t-001","f-001","b-001","wv-001","st-01",NULL,"finalized","2026-09-19 04:08:07.864+00","2026-09-19 04:08:10.14+00","1.45","1.45",2,"9e34c5ab-ea78-5cd0-ab73-1019dc31c572","2026-09-19 04:08:10.04+00","2026-09-19 04:08:11.161+00"
"8586ff34-328b-4195-941a-927e55d7049e","20260919_040627","t-001","f-001","b-001","wv-001","st-01",NULL,"finalized","2026-09-19 04:06:27.916+00","2026-09-19 04:06:31.605+00","1.05","1.05",2,"f42d0daf-c26e-5997-ad02-81e5b3c0b6fd","2026-09-19 04:06:31.502+00","2026-09-19 04:06:32.545+00"
"d82df318-30d4-40ce-8718-0e3ea2688451","20260919_144244","t-001","f-001","b-001","wv-001","st-01",NULL,"finalized","2026-09-19 14:42:44.017+00","2026-09-19 14:42:45.141+00","1.15","1.15",2,NULL,"2026-09-19 14:42:45.038+00","2026-09-19 14:42:45.138+00"
"fe716b35-4e95-4bab-a496-3679a136150b","20260919_041128","t-001","f-001","b-001","wv-001","st-01",NULL,"finalized","2026-09-19 04:11:28.975+00","2026-09-19 04:11:30.132+00","1.45","1.45",2,"c7033d6d-97b5-5feb-abf0-625cca868e42","2026-09-19 04:11:30.072+00","2026-09-19 04:11:31.142+00"
"253d27ed-b0ad-4b1d-ae3f-b5ec340a9955","20260919_102736","t-001","f-001","b-001","wv-001","st-01",NULL,"finalized","2026-09-19 10:27:36.834+00","2026-09-19 10:27:39.488+00","2.20","2.20",2,NULL,"2026-09-19 10:27:39.398+00","2026-09-19 10:27:39.485+00"
"b122992d-9f18-4983-8b40-f63d51285e1c","20260919_101846","t-001","f-001","b-001","wv-001","st-01",NULL,"finalized","2026-09-19 10:18:46.884+00","2026-09-19 10:18:50.447+00","2.15","2.15",2,NULL,"2026-09-19 10:18:50.33+00","2026-09-19 10:18:50.442+00"
"582efea0-6a7a-4c2f-942d-1f5640f8b505","20260919_161342","t-001","f-001","b-001","wv-001","st-01",NULL,"finalized","2026-09-19 16:13:42.087+00","2026-09-19 16:13:43.908+00","1.05","1.05",2,NULL,"2026-09-19 16:13:43.816+00","2026-09-19 16:13:43.905+00"
"d6805cad-30aa-48d8-b41d-50b9435bc79d","20260919_153431","t-001","f-001","b-001","wv-001","st-01",NULL,"finalized","2026-09-19 15:34:31.126+00","2026-09-19 15:34:32.888+00","1.10","1.10",2,NULL,"2026-09-19 15:34:32.782+00","2026-09-19 15:34:32.884+00"
"f7d2d77f-b421-45b1-ba83-636a7026f537","20260919_143138","t-001","f-001","b-001","wv-001","st-01",NULL,"finalized","2026-09-19 14:31:38.839+00","2026-09-19 14:31:41.217+00","1.10","1.10",2,NULL,"2026-09-19 14:31:41.159+00","2026-09-19 14:31:41.216+00"
"ec143b89-3f23-4777-9535-4c5ac327320c","20260919_161259","t-001","f-001","b-001","wv-001","st-01",NULL,"finalized","2026-09-19 16:12:59.711+00","2026-09-19 16:13:02.197+00","1.05","1.05",2,NULL,"2026-09-19 16:13:02.098+00","2026-09-19 16:13:02.192+00"
"ffe07b89-a841-4990-a873-7ad349837c6e","20260919_160746","t-001","f-001","b-001","wv-001","st-01",NULL,"finalized","2026-09-19 16:07:46.508+00","2026-09-19 16:07:48.715+00","0.70","0.70",2,NULL,"2026-09-19 16:07:48.649+00","2026-09-19 16:07:48.713+00"
"06dc17fa-857f-47c8-a522-015b0fb93b13","20260919_161318","t-001","f-001","b-001","wv-001","st-01",NULL,"finalized","2026-09-19 16:13:18.147+00","2026-09-19 16:13:20.001+00","1.05","1.05",2,NULL,"2026-09-19 16:13:19.947+00","2026-09-19 16:13:20+00"
"4e4c187c-d8be-457c-97a6-a1693f960a1b","20260919_161612","t-001","f-001","b-001","wv-001","st-01",NULL,"finalized","2026-09-19 16:16:12.36+00","2026-09-19 16:16:14.898+00","1.05","1.05",2,NULL,"2026-09-19 16:16:14.794+00","2026-09-19 16:16:14.893+00"
"4f010580-a40f-43ff-b756-e808a535a5b7","20260919_161617","t-001","f-001","b-001","wv-001","st-01",NULL,"finalized","2026-09-19 16:16:17.654+00","2026-09-19 16:16:20.678+00","1.05","1.05",2,NULL,"2026-09-19 16:16:20.547+00","2026-09-19 16:16:20.668+00"
"d2b35198-2e3e-4a08-a10c-5cd005b64770","20260919_161642","t-001","f-001","b-001","wv-001","st-01",NULL,"finalized","2026-09-19 16:16:42.487+00","2026-09-19 16:16:48.393+00","1.05","1.05",2,NULL,"2026-09-19 16:16:48.286+00","2026-09-19 16:16:48.389+00"
"3e419c96-39d7-4b2c-91f6-03fd90605010","20260919_161931","t-001","f-001","b-001","wv-001","st-01",NULL,"finalized","2026-09-19 16:19:31.011+00","2026-09-19 16:19:33.442+00","1.05","1.05",2,NULL,"2026-09-19 16:19:33.345+00","2026-09-19 16:19:33.438+00"
"bd8ba7b2-d7c7-4afd-891a-fc31f5359a58","20260919_162015","t-001","f-001","b-001","wv-001","st-01",NULL,"finalized","2026-09-19 16:20:15.683+00","2026-09-19 16:20:17.394+00","1.35","1.35",2,NULL,"2026-09-19 16:20:17.297+00","2026-09-19 16:20:17.39+00"
"8b3aa604-ac43-4782-9109-8bbff11a1e57","20260919_101933","t-001","f-001","b-001","wv-001","st-01",NULL,"finalized","2026-09-19 10:19:33.535+00","2026-09-19 10:19:36.011+00","1.80","1.80",2,NULL,"2026-09-19 10:19:35.894+00","2026-09-19 10:19:36.006+00"
"acb8d96c-3c90-4b11-8537-c4e997b53f1e","20260919_160815","t-001","f-001","b-001","wv-001","st-01",NULL,"finalized","2026-09-19 16:08:15.223+00","2026-09-19 16:08:16.67+00","0.70","0.70",2,NULL,"2026-09-19 16:08:16.548+00","2026-09-19 16:08:16.663+00"
"38fd49b1-3714-43c7-b37a-a91c352ae0cd","20260919_153452","t-001","f-001","b-001","wv-001","st-01",NULL,"finalized","2026-09-19 15:34:52.804+00","2026-09-19 15:34:54.744+00","1.10","1.10",2,NULL,"2026-09-19 15:34:54.634+00","2026-09-19 15:34:54.738+00"
"55dcceda-1de9-490a-bb4f-672702dd1a93","20260919_143327","t-001","f-001","b-001","wv-001","st-01",NULL,"finalized","2026-09-19 14:33:27.08+00","2026-09-19 14:33:28.803+00","1.10","1.10",2,NULL,"2026-09-19 14:33:28.7+00","2026-09-19 14:33:28.8+00"
"becd1f4d-edad-4d4b-89e4-265f3aef4bc3","20260919_040723","t-001","f-001","b-001","wv-001","st-01",NULL,"finalized","2026-09-19 04:07:23.61+00","2026-09-19 04:07:25.803+00","1.45","1.45",2,"a8e8e96f-1e37-5722-8228-b022b5a80283","2026-09-19 04:07:25.724+00","2026-09-19 04:07:26.907+00"
"4b22d6f2-fa0b-440c-ada3-04d3d5f0c961","20260919_102245","t-001","f-001","b-001","wv-001","st-01",NULL,"finalized","2026-09-19 10:22:45.904+00","2026-09-19 10:22:47.431+00","1.80","1.80",2,NULL,"2026-09-19 10:22:47.314+00","2026-09-19 10:22:47.426+00"
"5ea4419e-18e5-4752-adb4-0899f2e36b27","20260919_041624","t-001","f-001","b-001","wv-001","st-01",NULL,"finalized","2026-09-19 04:16:24.857+00","2026-09-19 04:16:26.326+00","0.70","0.70",2,"feb3e1c0-0c0c-5f64-9ff9-7b5f339bab41","2026-09-19 04:16:26.228+00","2026-09-19 04:16:27.279+00"
"13ecfe90-2fe1-4ed6-8483-54686352f842","20260919_143349","t-001","f-001","b-001","wv-001","st-01",NULL,"finalized","2026-09-19 14:33:49.323+00","2026-09-19 14:33:52.208+00","1.10","1.10",2,NULL,"2026-09-19 14:33:52.146+00","2026-09-19 14:33:52.207+00"
"e6ae50ac-7328-4be1-83bb-4b8e44e1fb48","20260919_143201","t-001","f-001","b-001","wv-001","st-01",NULL,"finalized","2026-09-19 14:32:01.178+00","2026-09-19 14:32:04.991+00","1.10","1.10",2,NULL,"2026-09-19 14:32:03.175+00","2026-09-19 14:32:04.986+00"
"4013a414-ec83-4f5f-b248-d393d1d2d4d6","20260919_143345","t-001","f-001","b-001","wv-001","st-01",NULL,"finalized","2026-09-19 14:33:45.182+00","2026-09-19 14:33:46.563+00","1.10","1.10",2,NULL,"2026-09-19 14:33:46.476+00","2026-09-19 14:33:46.559+00"
"a6eaf6d2-2bf8-437f-b315-d83a862a0cb3","20260919_162131","t-001","f-001","b-001","wv-001","st-01",NULL,"finalized","2026-09-19 16:21:31.858+00","2026-09-19 16:21:33.726+00","1.00","1.00",2,NULL,"2026-09-19 16:21:33.647+00","2026-09-19 16:21:33.722+00"
"e992f7dd-fdb1-49a8-b723-9d05f1fe48c4","20260919_162137","t-001","f-001","b-001","wv-001","st-01",NULL,"finalized","2026-09-19 16:21:37.548+00","2026-09-19 16:21:39.455+00","1.00","1.00",2,NULL,"2026-09-19 16:21:39.401+00","2026-09-19 16:21:39.454+00"
"f4a6e75e-5e05-48fb-af81-b30b6bc80b48","20260919_162202","t-001","f-001","b-001","wv-001","st-01",NULL,"finalized","2026-09-19 16:22:02.101+00","2026-09-19 16:22:05.898+00","1.00","1.00",2,NULL,"2026-09-19 16:22:05.509+00","2026-09-19 16:22:05.895+00"
"4855bcff-df54-46d6-bbe9-106166dbd8a0","20260919_162749","t-001","f-001","b-001","wv-001","st-01",NULL,"finalized","2026-09-19 16:27:49.214+00","2026-09-19 16:28:01.383+00","1.00","1.00",2,NULL,"2026-09-19 16:28:00.033+00","2026-09-19 16:28:01.38+00"
"21545ed6-680a-4d2c-9b5a-3eb3b9e53498","20260919_163420","t-001","f-001","b-001","wv-001","st-01",NULL,"finalized","2026-09-19 16:34:20.88+00","2026-09-19 16:34:22.046+00","1.05","1.05",2,NULL,"2026-09-19 16:34:21.938+00","2026-09-19 16:34:22.043+00"
"c0bd94f3-e19e-4fb1-824c-e272a4d281b8","20260919_163627","t-001","f-001","b-001","wv-001","st-01",NULL,"finalized","2026-09-19 16:36:27.802+00","2026-09-19 16:36:28.8+00","1.05","1.05",2,NULL,"2026-09-19 16:36:28.685+00","2026-09-19 16:36:28.794+00"
"2e862704-dfe3-46ca-a5d2-69f77ba2e93b","20260919_163650","t-001","f-001","b-001","wv-001","st-01",NULL,"finalized","2026-09-19 16:36:50.626+00","2026-09-19 16:36:52.857+00","1.05","1.05",2,NULL,"2026-09-19 16:36:52.739+00","2026-09-19 16:36:52.843+00"
"f45140fd-9b39-4a57-8751-362040a72b59","20260919_104316","t-001","f-001","b-001","wv-001","st-01",NULL,"finalized","2026-09-19 10:43:16.211+00","2026-09-19 10:43:18.696+00","2.15","2.15",2,NULL,"2026-09-19 10:43:18.619+00","2026-09-19 10:43:18.691+00"
"ad49ace2-0495-4b6e-8f2a-f4addc3d3e4f","20260919_040847","t-001","f-001","b-001","wv-001","st-01",NULL,"finalized","2026-09-19 04:08:47.845+00","2026-09-19 04:08:50.277+00","1.80","1.80",2,"ad4b726b-06f0-5346-88ba-f7c7e0772296","2026-09-19 04:08:50.17+00","2026-09-19 04:08:51.245+00"
"62e60dac-522a-4ddf-a120-2a67c7a24f74","20260919_040936","t-001","f-001","b-001","wv-001","st-01",NULL,"finalized","2026-09-19 04:09:36.749+00","2026-09-19 04:09:37.799+00",NULL,"0.00",2,"18022142-7290-5aae-adf4-fbdbbddd1282","2026-09-19 04:09:37.722+00","2026-09-19 04:09:38.776+00"
"befdf3b0-3e47-4507-b89d-1e53cd785ea2","20260919_040940","t-001","f-001","b-001","wv-001","st-01",NULL,"finalized","2026-09-19 04:09:40.783+00","2026-09-19 04:09:43.532+00","1.45","1.45",2,"1f48dd70-5f6b-5b82-86d6-ce261a91a67a","2026-09-19 04:09:43.472+00","2026-09-19 04:09:44.624+00"
"3ca3f867-f4d1-49a7-b582-dded817534d2","20260919_040901","t-001","f-001","b-001","wv-001","st-01",NULL,"finalized","2026-09-19 04:09:01.056+00","2026-09-19 04:09:23.864+00","1.80","1.80",2,"1dd67857-62a6-54e5-b479-75c5f680b0ce","2026-09-19 04:09:18.055+00","2026-09-19 04:09:24.247+00"
"1faac8b9-9a34-4a32-8df4-144128add262","20260919_040906","t-001","f-001","b-001","wv-001","st-01",NULL,"finalized","2026-09-19 04:09:06.996+00","2026-09-19 04:09:29.895+00","1.80","1.80",2,"dbb88185-c8e1-528d-8f2e-47a9aad33c13","2026-09-19 04:09:29.781+00","2026-09-19 04:09:30.836+00"
"b5fe5c5e-cf58-4c7d-8f4a-2e3e6d3809c8","20260919_041948","t-001","f-001","b-001","wv-001","st-01",NULL,"finalized","2026-09-19 04:19:48.493+00","2026-09-19 04:19:49.859+00","0.70","0.70",2,"76b61627-705d-556c-ac4f-b1510699ac96","2026-09-19 04:19:49.774+00","2026-09-19 04:19:50.825+00"
"9838d6f6-c766-40c4-9e0d-4ba181eaad04","20260919_104439","t-001","f-001","b-001","wv-001","st-01",NULL,"finalized","2026-09-19 10:44:39.694+00","2026-09-19 10:44:41.442+00","2.15","2.15",2,NULL,"2026-09-19 10:44:41.27+00","2026-09-19 10:44:41.436+00"
"5cf7a269-afd0-4b08-b583-3e39311d137b","20260919_163716","t-001","f-001","b-001","wv-001","st-01",NULL,"finalized","2026-09-19 16:37:16.071+00","2026-09-19 16:37:18.805+00","1.05","1.05",2,NULL,"2026-09-19 16:37:18.72+00","2026-09-19 16:37:18.802+00"
"d6d21de9-42a3-410d-9f63-b512cfbd25b9","20260919_164003","t-001","f-001","b-001","wv-001","st-01",NULL,"finalized","2026-09-19 16:40:03.203+00","2026-09-19 16:40:05.96+00","1.05","1.05",2,NULL,"2026-09-19 16:40:05.871+00","2026-09-19 16:40:05.957+00"
"c9a7a542-cad9-4497-ae12-f9838e46619c","20260919_164308","t-001","f-001","b-001","wv-001","st-01",NULL,"finalized","2026-09-19 16:43:08.805+00","2026-09-19 16:43:10.83+00","1.80","1.80",2,NULL,"2026-09-19 16:43:10.745+00","2026-09-19 16:43:10.827+00"
"f6643f8e-71b2-4f18-964e-8c04db768efa","20260919_042603","t-001","f-001","b-001","wv-001","st-01",NULL,"finalized","2026-09-19 04:26:03.406+00","2026-09-19 04:26:04.96+00","0.70","0.70",2,"838054ea-ac0d-5ed6-8341-dc83d2a68948","2026-09-19 04:26:04.857+00","2026-09-19 04:26:05.934+00"
"b4597942-5076-47b9-8218-fc1688dd13ae","20260919_041155","t-001","f-001","b-001","wv-001","st-01",NULL,"finalized","2026-09-19 04:11:55.757+00","2026-09-19 04:11:58.124+00","1.45","1.45",2,"82556a1a-45fa-5063-8400-dc79434cecb2","2026-09-19 04:11:58.018+00","2026-09-19 04:11:59.082+00"
"a84677dc-93b4-43c5-9f46-70967f9ed060","20260919_040957","t-001","f-001","b-001","wv-001","st-01",NULL,"finalized","2026-09-19 04:09:57.936+00","2026-09-19 04:09:59.615+00","1.45","1.45",2,"816ff939-a92f-5a53-9dcf-adcd6ca52707","2026-09-19 04:09:59.512+00","2026-09-19 04:10:00.621+00"
"e56259f2-ca65-4dfc-9ddf-c2f826a0da91","20260919_104505","t-001","f-001","b-001","wv-001","st-01",NULL,"finalized","2026-09-19 10:45:05.433+00","2026-09-19 10:45:07.558+00","2.20","2.20",2,NULL,"2026-09-19 10:45:07.447+00","2026-09-19 10:45:07.556+00"
"8fa741f4-1266-42ac-9c77-be258304e08c","20260919_043007","t-001","f-001","b-001","wv-001","st-01",NULL,"finalized","2026-09-19 04:30:07.954+00","2026-09-19 04:30:10.612+00","0.70","0.70",2,"8fd13855-ce11-5548-a22d-1a9da55e3bdd","2026-09-19 04:30:10.516+00","2026-09-19 04:30:11.587+00"
"32d500da-20dd-42a4-8247-5c7d9cf1dd2f","20260919_105533","t-001","f-001","b-001","wv-001","st-01",NULL,"finalized","2026-09-19 10:55:33.076+00","2026-09-19 10:55:36.11+00","2.20","2.20",2,NULL,"2026-09-19 10:55:35.992+00","2026-09-19 10:55:36.105+00"
"fc7a6bdc-c2f7-4cc1-a4fb-a078ac38e18a","20260919_164254","t-001","f-001","b-001","wv-001","st-01",NULL,"finalized","2026-09-19 16:42:54.322+00","2026-09-19 16:42:57.05+00","1.80","1.80",2,NULL,"2026-09-19 16:42:56.951+00","2026-09-19 16:42:57.047+00"
"0855064e-ba70-49f1-acfe-52f5fd7adfbb","20260919_164359","t-001","f-001","b-001","wv-001","st-01",NULL,"finalized","2026-09-19 16:43:59.381+00","2026-09-19 16:44:08.537+00","1.80","1.80",2,NULL,"2026-09-19 16:44:06.478+00","2026-09-19 16:44:08.532+00"
"ca64c079-ac13-44f5-937b-db85fc0ef7cc","20260919_164558","t-001","f-001","b-001","wv-001","st-01",NULL,"finalized","2026-09-19 16:45:58.447+00","2026-09-19 16:46:01.077+00","2.15","2.15",2,NULL,"2026-09-19 16:46:00.973+00","2026-09-19 16:46:01.072+00"
"d603d686-05b9-4c63-8918-2a0917617835","20260919_164631","t-001","f-001","b-001","wv-001","st-01",NULL,"finalized","2026-09-19 16:46:31.067+00","2026-09-19 16:46:33.2+00","2.15","2.15",2,NULL,"2026-09-19 16:46:33.109+00","2026-09-19 16:46:33.197+00"
"12190b0c-c2ea-4e66-97c0-754604c71bc0","20260919_044641","t-001","f-001","b-001","wv-001","st-01",NULL,"finalized","2026-09-19 04:46:41.503+00","2026-09-19 04:46:44.232+00","1.00","1.00",2,"e4c39812-90a6-5efd-ba29-94b123173fc3","2026-09-19 04:46:44.129+00","2026-09-19 04:46:45.291+00"
"f547dbaa-379a-4ffe-82c1-6c21586d4170","20260919_043053","t-001","f-001","b-001","wv-001","st-01",NULL,"finalized","2026-09-19 04:30:53.178+00","2026-09-19 04:30:54.832+00","0.70","0.70",2,"f25d79af-f784-5dc2-b7ae-b0e4b4c5c7cf","2026-09-19 04:30:54.733+00","2026-09-19 04:30:55.834+00"
"9b2bcf37-e96b-42a9-8c4e-ca54312bb5a4","20260919_044613","t-001","f-001","b-001","wv-001","st-01",NULL,"finalized","2026-09-19 04:46:13.248+00","2026-09-19 04:46:16.015+00","1.00","1.00",2,"0c8b80f0-9060-54d8-915b-e5aa61fb8637","2026-09-19 04:46:15.927+00","2026-09-19 04:46:17.037+00"
"1b986fa8-677b-46dd-909c-036c49fdadec","20260919_042816","t-001","f-001","b-001","wv-001","st-01",NULL,"finalized","2026-09-19 04:28:16.524+00","2026-09-19 04:28:17.872+00","0.70","0.70",2,"9665c714-d698-5172-901d-41d85379851c","2026-09-19 04:28:17.776+00","2026-09-19 04:28:18.852+00"
"dc48ceda-f8ad-40d1-b81a-59f31873399e","20260919_042736","t-001","f-001","b-001","wv-001","st-01",NULL,"finalized","2026-09-19 04:27:36.412+00","2026-09-19 04:27:37.791+00","0.70","0.70",2,"90ba064f-e19b-51e0-809f-7b2fa1ec27cc","2026-09-19 04:27:37.668+00","2026-09-19 04:27:38.752+00"
"1d53dfca-eb74-47c6-ab3a-0c723b1bc1be","20260919_042930","t-001","f-001","b-001","wv-001","st-01",NULL,"finalized","2026-09-19 04:29:30.959+00","2026-09-19 04:29:32.447+00","0.70","0.70",2,"df68a0c4-7a9d-5740-9c27-b8b52ce104ab","2026-09-19 04:29:32.398+00","2026-09-19 04:29:33.505+00"
"2d5fb3bf-49a0-4286-8cef-c2ca32e0275f","20260919_044508","t-001","f-001","b-001","wv-001","st-01",NULL,"finalized","2026-09-19 04:45:08.923+00","2026-09-19 04:45:11.607+00","1.00","1.00",2,"5a1e791f-ea9f-57e3-8ed0-71af51ef2b4f","2026-09-19 04:45:11.507+00","2026-09-19 04:45:12.613+00"
"8d320fe5-6abd-43be-82e7-72b0918b64a9","20260919_044312","t-001","f-001","b-001","wv-001","st-01",NULL,"finalized","2026-09-19 04:43:12.946+00","2026-09-19 04:43:14.929+00","1.00","1.00",2,"c093fd2b-6833-5cc0-98a5-09cb7d0151f9","2026-09-19 04:43:14.817+00","2026-09-19 04:43:15.929+00"
"d92cf689-22f3-4243-81b8-a5a532922c3a","20260919_044719","t-001","f-001","b-001","wv-001","st-01",NULL,"finalized","2026-09-19 04:47:19.557+00","2026-09-19 04:47:22.386+00",NULL,"0.00",2,"d3bc82fe-9dc1-58d2-888e-2a73b84f6ddb","2026-09-19 04:47:22.303+00","2026-09-19 04:47:23.402+00"
"0792614a-2ff7-44c8-be0b-6454a15d21a2","20260919_044733","t-001","f-001","b-001","wv-001","st-01",NULL,"finalized","2026-09-19 04:47:33.359+00","2026-09-19 04:47:49.208+00","1.65","1.65",2,"eca9cdef-5a98-5e6a-8a64-6d9e4cdbe4f8","2026-09-19 04:47:49.115+00","2026-09-19 04:47:50.272+00"
"b79f5ffd-3ce1-4435-bc29-30a27bbffb1d","20260919_044737","t-001","f-001","b-001","wv-001","st-01",NULL,"finalized","2026-09-19 04:47:37.461+00","2026-09-19 04:47:56.033+00","1.65","1.65",2,"1aeff250-52e1-5f01-b353-d70546fc48b3","2026-09-19 04:47:55.936+00","2026-09-19 04:47:58.129+00"
"543017ec-0f9a-4f3d-a575-383c30b5b20f","20260919_044918","t-001","f-001","b-001","wv-001","st-01",NULL,"finalized","2026-09-19 04:49:18.208+00","2026-09-19 04:49:19.941+00","1.65","1.65",2,"83549835-0a63-5914-af17-ec60bc292430","2026-09-19 04:49:19.85+00","2026-09-19 04:49:21.021+00"
"436ac237-fea7-4b18-b3e9-4966dbeef90a","20260919_045004","t-001","f-001","b-001","wv-001","st-01",NULL,"finalized","2026-09-19 04:50:04.587+00","2026-09-19 04:50:06.173+00","1.65","1.65",2,"061d36a2-846f-55dc-b1ea-63c3bcfc516c","2026-09-19 04:50:06.086+00","2026-09-19 04:50:07.186+00"
"4b7394fa-051d-4f5e-ad9c-42fa7218e46a","20260919_104931","t-001","f-001","b-001","wv-001","st-01",NULL,"finalized","2026-09-19 10:49:31.612+00","2026-09-19 10:49:33.572+00","2.20","2.20",2,NULL,"2026-09-19 10:49:33.408+00","2026-09-19 10:49:33.567+00"
"ff401940-d84d-44f8-acd1-a03d263400bf","20260919_044723","t-001","f-001","b-001","wv-001","st-01",NULL,"finalized","2026-09-19 04:47:23.981+00","2026-09-19 04:47:37.102+00","1.65","1.65",2,"d7f78b44-1a0f-5110-b601-6c3f875aa016","2026-09-19 04:47:37+00","2026-09-19 04:47:37.434+00"
"c41d60c6-9fe2-4488-9bc2-8afb4177f5a3","20260919_053336","t-001","f-001","b-001","wv-001","st-01",NULL,"finalized","2026-09-19 05:33:36.12+00","2026-09-19 05:33:39.757+00","1.05","1.05",2,"ae05a4de-4724-53f4-a78f-83ed20529c05","2026-09-19 05:33:39.686+00","2026-09-19 05:33:40.771+00"
"c939c4cc-7f25-4151-bf50-aa56342d1721","20260919_045056","t-001","f-001","b-001","wv-001","st-01",NULL,"finalized","2026-09-19 04:50:56.715+00","2026-09-19 04:50:58.357+00","1.65","1.65",2,"7e596a27-65a5-5eba-bc58-c96578466f65","2026-09-19 04:50:58.28+00","2026-09-19 04:50:59.449+00"
"d456241e-324d-4d17-ab0f-5d3b8df26949","20260919_045456","t-001","f-001","b-001","wv-001","st-01",NULL,"finalized","2026-09-19 04:54:56.979+00","2026-09-19 04:55:01.519+00","1.05","1.05",2,"ea20ae60-765a-5460-9c19-01deaeade770","2026-09-19 04:55:01.419+00","2026-09-19 04:55:02.452+00"
"5b5cd6f2-e3d8-471a-80f6-ee1ae3dfdedd","20260919_045452","t-001","f-001","b-001","wv-001","st-01",NULL,"finalized","2026-09-19 04:54:52.868+00","2026-09-19 04:54:55.675+00",NULL,"0.00",2,"fcb1e574-2779-52a9-adf4-f28d55363fda","2026-09-19 04:54:55.59+00","2026-09-19 04:54:56.652+00"
"85958ec8-748e-469b-8e1a-85a130c3dd39","20260919_044422","t-001","f-001","b-001","wv-001","st-01",NULL,"finalized","2026-09-19 04:44:22.188+00","2026-09-19 04:44:23.318+00","1.00","1.00",2,"7a4a2337-0490-5291-82fb-c66709609f9e","2026-09-19 04:44:23.246+00","2026-09-19 04:44:24.398+00"
"b23db1f5-d317-4b74-88e5-8986b6ef67d1","20260919_044004","t-001","f-001","b-001","wv-001","st-01",NULL,"finalized","2026-09-19 04:40:04.988+00","2026-09-19 04:40:07.404+00","0.65","0.65",2,"4d252437-f84f-5469-a42c-a19e9815c78e","2026-09-19 04:40:07.312+00","2026-09-19 04:40:08.399+00"
"2d794964-21d2-4a20-b2ca-87020eb068ff","20260919_044500","t-001","f-001","b-001","wv-001","st-01",NULL,"finalized","2026-09-19 04:45:00.627+00","2026-09-19 04:45:03.588+00","1.00","1.00",2,"c879d769-1375-5269-a815-0e0795b6d435","2026-09-19 04:45:03.453+00","2026-09-19 04:45:04.546+00"
"bd40fcf4-f693-443b-9f72-247210c82b7f","20260919_042740","t-001","f-001","b-001","wv-001","st-01",NULL,"finalized","2026-09-19 04:27:40.74+00","2026-09-19 04:27:43.716+00","0.70","0.70",2,"713690c0-54a6-5c3b-8afc-304bcdb8ee1e","2026-09-19 04:27:43.604+00","2026-09-19 04:27:44.681+00"
"dad3c930-e9d6-48a8-a8ea-c0c6fcd6535b","20260919_045408","t-001","f-001","b-001","wv-001","st-01",NULL,"finalized","2026-09-19 04:54:08.968+00","2026-09-19 04:54:11.452+00","1.35","1.35",2,"c11995e8-a9aa-5acc-89dd-929ca5be6025","2026-09-19 04:54:11.33+00","2026-09-19 04:54:12.466+00"
"0ebbfe53-23f6-4e8a-845f-e37d8562d881","20260919_045540","t-001","f-001","b-001","wv-001","st-01",NULL,"finalized","2026-09-19 04:55:40.559+00","2026-09-19 04:55:41.735+00","1.05","1.05",2,"2f85a400-71b3-5e59-aa8e-33c97edd4049","2026-09-19 04:55:41.628+00","2026-09-19 04:55:42.776+00"
"d1278073-2c33-4d0d-8472-8d31d4384b87","20260919_164453","t-001","f-001","b-001","wv-001","st-01",NULL,"finalized","2026-09-19 16:44:53.298+00","2026-09-19 16:44:54.742+00","1.80","1.80",2,NULL,"2026-09-19 16:44:54.65+00","2026-09-19 16:44:54.739+00"
"c62fcd18-7836-44e6-82d4-7c3765adff45","20260919_105340","t-001","f-001","b-001","wv-001","st-01",NULL,"finalized","2026-09-19 10:53:40.178+00","2026-09-19 10:53:41.317+00","1.80","1.80",2,NULL,"2026-09-19 10:53:41.241+00","2026-09-19 10:53:41.317+00"
"c7dc7849-3007-40a6-98a0-21774f371c48","20260919_164739","t-001","f-001","b-001","wv-001","st-01",NULL,"finalized","2026-09-19 16:47:39.31+00","2026-09-19 16:47:41.313+00","2.15","2.15",2,NULL,"2026-09-19 16:47:41.206+00","2026-09-19 16:47:41.31+00"
"81d7421e-ffa3-456d-8639-2609a1e888d8","20260919_164659","t-001","f-001","b-001","wv-001","st-01",NULL,"finalized","2026-09-19 16:46:59.217+00","2026-09-19 16:47:01.178+00","2.15","2.15",2,NULL,"2026-09-19 16:47:01.061+00","2026-09-19 16:47:01.173+00"
"644f2dcd-b755-42d7-8064-250f41989c74","20260919_164925","t-001","f-001","b-001","wv-001","st-01",NULL,"finalized","2026-09-19 16:49:25.941+00","2026-09-19 16:49:33.655+00","2.15","2.15",2,NULL,"2026-09-19 16:49:33.592+00","2026-09-19 16:49:33.654+00"
"6ecdd546-71f2-4bcc-b078-b70cd2ebf810","20260919_164921","t-001","f-001","b-001","wv-001","st-01",NULL,"finalized","2026-09-19 16:49:21.685+00","2026-09-19 16:49:23.893+00","2.15","2.15",2,NULL,"2026-09-19 16:49:23.834+00","2026-09-19 16:49:23.893+00"
"0b20fe85-50fd-44f9-b3b1-c8f79e257e85","20260919_165236","t-001","f-001","b-001","wv-001","st-01",NULL,"finalized","2026-09-19 16:52:36.925+00","2026-09-19 16:52:37.731+00","2.15","2.15",2,NULL,"2026-09-19 16:52:37.646+00","2026-09-19 16:52:37.728+00"
"bcba168c-74cf-49dd-bf7f-ca4531b67d80","20260919_165241","t-001","f-001","b-001","wv-001","st-01",NULL,"finalized","2026-09-19 16:52:41.192+00","2026-09-19 16:52:43.455+00","2.15","2.15",2,NULL,"2026-09-19 16:52:43.355+00","2026-09-19 16:52:43.45+00"
"c2f119a4-a89f-4d71-b797-419a58a9c28c","20260919_165251","t-001","f-001","b-001","wv-001","st-01",NULL,"finalized","2026-09-19 16:52:51.685+00","2026-09-19 16:52:53.143+00","2.15","2.15",2,NULL,"2026-09-19 16:52:53.057+00","2026-09-19 16:52:53.14+00"
"0cedd6b3-a73a-466b-beb6-b430a7c2ee0d","20260919_165339","t-001","f-001","b-001","wv-001","st-01",NULL,"finalized","2026-09-19 16:53:39.111+00","2026-09-19 16:53:41.175+00","1.85","1.85",2,NULL,"2026-09-19 16:53:41.066+00","2026-09-19 16:53:41.172+00"
"b537576f-c48c-4d12-883d-41d560ca61bd","20260919_105455","t-001","f-001","b-001","wv-001","st-01",NULL,"finalized","2026-09-19 10:54:55.981+00","2026-09-19 10:54:57.917+00",NULL,"0.00",2,NULL,"2026-09-19 10:54:57.837+00","2026-09-19 10:54:57.916+00"
"eb8a3d18-c437-4c01-a1ee-029998d01d08","20260919_053351","t-001","f-001","b-001","wv-001","st-01",NULL,"finalized","2026-09-19 05:33:51.288+00","2026-09-19 05:33:55.253+00","1.15","1.15",2,"ffe9a15e-1cd7-532e-8bd2-82fea4e89543","2026-09-19 05:33:55.144+00","2026-09-19 05:33:56.357+00"
"5ab1633e-ab27-49be-8dd2-808c3b3af764","20260919_045154","t-001","f-001","b-001","wv-001","st-01",NULL,"finalized","2026-09-19 04:51:54.615+00","2026-09-19 04:51:56.7+00","1.35","1.35",2,"6fa1ca13-3285-5d92-83b3-efa3acfc50ba","2026-09-19 04:51:56.6+00","2026-09-19 04:51:57.757+00"
"6c30db04-b16f-4218-9373-40c906febdc3","20260919_053712","t-001","f-001","b-001","wv-001","st-01",NULL,"finalized","2026-09-19 05:37:12.745+00","2026-09-19 05:37:33.762+00","1.50","1.50",2,"3c4ec618-17c1-53c5-8101-97a39ab2ea1c","2026-09-19 05:37:33.649+00","2026-09-19 05:37:34.864+00"
"6d252f2f-56b8-40e2-acb5-96ca824b25a0","20260919_054242","t-001","f-001","b-001","wv-001","st-01",NULL,"finalized","2026-09-19 05:42:42.535+00","2026-09-19 05:42:58.902+00","1.80","1.80",2,"6ce3d7ac-89d8-5e0c-a0d9-16a21a072513","2026-09-19 05:42:58.386+00","2026-09-19 05:42:59.466+00"
"fe60fcb1-afe2-4530-8f0f-bb31150e0f7c","20260919_105459","t-001","f-001","b-001","wv-001","st-01",NULL,"finalized","2026-09-19 10:54:59.892+00","2026-09-19 10:55:03.854+00","2.20","2.20",2,NULL,"2026-09-19 10:55:03.742+00","2026-09-19 10:55:03.85+00"
"8546f244-616f-4d60-9d51-02cc4a9843a7","20260919_110614","t-001","f-001","b-001","wv-001","st-01",NULL,"finalized","2026-09-19 11:06:14.691+00","2026-09-19 11:06:17.434+00","1.85","1.85",2,NULL,"2026-09-19 11:06:17.33+00","2026-09-19 11:06:17.431+00"
"84016f4e-8455-4fc0-81d4-747f6ec54663","20260919_111029","t-001","f-001","b-001","wv-001","st-01",NULL,"finalized","2026-09-19 11:10:29.072+00","2026-09-19 11:10:30.935+00","1.15","1.15",2,NULL,"2026-09-19 11:10:30.815+00","2026-09-19 11:10:30.931+00"
"44eb04fa-6b8b-442e-87e2-c821ca4def68","20260919_165120","t-001","f-001","b-001","wv-001","st-01",NULL,"finalized","2026-09-19 16:51:20.186+00","2026-09-19 16:51:22.215+00","2.15","2.15",2,NULL,"2026-09-19 16:51:22.073+00","2026-09-19 16:51:22.211+00"
"fd8ac0cb-894c-4f68-ad0b-fd99b4154e14","20260919_045222","t-001","f-001","b-001","wv-001","st-01",NULL,"finalized","2026-09-19 04:52:22.769+00","2026-09-19 04:52:24.77+00","1.35","1.35",2,"1bb178ff-d958-5544-af6d-9e0d7852c485","2026-09-19 04:52:24.684+00","2026-09-19 04:52:25.797+00"
"a94fae05-817b-4235-b393-c8dc145954ea","20260919_053506","t-001","f-001","b-001","wv-001","st-01",NULL,"finalized","2026-09-19 05:35:06.127+00","2026-09-19 05:35:09.112+00","1.15","1.15",2,"f4ee7636-6a9f-5992-bb53-f3de16a6a8b2","2026-09-19 05:35:08.953+00","2026-09-19 05:35:10.105+00"
"ad7a3fc2-b89d-4166-a3a0-83522be07d97","20260919_053947","t-001","f-001","b-001","wv-001","st-01",NULL,"finalized","2026-09-19 05:39:47.229+00","2026-09-19 05:39:50.517+00","1.80","1.80",2,"c0f53eb5-1682-5c6f-8751-4322089b68e6","2026-09-19 05:39:50.395+00","2026-09-19 05:39:51.66+00"
"2b4f0d5c-9960-48b0-b3b7-8a265a885880","20260919_054228","t-001","f-001","b-001","wv-001","st-01",NULL,"finalized","2026-09-19 05:42:28.245+00","2026-09-19 05:42:36.298+00","1.80","1.80",2,"f5429390-734d-5e43-b378-fad67a56da04","2026-09-19 05:42:36.174+00","2026-09-19 05:42:37.247+00"
"c988288c-0768-4f39-a684-cf181888b812","20260919_054501","t-001","f-001","b-001","wv-001","st-01",NULL,"finalized","2026-09-19 05:45:01.034+00","2026-09-19 05:45:05.424+00","1.45","1.45",2,"582088ae-2c85-5273-80de-bca505bb0354","2026-09-19 05:45:05.319+00","2026-09-19 05:45:06.436+00"
"70f35645-9dc0-46a2-9801-8289bda13a54","20260919_110711","t-001","f-001","b-001","wv-001","st-01",NULL,"finalized","2026-09-19 11:07:11.041+00","2026-09-19 11:07:13.824+00",NULL,"0.00",2,NULL,"2026-09-19 11:07:13.682+00","2026-09-19 11:07:13.818+00"
"395a1243-d575-4b94-9651-0a78d4e677ad","20260919_054641","t-001","f-001","b-001","wv-001","st-01",NULL,"finalized","2026-09-19 05:46:41.354+00","2026-09-19 05:46:43.106+00","0.65","0.65",2,NULL,"2026-09-19 05:46:42.946+00","2026-09-19 05:46:43.1+00"
"e7f166a2-2a1b-410d-ac7d-6750999a134f","20260919_054745","t-001","f-001","b-001","wv-001","st-01",NULL,"finalized","2026-09-19 05:47:45.345+00","2026-09-19 05:47:47.628+00","0.65","0.65",2,NULL,"2026-09-19 05:47:47.513+00","2026-09-19 05:47:47.622+00"
"9dfa18df-2895-47c1-ae51-b29853299c95","20260919_055834","t-001","f-001","b-001","wv-001","st-01",NULL,"finalized","2026-09-19 05:58:34.548+00","2026-09-19 05:58:35.593+00","0.30","0.30",2,NULL,"2026-09-19 05:58:35.482+00","2026-09-19 05:58:35.59+00"
"12b925e0-9f0a-419b-9c65-8cc64f9db5fc","20260919_055004","t-001","f-001","b-001","wv-001","st-01",NULL,"finalized","2026-09-19 05:50:04.207+00","2026-09-19 05:50:05.686+00","0.35","0.35",2,NULL,"2026-09-19 05:50:05.623+00","2026-09-19 05:50:05.684+00"
"cd7e8c41-460a-44be-a60d-216d66cd6c58","20260919_165158","t-001","f-001","b-001","wv-001","st-01",NULL,"finalized","2026-09-19 16:51:58.871+00","2026-09-19 16:52:00.192+00","2.15","2.15",2,NULL,"2026-09-19 16:52:00.093+00","2026-09-19 16:52:00.188+00"
"26e99fb3-a54f-40a9-ac72-f573a8c845a6","20260919_060112","t-001","f-001","b-001","wv-001","st-01",NULL,"finalized","2026-09-19 06:01:12.493+00","2026-09-19 06:01:13.996+00","0.75","0.75",2,NULL,"2026-09-19 06:01:13.873+00","2026-09-19 06:01:13.992+00"
"d73c4294-2f63-4b6a-bf5e-7de414b014f1","20260919_055733","t-001","f-001","b-001","wv-001","st-01",NULL,"finalized","2026-09-19 05:57:33.511+00","2026-09-19 05:57:36.142+00",NULL,"0.00",2,NULL,"2026-09-19 05:57:36.058+00","2026-09-19 05:57:36.138+00"
"d0cd376c-0f17-40aa-82f4-bb787bd100cc","20260919_060036","t-001","f-001","b-001","wv-001","st-01",NULL,"finalized","2026-09-19 06:00:36.623+00","2026-09-19 06:00:38.299+00",NULL,"0.00",2,NULL,"2026-09-19 06:00:38.212+00","2026-09-19 06:00:38.295+00"
"180a0768-db16-492e-9b46-1238d406e0fc","20260919_055806","t-001","f-001","b-001","wv-001","st-01",NULL,"finalized","2026-09-19 05:58:06.457+00","2026-09-19 05:58:07.587+00","0.30","0.30",2,NULL,"2026-09-19 05:58:07.46+00","2026-09-19 05:58:07.583+00"
"b3318d1d-0059-443e-93b2-eda0bba844da","20260919_113837","t-001","f-001","b-001","wv-001","st-01",NULL,"finalized","2026-09-19 11:38:37.314+00","2026-09-19 11:38:39.184+00","1.80","1.80",2,NULL,"2026-09-19 11:38:39.075+00","2026-09-19 11:38:39.179+00"
"cb97b837-7774-4c5b-9135-c9e33b58b428","20260919_113350","t-001","f-001","b-001","wv-001","st-01",NULL,"finalized","2026-09-19 11:33:50.588+00","2026-09-19 11:33:51.647+00","1.45","1.45",2,NULL,"2026-09-19 11:33:51.493+00","2026-09-19 11:33:51.642+00"
"e9b0edf2-e0b5-4738-b701-36287228d215","20260919_060040","t-001","f-001","b-001","wv-001","st-01",NULL,"finalized","2026-09-19 06:00:40.691+00","2026-09-19 06:00:44.046+00","0.75","0.75",2,NULL,"2026-09-19 06:00:43.932+00","2026-09-19 06:00:44.041+00"
"71eeb01b-e872-4fb5-9f81-64626adc646a","20260919_110717","t-001","f-001","b-001","wv-001","st-01",NULL,"finalized","2026-09-19 11:07:17.062+00","2026-09-19 11:07:19.606+00","1.15","1.15",2,NULL,"2026-09-19 11:07:19.545+00","2026-09-19 11:07:19.603+00"
"8891ebc0-dfbd-492d-a949-123ade8b1d08","20260919_111632","t-001","f-001","b-001","wv-001","st-01",NULL,"finalized","2026-09-19 11:16:32.169+00","2026-09-19 11:16:33.767+00","1.50","1.50",2,NULL,"2026-09-19 11:16:33.681+00","2026-09-19 11:16:33.762+00"
"8071bc25-b129-470e-ba7e-cb4efded2e36","20260919_114443","t-001","f-001","b-001","wv-001","st-01",NULL,"finalized","2026-09-19 11:44:43.531+00","2026-09-19 11:44:45.439+00","1.80","1.80",2,NULL,"2026-09-19 11:44:45.387+00","2026-09-19 11:44:45.438+00"
"92a5a6fb-4d23-460d-89aa-a973bdad6285","20260919_114618","t-001","f-001","b-001","wv-001","st-01",NULL,"finalized","2026-09-19 11:46:18.157+00","2026-09-19 11:46:20.005+00",NULL,"0.00",2,NULL,"2026-09-19 11:46:19.962+00","2026-09-19 11:46:20.004+00"
"5a171705-b7f3-4f25-8e69-01bc8f10b597","20260919_114648","t-001","f-001","b-001","wv-001","st-01",NULL,"finalized","2026-09-19 11:46:48.349+00","2026-09-19 11:46:50.073+00","1.50","1.50",2,NULL,"2026-09-19 11:46:49.974+00","2026-09-19 11:46:50.07+00"
"4f75a6e2-95c4-4331-83cf-e64940410d78","20260919_170021","t-001","f-001","b-001","wv-001","st-01",NULL,"finalized","2026-09-19 17:00:21.823+00","2026-09-19 17:00:23.534+00","0.80","0.80",2,NULL,"2026-09-19 17:00:23.444+00","2026-09-19 17:00:23.531+00"
"c894ad57-07cd-4e1f-a975-e0c8c740b104","20260919_170115","t-001","f-001","b-001","wv-001","st-01",NULL,"finalized","2026-09-19 17:01:15.145+00","2026-09-19 17:01:19.588+00",NULL,"0.00",2,NULL,"2026-09-19 17:01:19.515+00","2026-09-19 17:01:19.584+00"
"05b1f295-7844-4275-9915-b0c1930ffe40","20260919_170236","t-001","f-001","b-001","wv-001","st-01",NULL,"finalized","2026-09-19 17:02:36.183+00","2026-09-19 17:02:38.889+00",NULL,"0.00",2,NULL,"2026-09-19 17:02:38.816+00","2026-09-19 17:02:38.886+00"
"4f987339-35d3-44a2-9c5e-286811b99605","20260919_054821","t-001","f-001","b-001","wv-001","st-01",NULL,"finalized","2026-09-19 05:48:21.453+00","2026-09-19 05:48:23.691+00","0.65","0.65",2,NULL,"2026-09-19 05:48:23.57+00","2026-09-19 05:48:23.687+00"
"e356ccf4-12fb-41c9-a08e-66daa743d589","20260919_060336","t-001","f-001","b-001","wv-001","st-01",NULL,"finalized","2026-09-19 06:03:36.849+00","2026-09-19 06:03:39.403+00","1.15","1.15",2,NULL,"2026-09-19 06:03:39.301+00","2026-09-19 06:03:39.399+00"
"45edbacd-ab21-4e0d-94bd-10ed938a6334","20260919_055349","t-001","f-001","b-001","wv-001","st-01",NULL,"finalized","2026-09-19 05:53:49.568+00","2026-09-19 05:53:51.183+00","0.40","0.40",2,NULL,"2026-09-19 05:53:51.088+00","2026-09-19 05:53:51.179+00"
"4eed7f83-1e40-490b-af0f-b9c8a36c8335","20260919_111855","t-001","f-001","b-001","wv-001","st-01",NULL,"finalized","2026-09-19 11:18:55.2+00","2026-09-19 11:18:56.918+00","1.15","1.15",2,NULL,"2026-09-19 11:18:56.807+00","2026-09-19 11:18:56.913+00"
"18d5c8d6-9667-477d-a70c-24c8941a8741","20260919_054825","t-001","f-001","b-001","wv-001","st-01",NULL,"finalized","2026-09-19 05:48:25.374+00","2026-09-19 05:48:29.481+00","0.65","0.65",2,NULL,"2026-09-19 05:48:29.362+00","2026-09-19 05:48:29.475+00"
"7e789d04-c11d-4048-80c7-b8cce93e496d","20260919_060124","t-001","f-001","b-001","wv-001","st-01",NULL,"finalized","2026-09-19 06:01:24.462+00","2026-09-19 06:01:45.528+00","1.15","1.15",2,NULL,"2026-09-19 06:01:45.42+00","2026-09-19 06:01:45.525+00"
"d0137950-7b44-48cf-91e2-529c971ba381","20260919_110751","t-001","f-001","b-001","wv-001","st-01",NULL,"finalized","2026-09-19 11:07:51.729+00","2026-09-19 11:07:53.76+00","1.15","1.15",2,NULL,"2026-09-19 11:07:53.654+00","2026-09-19 11:07:53.756+00"
"943e3b91-84da-4874-b836-5c332dbb3b62","20260919_113418","t-001","f-001","b-001","wv-001","st-01",NULL,"finalized","2026-09-19 11:34:18.603+00","2026-09-19 11:34:19.7+00","1.45","1.45",2,NULL,"2026-09-19 11:34:19.602+00","2026-09-19 11:34:19.697+00"
"4056ea6a-579d-4595-829a-8ea27d6726fc","20260919_112353","t-001","f-001","b-001","wv-001","st-01",NULL,"finalized","2026-09-19 11:23:53.58+00","2026-09-19 11:23:55.222+00","1.10","1.10",2,NULL,"2026-09-19 11:23:55.103+00","2026-09-19 11:23:55.217+00"
"638cb2f3-80cb-4036-8c15-f1cf3357711c","20260919_112250","t-001","f-001","b-001","wv-001","st-01",NULL,"finalized","2026-09-19 11:22:50.234+00","2026-09-19 11:22:52.641+00","1.10","1.10",2,NULL,"2026-09-19 11:22:52.53+00","2026-09-19 11:22:52.635+00"
"ce913ab9-a371-462c-9979-f8cc94f81f9c","20260919_113032","t-001","f-001","b-001","wv-001","st-01",NULL,"finalized","2026-09-19 11:30:32.027+00","2026-09-19 11:30:34.199+00","1.45","1.45",2,NULL,"2026-09-19 11:30:34.075+00","2026-09-19 11:30:34.195+00"
"ca9f4334-5e19-40b6-816d-94b3c2a08ebe","20260919_113631","t-001","f-001","b-001","wv-001","st-01",NULL,"finalized","2026-09-19 11:36:31.624+00","2026-09-19 11:36:38.767+00","1.80","1.80",2,NULL,"2026-09-19 11:36:38.654+00","2026-09-19 11:36:38.762+00"
"7ab710bd-da99-4b7d-8f5d-e4b5e84989cd","20260919_114228","t-001","f-001","b-001","wv-001","st-01",NULL,"finalized","2026-09-19 11:42:28.345+00","2026-09-19 11:42:30.895+00","1.80","1.80",2,NULL,"2026-09-19 11:42:30.826+00","2026-09-19 11:42:30.892+00"
"d075e8f4-3091-416c-9491-48d4b612145e","20260919_114305","t-001","f-001","b-001","wv-001","st-01",NULL,"finalized","2026-09-19 11:43:05.869+00","2026-09-19 11:43:07.047+00","1.80","1.80",2,NULL,"2026-09-19 11:43:06.958+00","2026-09-19 11:43:07.044+00"
"6f7687e1-d8c7-4574-ad14-a9ab7b6a7858","20260919_114405","t-001","f-001","b-001","wv-001","st-01",NULL,"finalized","2026-09-19 11:44:05.571+00","2026-09-19 11:44:07.461+00","1.80","1.80",2,NULL,"2026-09-19 11:44:07.36+00","2026-09-19 11:44:07.458+00"
"4bfb2932-14fb-4892-a5c2-9da8e2c8959d","20260919_114659","t-001","f-001","b-001","wv-001","st-01",NULL,"finalized","2026-09-19 11:46:59.18+00","2026-09-19 11:47:01.865+00","1.50","1.50",2,NULL,"2026-09-19 11:47:01.754+00","2026-09-19 11:47:01.863+00"
"fb3d3b87-bc4f-49e5-9501-351b237e4fde","20260919_062917","t-001","f-001","b-001","wv-001","st-01",NULL,"finalized","2026-09-19 06:29:17.254+00","2026-09-19 06:29:21.151+00","0.35","0.35",2,NULL,"2026-09-19 06:29:21.064+00","2026-09-19 06:29:21.148+00"
"46fc6e7e-5092-45c1-992f-7a41f1cb753c","20260919_060929","t-001","f-001","b-001","wv-001","st-01",NULL,"finalized","2026-09-19 06:09:29.649+00","2026-09-19 06:09:32.113+00","1.50","1.50",2,NULL,"2026-09-19 06:09:32.001+00","2026-09-19 06:09:32.109+00"
"dbaad501-5feb-4bba-9228-d8dae0168c49","20260919_054932","t-001","f-001","b-001","wv-001","st-01",NULL,"finalized","2026-09-19 05:49:32.818+00","2026-09-19 05:49:33.704+00","0.35","0.35",2,NULL,"2026-09-19 05:49:33.637+00","2026-09-19 05:49:33.703+00"
"b1bd4604-aeab-4927-97e4-887e8cbe6885","20260919_062603","t-001","f-001","b-001","wv-001","st-01",NULL,"finalized","2026-09-19 06:26:03.121+00","2026-09-19 06:26:04.038+00","0.75","0.75",2,NULL,"2026-09-19 06:26:03.95+00","2026-09-19 06:26:04.034+00"
"7e614369-5d13-4fdc-ac04-429f7ac06476","20260919_063233","t-001","f-001","b-001","wv-001","st-01",NULL,"finalized","2026-09-19 06:32:33.777+00","2026-09-19 06:32:36.529+00","2.80","2.80",2,NULL,"2026-09-19 06:32:36.405+00","2026-09-19 06:32:36.523+00"
"68a32630-6870-42d2-a734-161bd1e234fe","20260919_062238","t-001","f-001","b-001","wv-001","st-01",NULL,"finalized","2026-09-19 06:22:38.386+00","2026-09-19 06:22:40.793+00","0.75","0.75",2,NULL,"2026-09-19 06:22:40.723+00","2026-09-19 06:22:40.792+00"
"1889f7c2-2c64-40b4-82c2-873e399d9a53","20260919_063311","t-001","f-001","b-001","wv-001","st-01",NULL,"finalized","2026-09-19 06:33:11.83+00","2026-09-19 06:33:16.451+00","2.80","2.80",2,NULL,"2026-09-19 06:33:16.346+00","2026-09-19 06:33:16.448+00"
"e4f5a856-5dfd-4640-9ab3-e4fba3015a8b","20260919_063654","t-001","f-001","b-001","wv-001","st-01",NULL,"finalized","2026-09-19 06:36:54.609+00","2026-09-19 06:36:55.589+00","2.80","2.80",2,NULL,"2026-09-19 06:36:55.472+00","2026-09-19 06:36:55.585+00"
"ff0d4fd4-0b92-4293-adf3-540488dc5c69","20260919_063907","t-001","f-001","b-001","wv-001","st-01",NULL,"finalized","2026-09-19 06:39:07.774+00","2026-09-19 06:39:10.272+00","2.80","2.80",2,NULL,"2026-09-19 06:39:10.159+00","2026-09-19 06:39:10.269+00"
"89f454ad-9840-4275-801d-13a3f4a578e8","20260919_064141","t-001","f-001","b-001","wv-001","st-01",NULL,"finalized","2026-09-19 06:41:41.12+00","2026-09-19 06:41:44.758+00","2.80","2.80",2,NULL,"2026-09-19 06:41:44.658+00","2026-09-19 06:41:44.753+00"
"e117bd70-dde2-4e9f-bef1-e3b92b2580a4","20260919_064224","t-001","f-001","b-001","wv-001","st-01",NULL,"finalized","2026-09-19 06:42:24.362+00","2026-09-19 06:42:26.917+00","2.80","2.80",2,NULL,"2026-09-19 06:42:26.808+00","2026-09-19 06:42:26.914+00"
"98c0b562-bbe6-4056-927a-1c0a294acc7d","20260919_064350","t-001","f-001","b-001","wv-001","st-01",NULL,"finalized","2026-09-19 06:43:50.623+00","2026-09-19 06:43:52.757+00","2.80","2.80",2,NULL,"2026-09-19 06:43:52.654+00","2026-09-19 06:43:52.754+00"
"36776089-aab2-45eb-a0b3-0b7b7bb81caf","20260919_121120","t-001","f-001","b-001","wv-001","st-01",NULL,"finalized","2026-09-19 12:11:20.105+00","2026-09-19 12:11:22.546+00","0.75","0.75",2,NULL,"2026-09-19 12:11:22.461+00","2026-09-19 12:11:22.543+00"
"bedcdbcc-81e1-4823-9146-dc2fd0a45ede","20260919_120956","t-001","f-001","b-001","wv-001","st-01",NULL,"finalized","2026-09-19 12:09:56.997+00","2026-09-19 12:09:58.588+00","0.75","0.75",2,NULL,"2026-09-19 12:09:58.498+00","2026-09-19 12:09:58.584+00"
"69d08995-9d9d-431f-9e00-2bc28320dd66","20260919_112452","t-001","f-001","b-001","wv-001","st-01",NULL,"finalized","2026-09-19 11:24:52.067+00","2026-09-19 11:24:53.62+00","1.45","1.45",2,NULL,"2026-09-19 11:24:53.468+00","2026-09-19 11:24:53.616+00"
"a44cbc32-344c-4f51-abb3-f1695a3e3cbc","20260919_114933","t-001","f-001","b-001","wv-001","st-01",NULL,"finalized","2026-09-19 11:49:33.434+00","2026-09-19 11:49:35.473+00","1.10","1.10",2,NULL,"2026-09-19 11:49:35.422+00","2026-09-19 11:49:35.472+00"
"11afe923-371a-4844-a6f0-5374ec9e4235","20260919_112825","t-001","f-001","b-001","wv-001","st-01",NULL,"finalized","2026-09-19 11:28:25.839+00","2026-09-19 11:28:27.257+00","1.45","1.45",2,NULL,"2026-09-19 11:28:27.155+00","2026-09-19 11:28:27.254+00"
"0d4910cc-e95b-4ee2-a15e-d4a5387d2968","20260919_170153","t-001","f-001","b-001","wv-001","st-01",NULL,"finalized","2026-09-19 17:01:53.179+00","2026-09-19 17:01:56.935+00","2.25","2.25",2,NULL,"2026-09-19 17:01:56.883+00","2026-09-19 17:01:56.934+00"
"c9f52313-c24b-4261-b3a1-0963f4502229","20260919_055418","t-001","f-001","b-001","wv-001","st-01",NULL,"finalized","2026-09-19 05:54:18.994+00","2026-09-19 05:54:21.14+00",NULL,"0.00",2,NULL,"2026-09-19 05:54:21.037+00","2026-09-19 05:54:21.136+00"
"8e366451-817c-452b-b5a4-c6f903ed4e7c","20260919_115538","t-001","f-001","b-001","wv-001","st-01",NULL,"finalized","2026-09-19 11:55:38.002+00","2026-09-19 11:55:39.562+00",NULL,"0.00",2,NULL,"2026-09-19 11:55:39.487+00","2026-09-19 11:55:39.559+00"
"6dd72afa-694c-4916-8206-52485620b3d2","20260919_113806","t-001","f-001","b-001","wv-001","st-01",NULL,"finalized","2026-09-19 11:38:06.337+00","2026-09-19 11:38:07.209+00","1.80","1.80",2,NULL,"2026-09-19 11:38:07.157+00","2026-09-19 11:38:07.209+00"
"970ac373-c1a2-4867-b4ec-f76164691d91","20260919_055737","t-001","f-001","b-001","wv-001","st-01",NULL,"finalized","2026-09-19 05:57:37.559+00","2026-09-19 05:57:41.857+00","0.95","0.95",2,NULL,"2026-09-19 05:57:41.756+00","2026-09-19 05:57:41.856+00"
"68ed3ae7-d69c-4a20-a89b-5ff0e4695dac","20260919_112437","t-001","f-001","b-001","wv-001","st-01",NULL,"finalized","2026-09-19 11:24:37.039+00","2026-09-19 11:24:39.522+00","1.45","1.45",2,NULL,"2026-09-19 11:24:39.4+00","2026-09-19 11:24:39.515+00"
"9bb95b6f-8b31-4f36-9d50-11df9a1bc454","20260919_165203","t-001","f-001","b-001","wv-001","st-01",NULL,"finalized","2026-09-19 16:52:03.096+00","2026-09-19 16:52:05.938+00","2.15","2.15",2,NULL,"2026-09-19 16:52:05.843+00","2026-09-19 16:52:05.934+00"
"bc25546f-1eb7-4037-a4a6-56b178dfebcb","20260919_121056","t-001","f-001","b-001","wv-001","st-01",NULL,"finalized","2026-09-19 12:10:56.202+00","2026-09-19 12:10:58.69+00","0.75","0.75",2,NULL,"2026-09-19 12:10:58.616+00","2026-09-19 12:10:58.686+00"
"5e852e83-88b6-46d7-843b-58765693dd3b","20260919_113943","t-001","f-001","b-001","wv-001","st-01",NULL,"finalized","2026-09-19 11:39:43.96+00","2026-09-19 11:39:45.62+00","1.80","1.80",2,NULL,"2026-09-19 11:39:45.519+00","2026-09-19 11:39:45.62+00"
"b53b058c-688c-4160-bc92-8650d8fd0692","20260919_114735","t-001","f-001","b-001","wv-001","st-01",NULL,"finalized","2026-09-19 11:47:35.628+00","2026-09-19 11:47:40.632+00","1.15","1.15",2,NULL,"2026-09-19 11:47:40.522+00","2026-09-19 11:47:40.628+00"
"42284313-a958-4442-af69-0c24da3c875b","20260919_120859","t-001","f-001","b-001","wv-001","st-01",NULL,"finalized","2026-09-19 12:08:59.039+00","2026-09-19 12:09:00.525+00","0.75","0.75",2,NULL,"2026-09-19 12:09:00.428+00","2026-09-19 12:09:00.522+00"
"7a27bb57-899e-41ec-be5f-9095b201958b","20260919_170148","t-001","f-001","b-001","wv-001","st-01",NULL,"finalized","2026-09-19 17:01:48.548+00","2026-09-19 17:01:51.1+00",NULL,"0.00",2,NULL,"2026-09-19 17:01:51.018+00","2026-09-19 17:01:51.097+00"
"1d5dcba3-2a41-469e-980e-46d7f91265d6","20260919_170323","t-001","f-001","b-001","wv-001","st-01",NULL,"finalized","2026-09-19 17:03:23.92+00","2026-09-19 17:03:26.752+00","1.40","1.40",2,NULL,"2026-09-19 17:03:26.652+00","2026-09-19 17:03:26.747+00"
"6fad92b0-b0d0-4aa6-824c-6af048dacfd5","20260919_165353","t-001","f-001","b-001","wv-001","st-01",NULL,"finalized","2026-09-19 16:53:53.496+00","2026-09-19 16:53:54.894+00",NULL,"0.00",2,NULL,"2026-09-19 16:53:54.826+00","2026-09-19 16:53:54.891+00"
"2b3fda8c-72b7-4125-b9b5-59527eee40c6","20260919_170333","t-001","f-001","b-001","wv-001","st-01",NULL,"finalized","2026-09-19 17:03:33.965+00","2026-09-19 17:03:36.662+00","1.40","1.40",2,NULL,"2026-09-19 17:03:36.609+00","2026-09-19 17:03:36.662+00"
"7773ddcc-0602-4f63-bbe9-b80575efe609","20260919_170835","t-001","f-001","b-001","wv-001","st-01",NULL,"finalized","2026-09-19 17:08:35.522+00","2026-09-19 17:08:37.483+00","1.05","1.05",2,NULL,"2026-09-19 17:08:37.437+00","2026-09-19 17:08:37.483+00"
"fe4186d1-0c4b-4720-9bbc-ac99de7d56a0","20260919_171335","t-001","f-001","b-001","wv-001","st-01",NULL,"finalized","2026-09-19 17:13:35.648+00","2026-09-19 17:13:38.485+00","1.10","1.10",2,NULL,"2026-09-19 17:13:38.389+00","2026-09-19 17:13:38.481+00"
"9b69ce0f-25a9-41ac-a659-9d8801cc8f6a","20260919_171524","t-001","f-001","b-001","wv-001","st-01",NULL,"finalized","2026-09-19 17:15:24.664+00","2026-09-19 17:15:27.208+00","1.10","1.10",2,NULL,"2026-09-19 17:15:27.118+00","2026-09-19 17:15:27.204+00"
"c95f8c1a-be72-448c-927a-7530b0cec650","20260919_171603","t-001","f-001","b-001","wv-001","st-01",NULL,"finalized","2026-09-19 17:16:03.592+00","2026-09-19 17:16:07.058+00","1.20","1.20",2,NULL,"2026-09-19 17:16:06.913+00","2026-09-19 17:16:07.054+00"
"ba2373f0-020b-4a7c-ac6b-e839055bf748","20260919_171900","t-001","f-001","b-001","wv-001","st-01",NULL,"finalized","2026-09-19 17:19:00.476+00","2026-09-19 17:19:02.29+00","1.85","1.85",2,NULL,"2026-09-19 17:19:02.174+00","2026-09-19 17:19:02.285+00"
"af51807f-22f0-4545-a6a6-34d49e24a5ac","20260919_055423","t-001","f-001","b-001","wv-001","st-01",NULL,"finalized","2026-09-19 05:54:23.097+00","2026-09-19 05:54:26.818+00","0.30","0.30",2,NULL,"2026-09-19 05:54:26.712+00","2026-09-19 05:54:26.814+00"
"7e1a0cbc-83ac-480f-a42e-3bb7ee4e77a1","20260919_055749","t-001","f-001","b-001","wv-001","st-01",NULL,"finalized","2026-09-19 05:57:49.832+00","2026-09-19 05:57:51.677+00","0.95","0.95",2,NULL,"2026-09-19 05:57:51.574+00","2026-09-19 05:57:51.673+00"
"2c591f79-ce9b-452c-a6c2-275c4ff0ed5f","20260919_115341","t-001","f-001","b-001","wv-001","st-01",NULL,"finalized","2026-09-19 11:53:41.321+00","2026-09-19 11:53:43.391+00","1.45","1.45",2,NULL,"2026-09-19 11:53:43.291+00","2026-09-19 11:53:43.387+00"
"c38fee61-3e9c-4b11-9933-fabd20fa0763","20260919_115621","t-001","f-001","b-001","wv-001","st-01",NULL,"finalized","2026-09-19 11:56:21.006+00","2026-09-19 11:56:23.16+00","1.45","1.45",2,NULL,"2026-09-19 11:56:23.091+00","2026-09-19 11:56:23.159+00"
"44000d61-386f-41d1-a6f2-f6a454a0e431","20260919_115928","t-001","f-001","b-001","wv-001","st-01",NULL,"finalized","2026-09-19 11:59:28.76+00","2026-09-19 11:59:30.331+00","1.45","1.45",2,NULL,"2026-09-19 11:59:30.235+00","2026-09-19 11:59:30.328+00"
"cf730e99-a527-46c7-986d-ac62ab70b597","20260919_120026","t-001","f-001","b-001","wv-001","st-01",NULL,"finalized","2026-09-19 12:00:26.063+00","2026-09-19 12:00:28.442+00","1.45","1.45",2,NULL,"2026-09-19 12:00:28.346+00","2026-09-19 12:00:28.439+00"
"40700d2e-9317-42e4-be93-58b8417791da","20260919_060120","t-001","f-001","b-001","wv-001","st-01",NULL,"finalized","2026-09-19 06:01:20.511+00","2026-09-19 06:01:21.838+00",NULL,"0.00",2,NULL,"2026-09-19 06:01:21.742+00","2026-09-19 06:01:21.834+00"
"f5c0fe8a-e4a7-4a48-b215-3261a7d2b0f4","20260919_000122","t-001","f-001","b-001","wv-001","st-01",NULL,"finalized","2026-09-19 00:01:22.665+00","2026-09-19 00:01:54.27+00","1.65","1.65",2,"299173c8-95f7-5a58-8825-5f794410644b","2026-09-19 00:01:54.159+00","2026-09-19 00:01:55.291+00"
"04b3fc29-caf3-4f90-849b-7603e92f0561","20260919_000541","t-001","f-001","b-001","wv-001","st-01",NULL,"finalized","2026-09-19 00:05:41.593+00","2026-09-19 00:05:45.859+00","0.30","0.30",2,"d8b520d6-05d3-5db4-a3dc-4d35703de874","2026-09-19 00:05:45.762+00","2026-09-19 00:05:46.883+00"
"8d1bfb6f-ff54-4544-8b85-e1167144079a","20260919_175042","t-001","f-001","b-001","wv-001","st-01",NULL,"finalized","2026-09-19 17:50:42.727+00","2026-09-19 17:50:49.09+00","2.10","2.10",2,NULL,"2026-09-19 17:50:48.999+00","2026-09-19 17:50:49.087+00"
"da090ba4-9faa-4537-aa2f-4d39918bd845","20260919_182904","t-001","f-001","b-001","wv-001","st-01",NULL,"finalized","2026-09-19 18:29:04.331+00","2026-09-19 18:29:16.684+00","1.15","1.15",2,NULL,"2026-09-19 18:29:16.572+00","2026-09-19 18:29:16.68+00"
"2f2eba4d-a8b3-4fc5-a89f-0651029491e1","20260919_175046","t-001","f-001","b-001","wv-001","st-01",NULL,"finalized","2026-09-19 17:50:46.989+00","2026-09-19 17:50:52.929+00","2.10","2.10",2,NULL,"2026-09-19 17:50:52.821+00","2026-09-19 17:50:52.925+00"
"8fb970e8-c0ec-49d0-b10d-d3540ae691df","20260919_183723","t-001","f-001","b-001","wv-001","st-01",NULL,"finalized","2026-09-19 18:37:23.393+00","2026-09-19 18:37:26.767+00","1.95","1.95",2,NULL,"2026-09-19 18:37:26.682+00","2026-09-19 18:37:26.764+00"
"c9d86ec3-6717-4722-9cd0-fe638171cda5","20260919_182908","t-001","f-001","b-001","wv-001","st-01",NULL,"finalized","2026-09-19 18:29:08.274+00","2026-09-19 18:29:20.456+00","1.15","1.15",2,NULL,"2026-09-19 18:29:20.402+00","2026-09-19 18:29:20.456+00"
"3a147ddc-1fb5-4d19-a687-9200d8675a90","20260919_175057","t-001","f-001","b-001","wv-001","st-01",NULL,"finalized","2026-09-19 17:50:57.539+00","2026-09-19 17:50:58.666+00","2.10","2.10",2,NULL,"2026-09-19 17:50:58.606+00","2026-09-19 17:50:58.663+00"
"675ecac2-6f46-4dd7-9fd4-bea444251157","20260919_175158","t-001","f-001","b-001","wv-001","st-01",NULL,"finalized","2026-09-19 17:51:58.714+00","2026-09-19 17:52:00.9+00","1.75","1.75",2,NULL,"2026-09-19 17:52:00.8+00","2026-09-19 17:52:00.896+00"
"dda2b2f3-c96f-4dc9-9bb0-57ce8ea03561","20260919_183134","t-001","f-001","b-001","wv-001","st-01",NULL,"finalized","2026-09-19 18:31:34.928+00","2026-09-19 18:31:37.342+00","3.35","3.35",2,NULL,"2026-09-19 18:31:37.255+00","2026-09-19 18:31:37.339+00"
"8d26306f-420f-4b56-a36f-0efb481d32fe","20260919_175251","t-001","f-001","b-001","wv-001","st-01",NULL,"finalized","2026-09-19 17:52:51.152+00","2026-09-19 17:52:53.194+00","2.10","2.10",2,NULL,"2026-09-19 17:52:53.087+00","2026-09-19 17:52:53.191+00"
"e905bc6f-daa6-4294-bdaa-b34b73b2bb7b","20260919_184637","t-001","f-001","b-001","wv-001","st-01",NULL,"finalized","2026-09-19 18:46:37.843+00","2026-09-19 18:46:40.614+00","1.95","1.95",2,NULL,"2026-09-19 18:46:40.521+00","2026-09-19 18:46:40.612+00"
"a8a72f30-429a-4d7b-98ea-bbc841bfbc41","20260919_183153","t-001","f-001","b-001","wv-001","st-01",NULL,"finalized","2026-09-19 18:31:53.988+00","2026-09-19 18:31:55.302+00",NULL,"0.00",2,NULL,"2026-09-19 18:31:55.22+00","2026-09-19 18:31:55.299+00"
"eb3d729a-9a70-464b-9084-faaf6fed92fb","20260919_175906","t-001","f-001","b-001","wv-001","st-01",NULL,"finalized","2026-09-19 17:59:06.496+00","2026-09-19 17:59:09.012+00","2.00","2.00",2,NULL,"2026-09-19 17:59:08.907+00","2026-09-19 17:59:09.011+00"
"d79145e1-457d-4ddb-96a6-d84f5e327c8d","20260919_180800","t-001","f-001","b-001","wv-001","st-01",NULL,"finalized","2026-09-19 18:08:00.122+00","2026-09-19 18:08:01.69+00","2.00","2.00",2,NULL,"2026-09-19 18:08:01.6+00","2026-09-19 18:08:01.687+00"
"d7055f96-b5fc-4a35-8a32-0388240cfbbf","20260919_183237","t-001","f-001","b-001","wv-001","st-01",NULL,"finalized","2026-09-19 18:32:37.679+00","2026-09-19 18:32:38.981+00","2.95","2.95",2,NULL,"2026-09-19 18:32:38.897+00","2026-09-19 18:32:38.978+00"
"373515a1-fb8a-48b6-b759-08b4ea87a22f","20260919_181811","t-001","f-001","b-001","wv-001","st-01",NULL,"finalized","2026-09-19 18:18:11.658+00","2026-09-19 18:18:13.932+00","2.45","2.45",2,NULL,"2026-09-19 18:18:13.776+00","2026-09-19 18:18:13.928+00"
"b6373dd8-300d-4b48-9270-7ba788c4f610","20260919_184818","t-001","f-001","b-001","wv-001","st-01",NULL,"finalized","2026-09-19 18:48:18.767+00","2026-09-19 18:48:24.411+00","2.25","2.25",2,NULL,"2026-09-19 18:48:24.311+00","2026-09-19 18:48:24.407+00"
"d0cd2bb7-cabf-48e0-85bc-284b54ad1f45","20260919_181932","t-001","f-001","b-001","wv-001","st-01",NULL,"finalized","2026-09-19 18:19:32.059+00","2026-09-19 18:19:34.154+00","2.45","2.45",2,NULL,"2026-09-19 18:19:34.067+00","2026-09-19 18:19:34.151+00"
"f4910102-e3b0-4a14-92f1-e3ab196a065d","20260919_183353","t-001","f-001","b-001","wv-001","st-01",NULL,"finalized","2026-09-19 18:33:53.289+00","2026-09-19 18:33:54.896+00","2.25","2.25",2,NULL,"2026-09-19 18:33:54.796+00","2026-09-19 18:33:54.892+00"
"f77e1961-45a9-445f-a719-fd9b05efc8d5","20260919_182854","t-001","f-001","b-001","wv-001","st-01",NULL,"finalized","2026-09-19 18:28:54.428+00","2026-09-19 18:29:10.337+00",NULL,"0.00",2,NULL,"2026-09-19 18:29:02.139+00","2026-09-19 18:29:10.333+00"
"bf2d1b02-623a-4a92-a82e-5a3b10361cb0","20260919_185222","t-001","f-001","b-001","wv-001","st-01",NULL,"finalized","2026-09-19 18:52:22.207+00","2026-09-19 18:52:23.344+00","2.65","2.65",2,NULL,"2026-09-19 18:52:23.254+00","2026-09-19 18:52:23.341+00"
"82ac24d2-6c5a-4895-9d23-d7cee7ccbf75","20260919_183412","t-001","f-001","b-001","wv-001","st-01",NULL,"finalized","2026-09-19 18:34:12.396+00","2026-09-19 18:34:23.96+00","2.25","2.25",2,NULL,"2026-09-19 18:34:23.861+00","2026-09-19 18:34:23.956+00"
"92b552d2-791e-427e-a39a-1acd35733b24","20260919_183719","t-001","f-001","b-001","wv-001","st-01",NULL,"finalized","2026-09-19 18:37:19.504+00","2026-09-19 18:37:20.893+00",NULL,"0.00",2,NULL,"2026-09-19 18:37:20.819+00","2026-09-19 18:37:20.89+00"
"62a410d1-80dc-4fdf-b280-b5a1b70e1ef7","20260919_185241","t-001","f-001","b-001","wv-001","st-01",NULL,"finalized","2026-09-19 18:52:41.906+00","2026-09-19 18:52:43.42+00",NULL,"0.00",2,NULL,"2026-09-19 18:52:43.339+00","2026-09-19 18:52:43.417+00"
"a9de1422-9968-4446-bed8-7af80dc18d3e","20260919_185355","t-001","f-001","b-001","wv-001","st-01",NULL,"finalized","2026-09-19 18:53:55.491+00","2026-09-19 18:53:57.946+00","2.25","2.25",2,NULL,"2026-09-19 18:53:57.841+00","2026-09-19 18:53:57.943+00"
"0dfd87be-2461-4224-a70c-48e4a2af954c","20260919_182747","t-001","f-001","b-001","wv-001","st-01",NULL,"finalized","2026-09-19 18:27:47.841+00","2026-09-19 18:27:49.279+00","1.90","1.90",2,NULL,"2026-09-19 18:27:49.186+00","2026-09-19 18:27:49.275+00"
"adb22799-7045-4929-8ca4-b199df1a6bd0","20260919_175401","t-001","f-001","b-001","wv-001","st-01",NULL,"finalized","2026-09-19 17:54:01.933+00","2026-09-19 17:54:03.495+00","2.10","2.10",2,NULL,"2026-09-19 17:54:03.412+00","2026-09-19 17:54:03.493+00"
"cd0c7c8e-6ffd-4c8c-b53d-8d9c78820508","20260919_184315","t-001","f-001","b-001","wv-001","st-01",NULL,"finalized","2026-09-19 18:43:15.892+00","2026-09-19 18:43:17.827+00","2.70","2.70",2,NULL,"2026-09-19 18:43:17.717+00","2026-09-19 18:43:17.822+00"
"a1f7b9f5-18bf-4a5b-86f0-5591430f0ddd","20260919_183222","t-001","f-001","b-001","wv-001","st-01",NULL,"finalized","2026-09-19 18:32:22.872+00","2026-09-19 18:32:24.876+00","2.95","2.95",2,NULL,"2026-09-19 18:32:24.762+00","2026-09-19 18:32:24.872+00"
"300b35b9-80f1-4fdf-913f-3874a8be249d","20260919_175709","t-001","f-001","b-001","wv-001","st-01",NULL,"finalized","2026-09-19 17:57:09.738+00","2026-09-19 17:57:12.268+00","2.00","2.00",2,NULL,"2026-09-19 17:57:12.17+00","2026-09-19 17:57:12.265+00"
"9b4279de-9c2f-44ec-92e3-9473a6e70cb8","20260919_180006","t-001","f-001","b-001","wv-001","st-01",NULL,"finalized","2026-09-19 18:00:06.348+00","2026-09-19 18:00:07.379+00","2.00","2.00",2,NULL,"2026-09-19 18:00:07.283+00","2026-09-19 18:00:07.375+00"
"7246fcde-4107-4ce8-aa25-df2fe2a1fe41","20260919_183301","t-001","f-001","b-001","wv-001","st-01",NULL,"finalized","2026-09-19 18:33:01.941+00","2026-09-19 18:33:04.998+00","2.60","2.60",2,NULL,"2026-09-19 18:33:04.87+00","2026-09-19 18:33:04.993+00"
"eb8d15bf-dc3a-4f3f-b29d-f2f5ae4aa39e","20260919_180312","t-001","f-001","b-001","wv-001","st-01",NULL,"finalized","2026-09-19 18:03:12.306+00","2026-09-19 18:03:14.477+00","2.00","2.00",2,NULL,"2026-09-19 18:03:14.38+00","2026-09-19 18:03:14.473+00"
"288827df-36b0-4707-a95a-0e8e7fd10252","20260919_185459","t-001","f-001","b-001","wv-001","st-01",NULL,"finalized","2026-09-19 18:54:59.906+00","2026-09-19 18:55:04.055+00","2.25","2.25",2,NULL,"2026-09-19 18:55:03.993+00","2026-09-19 18:55:04.052+00"
"60e2ed5c-747c-4e91-a642-29f01d20c10a","20260919_184341","t-001","f-001","b-001","wv-001","st-01",NULL,"finalized","2026-09-19 18:43:41.41+00","2026-09-19 18:43:43.758+00","2.35","2.35",2,NULL,"2026-09-19 18:43:43.658+00","2026-09-19 18:43:43.755+00"
"13a5015f-4d9a-47db-aaa2-ada4bd3b8f59","20260919_180359","t-001","f-001","b-001","wv-001","st-01",NULL,"finalized","2026-09-19 18:03:59.38+00","2026-09-19 18:04:00.672+00","2.00","2.00",2,NULL,"2026-09-19 18:04:00.605+00","2026-09-19 18:04:00.671+00"
"55bc22ec-1fa8-4f9b-b46f-ff3c2f8b36db","20260919_183307","t-001","f-001","b-001","wv-001","st-01",NULL,"finalized","2026-09-19 18:33:07.801+00","2026-09-19 18:33:10.913+00","2.60","2.60",2,NULL,"2026-09-19 18:33:10.825+00","2026-09-19 18:33:10.912+00"
"bece7d64-6b3d-4985-85ee-4b538ea33d5c","20260919_180606","t-001","f-001","b-001","wv-001","st-01",NULL,"finalized","2026-09-19 18:06:06.058+00","2026-09-19 18:06:07.044+00","2.35","2.35",2,NULL,"2026-09-19 18:06:06.945+00","2026-09-19 18:06:07.041+00"
"318eb64b-c335-4634-a78c-16be98d6a454","20260919_183408","t-001","f-001","b-001","wv-001","st-01",NULL,"finalized","2026-09-19 18:34:08.291+00","2026-09-19 18:34:11.076+00","2.25","2.25",2,NULL,"2026-09-19 18:34:10.976+00","2026-09-19 18:34:11.072+00"
"7e384ff1-098a-4157-99b8-a78ff898cd9f","20260919_181440","t-001","f-001","b-001","wv-001","st-01",NULL,"finalized","2026-09-19 18:14:40.9+00","2026-09-19 18:14:43.073+00","2.45","2.45",2,NULL,"2026-09-19 18:14:42.974+00","2026-09-19 18:14:43.069+00"
"047bc0ee-1ea9-4af4-8939-86a40d709382","20260919_184412","t-001","f-001","b-001","wv-001","st-01",NULL,"finalized","2026-09-19 18:44:12.912+00","2026-09-19 18:44:15.695+00","1.95","1.95",2,NULL,"2026-09-19 18:44:15.639+00","2026-09-19 18:44:15.694+00"
"73ad532b-2498-4079-908b-520794ec7f52","20260919_181837","t-001","f-001","b-001","wv-001","st-01",NULL,"finalized","2026-09-19 18:18:37.929+00","2026-09-19 18:18:39.908+00","2.45","2.45",2,NULL,"2026-09-19 18:18:39.819+00","2026-09-19 18:18:39.905+00"
"720abc2c-e1e1-44a1-8a11-fd438ebbed60","20260919_183523","t-001","f-001","b-001","wv-001","st-01",NULL,"finalized","2026-09-19 18:35:23.902+00","2026-09-19 18:35:26.248+00","2.15","2.15",2,NULL,"2026-09-19 18:35:26.1+00","2026-09-19 18:35:26.245+00"
"c038a78c-7d69-4f33-921c-28ffe27acf33","20260919_182529","t-001","f-001","b-001","wv-001","st-01",NULL,"finalized","2026-09-19 18:25:29.558+00","2026-09-19 18:25:32.347+00","2.45","2.45",2,NULL,"2026-09-19 18:25:32.249+00","2026-09-19 18:25:32.344+00"
"ddea5b42-2988-403b-982f-b68dd7828dfc","20260919_185534","t-001","f-001","b-001","wv-001","st-01",NULL,"finalized","2026-09-19 18:55:34.174+00","2026-09-19 18:55:35.797+00","1.95","1.95",2,NULL,"2026-09-19 18:55:35.708+00","2026-09-19 18:55:35.793+00"
"117e8dc6-b64d-4172-8fc1-d65cc0fa4380","20260919_184719","t-001","f-001","b-001","wv-001","st-01",NULL,"finalized","2026-09-19 18:47:19.475+00","2026-09-19 18:47:20.716+00","1.95","1.95",2,NULL,"2026-09-19 18:47:20.66+00","2026-09-19 18:47:20.713+00"
"6a3910fa-1443-451e-a704-a8c159e7322e","20260919_183728","t-001","f-001","b-001","wv-001","st-01",NULL,"finalized","2026-09-19 18:37:28.399+00","2026-09-19 18:37:32.764+00","1.95","1.95",2,NULL,"2026-09-19 18:37:32.669+00","2026-09-19 18:37:32.761+00"
"bbe12a78-68b4-4584-8d71-03b16b85402b","20260919_184147","t-001","f-001","b-001","wv-001","st-01",NULL,"finalized","2026-09-19 18:41:47.798+00","2026-09-19 18:41:49.523+00","2.30","2.30",2,NULL,"2026-09-19 18:41:49.468+00","2026-09-19 18:41:49.523+00"
"42266822-eea2-4a64-860b-32b621fb8a74","20260919_185704","t-001","f-001","b-001","wv-001","st-01",NULL,"finalized","2026-09-19 18:57:04.501+00","2026-09-19 18:57:06.366+00","1.95","1.95",2,NULL,"2026-09-19 18:57:06.259+00","2026-09-19 18:57:06.363+00"
"ec6a1ead-eb68-4e5f-aaf5-7d1b9c8a52d7","20260919_185017","t-001","f-001","b-001","wv-001","st-01",NULL,"finalized","2026-09-19 18:50:17.124+00","2026-09-19 18:50:18.785+00","2.65","2.65",2,NULL,"2026-09-19 18:50:18.689+00","2026-09-19 18:50:18.78+00"
"fe768620-0232-4ff1-b458-3bfb9a960294","20260919_185245","t-001","f-001","b-001","wv-001","st-01",NULL,"finalized","2026-09-19 18:52:45.914+00","2026-09-19 18:52:49.363+00","2.25","2.25",2,NULL,"2026-09-19 18:52:49.27+00","2026-09-19 18:52:49.359+00"
"5954ce5e-d643-47f7-b9c7-da8ac906084a","20260919_175604","t-001","f-001","b-001","wv-001","st-01",NULL,"finalized","2026-09-19 17:56:04.122+00","2026-09-19 17:56:10.264+00","2.35","2.35",2,NULL,"2026-09-19 17:56:08.827+00","2026-09-19 17:56:10.259+00"
"c1a34a06-97e8-4d55-b835-1cc4aa020abe","20260919_183439","t-001","f-001","b-001","wv-001","st-01",NULL,"finalized","2026-09-19 18:34:39.973+00","2026-09-19 18:34:42.196+00","2.60","2.60",2,NULL,"2026-09-19 18:34:42.099+00","2026-09-19 18:34:42.193+00"
"7156f789-abf1-46cf-ace7-5164fdcac26d","20260919_175649","t-001","f-001","b-001","wv-001","st-01",NULL,"finalized","2026-09-19 17:56:49.41+00","2026-09-19 17:56:50.308+00","1.70","1.70",2,NULL,"2026-09-19 17:56:50.254+00","2026-09-19 17:56:50.307+00"
"4efad53e-0df7-4f08-a6f9-c17913586d9f","20260919_184358","t-001","f-001","b-001","wv-001","st-01",NULL,"finalized","2026-09-19 18:43:58.363+00","2026-09-19 18:43:59.755+00","1.95","1.95",2,NULL,"2026-09-19 18:43:59.667+00","2026-09-19 18:43:59.753+00"
"7739c615-1646-4a65-9689-7787ca50e03d","20260919_183537","t-001","f-001","b-001","wv-001","st-01",NULL,"finalized","2026-09-19 18:35:37.439+00","2026-09-19 18:35:39.999+00",NULL,"0.00",2,NULL,"2026-09-19 18:35:39.933+00","2026-09-19 18:35:39.996+00"
"338ea8d9-5a2b-4c6d-9002-9659f360d09d","20260919_175815","t-001","f-001","b-001","wv-001","st-01",NULL,"finalized","2026-09-19 17:58:15.101+00","2026-09-19 17:58:16.694+00","2.00","2.00",2,NULL,"2026-09-19 17:58:16.603+00","2026-09-19 17:58:16.69+00"
"c42b4334-cb6b-4a9d-85c4-60d89f7f508e","20260919_180854","t-001","f-001","b-001","wv-001","st-01",NULL,"finalized","2026-09-19 18:08:54.186+00","2026-09-19 18:08:55.856+00","2.00","2.00",2,NULL,"2026-09-19 18:08:55.757+00","2026-09-19 18:08:55.852+00"
"f61da458-64ba-4a31-946f-3e02b3ba6887","20260919_183541","t-001","f-001","b-001","wv-001","st-01",NULL,"finalized","2026-09-19 18:35:41.448+00","2026-09-19 18:35:45.813+00","2.90","2.90",2,NULL,"2026-09-19 18:35:45.722+00","2026-09-19 18:35:45.81+00"
"e49b92a6-a273-4dc9-8e37-fe971c4979b9","20260919_181556","t-001","f-001","b-001","wv-001","st-01",NULL,"finalized","2026-09-19 18:15:56.248+00","2026-09-19 18:15:57.281+00","2.45","2.45",2,NULL,"2026-09-19 18:15:57.172+00","2026-09-19 18:15:57.277+00"
"0e766ba7-3570-479f-ad9b-62c7f30a2b74","20260919_184555","t-001","f-001","b-001","wv-001","st-01",NULL,"finalized","2026-09-19 18:45:55.391+00","2026-09-19 18:45:58.391+00","1.95","1.95",2,NULL,"2026-09-19 18:45:58.259+00","2026-09-19 18:45:58.386+00"
"ab17c0df-d3eb-45b6-8a1d-1798d611cfbb","20260919_182020","t-001","f-001","b-001","wv-001","st-01",NULL,"finalized","2026-09-19 18:20:20.187+00","2026-09-19 18:20:22.531+00","2.45","2.45",2,NULL,"2026-09-19 18:20:22.435+00","2026-09-19 18:20:22.527+00"
"3cfc2d1a-caca-4a77-84e6-ffe1fb037795","20260919_183648","t-001","f-001","b-001","wv-001","st-01",NULL,"finalized","2026-09-19 18:36:48.097+00","2026-09-19 18:36:50.696+00","2.00","2.00",2,NULL,"2026-09-19 18:36:50.613+00","2026-09-19 18:36:50.695+00"
"dd56ac04-85c0-41aa-a117-1da908d7a3ba","20260919_182834","t-001","f-001","b-001","wv-001","st-01",NULL,"finalized","2026-09-19 18:28:34.675+00","2026-09-19 18:28:37.602+00","1.50","1.50",2,NULL,"2026-09-19 18:28:37.463+00","2026-09-19 18:28:37.599+00"
"9fce94d5-2db3-4c08-b1c3-535558870f76","20260919_183751","t-001","f-001","b-001","wv-001","st-01",NULL,"finalized","2026-09-19 18:37:51.46+00","2026-09-19 18:37:52.984+00","1.95","1.95",2,NULL,"2026-09-19 18:37:52.879+00","2026-09-19 18:37:52.98+00"
"41a7e0d3-0dd0-4f4b-b584-163a94927756","20260919_183158","t-001","f-001","b-001","wv-001","st-01",NULL,"finalized","2026-09-19 18:31:58.198+00","2026-09-19 18:32:01.186+00","2.95","2.95",2,NULL,"2026-09-19 18:32:01.089+00","2026-09-19 18:32:01.182+00"
"0a34e2bd-8a68-4202-b256-57515ca18ce8","20260919_184737","t-001","f-001","b-001","wv-001","st-01",NULL,"finalized","2026-09-19 18:47:37.036+00","2026-09-19 18:47:38.65+00","2.20","2.20",2,NULL,"2026-09-19 18:47:38.526+00","2026-09-19 18:47:38.646+00"
"83378e04-c6ed-4aa2-8d9f-5c0d9f36cc75","20260919_183206","t-001","f-001","b-001","wv-001","st-01",NULL,"finalized","2026-09-19 18:32:06.851+00","2026-09-19 18:32:12.891+00","2.95","2.95",2,NULL,"2026-09-19 18:32:12.78+00","2026-09-19 18:32:12.887+00"
"a7c8932b-cf36-4918-b70f-a1c655252bc5","20260919_183811","t-001","f-001","b-001","wv-001","st-01",NULL,"finalized","2026-09-19 18:38:11.254+00","2026-09-19 18:38:12.947+00","2.35","2.35",2,NULL,"2026-09-19 18:38:12.853+00","2026-09-19 18:38:12.944+00"
"0f235727-725e-4a24-858b-42143b7cf6cf","20260919_183258","t-001","f-001","b-001","wv-001","st-01",NULL,"finalized","2026-09-19 18:32:58.012+00","2026-09-19 18:32:59.048+00",NULL,"0.00",2,NULL,"2026-09-19 18:32:58.966+00","2026-09-19 18:32:59.045+00"
"f38b73fe-2ca9-44e5-ba03-7203de16779c","20260919_183913","t-001","f-001","b-001","wv-001","st-01",NULL,"finalized","2026-09-19 18:39:13.964+00","2026-09-19 18:39:15.434+00",NULL,"0.00",2,NULL,"2026-09-19 18:39:15.345+00","2026-09-19 18:39:15.429+00"
"928fb985-e281-49ff-904e-d509e8ce12b9","20260919_185106","t-001","f-001","b-001","wv-001","st-01",NULL,"finalized","2026-09-19 18:51:06.469+00","2026-09-19 18:51:19.215+00","2.65","2.65",2,NULL,"2026-09-19 18:51:19.121+00","2026-09-19 18:51:19.213+00"
"c989ce24-d8e7-4259-8bf6-b1ce0423d1ff","20260919_184252","t-001","f-001","b-001","wv-001","st-01",NULL,"finalized","2026-09-19 18:42:52.629+00","2026-09-19 18:42:55.825+00","2.70","2.70",2,NULL,"2026-09-19 18:42:55.722+00","2026-09-19 18:42:55.821+00"
"1ad43912-a012-4d99-9b34-703cabfc6548","20260919_185455","t-001","f-001","b-001","wv-001","st-01",NULL,"finalized","2026-09-19 18:54:55.802+00","2026-09-19 18:54:58.214+00",NULL,"0.00",2,NULL,"2026-09-19 18:54:58.139+00","2026-09-19 18:54:58.21+00"
"2cfe048c-ca15-4aae-a11d-34bcf0a66093","20260919_183241","t-001","f-001","b-001","wv-001","st-01",NULL,"finalized","2026-09-19 18:32:41.551+00","2026-09-19 18:32:45.012+00","2.95","2.95",2,NULL,"2026-09-19 18:32:44.911+00","2026-09-19 18:32:45.009+00"
"6685b3c6-8894-4ba9-8fbd-cce7db071512","20260919_180200","t-001","f-001","b-001","wv-001","st-01",NULL,"finalized","2026-09-19 18:02:00.806+00","2026-09-19 18:02:02.134+00","2.00","2.00",2,NULL,"2026-09-19 18:02:02.076+00","2026-09-19 18:02:02.133+00"
"892247bf-718d-4c36-9c93-8642af5bc389","20260919_194732","t-001","f-001","b-001","wv-001","st-01",NULL,"finalized","2026-09-19 19:47:32.415+00","2026-09-19 19:47:35.237+00","2.20","2.20",2,NULL,"2026-09-19 19:47:35.13+00","2026-09-19 19:47:35.229+00"
"ae5dffa7-4f12-4874-b3a4-284bf3aff443","20260919_183602","t-001","f-001","b-001","wv-001","st-01",NULL,"finalized","2026-09-19 18:36:02.387+00","2026-09-19 18:36:07.193+00",NULL,"0.00",2,NULL,"2026-09-19 18:36:07.057+00","2026-09-19 18:36:07.19+00"
"78f02a79-d75e-4397-a417-805b88a02f5e","20260919_180533","t-001","f-001","b-001","wv-001","st-01",NULL,"finalized","2026-09-19 18:05:33.643+00","2026-09-19 18:05:34.957+00","2.00","2.00",2,NULL,"2026-09-19 18:05:34.827+00","2026-09-19 18:05:34.954+00"
"aa452231-c84f-47e2-8759-6d03e6777a13","20260919_194319","t-001","f-001","b-001","wv-001","st-01",NULL,"finalized","2026-09-19 19:43:19.68+00","2026-09-19 19:43:21.973+00","1.85","1.85",2,NULL,"2026-09-19 19:43:21.87+00","2026-09-19 19:43:21.969+00"
"ebc84668-354f-434e-916f-25c366a1d954","20260919_184814","t-001","f-001","b-001","wv-001","st-01",NULL,"finalized","2026-09-19 18:48:14.439+00","2026-09-19 18:48:18.509+00",NULL,"0.00",2,NULL,"2026-09-19 18:48:18.43+00","2026-09-19 18:48:18.506+00"
"f6ad3d88-0792-4b20-ba1d-26363da0ac9c","20260919_181045","t-001","f-001","b-001","wv-001","st-01",NULL,"finalized","2026-09-19 18:10:45.399+00","2026-09-19 18:10:46.657+00","2.00","2.00",2,NULL,"2026-09-19 18:10:46.557+00","2026-09-19 18:10:46.654+00"
"1fad943d-52c8-407a-a0a4-d3d4397b2a6b","20260919_183610","t-001","f-001","b-001","wv-001","st-01",NULL,"finalized","2026-09-19 18:36:10.853+00","2026-09-19 18:36:16.885+00","2.20","2.20",2,NULL,"2026-09-19 18:36:16.791+00","2026-09-19 18:36:16.882+00"
"7f766abe-586e-4782-95da-c741071f795b","20260919_181303","t-001","f-001","b-001","wv-001","st-01",NULL,"finalized","2026-09-19 18:13:03.11+00","2026-09-19 18:13:04.814+00","2.40","2.40",2,NULL,"2026-09-19 18:13:04.7+00","2026-09-19 18:13:04.81+00"
"05dab63e-1797-457b-9834-9de5d6e14f0b","20260919_194055","t-001","f-001","b-001","wv-001","st-01",NULL,"finalized","2026-09-19 19:40:55.074+00","2026-09-19 19:40:57.804+00","2.20","2.20",2,NULL,"2026-09-19 19:40:57.719+00","2026-09-19 19:40:57.804+00"
"42358f96-5181-4dcc-bc3d-67fd9bf5d6bb","20260919_183620","t-001","f-001","b-001","wv-001","st-01",NULL,"finalized","2026-09-19 18:36:20.135+00","2026-09-19 18:36:22.823+00",NULL,"0.00",2,NULL,"2026-09-19 18:36:22.739+00","2026-09-19 18:36:22.811+00"
"bfea0a75-9e1d-47a4-9d6e-bec7e8db132d","20260919_181612","t-001","f-001","b-001","wv-001","st-01",NULL,"finalized","2026-09-19 18:16:12.836+00","2026-09-19 18:16:15.311+00","2.45","2.45",2,NULL,"2026-09-19 18:16:15.241+00","2026-09-19 18:16:15.31+00"
"e6501dc7-a971-4b7d-a8f5-3763685bc8ef","20260919_184912","t-001","f-001","b-001","wv-001","st-01",NULL,"finalized","2026-09-19 18:49:12.684+00","2026-09-19 18:49:14.693+00","2.65","2.65",2,NULL,"2026-09-19 18:49:14.629+00","2026-09-19 18:49:14.692+00"
"4a07f41a-ce53-4997-b58c-6e9a1f983cd5","20260919_182001","t-001","f-001","b-001","wv-001","st-01",NULL,"finalized","2026-09-19 18:20:01.311+00","2026-09-19 18:20:02.32+00","2.45","2.45",2,NULL,"2026-09-19 18:20:02.229+00","2026-09-19 18:20:02.317+00"
"629655a6-8ade-4c2f-99e1-54708689f7a3","20260919_183624","t-001","f-001","b-001","wv-001","st-01",NULL,"finalized","2026-09-19 18:36:24.085+00","2026-09-19 18:36:28.664+00","2.30","2.30",2,NULL,"2026-09-19 18:36:28.587+00","2026-09-19 18:36:28.662+00"
"a9380e7a-117d-400a-9250-0455cbca7c70","20260919_182024","t-001","f-001","b-001","wv-001","st-01",NULL,"finalized","2026-09-19 18:20:24.161+00","2026-09-19 18:20:28.398+00","2.45","2.45",2,NULL,"2026-09-19 18:20:28.306+00","2026-09-19 18:20:28.394+00"
"6c9c4f5c-ada1-4b10-9e9e-0f2fc1939613","20260919_200935","t-001","f-001","b-001","wv-001","st-01",NULL,"finalized","2026-09-19 20:09:35.358+00","2026-09-19 20:09:36.702+00","2.90","2.90",2,NULL,"2026-09-19 20:09:36.605+00","2026-09-19 20:09:36.699+00"
"3723f37b-c313-40a9-a542-3aa84713f505","20260919_194119","t-001","f-001","b-001","wv-001","st-01",NULL,"finalized","2026-09-19 19:41:19.5+00","2026-09-19 19:41:21.9+00",NULL,"0.00",2,NULL,"2026-09-19 19:41:21.817+00","2026-09-19 19:41:21.897+00"
"152d3682-784b-409f-8797-e71750cb5635","20260919_183924","t-001","f-001","b-001","wv-001","st-01",NULL,"finalized","2026-09-19 18:39:24.645+00","2026-09-19 18:39:27.28+00","2.75","2.75",2,NULL,"2026-09-19 18:39:27.173+00","2026-09-19 18:39:27.276+00"
"9b8e772a-5529-4599-94a7-59dbd6f0622f","20260919_182158","t-001","f-001","b-001","wv-001","st-01",NULL,"finalized","2026-09-19 18:21:58.269+00","2026-09-19 18:22:00.838+00","2.45","2.45",2,NULL,"2026-09-19 18:22:00.774+00","2026-09-19 18:22:00.838+00"
"d31d0e9a-c780-4f6d-8196-c8fc0a5f1914","20260919_185432","t-001","f-001","b-001","wv-001","st-01",NULL,"finalized","2026-09-19 18:54:32.623+00","2026-09-19 18:54:34.125+00","2.30","2.30",2,NULL,"2026-09-19 18:54:34.012+00","2026-09-19 18:54:34.12+00"
"2df1e109-04b6-4c12-b602-5657eb9b5df6","20260919_183202","t-001","f-001","b-001","wv-001","st-01",NULL,"finalized","2026-09-19 18:32:02.569+00","2026-09-19 18:32:06.956+00","2.95","2.95",2,NULL,"2026-09-19 18:32:06.881+00","2026-09-19 18:32:06.955+00"
"9ab4a6ae-a639-4519-be5b-66a5250bd866","20260919_184104","t-001","f-001","b-001","wv-001","st-01",NULL,"finalized","2026-09-19 18:41:04.087+00","2026-09-19 18:41:07.232+00","2.40","2.40",2,NULL,"2026-09-19 18:41:07.137+00","2026-09-19 18:41:07.229+00"
"75685a43-0d83-44dc-b143-faeacfe05cb0","20260919_200614","t-001","f-001","b-001","wv-001","st-01",NULL,"finalized","2026-09-19 20:06:14.586+00","2026-09-19 20:06:17.253+00","2.45","2.45",2,NULL,"2026-09-19 20:06:17.151+00","2026-09-19 20:06:17.25+00"
"51e28861-bb03-4e06-8925-c65602c5f740","20260919_194439","t-001","f-001","b-001","wv-001","st-01",NULL,"finalized","2026-09-19 19:44:39.37+00","2026-09-19 19:44:42.074+00","1.85","1.85",2,NULL,"2026-09-19 19:44:41.977+00","2026-09-19 19:44:42.07+00"
"0dec04a7-270f-4241-849a-a302a1b751f7","20260919_185505","t-001","f-001","b-001","wv-001","st-01",NULL,"finalized","2026-09-19 18:55:05.967+00","2026-09-19 18:55:09.919+00","2.30","2.30",2,NULL,"2026-09-19 18:55:09.752+00","2026-09-19 18:55:09.914+00"
"a077ae6d-0d20-4ec8-9c99-d8c65921f661","20260919_184458","t-001","f-001","b-001","wv-001","st-01",NULL,"finalized","2026-09-19 18:44:58.645+00","2026-09-19 18:45:00.031+00","1.95","1.95",2,NULL,"2026-09-19 18:44:59.917+00","2026-09-19 18:45:00.027+00"
"faeed850-0cb7-4f3d-95ee-a2e93d356726","20260919_194241","t-001","f-001","b-001","wv-001","st-01",NULL,"finalized","2026-09-19 19:42:41.432+00","2026-09-19 19:42:45.783+00","1.85","1.85",2,NULL,"2026-09-19 19:42:45.717+00","2026-09-19 19:42:45.78+00"
"55a43143-3971-4a19-8a4e-581a61dadb45","20260919_184810","t-001","f-001","b-001","wv-001","st-01",NULL,"finalized","2026-09-19 18:48:10.462+00","2026-09-19 18:48:12.692+00",NULL,"0.00",2,NULL,"2026-09-19 18:48:12.614+00","2026-09-19 18:48:12.689+00"
"1ff9f986-29d7-41ee-96b7-27f9b397b51a","20260919_193823","t-001","f-001","b-001","wv-001","st-01",NULL,"finalized","2026-09-19 19:38:23.672+00","2026-09-19 19:38:25.427+00",NULL,"0.00",2,NULL,"2026-09-19 19:38:25.355+00","2026-09-19 19:38:25.423+00"
"3994b4d7-b746-41d2-8a25-45796d0b68f9","20260919_195658","t-001","f-001","b-001","wv-001","st-01",NULL,"finalized","2026-09-19 19:56:58.523+00","2026-09-19 19:57:21.173+00","2.55","2.55",2,NULL,"2026-09-19 19:57:21.104+00","2026-09-19 19:57:21.169+00"
"019320a0-63c6-47bc-993b-c1e57496d8c3","20260919_195109","t-001","f-001","b-001","wv-001","st-01",NULL,"finalized","2026-09-19 19:51:09.85+00","2026-09-19 19:51:16.601+00","2.55","2.55",2,NULL,"2026-09-19 19:51:16.185+00","2026-09-19 19:51:16.6+00"
"cf5600d6-e806-48a5-af61-ae2d7b2cb058","20260919_193856","t-001","f-001","b-001","wv-001","st-01",NULL,"finalized","2026-09-19 19:38:56.728+00","2026-09-19 19:39:05.1+00","1.35","1.35",2,NULL,"2026-09-19 19:39:04.998+00","2026-09-19 19:39:05.096+00"
"70cd04be-a872-4369-928b-bbe724eb1634","20260919_194255","t-001","f-001","b-001","wv-001","st-01",NULL,"finalized","2026-09-19 19:42:55.567+00","2026-09-19 19:42:57.934+00","1.85","1.85",2,NULL,"2026-09-19 19:42:57.827+00","2026-09-19 19:42:57.93+00"
"c768bd15-e84a-4e7e-a4f8-e078dfa4d43c","20260919_194709","t-001","f-001","b-001","wv-001","st-01",NULL,"finalized","2026-09-19 19:47:09.368+00","2026-09-19 19:47:11.211+00","2.20","2.20",2,NULL,"2026-09-19 19:47:11.112+00","2026-09-19 19:47:11.208+00"
"861cf4e1-53e9-482a-9239-233837d38dba","20260919_200426","t-001","f-001","b-001","wv-001","st-01",NULL,"finalized","2026-09-19 20:04:26.493+00","2026-09-19 20:04:28.404+00","2.80","2.80",2,NULL,"2026-09-19 20:04:28.296+00","2026-09-19 20:04:28.4+00"
"d6d8f492-e86e-4209-a730-dfad67b66c56","20260919_195302","t-001","f-001","b-001","wv-001","st-01",NULL,"finalized","2026-09-19 19:53:02.995+00","2026-09-19 19:53:06.241+00","2.55","2.55",2,NULL,"2026-09-19 19:53:06.15+00","2026-09-19 19:53:06.238+00"
"676d3670-bf3b-43b4-8676-cc65dadb3487","20260919_200227","t-001","f-001","b-001","wv-001","st-01",NULL,"finalized","2026-09-19 20:02:27.42+00","2026-09-19 20:02:33.646+00","2.85","2.85",2,NULL,"2026-09-19 20:02:33.556+00","2026-09-19 20:02:33.646+00"
"6a59b866-edcb-4bfd-98fc-636ff737ee0b","20260919_201345","t-001","f-001","b-001","wv-001","st-01",NULL,"finalized","2026-09-19 20:13:45.949+00","2026-09-19 20:13:54.245+00","2.55","2.55",2,NULL,"2026-09-19 20:13:54.147+00","2026-09-19 20:13:54.242+00"
"3a848bfc-c141-4dbd-b495-c01b5e04f3e7","20260919_201426","t-001","f-001","b-001","wv-001","st-01",NULL,"finalized","2026-09-19 20:14:26.548+00","2026-09-19 20:14:28.315+00","2.55","2.55",2,NULL,"2026-09-19 20:14:28.221+00","2026-09-19 20:14:28.312+00"
"4480b60e-4bbe-4036-a89b-102c40f2b31e","20260919_201649","t-001","f-001","b-001","wv-001","st-01",NULL,"finalized","2026-09-19 20:16:49.974+00","2026-09-19 20:16:51.125+00","2.95","2.95",2,NULL,"2026-09-19 20:16:51.031+00","2026-09-19 20:16:51.121+00"
"e6bd5743-e04b-44b8-948b-7daeb24b2216","20260919_202116","t-001","f-001","b-001","wv-001","st-01",NULL,"finalized","2026-09-19 20:21:16.429+00","2026-09-19 20:21:20.891+00","1.45","1.45",2,NULL,"2026-09-19 20:21:20.794+00","2026-09-19 20:21:20.888+00"
"82eb77ac-d74b-41a4-b98f-f38a5dcaf2bd","20260919_202734","t-001","f-001","b-001","wv-001","st-01",NULL,"finalized","2026-09-19 20:27:34.988+00","2026-09-19 20:27:38.216+00","2.20","2.20",2,NULL,"2026-09-19 20:27:38.123+00","2026-09-19 20:27:38.213+00"
"a6abc577-6b3e-48ca-a14a-726da2d25e62","20260919_202932","t-001","f-001","b-001","wv-001","st-01",NULL,"finalized","2026-09-19 20:29:32.02+00","2026-09-19 20:29:36.669+00","2.95","2.95",2,NULL,"2026-09-19 20:29:36.558+00","2026-09-19 20:29:36.665+00"
"4cf2dea2-a458-4494-8184-66ff23f22d37","20260919_203240","t-001","f-001","b-001","wv-001","st-01",NULL,"finalized","2026-09-19 20:32:40.742+00","2026-09-19 20:32:43.102+00","2.60","2.60",2,NULL,"2026-09-19 20:32:43.001+00","2026-09-19 20:32:43.098+00"
"628cbcbd-58d6-4d34-951e-c733d21638f6","20260919_183519","t-001","f-001","b-001","wv-001","st-01",NULL,"finalized","2026-09-19 18:35:19.458+00","2026-09-19 18:35:20.288+00","2.15","2.15",2,NULL,"2026-09-19 18:35:20.193+00","2026-09-19 18:35:20.285+00"
"65ac9d1f-6b2b-4fd4-9841-c1afd50efe01","20260919_180256","t-001","f-001","b-001","wv-001","st-01",NULL,"finalized","2026-09-19 18:02:56.329+00","2026-09-19 18:02:58.441+00","2.00","2.00",2,NULL,"2026-09-19 18:02:58.322+00","2026-09-19 18:02:58.438+00"
"ac20d9bb-329a-4f61-9d47-362d18df5231","20260919_185513","t-001","f-001","b-001","wv-001","st-01",NULL,"finalized","2026-09-19 18:55:13.848+00","2026-09-19 18:55:15.812+00","2.30","2.30",2,NULL,"2026-09-19 18:55:15.756+00","2026-09-19 18:55:15.809+00"
"a8b18997-732c-47e7-bd01-5100b985d017","20260919_180835","t-001","f-001","b-001","wv-001","st-01",NULL,"finalized","2026-09-19 18:08:35.25+00","2026-09-19 18:08:37.715+00","2.00","2.00",2,NULL,"2026-09-19 18:08:37.646+00","2026-09-19 18:08:37.714+00"
"11fce641-106c-4333-97f6-755db5be57a7","20260919_183528","t-001","f-001","b-001","wv-001","st-01",NULL,"finalized","2026-09-19 18:35:28.286+00","2026-09-19 18:35:32.07+00","2.15","2.15",2,NULL,"2026-09-19 18:35:31.978+00","2026-09-19 18:35:32.067+00"
"c08cb3e3-4a20-4427-a52f-90e480b323b1","20260919_180958","t-001","f-001","b-001","wv-001","st-01",NULL,"finalized","2026-09-19 18:09:58.821+00","2026-09-19 18:10:00.303+00","2.00","2.00",2,NULL,"2026-09-19 18:10:00.205+00","2026-09-19 18:10:00.299+00"
"b6f3f93f-0f05-49fe-927d-732c143d8962","20260919_183606","t-001","f-001","b-001","wv-001","st-01",NULL,"finalized","2026-09-19 18:36:06.687+00","2026-09-19 18:36:13.064+00",NULL,"0.00",2,NULL,"2026-09-19 18:36:12.976+00","2026-09-19 18:36:13.06+00"
"f861cd37-e15e-42c0-9824-6c6a697b3e89","20260919_181015","t-001","f-001","b-001","wv-001","st-01",NULL,"finalized","2026-09-19 18:10:15.531+00","2026-09-19 18:10:18.482+00","2.00","2.00",2,NULL,"2026-09-19 18:10:18.359+00","2026-09-19 18:10:18.478+00"
"8df04640-9a42-4a05-a99e-31a9f1e5c6b9","20260919_181352","t-001","f-001","b-001","wv-001","st-01",NULL,"finalized","2026-09-19 18:13:52.708+00","2026-09-19 18:13:55.23+00","2.40","2.40",2,NULL,"2026-09-19 18:13:55.108+00","2026-09-19 18:13:55.227+00"
"6f308efe-02fa-4817-bb45-8a6415c91d3d","20260919_184248","t-001","f-001","b-001","wv-001","st-01",NULL,"finalized","2026-09-19 18:42:48.491+00","2026-09-19 18:42:49.866+00",NULL,"0.00",2,NULL,"2026-09-19 18:42:49.785+00","2026-09-19 18:42:49.863+00"
"41c44d15-742e-430d-b2d6-d6dfe7d11521","20260919_181430","t-001","f-001","b-001","wv-001","st-01",NULL,"finalized","2026-09-19 18:14:30.367+00","2026-09-19 18:14:31.274+00",NULL,"0.00",2,NULL,"2026-09-19 18:14:31.228+00","2026-09-19 18:14:31.273+00"
"24574abf-740c-4bf1-9c4e-5812b2ef9505","20260919_181602","t-001","f-001","b-001","wv-001","st-01",NULL,"finalized","2026-09-19 18:16:02.378+00","2026-09-19 18:16:05.323+00","2.45","2.45",2,NULL,"2026-09-19 18:16:05.208+00","2026-09-19 18:16:05.318+00"
"aaf72c47-2029-43de-b254-dab787028920","20260919_184331","t-001","f-001","b-001","wv-001","st-01",NULL,"finalized","2026-09-19 18:43:31.354+00","2026-09-19 18:43:33.782+00","2.35","2.35",2,NULL,"2026-09-19 18:43:33.684+00","2026-09-19 18:43:33.778+00"
"5ab8752c-e162-4407-9aad-f539f65f4a20","20260919_181638","t-001","f-001","b-001","wv-001","st-01",NULL,"finalized","2026-09-19 18:16:38.966+00","2026-09-19 18:16:41.285+00","2.45","2.45",2,NULL,"2026-09-19 18:16:41.158+00","2026-09-19 18:16:41.281+00"
"159a3903-78dd-4348-b996-b79be5059c78","20260919_183319","t-001","f-001","b-001","wv-001","st-01",NULL,"finalized","2026-09-19 18:33:19.069+00","2026-09-19 18:33:20.974+00",NULL,"0.00",2,NULL,"2026-09-19 18:33:20.906+00","2026-09-19 18:33:20.967+00"
"8eff0bd8-b7b3-4141-ab67-44d517d7d3c6","20260919_184930","t-001","f-001","b-001","wv-001","st-01",NULL,"finalized","2026-09-19 18:49:30.517+00","2026-09-19 18:49:32.691+00","2.65","2.65",2,NULL,"2026-09-19 18:49:32.581+00","2026-09-19 18:49:32.688+00"
"0cb4aab2-8a55-4850-a5c0-3de2d88e9656","20260919_183323","t-001","f-001","b-001","wv-001","st-01",NULL,"finalized","2026-09-19 18:33:23.017+00","2026-09-19 18:33:26.854+00","2.25","2.25",2,NULL,"2026-09-19 18:33:26.749+00","2026-09-19 18:33:26.85+00"
"aa1d90ee-79dc-4fe8-bdeb-f711c0932117","20260919_184945","t-001","f-001","b-001","wv-001","st-01",NULL,"finalized","2026-09-19 18:49:45.276+00","2026-09-19 18:49:46.72+00","2.65","2.65",2,NULL,"2026-09-19 18:49:46.637+00","2026-09-19 18:49:46.719+00"
"e55b377b-9f7f-41d9-94c4-888507e21609","20260919_185136","t-001","f-001","b-001","wv-001","st-01",NULL,"finalized","2026-09-19 18:51:36.748+00","2026-09-19 18:51:39.072+00","3.05","3.05",2,NULL,"2026-09-19 18:51:38.98+00","2026-09-19 18:51:39.069+00"
"b0259620-eafe-449b-b1c0-59c109de410f","20260919_181631","t-001","f-001","b-001","wv-001","st-01",NULL,"finalized","2026-09-19 18:16:31.74+00","2026-09-19 18:16:33.298+00","2.45","2.45",2,NULL,"2026-09-19 18:16:33.191+00","2026-09-19 18:16:33.295+00"
"35c7661f-2bb9-4581-bac4-2c536a658ee2","20260919_183936","t-001","f-001","b-001","wv-001","st-01",NULL,"finalized","2026-09-19 18:39:36.972+00","2026-09-19 18:39:40.868+00","2.75","2.75",2,NULL,"2026-09-19 18:39:40.489+00","2026-09-19 18:39:40.864+00"
"477e0e58-24df-432c-a8a5-adaca42afbdf","20260919_180512","t-001","f-001","b-001","wv-001","st-01",NULL,"finalized","2026-09-19 18:05:12.19+00","2026-09-19 18:05:15.123+00","2.00","2.00",2,NULL,"2026-09-19 18:05:15.011+00","2026-09-19 18:05:15.119+00"
"bb7c671f-0221-4e41-88b6-4262657a9222","20260919_181859","t-001","f-001","b-001","wv-001","st-01",NULL,"finalized","2026-09-19 18:18:59.145+00","2026-09-19 18:19:01.894+00","2.45","2.45",2,NULL,"2026-09-19 18:19:01.834+00","2026-09-19 18:19:01.893+00"
"7a50d9ab-9aba-4a37-a1ba-e01cfdf87f0d","20260919_180524","t-001","f-001","b-001","wv-001","st-01",NULL,"finalized","2026-09-19 18:05:24.655+00","2026-09-19 18:05:27.023+00","2.00","2.00",2,NULL,"2026-09-19 18:05:26.927+00","2026-09-19 18:05:27.019+00"
"19407c07-1959-48f3-b94e-94964d6e3ca0","20260919_194208","t-001","f-001","b-001","wv-001","st-01",NULL,"finalized","2026-09-19 19:42:08.799+00","2026-09-19 19:42:11.795+00","1.85","1.85",2,NULL,"2026-09-19 19:42:11.703+00","2026-09-19 19:42:11.791+00"
"f5dc3c9d-ad68-46b3-95bb-7ca6f98cc3fa","20260919_184100","t-001","f-001","b-001","wv-001","st-01",NULL,"finalized","2026-09-19 18:41:00.086+00","2026-09-19 18:41:01.355+00",NULL,"0.00",2,NULL,"2026-09-19 18:41:01.3+00","2026-09-19 18:41:01.353+00"
"9e080f58-adc4-4fba-93c0-56b5708cab00","20260919_180625","t-001","f-001","b-001","wv-001","st-01",NULL,"finalized","2026-09-19 18:06:25.301+00","2026-09-19 18:06:27.106+00","2.00","2.00",2,NULL,"2026-09-19 18:06:26.968+00","2026-09-19 18:06:27.102+00"
"7b0e8635-5b27-4236-97d4-3bc1e6d97cba","20260919_182028","t-001","f-001","b-001","wv-001","st-01",NULL,"finalized","2026-09-19 18:20:28.837+00","2026-09-19 18:20:34.333+00","2.45","2.45",2,NULL,"2026-09-19 18:20:34.223+00","2026-09-19 18:20:34.329+00"
"2a329c11-9691-4202-953e-3d48481e8b20","20260919_180804","t-001","f-001","b-001","wv-001","st-01",NULL,"finalized","2026-09-19 18:08:04.207+00","2026-09-19 18:08:07.648+00","2.00","2.00",2,NULL,"2026-09-19 18:08:07.537+00","2026-09-19 18:08:07.647+00"
"86a95039-62a2-47db-8ea8-336f37f9ae0d","20260919_193827","t-001","f-001","b-001","wv-001","st-01",NULL,"finalized","2026-09-19 19:38:27.546+00","2026-09-19 19:38:31.391+00",NULL,"0.00",2,NULL,"2026-09-19 19:38:31.304+00","2026-09-19 19:38:31.387+00"
"e53b6e77-8b4f-4583-b883-2be220ad133d","20260919_181234","t-001","f-001","b-001","wv-001","st-01",NULL,"finalized","2026-09-19 18:12:34.941+00","2026-09-19 18:12:40.911+00","2.40","2.40",2,NULL,"2026-09-19 18:12:39.299+00","2026-09-19 18:12:40.906+00"
"823a1101-3c02-427b-927b-255abed2ca11","20260919_182543","t-001","f-001","b-001","wv-001","st-01",NULL,"finalized","2026-09-19 18:25:43.699+00","2026-09-19 18:25:46.347+00","2.45","2.45",2,NULL,"2026-09-19 18:25:46.247+00","2026-09-19 18:25:46.346+00"
"8efd6a8a-2a1c-4ab6-b509-711e8214b657","20260919_184307","t-001","f-001","b-001","wv-001","st-01",NULL,"finalized","2026-09-19 18:43:07.487+00","2026-09-19 18:43:09.928+00","2.70","2.70",2,NULL,"2026-09-19 18:43:09.82+00","2026-09-19 18:43:09.923+00"
"65558b9b-a2c8-4ba3-8981-16326c22319e","20260919_181243","t-001","f-001","b-001","wv-001","st-01",NULL,"finalized","2026-09-19 18:12:43.101+00","2026-09-19 18:12:46.807+00","2.40","2.40",2,NULL,"2026-09-19 18:12:46.722+00","2026-09-19 18:12:46.803+00"
"fb075fc5-95ff-46ab-98c4-fd1d6a3f6769","20260919_183554","t-001","f-001","b-001","wv-001","st-01",NULL,"finalized","2026-09-19 18:35:54.181+00","2026-09-19 18:35:55.607+00",NULL,"0.00",2,NULL,"2026-09-19 18:35:55.519+00","2026-09-19 18:35:55.604+00"
"8fca0b44-6785-487f-b389-a0b0055e07f6","20260919_181434","t-001","f-001","b-001","wv-001","st-01",NULL,"finalized","2026-09-19 18:14:34.421+00","2026-09-19 18:14:37.15+00","2.45","2.45",2,NULL,"2026-09-19 18:14:37.048+00","2026-09-19 18:14:37.148+00"
"455e24ac-5781-4412-8cdb-bfe40fa4a0f6","20260919_193852","t-001","f-001","b-001","wv-001","st-01",NULL,"finalized","2026-09-19 19:38:52.529+00","2026-09-19 19:38:59.152+00","1.35","1.35",2,NULL,"2026-09-19 19:38:59.064+00","2026-09-19 19:38:59.151+00"
"b1e71e2a-bc90-4d5b-b1d7-48fba1200485","20260919_183558","t-001","f-001","b-001","wv-001","st-01",NULL,"finalized","2026-09-19 18:35:58.109+00","2026-09-19 18:36:01.354+00",NULL,"0.00",2,NULL,"2026-09-19 18:36:01.302+00","2026-09-19 18:36:01.352+00"
"732ef2e5-c6a1-40e3-9ad6-6c5cb9a34147","20260919_181450","t-001","f-001","b-001","wv-001","st-01",NULL,"finalized","2026-09-19 18:14:50.585+00","2026-09-19 18:14:53.02+00","2.45","2.45",2,NULL,"2026-09-19 18:14:52.92+00","2026-09-19 18:14:53.016+00"
"3a469870-509d-4fa5-b2ad-d41eeba3c78c","20260919_193831","t-001","f-001","b-001","wv-001","st-01",NULL,"finalized","2026-09-19 19:38:31.663+00","2026-09-19 19:38:37.364+00",NULL,"0.00",2,NULL,"2026-09-19 19:38:37.26+00","2026-09-19 19:38:37.357+00"
"7018b627-fbdc-4080-b0d2-4551a46ac564","20260919_184403","t-001","f-001","b-001","wv-001","st-01",NULL,"finalized","2026-09-19 18:44:03.754+00","2026-09-19 18:44:05.744+00","1.95","1.95",2,NULL,"2026-09-19 18:44:05.636+00","2026-09-19 18:44:05.741+00"
"ed6283dc-c807-4119-a67b-40edd977142f","20260919_181547","t-001","f-001","b-001","wv-001","st-01",NULL,"finalized","2026-09-19 18:15:47.493+00","2026-09-19 18:15:49.383+00","2.45","2.45",2,NULL,"2026-09-19 18:15:49.284+00","2026-09-19 18:15:49.378+00"
"3636c6ba-d814-4907-83b6-3ac38c8f44fd","20260919_183758","t-001","f-001","b-001","wv-001","st-01",NULL,"finalized","2026-09-19 18:37:58.512+00","2026-09-19 18:38:00.94+00","1.95","1.95",2,NULL,"2026-09-19 18:38:00.833+00","2026-09-19 18:38:00.936+00"
"37612bd1-d263-4d31-b3e6-4bc17d59c35d","20260919_184611","t-001","f-001","b-001","wv-001","st-01",NULL,"finalized","2026-09-19 18:46:11.099+00","2026-09-19 18:46:12.433+00","1.95","1.95",2,NULL,"2026-09-19 18:46:12.33+00","2026-09-19 18:46:12.43+00"
"2e3e9eff-d442-42e7-bf55-c887c7bcc102","20260919_183917","t-001","f-001","b-001","wv-001","st-01",NULL,"finalized","2026-09-19 18:39:17.873+00","2026-09-19 18:39:21.379+00","2.75","2.75",2,NULL,"2026-09-19 18:39:21.273+00","2026-09-19 18:39:21.375+00"
"ebc5ed28-2445-4394-8c22-92da936c9bdc","20260919_193840","t-001","f-001","b-001","wv-001","st-01",NULL,"finalized","2026-09-19 19:38:40.899+00","2026-09-19 19:38:43.366+00",NULL,"0.00",2,NULL,"2026-09-19 19:38:43.281+00","2026-09-19 19:38:43.363+00"
"590a5f5b-211c-44a5-8693-e1fa82ae08a3","20260919_194746","t-001","f-001","b-001","wv-001","st-01",NULL,"finalized","2026-09-19 19:47:46.406+00","2026-09-19 19:47:49.179+00",NULL,"0.00",2,NULL,"2026-09-19 19:47:49.105+00","2026-09-19 19:47:49.177+00"
"ce399f5b-dd94-40d5-b4a8-fcd63429e5cd","20260919_194143","t-001","f-001","b-001","wv-001","st-01",NULL,"finalized","2026-09-19 19:41:43.082+00","2026-09-19 19:41:45.969+00","2.20","2.20",2,NULL,"2026-09-19 19:41:45.868+00","2026-09-19 19:41:45.965+00"
"3789d59f-2c03-41ef-a664-3185da1a1f63","20260919_185101","t-001","f-001","b-001","wv-001","st-01",NULL,"finalized","2026-09-19 18:51:01.206+00","2026-09-19 18:51:13.307+00","2.65","2.65",2,NULL,"2026-09-19 18:51:13.208+00","2026-09-19 18:51:13.303+00"
"0dd8fd65-f6f3-48f1-9ad3-4638368fab1c","20260919_193844","t-001","f-001","b-001","wv-001","st-01",NULL,"finalized","2026-09-19 19:38:44.782+00","2026-09-19 19:38:49.292+00",NULL,"0.00",2,NULL,"2026-09-19 19:38:49.194+00","2026-09-19 19:38:49.286+00"
"5e941e24-374d-4968-9e92-da63aa62bf90","20260919_185131","t-001","f-001","b-001","wv-001","st-01",NULL,"finalized","2026-09-19 18:51:31.215+00","2026-09-19 18:51:33.209+00",NULL,"0.00",2,NULL,"2026-09-19 18:51:33.134+00","2026-09-19 18:51:33.206+00"
"8a8d0198-03f7-4641-aa1e-4dbbc2dcecc0","20260919_194237","t-001","f-001","b-001","wv-001","st-01",NULL,"finalized","2026-09-19 19:42:37.322+00","2026-09-19 19:42:39.931+00","1.85","1.85",2,NULL,"2026-09-19 19:42:39.83+00","2026-09-19 19:42:39.928+00"
"79ad4b73-7269-4c8d-84a2-a8ebdeb3f77a","20260919_193848","t-001","f-001","b-001","wv-001","st-01",NULL,"finalized","2026-09-19 19:38:48.567+00","2026-09-19 19:38:55.238+00","1.35","1.35",2,NULL,"2026-09-19 19:38:55.144+00","2026-09-19 19:38:55.237+00"
"2f693196-1370-4b20-a8f7-a96181ea4396","20260919_194337","t-001","f-001","b-001","wv-001","st-01",NULL,"finalized","2026-09-19 19:43:37.988+00","2026-09-19 19:43:39.96+00","1.85","1.85",2,NULL,"2026-09-19 19:43:39.856+00","2026-09-19 19:43:39.956+00"
"78e8349c-6c13-41fc-a235-18a65baba05f","20260919_194204","t-001","f-001","b-001","wv-001","st-01",NULL,"finalized","2026-09-19 19:42:04.95+00","2026-09-19 19:42:05.974+00",NULL,"0.00",2,NULL,"2026-09-19 19:42:05.902+00","2026-09-19 19:42:05.972+00"
"a6604c8a-6b4d-4fbf-b49b-84131b06abd6","20260919_194736","t-001","f-001","b-001","wv-001","st-01",NULL,"finalized","2026-09-19 19:47:36.769+00","2026-09-19 19:47:41.239+00","2.20","2.20",2,NULL,"2026-09-19 19:47:41.132+00","2026-09-19 19:47:41.235+00"
"dca4770f-59b8-420a-9c2f-06f9c798d6ab","20260919_194401","t-001","f-001","b-001","wv-001","st-01",NULL,"finalized","2026-09-19 19:44:01.961+00","2026-09-19 19:44:03.956+00","1.85","1.85",2,NULL,"2026-09-19 19:44:03.832+00","2026-09-19 19:44:03.951+00"
"725f6bc6-0c9a-476e-8eeb-ace50150debe","20260919_194324","t-001","f-001","b-001","wv-001","st-01",NULL,"finalized","2026-09-19 19:43:24.337+00","2026-09-19 19:43:27.848+00","1.85","1.85",2,NULL,"2026-09-19 19:43:27.746+00","2026-09-19 19:43:27.844+00"
"3c91af2b-0a18-408b-97b5-038034a1850d","20260919_194343","t-001","f-001","b-001","wv-001","st-01",NULL,"finalized","2026-09-19 19:43:43.704+00","2026-09-19 19:43:45.838+00","1.85","1.85",2,NULL,"2026-09-19 19:43:45.74+00","2026-09-19 19:43:45.834+00"
"ed2b5829-c5b5-42be-bb83-27ed3a25fc9e","20260919_194751","t-001","f-001","b-001","wv-001","st-01",NULL,"finalized","2026-09-19 19:47:51.207+00","2026-09-19 19:47:55.165+00","1.85","1.85",2,NULL,"2026-09-19 19:47:55.047+00","2026-09-19 19:47:55.161+00"
"16fd72a9-bdfd-4b07-a0f3-ff059e132b0e","20260919_194928","t-001","f-001","b-001","wv-001","st-01",NULL,"finalized","2026-09-19 19:49:28.83+00","2026-09-19 19:49:29.896+00","2.55","2.55",2,NULL,"2026-09-19 19:49:29.798+00","2026-09-19 19:49:29.893+00"
"e22a1071-ac72-4333-8105-01f7ab83c275","20260919_195002","t-001","f-001","b-001","wv-001","st-01",NULL,"finalized","2026-09-19 19:50:02.13+00","2026-09-19 19:50:03.87+00","2.55","2.55",2,NULL,"2026-09-19 19:50:03.816+00","2026-09-19 19:50:03.869+00"
"00bff5e4-7984-4467-89ef-53c5c9b38542","20260919_195033","t-001","f-001","b-001","wv-001","st-01",NULL,"finalized","2026-09-19 19:50:33.537+00","2026-09-19 19:50:36.169+00","2.55","2.55",2,NULL,"2026-09-19 19:50:36.049+00","2026-09-19 19:50:36.165+00"
"06473bc7-04d0-40e7-b088-bba4ff348882","20260919_195124","t-001","f-001","b-001","wv-001","st-01",NULL,"finalized","2026-09-19 19:51:24.003+00","2026-09-19 19:51:42.611+00","2.55","2.55",2,NULL,"2026-09-19 19:51:42.512+00","2026-09-19 19:51:42.608+00"
"91c9d3cd-e111-4973-b3e7-fa28abda2744","20260919_195228","t-001","f-001","b-001","wv-001","st-01",NULL,"finalized","2026-09-19 19:52:28.937+00","2026-09-19 19:52:30.681+00","2.55","2.55",2,NULL,"2026-09-19 19:52:30.62+00","2026-09-19 19:52:30.681+00"
"b2b91b76-aca4-4f43-9f14-eff308154f48","20260919_195259","t-001","f-001","b-001","wv-001","st-01",NULL,"finalized","2026-09-19 19:52:59.075+00","2026-09-19 19:53:00.621+00","2.55","2.55",2,NULL,"2026-09-19 19:53:00.523+00","2026-09-19 19:53:00.619+00"
"052d6ef1-ed30-4f9e-ba1e-0bd92e8c1e63","20260919_201305","t-001","f-001","b-001","wv-001","st-01",NULL,"finalized","2026-09-19 20:13:05.714+00","2026-09-19 20:13:07.419+00","2.55","2.55",2,NULL,"2026-09-19 20:13:07.356+00","2026-09-19 20:13:07.418+00"
"3dc19e32-eb94-45f1-b5fc-479b32320116","20260919_195719","t-001","f-001","b-001","wv-001","st-01",NULL,"finalized","2026-09-19 19:57:19.248+00","2026-09-19 19:57:27.083+00","2.55","2.55",2,NULL,"2026-09-19 19:57:26.971+00","2026-09-19 19:57:27.079+00"
"1bfc0932-4610-4b76-aa05-f44276e0fef0","20260919_202731","t-001","f-001","b-001","wv-001","st-01",NULL,"finalized","2026-09-19 20:27:31.058+00","2026-09-19 20:27:32.281+00",NULL,"0.00",2,NULL,"2026-09-19 20:27:32.199+00","2026-09-19 20:27:32.277+00"
"f818cb26-5950-4c0d-b145-54b31f670432","20260919_200331","t-001","f-001","b-001","wv-001","st-01",NULL,"finalized","2026-09-19 20:03:31.195+00","2026-09-19 20:03:34.121+00","3.20","3.20",2,NULL,"2026-09-19 20:03:34.011+00","2026-09-19 20:03:34.117+00"
"8c68ca41-7f84-41ac-91f9-ffbf14832c9a","20260919_201657","t-001","f-001","b-001","wv-001","st-01",NULL,"finalized","2026-09-19 20:16:57.127+00","2026-09-19 20:16:59.075+00","2.95","2.95",2,NULL,"2026-09-19 20:16:58.977+00","2026-09-19 20:16:59.072+00"
"b1505a34-8388-4c6f-b2a0-e2b2bb7f462d","20260919_200750","t-001","f-001","b-001","wv-001","st-01",NULL,"finalized","2026-09-19 20:07:50.177+00","2026-09-19 20:07:55.798+00","2.45","2.45",2,NULL,"2026-09-19 20:07:55.69+00","2026-09-19 20:07:55.794+00"
"367173eb-b1bf-4059-9f3f-722d4e102634","20260919_204453","t-001","f-001","b-001","wv-001","st-01",NULL,"finalized","2026-09-19 20:44:53.037+00","2026-09-19 20:44:57.849+00","2.20","2.20",2,NULL,"2026-09-19 20:44:57.679+00","2026-09-19 20:44:57.846+00"
"73cf3e37-cb07-43e0-8578-0315a6618e36","20260919_203004","t-001","f-001","b-001","wv-001","st-01",NULL,"finalized","2026-09-19 20:30:04.394+00","2026-09-19 20:30:08.472+00","2.60","2.60",2,NULL,"2026-09-19 20:30:08.336+00","2026-09-19 20:30:08.467+00"
"8a709f7e-63ba-4c9d-ae5a-1588821739e9","20260919_200822","t-001","f-001","b-001","wv-001","st-01",NULL,"finalized","2026-09-19 20:08:22.364+00","2026-09-19 20:08:28.618+00","2.85","2.85",2,NULL,"2026-09-19 20:08:28.516+00","2026-09-19 20:08:28.615+00"
"10f17c7c-fd06-472d-905d-f79e351f3171","20260919_201740","t-001","f-001","b-001","wv-001","st-01",NULL,"finalized","2026-09-19 20:17:40.832+00","2026-09-19 20:17:43.322+00","2.50","2.50",2,NULL,"2026-09-19 20:17:43.266+00","2026-09-19 20:17:43.321+00"
"0e360ea3-89a3-4105-967b-3aa439db5ede","20260919_200950","t-001","f-001","b-001","wv-001","st-01",NULL,"finalized","2026-09-19 20:09:50.738+00","2026-09-19 20:09:52.762+00","2.90","2.90",2,NULL,"2026-09-19 20:09:52.663+00","2026-09-19 20:09:52.758+00"
"aa02854e-f691-4499-a811-8c8f9246f047","20260919_201857","t-001","f-001","b-001","wv-001","st-01",NULL,"finalized","2026-09-19 20:18:57.387+00","2026-09-19 20:19:20.542+00","2.50","2.50",2,NULL,"2026-09-19 20:19:20.424+00","2026-09-19 20:19:20.539+00"
"2d549d68-d4d4-4523-8528-ad72c9b3c601","20260919_200955","t-001","f-001","b-001","wv-001","st-01",NULL,"finalized","2026-09-19 20:09:55.112+00","2026-09-19 20:09:58.625+00","2.90","2.90",2,NULL,"2026-09-19 20:09:58.538+00","2026-09-19 20:09:58.623+00"
"e55f9d97-1fa3-4b8c-9860-42c614ff8019","20260919_203039","t-001","f-001","b-001","wv-001","st-01",NULL,"finalized","2026-09-19 20:30:39.214+00","2026-09-19 20:30:44.361+00","2.60","2.60",2,NULL,"2026-09-19 20:30:44.249+00","2026-09-19 20:30:44.358+00"
"0aee9f2e-aa0c-4944-81ff-0df8ece98ad4","20260919_201130","t-001","f-001","b-001","wv-001","st-01",NULL,"finalized","2026-09-19 20:11:30.225+00","2026-09-19 20:11:33.043+00","3.15","3.15",2,NULL,"2026-09-19 20:11:32.941+00","2026-09-19 20:11:33.039+00"
"f561c9f7-87ae-4a25-beaf-ca4c951bc1ff","20260919_202041","t-001","f-001","b-001","wv-001","st-01",NULL,"finalized","2026-09-19 20:20:41.953+00","2026-09-19 20:20:44.945+00","1.80","1.80",2,NULL,"2026-09-19 20:20:44.878+00","2026-09-19 20:20:44.944+00"
"41635919-e36b-4016-b924-565c6a625577","20260919_201146","t-001","f-001","b-001","wv-001","st-01",NULL,"finalized","2026-09-19 20:11:46.728+00","2026-09-19 20:11:49.161+00","3.15","3.15",2,NULL,"2026-09-19 20:11:49.059+00","2026-09-19 20:11:49.157+00"
"95192a00-557e-4f9d-bdc9-a145b80af0e3","20260919_204533","t-001","f-001","b-001","wv-001","st-01",NULL,"finalized","2026-09-19 20:45:33.172+00","2026-09-19 20:45:36.016+00","2.50","2.50",2,NULL,"2026-09-19 20:45:35.907+00","2026-09-19 20:45:36.013+00"
"f637b3e0-fcae-49f1-bed3-db733e1e811b","20260919_202112","t-001","f-001","b-001","wv-001","st-01",NULL,"finalized","2026-09-19 20:21:12.392+00","2026-09-19 20:21:15.011+00",NULL,"0.00",2,NULL,"2026-09-19 20:21:14.954+00","2026-09-19 20:21:15.008+00"
"bfb5becb-bb74-494b-8448-5799972db945","20260919_201249","t-001","f-001","b-001","wv-001","st-01",NULL,"finalized","2026-09-19 20:12:49.242+00","2026-09-19 20:12:51.478+00","2.55","2.55",2,NULL,"2026-09-19 20:12:51.374+00","2026-09-19 20:12:51.474+00"
"fd5e28f6-8273-4e7e-94a9-2bc784818577","20260919_203921","t-001","f-001","b-001","wv-001","st-01",NULL,"finalized","2026-09-19 20:39:21.74+00","2026-09-19 20:39:23.916+00",NULL,"0.00",2,NULL,"2026-09-19 20:39:23.872+00","2026-09-19 20:39:23.916+00"
"4e52d929-23d7-4a56-b090-d9835397824d","20260919_202442","t-001","f-001","b-001","wv-001","st-01",NULL,"finalized","2026-09-19 20:24:42.237+00","2026-09-19 20:24:50.083+00","1.45","1.45",2,NULL,"2026-09-19 20:24:49.981+00","2026-09-19 20:24:50.079+00"
"07d6872b-6d98-40f5-a75e-b465da6833e7","20260919_202618","t-001","f-001","b-001","wv-001","st-01",NULL,"finalized","2026-09-19 20:26:18.377+00","2026-09-19 20:26:19.908+00",NULL,"0.00",2,NULL,"2026-09-19 20:26:19.857+00","2026-09-19 20:26:19.907+00"
"5adb21fa-0fd6-4e28-9aa2-5e421bc57dcd","20260919_204125","t-001","f-001","b-001","wv-001","st-01",NULL,"finalized","2026-09-19 20:41:25.318+00","2026-09-19 20:41:26.521+00","1.50","1.50",2,NULL,"2026-09-19 20:41:26.416+00","2026-09-19 20:41:26.519+00"
"c313da8e-d2aa-4572-b54b-5efbf938d314","20260919_205022","t-001","f-001","b-001","wv-001","st-01",NULL,"finalized","2026-09-19 20:50:22.4+00","2026-09-19 20:50:25.604+00","2.15","2.15",2,NULL,"2026-09-19 20:50:25.511+00","2026-09-19 20:50:25.599+00"
"f7a9a67c-2258-4756-b452-48e150ad709c","20260919_204129","t-001","f-001","b-001","wv-001","st-01",NULL,"finalized","2026-09-19 20:41:29.455+00","2026-09-19 20:41:32.547+00","1.50","1.50",2,NULL,"2026-09-19 20:41:32.449+00","2026-09-19 20:41:32.544+00"
"f3ee3adb-447f-4616-a757-1ee37e683f09","20260919_195406","t-001","f-001","b-001","wv-001","st-01",NULL,"finalized","2026-09-19 19:54:06.537+00","2026-09-19 19:54:08.466+00","2.55","2.55",2,NULL,"2026-09-19 19:54:08.354+00","2026-09-19 19:54:08.462+00"
"c2e9d518-6f71-4d6a-8226-436a0cde779b","20260919_203338","t-001","f-001","b-001","wv-001","st-01",NULL,"finalized","2026-09-19 20:33:38.828+00","2026-09-19 20:33:40.659+00","2.25","2.25",2,NULL,"2026-09-19 20:33:40.553+00","2026-09-19 20:33:40.659+00"
"02198f35-c959-4208-8d81-dfd8ac25e721","20260919_195957","t-001","f-001","b-001","wv-001","st-01",NULL,"finalized","2026-09-19 19:59:57.544+00","2026-09-19 20:00:00.03+00","2.55","2.55",2,NULL,"2026-09-19 19:59:59.914+00","2026-09-19 20:00:00.026+00"
"d07690ff-7916-4451-84c2-3802d38a3a25","20260919_200023","t-001","f-001","b-001","wv-001","st-01",NULL,"finalized","2026-09-19 20:00:23.091+00","2026-09-19 20:00:24.121+00","2.55","2.55",2,NULL,"2026-09-19 20:00:24.014+00","2026-09-19 20:00:24.117+00"
"74535d46-e16f-4a0f-8a04-8cdc5eca96e8","20260919_203753","t-001","f-001","b-001","wv-001","st-01",NULL,"finalized","2026-09-19 20:37:53.475+00","2026-09-19 20:37:55.437+00","1.50","1.50",2,NULL,"2026-09-19 20:37:55.34+00","2026-09-19 20:37:55.433+00"
"58ff8aa7-7e3d-4a2f-9797-c84e5bfb1d4f","20260919_200109","t-001","f-001","b-001","wv-001","st-01",NULL,"finalized","2026-09-19 20:01:09.908+00","2026-09-19 20:01:12.282+00","2.55","2.55",2,NULL,"2026-09-19 20:01:12.188+00","2026-09-19 20:01:12.279+00"
"10ab78f7-5469-4483-95f7-740d10786787","20260919_203804","t-001","f-001","b-001","wv-001","st-01",NULL,"finalized","2026-09-19 20:38:04.533+00","2026-09-19 20:38:07.476+00","1.50","1.50",2,NULL,"2026-09-19 20:38:07.385+00","2026-09-19 20:38:07.473+00"
"2587c847-f2e6-4740-94f4-4592c00132c8","20260919_200842","t-001","f-001","b-001","wv-001","st-01",NULL,"finalized","2026-09-19 20:08:42.605+00","2026-09-19 20:08:44.548+00","2.50","2.50",2,NULL,"2026-09-19 20:08:44.443+00","2026-09-19 20:08:44.545+00"
"a6843124-2075-4e46-85c5-aae907b1953e","20260919_200857","t-001","f-001","b-001","wv-001","st-01",NULL,"finalized","2026-09-19 20:08:57.423+00","2026-09-19 20:08:58.422+00","2.50","2.50",2,NULL,"2026-09-19 20:08:58.313+00","2026-09-19 20:08:58.419+00"
"83e2ae92-4cd4-41f5-b29f-048802135f8c","20260919_204430","t-001","f-001","b-001","wv-001","st-01",NULL,"finalized","2026-09-19 20:44:30.323+00","2026-09-19 20:44:33.823+00","1.85","1.85",2,NULL,"2026-09-19 20:44:33.725+00","2026-09-19 20:44:33.819+00"
"383338c9-cdd0-4c8e-aa18-114ba727a334","20260919_201853","t-001","f-001","b-001","wv-001","st-01",NULL,"finalized","2026-09-19 20:18:53.313+00","2026-09-19 20:19:12.759+00","2.50","2.50",2,NULL,"2026-09-19 20:19:12.659+00","2026-09-19 20:19:12.757+00"
"1a9a9560-719f-4e0f-8ec8-b44f0cb37753","20260919_202517","t-001","f-001","b-001","wv-001","st-01",NULL,"finalized","2026-09-19 20:25:17.157+00","2026-09-19 20:25:20.044+00","1.40","1.40",2,NULL,"2026-09-19 20:25:19.945+00","2026-09-19 20:25:20.041+00"
"6dc8cbe0-f1a9-4734-893c-f89682f0c706","20260919_204847","t-001","f-001","b-001","wv-001","st-01",NULL,"finalized","2026-09-19 20:48:47.25+00","2026-09-19 20:48:49.028+00","2.55","2.55",2,NULL,"2026-09-19 20:48:48.928+00","2026-09-19 20:48:49.024+00"
"3c9fa4ea-298a-4ec4-9a34-29cfd7c8645a","20260919_202600","t-001","f-001","b-001","wv-001","st-01",NULL,"finalized","2026-09-19 20:26:00.685+00","2026-09-19 20:26:02.19+00",NULL,"0.00",2,NULL,"2026-09-19 20:26:02.107+00","2026-09-19 20:26:02.187+00"
"ee9bd466-0e34-4f84-b7c9-d5e34d60a731","20260919_203332","t-001","f-001","b-001","wv-001","st-01",NULL,"finalized","2026-09-19 20:33:32.032+00","2026-09-19 20:33:34.72+00","2.25","2.25",2,NULL,"2026-09-19 20:33:34.66+00","2026-09-19 20:33:34.719+00"
"ae9c69d7-fc93-432e-801b-a02438dc9e68","20260919_205026","t-001","f-001","b-001","wv-001","st-01",NULL,"finalized","2026-09-19 20:50:26.833+00","2026-09-19 20:50:31.559+00","2.15","2.15",2,NULL,"2026-09-19 20:50:31.442+00","2026-09-19 20:50:31.555+00"
"9f6d93bb-aaef-4026-9481-696e94ae1503","20260919_205241","t-001","f-001","b-001","wv-001","st-01",NULL,"finalized","2026-09-19 20:52:41.136+00","2026-09-19 20:52:42.962+00","2.55","2.55",2,NULL,"2026-09-19 20:52:42.85+00","2026-09-19 20:52:42.957+00"
"22dce940-0d30-4510-b2cd-d00071b0f40a","20260919_203131","t-001","f-001","b-001","wv-001","st-01",NULL,"finalized","2026-09-19 20:31:31.055+00","2026-09-19 20:31:32.654+00","2.25","2.25",2,NULL,"2026-09-19 20:31:32.548+00","2026-09-19 20:31:32.65+00"
"7034fe7f-6a73-4e1a-aee1-e759b4e27294","20260919_195452","t-001","f-001","b-001","wv-001","st-01",NULL,"finalized","2026-09-19 19:54:52.186+00","2026-09-19 19:54:54.67+00","2.55","2.55",2,NULL,"2026-09-19 19:54:54.561+00","2026-09-19 19:54:54.666+00"
"3df9e268-50a9-476e-8fa4-a93f26b1b1aa","20260919_205200","t-001","f-001","b-001","wv-001","st-01",NULL,"finalized","2026-09-19 20:52:00.304+00","2026-09-19 20:52:08.773+00",NULL,"0.00",2,NULL,"2026-09-19 20:52:08.364+00","2026-09-19 20:52:08.769+00"
"89fb3809-ab45-4c49-8bed-c16ad8546d3c","20260919_195603","t-001","f-001","b-001","wv-001","st-01",NULL,"finalized","2026-09-19 19:56:03.019+00","2026-09-19 19:56:04.872+00","2.55","2.55",2,NULL,"2026-09-19 19:56:04.812+00","2026-09-19 19:56:04.87+00"
"a28f2f01-3809-4db1-8f9a-6604b88530ff","20260919_203207","t-001","f-001","b-001","wv-001","st-01",NULL,"finalized","2026-09-19 20:32:07.317+00","2026-09-19 20:32:08.882+00","2.25","2.25",2,NULL,"2026-09-19 20:32:08.772+00","2026-09-19 20:32:08.878+00"
"afeaf350-5085-4435-99fb-1ae8e5494430","20260919_195630","t-001","f-001","b-001","wv-001","st-01",NULL,"finalized","2026-09-19 19:56:30.154+00","2026-09-19 19:56:32.777+00","2.55","2.55",2,NULL,"2026-09-19 19:56:32.684+00","2026-09-19 19:56:32.773+00"
"5149d023-509a-43ce-bc0f-6ab1c7daa478","20260919_203416","t-001","f-001","b-001","wv-001","st-01",NULL,"finalized","2026-09-19 20:34:16.77+00","2026-09-19 20:34:20.366+00","2.25","2.25",2,NULL,"2026-09-19 20:34:20.263+00","2026-09-19 20:34:20.362+00"
"9758fa8c-dfeb-4c70-a0eb-ce00908fe1ae","20260919_200818","t-001","f-001","b-001","wv-001","st-01",NULL,"finalized","2026-09-19 20:08:18.304+00","2026-09-19 20:08:22.634+00","2.85","2.85",2,NULL,"2026-09-19 20:08:20.862+00","2026-09-19 20:08:22.63+00"
"162360a1-9f81-433b-aaa2-a61cce4bf64d","20260919_205206","t-001","f-001","b-001","wv-001","st-01",NULL,"finalized","2026-09-19 20:52:06.832+00","2026-09-19 20:52:19.272+00","2.55","2.55",2,NULL,"2026-09-19 20:52:19.167+00","2026-09-19 20:52:19.268+00"
"c1642a93-ad44-4c5a-ab58-8b5951aae35c","20260919_201042","t-001","f-001","b-001","wv-001","st-01",NULL,"finalized","2026-09-19 20:10:42.955+00","2026-09-19 20:10:44.747+00","2.90","2.90",2,NULL,"2026-09-19 20:10:44.641+00","2026-09-19 20:10:44.745+00"
"bf5bed5a-e29b-4881-8940-19a2c819de91","20260919_203431","t-001","f-001","b-001","wv-001","st-01",NULL,"finalized","2026-09-19 20:34:31.05+00","2026-09-19 20:34:32.432+00","2.25","2.25",2,NULL,"2026-09-19 20:34:32.3+00","2026-09-19 20:34:32.429+00"
"356f32d6-4c64-4673-a986-4dee2d1cbf2f","20260919_201827","t-001","f-001","b-001","wv-001","st-01",NULL,"finalized","2026-09-19 20:18:27.712+00","2026-09-19 20:18:29.403+00","2.50","2.50",2,NULL,"2026-09-19 20:18:29.349+00","2026-09-19 20:18:29.402+00"
"06a13505-00b8-434f-a96e-a7db53e7800d","20260919_202037","t-001","f-001","b-001","wv-001","st-01",NULL,"finalized","2026-09-19 20:20:37.885+00","2026-09-19 20:20:39.144+00",NULL,"0.00",2,NULL,"2026-09-19 20:20:39.074+00","2026-09-19 20:20:39.141+00"
"de9dfa74-3259-47c0-b23f-850980443e7b","20260919_205219","t-001","f-001","b-001","wv-001","st-01",NULL,"finalized","2026-09-19 20:52:19.973+00","2026-09-19 20:52:25.142+00","2.55","2.55",2,NULL,"2026-09-19 20:52:25.035+00","2026-09-19 20:52:25.139+00"
"3b238c57-eed0-4fa1-abdd-0d2b88059b7c","20260919_203437","t-001","f-001","b-001","wv-001","st-01",NULL,"finalized","2026-09-19 20:34:37.208+00","2026-09-19 20:34:38.336+00","2.25","2.25",2,NULL,"2026-09-19 20:34:38.236+00","2026-09-19 20:34:38.333+00"
"2a26ac65-3b7b-480e-808d-883c62661d2f","20260919_202122","t-001","f-001","b-001","wv-001","st-01",NULL,"finalized","2026-09-19 20:21:22.203+00","2026-09-19 20:21:26.711+00",NULL,"0.00",2,NULL,"2026-09-19 20:21:26.646+00","2026-09-19 20:21:26.708+00"
"edc95352-b11b-4f1e-89c4-d3e558142eb7","20260919_202922","t-001","f-001","b-001","wv-001","st-01",NULL,"finalized","2026-09-19 20:29:22.283+00","2026-09-19 20:29:24.93+00",NULL,"0.00",2,NULL,"2026-09-19 20:29:24.871+00","2026-09-19 20:29:24.929+00"
"ef187ab9-5b15-46b6-8466-5a25a04fa40a","20260919_203510","t-001","f-001","b-001","wv-001","st-01",NULL,"finalized","2026-09-19 20:35:10.876+00","2026-09-19 20:35:12.404+00","1.85","1.85",2,NULL,"2026-09-19 20:35:12.302+00","2026-09-19 20:35:12.403+00"
"574c6c4b-978e-4cb4-84b8-1b16ee166cab","20260919_202926","t-001","f-001","b-001","wv-001","st-01",NULL,"finalized","2026-09-19 20:29:26.496+00","2026-09-19 20:29:30.756+00","3.30","3.30",2,NULL,"2026-09-19 20:29:30.693+00","2026-09-19 20:29:30.753+00"
"f10d2a7c-1efe-4406-a4a7-ab29a4780ab5","20260919_205233","t-001","f-001","b-001","wv-001","st-01",NULL,"finalized","2026-09-19 20:52:33.832+00","2026-09-19 20:52:35.084+00","2.55","2.55",2,NULL,"2026-09-19 20:52:34.986+00","2026-09-19 20:52:35.081+00"
"d39c8c86-f0f6-488a-82e4-70e6745c7f1f","20260919_203936","t-001","f-001","b-001","wv-001","st-01",NULL,"finalized","2026-09-19 20:39:36.757+00","2026-09-19 20:39:38.045+00","1.75","1.75",2,NULL,"2026-09-19 20:39:37.951+00","2026-09-19 20:39:38.043+00"
"d4dcf227-114c-4123-b847-eece562ff3bd","20260919_204449","t-001","f-001","b-001","wv-001","st-01",NULL,"finalized","2026-09-19 20:44:49.135+00","2026-09-19 20:44:51.883+00",NULL,"0.00",2,NULL,"2026-09-19 20:44:51.807+00","2026-09-19 20:44:51.879+00"
"44035cd3-3aea-4a09-9102-1bfba0a8089c","20260919_205254","t-001","f-001","b-001","wv-001","st-01",NULL,"finalized","2026-09-19 20:52:54.121+00","2026-09-19 20:52:56.984+00","2.55","2.55",2,NULL,"2026-09-19 20:52:56.884+00","2026-09-19 20:52:56.98+00"
"41e20a1c-71d1-46df-bf31-02b0f090e5e2","20260919_204644","t-001","f-001","b-001","wv-001","st-01",NULL,"finalized","2026-09-19 20:46:44.978+00","2026-09-19 20:46:48.134+00","2.85","2.85",2,NULL,"2026-09-19 20:46:48.026+00","2026-09-19 20:46:48.131+00"
"bf08da98-8edd-43ba-93de-7059f257f55d","20260919_195756","t-001","f-001","b-001","wv-001","st-01",NULL,"finalized","2026-09-19 19:57:56.13+00","2026-09-19 19:57:57.254+00","2.55","2.55",2,NULL,"2026-09-19 19:57:57.153+00","2026-09-19 19:57:57.251+00"
"86ce2b42-5226-4ccc-852d-8d036d8ce620","20260919_203013","t-001","f-001","b-001","wv-001","st-01",NULL,"finalized","2026-09-19 20:30:13.625+00","2026-09-19 20:30:18.554+00","2.60","2.60",2,NULL,"2026-09-19 20:30:18.455+00","2026-09-19 20:30:18.55+00"
"13c2971d-22a5-49a2-a8ed-c3652f3c1d58","20260919_195950","t-001","f-001","b-001","wv-001","st-01",NULL,"finalized","2026-09-19 19:59:50.902+00","2026-09-19 19:59:52.061+00","2.55","2.55",2,NULL,"2026-09-19 19:59:51.962+00","2026-09-19 19:59:52.057+00"
"f9b911d0-8d6c-4a70-9ab5-4d2582054686","20260919_200231","t-001","f-001","b-001","wv-001","st-01",NULL,"finalized","2026-09-19 20:02:31.354+00","2026-09-19 20:02:41.772+00","2.85","2.85",2,NULL,"2026-09-19 20:02:41.316+00","2026-09-19 20:02:41.768+00"
"b0dc6378-0ea7-427a-a750-e000567ad81e","20260919_203031","t-001","f-001","b-001","wv-001","st-01",NULL,"finalized","2026-09-19 20:30:31.042+00","2026-09-19 20:30:32.554+00",NULL,"0.00",2,NULL,"2026-09-19 20:30:32.463+00","2026-09-19 20:30:32.55+00"
"de1c697e-a08e-4fb2-9ef5-88f66e84a23e","20260919_201027","t-001","f-001","b-001","wv-001","st-01",NULL,"finalized","2026-09-19 20:10:27.739+00","2026-09-19 20:10:28.769+00","2.90","2.90",2,NULL,"2026-09-19 20:10:28.712+00","2026-09-19 20:10:28.766+00"
"0ff84125-f4b0-4a35-a5d5-e8497e2ae18d","20260919_203034","t-001","f-001","b-001","wv-001","st-01",NULL,"finalized","2026-09-19 20:30:34.976+00","2026-09-19 20:30:38.43+00","2.60","2.60",2,NULL,"2026-09-19 20:30:38.33+00","2026-09-19 20:30:38.427+00"
"35f36e31-5a55-4ab1-8fdd-d01ea9856948","20260919_201218","t-001","f-001","b-001","wv-001","st-01",NULL,"finalized","2026-09-19 20:12:18.874+00","2026-09-19 20:12:21.372+00","2.90","2.90",2,NULL,"2026-09-19 20:12:21.228+00","2026-09-19 20:12:21.369+00"
"3c8ad495-fb71-4b02-b016-d86c7050bf5b","20260919_201402","t-001","f-001","b-001","wv-001","st-01",NULL,"finalized","2026-09-19 20:14:02.848+00","2026-09-19 20:14:04.194+00","2.55","2.55",2,NULL,"2026-09-19 20:14:04.094+00","2026-09-19 20:14:04.191+00"
"1ec25f5f-e5e2-4bc3-9e7d-5494bc64771a","20260919_203315","t-001","f-001","b-001","wv-001","st-01",NULL,"finalized","2026-09-19 20:33:15.682+00","2026-09-19 20:33:17.021+00","2.65","2.65",2,NULL,"2026-09-19 20:33:16.87+00","2026-09-19 20:33:17.016+00"
"0d0c4cec-c6a4-4f8f-aa78-09e387765d0f","20260919_201911","t-001","f-001","b-001","wv-001","st-01",NULL,"finalized","2026-09-19 20:19:11.466+00","2026-09-19 20:19:24.875+00","2.50","2.50",2,NULL,"2026-09-19 20:19:24.771+00","2026-09-19 20:19:24.872+00"
"e52082d8-3a70-4fa6-95c8-1587ef6b77b8","20260919_202448","t-001","f-001","b-001","wv-001","st-01",NULL,"finalized","2026-09-19 20:24:48.727+00","2026-09-19 20:24:56.034+00","1.45","1.45",2,NULL,"2026-09-19 20:24:55.909+00","2026-09-19 20:24:56.03+00"
"3be4a666-6653-4547-b707-4cc46a5f71a0","20260919_203320","t-001","f-001","b-001","wv-001","st-01",NULL,"finalized","2026-09-19 20:33:20.577+00","2026-09-19 20:33:22.797+00","2.25","2.25",2,NULL,"2026-09-19 20:33:22.747+00","2026-09-19 20:33:22.797+00"
"f04b6c3a-854b-41f8-9a7d-3a1930c7aacd","20260919_202607","t-001","f-001","b-001","wv-001","st-01",NULL,"finalized","2026-09-19 20:26:07.842+00","2026-09-19 20:26:10.015+00","2.25","2.25",2,NULL,"2026-09-19 20:26:09.957+00","2026-09-19 20:26:10.015+00"
"a796e499-527a-4944-abfa-7a5a14752915","20260919_203551","t-001","f-001","b-001","wv-001","st-01",NULL,"finalized","2026-09-19 20:35:51.349+00","2026-09-19 20:35:52.525+00","1.50","1.50",2,NULL,"2026-09-19 20:35:52.427+00","2026-09-19 20:35:52.52+00"
"4be4a180-c6aa-4f41-89da-18a1c6e91f7c","20260919_202622","t-001","f-001","b-001","wv-001","st-01",NULL,"finalized","2026-09-19 20:26:22.739+00","2026-09-19 20:26:25.787+00","1.80","1.80",2,NULL,"2026-09-19 20:26:25.678+00","2026-09-19 20:26:25.783+00"
"086e3c63-929f-42f3-995c-fc0b06c2a59d","20260919_204152","t-001","f-001","b-001","wv-001","st-01",NULL,"finalized","2026-09-19 20:41:52.481+00","2026-09-19 20:41:54.695+00","1.50","1.50",2,NULL,"2026-09-19 20:41:54.576+00","2026-09-19 20:41:54.691+00"
"c8a2b4cc-37aa-44c9-8ed6-0ba90bcab218","20260919_200746","t-001","f-001","b-001","wv-001","st-01",NULL,"finalized","2026-09-19 20:07:46.021+00","2026-09-19 20:07:47.903+00","2.45","2.45",2,NULL,"2026-09-19 20:07:47.847+00","2026-09-19 20:07:47.902+00"
"10eb7e14-90ec-4455-92d5-c96f16862156","20260919_203536","t-001","f-001","b-001","wv-001","st-01",NULL,"finalized","2026-09-19 20:35:36.291+00","2026-09-19 20:35:40.54+00","1.50","1.50",2,NULL,"2026-09-19 20:35:40.439+00","2026-09-19 20:35:40.536+00"
"d51d3bff-78b7-4906-aa24-11bbf2c0b14b","20260919_201104","t-001","f-001","b-001","wv-001","st-01",NULL,"finalized","2026-09-19 20:11:04.977+00","2026-09-19 20:11:06.879+00","2.90","2.90",2,NULL,"2026-09-19 20:11:06.779+00","2026-09-19 20:11:06.876+00"
"f0eaff95-d5f8-498f-a95b-3838c055de26","20260919_201441","t-001","f-001","b-001","wv-001","st-01",NULL,"finalized","2026-09-19 20:14:41.528+00","2026-09-19 20:14:44.291+00","2.55","2.55",2,NULL,"2026-09-19 20:14:44.213+00","2026-09-19 20:14:44.29+00"
"6e782d0a-8886-4541-b3e5-b2be0d9cc5a5","20260919_203609","t-001","f-001","b-001","wv-001","st-01",NULL,"finalized","2026-09-19 20:36:09.424+00","2026-09-19 20:36:10.488+00","1.50","1.50",2,NULL,"2026-09-19 20:36:10.369+00","2026-09-19 20:36:10.484+00"
"09ad9c7a-c7ee-4f63-9461-b338de469216","20260919_201613","t-001","f-001","b-001","wv-001","st-01",NULL,"finalized","2026-09-19 20:16:13.207+00","2026-09-19 20:16:14.987+00","2.55","2.55",2,NULL,"2026-09-19 20:16:14.895+00","2026-09-19 20:16:14.984+00"
"3b33b22d-7fbe-49da-aaf5-5c3a88a60425","20260919_204009","t-001","f-001","b-001","wv-001","st-01",NULL,"finalized","2026-09-19 20:40:09.449+00","2026-09-19 20:40:12.173+00",NULL,"0.00",2,NULL,"2026-09-19 20:40:12.091+00","2026-09-19 20:40:12.169+00"
"eb1af789-638a-4706-8f47-edf0a7a6b68f","20260919_201621","t-001","f-001","b-001","wv-001","st-01",NULL,"finalized","2026-09-19 20:16:21.622+00","2026-09-19 20:16:22.939+00","2.55","2.55",2,NULL,"2026-09-19 20:16:22.839+00","2026-09-19 20:16:22.935+00"
"11bde23a-c09f-4d1c-9438-a3fa21e3e5ae","20260919_201821","t-001","f-001","b-001","wv-001","st-01",NULL,"finalized","2026-09-19 20:18:21.397+00","2026-09-19 20:18:23.582+00","2.50","2.50",2,NULL,"2026-09-19 20:18:23.485+00","2026-09-19 20:18:23.579+00"
"a6f1e003-9381-4972-b408-fe7c9069dd0c","20260919_204013","t-001","f-001","b-001","wv-001","st-01",NULL,"finalized","2026-09-19 20:40:13.407+00","2026-09-19 20:40:18.165+00","1.50","1.50",2,NULL,"2026-09-19 20:40:18.065+00","2026-09-19 20:40:18.161+00"
"1da28335-bfbd-42f0-9047-3e31aa383404","20260919_201955","t-001","f-001","b-001","wv-001","st-01",NULL,"finalized","2026-09-19 20:19:55.167+00","2026-09-19 20:19:56.976+00","2.50","2.50",2,NULL,"2026-09-19 20:19:56.887+00","2026-09-19 20:19:56.973+00"
"ccfcd49c-be28-461e-a635-a46b2facbd9a","20260919_204017","t-001","f-001","b-001","wv-001","st-01",NULL,"finalized","2026-09-19 20:40:17.815+00","2026-09-19 20:40:24.078+00","1.50","1.50",2,NULL,"2026-09-19 20:40:23.974+00","2026-09-19 20:40:24.075+00"
"a962273b-7232-4bf0-a8db-1904e47038ea","20260919_202126","t-001","f-001","b-001","wv-001","st-01",NULL,"finalized","2026-09-19 20:21:26.668+00","2026-09-19 20:21:32.568+00","0.75","0.75",2,NULL,"2026-09-19 20:21:32.457+00","2026-09-19 20:21:32.564+00"
"3c1c004b-8914-4505-a7d6-a6a8f32da10c","20260919_203359","t-001","f-001","b-001","wv-001","st-01",NULL,"finalized","2026-09-19 20:33:59.221+00","2026-09-19 20:34:00.638+00","2.50","2.50",2,NULL,"2026-09-19 20:34:00.537+00","2026-09-19 20:34:00.637+00"
"85aae478-0e14-4851-b9af-c1c90d001a9c","20260919_204507","t-001","f-001","b-001","wv-001","st-01",NULL,"finalized","2026-09-19 20:45:07.494+00","2026-09-19 20:45:09.922+00","2.60","2.60",2,NULL,"2026-09-19 20:45:09.828+00","2026-09-19 20:45:09.919+00"
"29f37cce-8396-48a1-b8cf-d4f8ee67dd79","20260919_203412","t-001","f-001","b-001","wv-001","st-01",NULL,"finalized","2026-09-19 20:34:12.748+00","2026-09-19 20:34:14.522+00",NULL,"0.00",2,NULL,"2026-09-19 20:34:14.445+00","2026-09-19 20:34:14.519+00"
"cae7e83d-6ff0-4917-925c-02000978ea33","20260919_204802","t-001","f-001","b-001","wv-001","st-01",NULL,"finalized","2026-09-19 20:48:02.549+00","2026-09-19 20:48:04.757+00","2.90","2.90",2,NULL,"2026-09-19 20:48:04.65+00","2026-09-19 20:48:04.753+00"
"17da5d3f-4602-42ad-ae9d-497b6fff642b","20260919_205451","t-001","f-001","b-001","wv-001","st-01",NULL,"finalized","2026-09-19 20:54:51.923+00","2026-09-19 20:54:53.314+00","2.45","2.45",2,NULL,"2026-09-19 20:54:53.215+00","2026-09-19 20:54:53.311+00"
"5a4f67a1-449a-4268-bbb2-411e84c0893b","20260919_203257","t-001","f-001","b-001","wv-001","st-01",NULL,"finalized","2026-09-19 20:32:57.59+00","2026-09-19 20:32:59.16+00",NULL,"0.00",2,NULL,"2026-09-19 20:32:59.079+00","2026-09-19 20:32:59.156+00"
"426a462c-3b3d-410e-939e-8a4888116b48","20260919_203301","t-001","f-001","b-001","wv-001","st-01",NULL,"finalized","2026-09-19 20:33:01.501+00","2026-09-19 20:33:05.006+00","2.65","2.65",2,NULL,"2026-09-19 20:33:04.892+00","2026-09-19 20:33:05.001+00"
"ff64a0db-e428-48b1-b488-2cddb72414fc","20260919_205836","t-001","f-001","b-001","wv-001","st-01",NULL,"finalized","2026-09-19 20:58:36.219+00","2026-09-19 20:58:40.283+00","3.15","3.15",2,NULL,"2026-09-19 20:58:40.17+00","2026-09-19 20:58:40.28+00"
"12fbe0d2-4ea8-4fab-b896-51e20b1fbadf","20260919_205456","t-001","f-001","b-001","wv-001","st-01",NULL,"finalized","2026-09-19 20:54:56.804+00","2026-09-19 20:54:59.176+00","2.45","2.45",2,NULL,"2026-09-19 20:54:59.076+00","2026-09-19 20:54:59.173+00"
"9d759ef3-a470-4434-b776-9d9240c7f221","20260919_203951","t-001","f-001","b-001","wv-001","st-01",NULL,"finalized","2026-09-19 20:39:51.817+00","2026-09-19 20:39:54.098+00","1.75","1.75",2,NULL,"2026-09-19 20:39:53.987+00","2026-09-19 20:39:54.094+00"
"c4b160ce-7102-4778-a05e-772c702a436a","20260919_210248","t-001","f-001","b-001","wv-001","st-01",NULL,"finalized","2026-09-19 21:02:48.11+00","2026-09-19 21:02:53.181+00",NULL,"0.00",2,NULL,"2026-09-19 21:02:53.115+00","2026-09-19 21:02:53.177+00"
"36269504-63bc-4194-bc0e-26769a1179c9","20260919_204426","t-001","f-001","b-001","wv-001","st-01",NULL,"finalized","2026-09-19 20:44:26.38+00","2026-09-19 20:44:27.858+00",NULL,"0.00",2,NULL,"2026-09-19 20:44:27.788+00","2026-09-19 20:44:27.855+00"
"7b18e884-52b7-4cad-a491-e0f2fa9d5abd","20260919_205507","t-001","f-001","b-001","wv-001","st-01",NULL,"finalized","2026-09-19 20:55:07.281+00","2026-09-19 20:55:09.199+00","2.45","2.45",2,NULL,"2026-09-19 20:55:09.098+00","2026-09-19 20:55:09.195+00"
"dc2884df-80f7-4832-a4f4-d21b984a0f92","20260919_204610","t-001","f-001","b-001","wv-001","st-01",NULL,"finalized","2026-09-19 20:46:10.56+00","2026-09-19 20:46:12.275+00","2.50","2.50",2,NULL,"2026-09-19 20:46:12.169+00","2026-09-19 20:46:12.271+00"
"a9078249-1d29-4183-90cf-a1d96c5d0867","20260919_210021","t-001","f-001","b-001","wv-001","st-01",NULL,"finalized","2026-09-19 21:00:21.283+00","2026-09-19 21:00:24.049+00","2.85","2.85",2,NULL,"2026-09-19 21:00:23.955+00","2026-09-19 21:00:24.045+00"
"a1d77eae-d544-4b4f-aacf-ee731f0c52af","20260919_205849","t-001","f-001","b-001","wv-001","st-01",NULL,"finalized","2026-09-19 20:58:49.584+00","2026-09-19 20:58:52.202+00","3.15","3.15",2,NULL,"2026-09-19 20:58:52.108+00","2026-09-19 20:58:52.199+00"
"7d6ec6ac-2572-48f3-beb7-078d252640ca","20260919_205018","t-001","f-001","b-001","wv-001","st-01",NULL,"finalized","2026-09-19 20:50:18.33+00","2026-09-19 20:50:19.667+00",NULL,"0.00",2,NULL,"2026-09-19 20:50:19.575+00","2026-09-19 20:50:19.662+00"
"ae434c97-34ae-46a4-bd70-aac9ec83d522","20260919_205522","t-001","f-001","b-001","wv-001","st-01",NULL,"finalized","2026-09-19 20:55:22.606+00","2026-09-19 20:55:25.265+00","2.45","2.45",2,NULL,"2026-09-19 20:55:25.169+00","2026-09-19 20:55:25.261+00"
"0fea866f-6d11-4f29-9a2a-f5b823644dd2","20260919_205327","t-001","f-001","b-001","wv-001","st-01",NULL,"finalized","2026-09-19 20:53:27.747+00","2026-09-19 20:53:29.127+00","1.80","1.80",2,NULL,"2026-09-19 20:53:29.011+00","2026-09-19 20:53:29.123+00"
"0b2452a0-319f-4887-babd-6f188dfcc58e","20260919_210713","t-001","f-001","b-001","wv-001","st-01",NULL,"finalized","2026-09-19 21:07:13.247+00","2026-09-19 21:07:14.406+00","3.35","3.35",2,NULL,"2026-09-19 21:07:14.288+00","2026-09-19 21:07:14.403+00"
"276540a0-5a8a-4d3f-9ddb-a1a588d1cf44","20260919_210623","t-001","f-001","b-001","wv-001","st-01",NULL,"finalized","2026-09-19 21:06:23.726+00","2026-09-19 21:06:26.426+00","3.00","3.00",2,NULL,"2026-09-19 21:06:26.346+00","2026-09-19 21:06:26.424+00"
"f33521ff-9e3e-4787-ac61-5716a0dc8588","20260919_205414","t-001","f-001","b-001","wv-001","st-01",NULL,"finalized","2026-09-19 20:54:14.948+00","2026-09-19 20:54:17.446+00","1.80","1.80",2,NULL,"2026-09-19 20:54:17.344+00","2026-09-19 20:54:17.442+00"
"a1c8d949-f767-419d-8fb4-2a4e6eb88c21","20260919_205537","t-001","f-001","b-001","wv-001","st-01",NULL,"finalized","2026-09-19 20:55:37.597+00","2026-09-19 20:55:39.279+00","2.45","2.45",2,NULL,"2026-09-19 20:55:39.183+00","2026-09-19 20:55:39.274+00"
"281a538e-7fe4-4b3c-aea0-03b84c9547f6","20260919_205908","t-001","f-001","b-001","wv-001","st-01",NULL,"finalized","2026-09-19 20:59:08.818+00","2026-09-19 20:59:10.177+00","3.15","3.15",2,NULL,"2026-09-19 20:59:10.114+00","2026-09-19 20:59:10.176+00"
"412cd845-7925-4e56-be05-12f78f4f27ab","20260919_205440","t-001","f-001","b-001","wv-001","st-01",NULL,"finalized","2026-09-19 20:54:40.559+00","2026-09-19 20:54:41.578+00","2.45","2.45",2,NULL,"2026-09-19 20:54:41.466+00","2026-09-19 20:54:41.574+00"
"84088d3a-ac87-49f7-95e7-b63c7d274e66","20260919_205630","t-001","f-001","b-001","wv-001","st-01",NULL,"finalized","2026-09-19 20:56:30.144+00","2026-09-19 20:56:31.543+00","2.45","2.45",2,NULL,"2026-09-19 20:56:31.466+00","2026-09-19 20:56:31.539+00"
"2b987be4-a7e4-4cb8-843b-7e6931fa6e52","20260919_205445","t-001","f-001","b-001","wv-001","st-01",NULL,"finalized","2026-09-19 20:54:45.347+00","2026-09-19 20:54:47.42+00","2.45","2.45",2,NULL,"2026-09-19 20:54:47.309+00","2026-09-19 20:54:47.417+00"
"a023b29c-2aae-4c22-9a94-e5649f163771","20260919_210036","t-001","f-001","b-001","wv-001","st-01",NULL,"finalized","2026-09-19 21:00:36.311+00","2026-09-19 21:00:38.05+00","2.85","2.85",2,NULL,"2026-09-19 21:00:37.915+00","2026-09-19 21:00:38.049+00"
"7ed0ea77-b36f-4508-bb09-ec332df84c73","20260919_205913","t-001","f-001","b-001","wv-001","st-01",NULL,"finalized","2026-09-19 20:59:13.614+00","2026-09-19 20:59:16+00","3.15","3.15",2,NULL,"2026-09-19 20:59:15.905+00","2026-09-19 20:59:15.997+00"
"f5cc744f-14cb-4c2b-b09b-19d6a5a13b53","20260919_205728","t-001","f-001","b-001","wv-001","st-01",NULL,"finalized","2026-09-19 20:57:28.051+00","2026-09-19 20:57:32.458+00","2.45","2.45",2,NULL,"2026-09-19 20:57:32.361+00","2026-09-19 20:57:32.455+00"
"f8bf9e2a-2cf4-47d0-849b-0258724cac47","20260919_210252","t-001","f-001","b-001","wv-001","st-01",NULL,"finalized","2026-09-19 21:02:52.22+00","2026-09-19 21:03:03.682+00","2.95","2.95",2,NULL,"2026-09-19 21:03:03.616+00","2026-09-19 21:03:03.679+00"
"14e1125a-8dc4-4bc7-9294-9b6e3293be7e","20260919_205832","t-001","f-001","b-001","wv-001","st-01",NULL,"finalized","2026-09-19 20:58:32.162+00","2026-09-19 20:58:34.326+00",NULL,"0.00",2,NULL,"2026-09-19 20:58:34.28+00","2026-09-19 20:58:34.325+00"
"6ae1845e-37b1-4ed4-be1e-01a2c0996af0","20260919_210452","t-001","f-001","b-001","wv-001","st-01",NULL,"finalized","2026-09-19 21:04:52.955+00","2026-09-19 21:04:55.83+00","3.00","3.00",2,NULL,"2026-09-19 21:04:55.725+00","2026-09-19 21:04:55.826+00"
"61189578-aa0e-4d50-a12e-8e27cc85306b","20260919_210152","t-001","f-001","b-001","wv-001","st-01",NULL,"finalized","2026-09-19 21:01:52.092+00","2026-09-19 21:01:54.567+00","2.90","2.90",2,NULL,"2026-09-19 21:01:54.45+00","2026-09-19 21:01:54.562+00"
"28152275-60b4-4e0e-9d28-cc3daec5dbef","20260919_205929","t-001","f-001","b-001","wv-001","st-01",NULL,"finalized","2026-09-19 20:59:29.756+00","2026-09-19 20:59:31.946+00","3.50","3.50",2,NULL,"2026-09-19 20:59:31.791+00","2026-09-19 20:59:31.942+00"
"0b2c9eeb-2629-41b8-b22a-89a340f4d189","20260919_205948","t-001","f-001","b-001","wv-001","st-01",NULL,"finalized","2026-09-19 20:59:48.438+00","2026-09-19 20:59:49.82+00","2.85","2.85",2,NULL,"2026-09-19 20:59:49.732+00","2026-09-19 20:59:49.819+00"
"6feeb35c-3f68-4929-9b15-8f00be584808","20260919_210347","t-001","f-001","b-001","wv-001","st-01",NULL,"finalized","2026-09-19 21:03:47.712+00","2026-09-19 21:03:49.801+00","2.95","2.95",2,NULL,"2026-09-19 21:03:49.714+00","2026-09-19 21:03:49.8+00"
"84fb15c3-98b7-457f-9364-4d7bfd540c5f","20260919_210204","t-001","f-001","b-001","wv-001","st-01",NULL,"finalized","2026-09-19 21:02:04.352+00","2026-09-19 21:02:06.614+00","2.55","2.55",2,NULL,"2026-09-19 21:02:06.497+00","2026-09-19 21:02:06.611+00"
"a1c72a19-8188-4bf2-8535-1c3c79690528","20260919_210702","t-001","f-001","b-001","wv-001","st-01",NULL,"finalized","2026-09-19 21:07:02.857+00","2026-09-19 21:07:04.464+00","3.65","3.65",2,NULL,"2026-09-19 21:07:04.355+00","2026-09-19 21:07:04.461+00"
"e57be864-6aee-4b3b-8743-cd421ba713d8","20260919_210504","t-001","f-001","b-001","wv-001","st-01",NULL,"finalized","2026-09-19 21:05:04.658+00","2026-09-19 21:05:05.866+00","3.00","3.00",2,NULL,"2026-09-19 21:05:05.756+00","2026-09-19 21:05:05.862+00"
"8ea20fd2-1ae3-4474-906b-0ec46d999f75","20260919_210448","t-001","f-001","b-001","wv-001","st-01",NULL,"finalized","2026-09-19 21:04:48.705+00","2026-09-19 21:04:50.014+00",NULL,"0.00",2,NULL,"2026-09-19 21:04:49.962+00","2026-09-19 21:04:50.012+00"
"9a8a2fef-121d-43e4-a406-ffba93749c74","20260919_210627","t-001","f-001","b-001","wv-001","st-01",NULL,"finalized","2026-09-19 21:06:27.8+00","2026-09-19 21:06:32.323+00","3.35","3.35",2,NULL,"2026-09-19 21:06:32.202+00","2026-09-19 21:06:32.319+00"
"4f52d4d6-c38b-4903-9a30-e3346440b3b5","20260919_210729","t-001","f-001","b-001","wv-001","st-01",NULL,"finalized","2026-09-19 21:07:29.582+00","2026-09-19 21:07:32.413+00","3.65","3.65",2,NULL,"2026-09-19 21:07:32.316+00","2026-09-19 21:07:32.41+00"
"8fe652ea-daf7-436d-b0a6-ed3da6941699","20260919_210744","t-001","f-001","b-001","wv-001","st-01",NULL,"finalized","2026-09-19 21:07:44.885+00","2026-09-19 21:07:46.452+00","3.25","3.25",2,NULL,"2026-09-19 21:07:46.363+00","2026-09-19 21:07:46.449+00"
"f4a071af-2482-4664-b55b-3aa0f8ee0fd7","20260919_210912","t-001","f-001","b-001","wv-001","st-01",NULL,"finalized","2026-09-19 21:09:12.64+00","2026-09-19 21:09:15.007+00","2.20","2.20",2,NULL,"2026-09-19 21:09:14.899+00","2026-09-19 21:09:15.002+00"
"87d3c9aa-1da4-41fb-a7b0-ae6207c6cf35","20260919_210921","t-001","f-001","b-001","wv-001","st-01",NULL,"finalized","2026-09-19 21:09:21.349+00","2026-09-19 21:09:22.927+00","2.20","2.20",2,NULL,"2026-09-19 21:09:22.766+00","2026-09-19 21:09:22.925+00"
"974dc3cf-e23a-4683-bc1e-1edbf8071a5d","20260919_210939","t-001","f-001","b-001","wv-001","st-01",NULL,"finalized","2026-09-19 21:09:39.009+00","2026-09-19 21:09:40.991+00","2.20","2.20",2,NULL,"2026-09-19 21:09:40.889+00","2026-09-19 21:09:40.988+00"
"d2a309d1-9c33-40fd-ace8-d246dbaee06a","20260919_211024","t-001","f-001","b-001","wv-001","st-01",NULL,"finalized","2026-09-19 21:10:24.903+00","2026-09-19 21:10:27.267+00","2.20","2.20",2,NULL,"2026-09-19 21:10:27.151+00","2026-09-19 21:10:27.263+00"
"bac7fee8-03dd-422c-9fdb-a76b13beecff","20260919_211049","t-001","f-001","b-001","wv-001","st-01",NULL,"finalized","2026-09-19 21:10:49.781+00","2026-09-19 21:10:51.462+00","2.20","2.20",2,NULL,"2026-09-19 21:10:51.413+00","2026-09-19 21:10:51.461+00"
"adf1a7d9-212a-4267-8e9e-3e9840717bf7","20260919_211112","t-001","f-001","b-001","wv-001","st-01",NULL,"finalized","2026-09-19 21:11:12.311+00","2026-09-19 21:11:13.502+00","2.20","2.20",2,NULL,"2026-09-19 21:11:13.387+00","2026-09-19 21:11:13.498+00"
"1031dbb4-e377-4920-b3d8-09c064eecc85","20260919_214802","t-001","f-001","b-001","wv-001","st-01",NULL,"finalized","2026-09-19 21:48:02.02+00","2026-09-19 21:48:05.045+00","2.65","2.65",2,NULL,"2026-09-19 21:48:04.948+00","2026-09-19 21:48:05.042+00"
"bf9b03c9-4284-4150-be7e-1385ce771bd2","20260919_211133","t-001","f-001","b-001","wv-001","st-01",NULL,"finalized","2026-09-19 21:11:33.18+00","2026-09-19 21:11:35.69+00","2.20","2.20",2,NULL,"2026-09-19 21:11:35.586+00","2026-09-19 21:11:35.687+00"
"0e4af73d-6242-427e-aff6-b8707ffb547e","20260919_213223","t-001","f-001","b-001","wv-001","st-01",NULL,"finalized","2026-09-19 21:32:23.5+00","2026-09-19 21:32:25.901+00","1.90","1.90",2,NULL,"2026-09-19 21:32:25.818+00","2026-09-19 21:32:25.898+00"
"ce6fe9a3-aa6d-4e97-bd22-ac96a4ce0424","20260919_211219","t-001","f-001","b-001","wv-001","st-01",NULL,"finalized","2026-09-19 21:12:19.929+00","2026-09-19 21:12:22.005+00","2.20","2.20",2,NULL,"2026-09-19 21:12:21.922+00","2026-09-19 21:12:22.004+00"
"e33cd63c-1ba0-4149-8cc3-24d5f4277172","20260919_220846","t-001","f-001","b-001","wv-001","st-01",NULL,"finalized","2026-09-19 22:08:46.891+00","2026-09-19 22:08:48.645+00","3.00","3.00",2,NULL,"2026-09-19 22:08:48.549+00","2026-09-19 22:08:48.644+00"
"8223e1bb-ea21-4085-8e43-3f953d9876b1","20260919_215035","t-001","f-001","b-001","wv-001","st-01",NULL,"finalized","2026-09-19 21:50:35.278+00","2026-09-19 21:50:38.085+00",NULL,"0.00",2,NULL,"2026-09-19 21:50:38.004+00","2026-09-19 21:50:38.082+00"
"491ba209-0d99-45b5-86de-79c5f42835dc","20260919_212030","t-001","f-001","b-001","wv-001","st-01",NULL,"finalized","2026-09-19 21:20:30.399+00","2026-09-19 21:20:33.039+00","2.55","2.55",2,NULL,"2026-09-19 21:20:32.946+00","2026-09-19 21:20:33.035+00"
"58788c67-952a-4c94-8c0c-ab2505007bcb","20260919_213652","t-001","f-001","b-001","wv-001","st-01",NULL,"finalized","2026-09-19 21:36:52.035+00","2026-09-19 21:36:53.373+00","2.95","2.95",2,NULL,"2026-09-19 21:36:53.235+00","2026-09-19 21:36:53.369+00"
"1d535e46-d1df-4cd7-9adc-77247828ce76","20260919_212135","t-001","f-001","b-001","wv-001","st-01",NULL,"finalized","2026-09-19 21:21:35.974+00","2026-09-19 21:21:37.294+00","2.15","2.15",2,NULL,"2026-09-19 21:21:37.194+00","2026-09-19 21:21:37.29+00"
"392dbaae-32e5-4359-aec7-a030adf4eb9b","20260919_222849","t-001","f-001","b-001","wv-001","st-01",NULL,"finalized","2026-09-19 22:28:49.9+00","2026-09-19 22:28:51.156+00","2.25","2.25",2,NULL,"2026-09-19 22:28:51.056+00","2026-09-19 22:28:51.152+00"
"08c6375f-5864-43df-affa-891d01f5d985","20260919_213720","t-001","f-001","b-001","wv-001","st-01",NULL,"finalized","2026-09-19 21:37:20.494+00","2026-09-19 21:37:21.517+00","2.60","2.60",2,NULL,"2026-09-19 21:37:21.361+00","2026-09-19 21:37:21.513+00"
"a3952c4d-254d-44bd-bd18-4766ea424248","20260919_212144","t-001","f-001","b-001","wv-001","st-01",NULL,"finalized","2026-09-19 21:21:44.784+00","2026-09-19 21:21:47.204+00","2.15","2.15",2,NULL,"2026-09-19 21:21:47.097+00","2026-09-19 21:21:47.201+00"
"e3dea97c-b639-402a-92ab-a9839799fc23","20260919_222614","t-001","f-001","b-001","wv-001","st-01",NULL,"finalized","2026-09-19 22:26:14.817+00","2026-09-19 22:26:16.51+00","2.90","2.90",2,NULL,"2026-09-19 22:26:16.429+00","2026-09-19 22:26:16.51+00"
"1c1084b6-2da7-4299-b91b-d3f74b5439ea","20260919_215554","t-001","f-001","b-001","wv-001","st-01",NULL,"finalized","2026-09-19 21:55:54.288+00","2026-09-19 21:55:56.079+00","3.05","3.05",2,NULL,"2026-09-19 21:55:55.986+00","2026-09-19 21:55:56.078+00"
"2cdc3384-9eea-4b67-be6c-3b9597db8832","20260919_212755","t-001","f-001","b-001","wv-001","st-01",NULL,"finalized","2026-09-19 21:27:55.885+00","2026-09-19 21:27:59.346+00","1.80","1.80",2,NULL,"2026-09-19 21:27:59.246+00","2026-09-19 21:27:59.342+00"
"d4c4c158-fe65-4a0b-a308-521ff1d3d50f","20260919_213739","t-001","f-001","b-001","wv-001","st-01",NULL,"finalized","2026-09-19 21:37:39.209+00","2026-09-19 21:37:41.632+00","2.60","2.60",2,NULL,"2026-09-19 21:37:41.533+00","2026-09-19 21:37:41.63+00"
"8937a5de-2e1d-4b39-a18d-674b346a9e54","20260919_212918","t-001","f-001","b-001","wv-001","st-01",NULL,"finalized","2026-09-19 21:29:18.596+00","2026-09-19 21:29:21.343+00","1.90","1.90",2,NULL,"2026-09-19 21:29:21.238+00","2026-09-19 21:29:21.34+00"
"569dff0b-ac55-4189-8456-42c6c883a4e4","20260919_221328","t-001","f-001","b-001","wv-001","st-01",NULL,"finalized","2026-09-19 22:13:28.214+00","2026-09-19 22:13:30.505+00","3.75","3.75",2,NULL,"2026-09-19 22:13:30.386+00","2026-09-19 22:13:30.5+00"
"25e2c896-d1e3-41fe-8481-d189163e8dff","20260919_221653","t-001","f-001","b-001","wv-001","st-01",NULL,"finalized","2026-09-19 22:16:53.928+00","2026-09-19 22:16:55.178+00","3.80","3.80",2,NULL,"2026-09-19 22:16:55.114+00","2026-09-19 22:16:55.177+00"
"53ffbc20-3dfa-4b3a-bd04-79b2e1636591","20260919_212945","t-001","f-001","b-001","wv-001","st-01",NULL,"finalized","2026-09-19 21:29:45.385+00","2026-09-19 21:29:47.448+00","1.90","1.90",2,NULL,"2026-09-19 21:29:47.346+00","2026-09-19 21:29:47.444+00"
"aee17d34-29d1-4fd3-96ef-4fa48c91785c","20260919_213920","t-001","f-001","b-001","wv-001","st-01",NULL,"finalized","2026-09-19 21:39:20.622+00","2026-09-19 21:39:22.322+00","2.60","2.60",2,NULL,"2026-09-19 21:39:22.226+00","2026-09-19 21:39:22.318+00"
"23dd2d78-cbaf-40d8-a3d1-390c6511cda4","20260919_213046","t-001","f-001","b-001","wv-001","st-01",NULL,"finalized","2026-09-19 21:30:46.918+00","2026-09-19 21:30:53.508+00",NULL,"0.00",2,NULL,"2026-09-19 21:30:53.422+00","2026-09-19 21:30:53.505+00"
"c9db3584-0b98-40d5-b94e-2edadea8f175","20260919_220304","t-001","f-001","b-001","wv-001","st-01",NULL,"finalized","2026-09-19 22:03:04.823+00","2026-09-19 22:03:07.361+00","3.75","3.75",2,NULL,"2026-09-19 22:03:07.25+00","2026-09-19 22:03:07.357+00"
"75c114ba-86da-44f9-950d-95eb19ba1e82","20260919_213058","t-001","f-001","b-001","wv-001","st-01",NULL,"finalized","2026-09-19 21:30:58.438+00","2026-09-19 21:30:59.474+00","1.90","1.90",2,NULL,"2026-09-19 21:30:59.385+00","2026-09-19 21:30:59.47+00"
"c8f4e647-be2c-4fd7-b2ae-14f0d271c9f4","20260919_213938","t-001","f-001","b-001","wv-001","st-01",NULL,"finalized","2026-09-19 21:39:38.254+00","2026-09-19 21:39:40.5+00","2.60","2.60",2,NULL,"2026-09-19 21:39:40.399+00","2026-09-19 21:39:40.496+00"
"ce655a9c-cb86-4226-9ee5-af09fcf7c337","20260919_221430","t-001","f-001","b-001","wv-001","st-01",NULL,"finalized","2026-09-19 22:14:30.646+00","2026-09-19 22:14:42.558+00","3.80","3.80",2,NULL,"2026-09-19 22:14:42.106+00","2026-09-19 22:14:42.554+00"
"201f7fd3-e196-4038-aa9a-c1531eab9483","20260919_220322","t-001","f-001","b-001","wv-001","st-01",NULL,"finalized","2026-09-19 22:03:22.451+00","2026-09-19 22:03:45.017+00","3.35","3.35",2,NULL,"2026-09-19 22:03:44.918+00","2026-09-19 22:03:45.013+00"
"55df3cb9-3eb9-44b8-b90b-c463f8381638","20260919_214237","t-001","f-001","b-001","wv-001","st-01",NULL,"finalized","2026-09-19 21:42:37.269+00","2026-09-19 21:42:39.066+00","2.65","2.65",2,NULL,"2026-09-19 21:42:38.955+00","2026-09-19 21:42:39.063+00"
"ff67853a-de4d-4803-8ec8-6eb44f2e4518","20260919_223857","t-001","f-001","b-001","wv-001","st-01",NULL,"finalized","2026-09-19 22:38:57.532+00","2026-09-19 22:38:58.859+00","2.20","2.20",2,NULL,"2026-09-19 22:38:58.799+00","2026-09-19 22:38:58.856+00"
"1f9d234f-6878-4772-b6e8-3d6c7a9aa567","20260919_222131","t-001","f-001","b-001","wv-001","st-01",NULL,"finalized","2026-09-19 22:21:31.891+00","2026-09-19 22:21:35.254+00","2.60","2.60",2,NULL,"2026-09-19 22:21:35.143+00","2026-09-19 22:21:35.25+00"
"357723b9-a2d0-4d8a-9fc6-b873b9cbaee9","20260919_220719","t-001","f-001","b-001","wv-001","st-01",NULL,"finalized","2026-09-19 22:07:19.165+00","2026-09-19 22:07:22.022+00","2.60","2.60",2,NULL,"2026-09-19 22:07:21.868+00","2026-09-19 22:07:22.016+00"
"ab9baec3-d658-40d2-a89f-7d52950dae1b","20260919_221613","t-001","f-001","b-001","wv-001","st-01",NULL,"finalized","2026-09-19 22:16:13.279+00","2026-09-19 22:16:15.084+00","3.80","3.80",2,NULL,"2026-09-19 22:16:14.98+00","2026-09-19 22:16:15.08+00"
"57792bbd-ca86-4112-b780-277e1aef91b2","20260919_224755","t-001","f-001","b-001","wv-001","st-01",NULL,"finalized","2026-09-19 22:47:55.743+00","2026-09-19 22:47:59.68+00","2.95","2.95",2,NULL,"2026-09-19 22:47:59.538+00","2026-09-19 22:47:59.677+00"
"44b5cdf6-a452-4d9d-8ee5-f72c22f121c0","20260919_222701","t-001","f-001","b-001","wv-001","st-01",NULL,"finalized","2026-09-19 22:27:01.986+00","2026-09-19 22:27:04.453+00","2.90","2.90",2,NULL,"2026-09-19 22:27:04.361+00","2026-09-19 22:27:04.452+00"
"400b6515-f35e-4a7b-b6a7-ceea1347c16d","20260919_221646","t-001","f-001","b-001","wv-001","st-01",NULL,"finalized","2026-09-19 22:16:46.693+00","2026-09-19 22:16:49.295+00","3.80","3.80",2,NULL,"2026-09-19 22:16:49.184+00","2026-09-19 22:16:49.291+00"
"85687f40-3a84-4306-9fab-2c0a0aa11024","20260919_222306","t-001","f-001","b-001","wv-001","st-01",NULL,"finalized","2026-09-19 22:23:06.709+00","2026-09-19 22:23:07.866+00","2.20","2.20",2,NULL,"2026-09-19 22:23:07.755+00","2026-09-19 22:23:07.863+00"
"21e86196-e004-422c-95a4-6d7d566e0b08","20260919_223439","t-001","f-001","b-001","wv-001","st-01",NULL,"finalized","2026-09-19 22:34:39.207+00","2026-09-19 22:34:40.841+00","1.85","1.85",2,NULL,"2026-09-19 22:34:40.744+00","2026-09-19 22:34:40.837+00"
"d280aec1-9491-4b90-ab96-bf8e1f3e860e","20260919_224339","t-001","f-001","b-001","wv-001","st-01",NULL,"finalized","2026-09-19 22:43:39.06+00","2026-09-19 22:43:40.636+00","2.25","2.25",2,NULL,"2026-09-19 22:43:40.546+00","2026-09-19 22:43:40.633+00"
"c5fef6b4-cec2-4f03-ac57-ea9e1588a219","20260919_223924","t-001","f-001","b-001","wv-001","st-01",NULL,"finalized","2026-09-19 22:39:24.4+00","2026-09-19 22:39:26.976+00","1.85","1.85",2,NULL,"2026-09-19 22:39:26.911+00","2026-09-19 22:39:26.976+00"
"f8796f08-cac4-4712-9fa7-a39f86b0e98f","20260919_224712","t-001","f-001","b-001","wv-001","st-01",NULL,"finalized","2026-09-19 22:47:12.865+00","2026-09-19 22:47:15.58+00","2.65","2.65",2,NULL,"2026-09-19 22:47:15.489+00","2026-09-19 22:47:15.576+00"
"3552d5ca-9777-40b5-8700-c2b2d96b8d96","20260919_225300","t-001","f-001","b-001","wv-001","st-01",NULL,"finalized","2026-09-19 22:53:00.225+00","2026-09-19 22:53:06.775+00",NULL,"0.00",2,NULL,"2026-09-19 22:53:06.683+00","2026-09-19 22:53:06.772+00"
"a02a2ae2-3bba-4152-b699-e64f94630a9f","20260919_225548","t-001","f-001","b-001","wv-001","st-01",NULL,"finalized","2026-09-19 22:55:48.469+00","2026-09-19 22:55:50.868+00","2.15","2.15",2,NULL,"2026-09-19 22:55:50.749+00","2026-09-19 22:55:50.864+00"
"6791723e-bcf1-4ce7-9257-bc53a19a11c3","20260919_225838","t-001","f-001","b-001","wv-001","st-01",NULL,"finalized","2026-09-19 22:58:38.68+00","2026-09-19 22:58:53.479+00","2.15","2.15",2,NULL,"2026-09-19 22:58:53.38+00","2026-09-19 22:58:53.476+00"
"569b456d-5459-4757-bfa3-d9744968bb6e","20260919_225851","t-001","f-001","b-001","wv-001","st-01",NULL,"finalized","2026-09-19 22:58:51.381+00","2026-09-19 22:58:59.398+00","2.15","2.15",2,NULL,"2026-09-19 22:58:59.294+00","2026-09-19 22:58:59.394+00"
"fc589662-da47-4c55-89ab-7981372c85fe","20260919_230103","t-001","f-001","b-001","wv-001","st-01",NULL,"finalized","2026-09-19 23:01:03.673+00","2026-09-19 23:01:05.855+00","2.85","2.85",2,NULL,"2026-09-19 23:01:05.745+00","2026-09-19 23:01:05.85+00"
"748d1b33-19f6-4f32-adb6-685b09ad705e","20260919_230354","t-001","f-001","b-001","wv-001","st-01",NULL,"finalized","2026-09-19 23:03:54.868+00","2026-09-19 23:04:24.404+00",NULL,"0.00",2,NULL,"2026-09-19 23:04:24.283+00","2026-09-19 23:04:24.401+00"
"665d2018-22d9-402b-882e-a0fba002da65","20260919_223944","t-001","f-001","b-001","wv-001","st-01",NULL,"finalized","2026-09-19 22:39:44.789+00","2026-09-19 22:39:47.047+00","1.85","1.85",2,NULL,"2026-09-19 22:39:46.902+00","2026-09-19 22:39:47.044+00"
"fd66a0b5-1039-4ae6-bc60-2b071f3fb320","20260919_211148","t-001","f-001","b-001","wv-001","st-01",NULL,"finalized","2026-09-19 21:11:48.587+00","2026-09-19 21:11:49.792+00","2.20","2.20",2,NULL,"2026-09-19 21:11:49.698+00","2026-09-19 21:11:49.789+00"
"eaabefe6-b8f9-484e-8561-f01a1b92221d","20260919_220004","t-001","f-001","b-001","wv-001","st-01",NULL,"finalized","2026-09-19 22:00:04.685+00","2026-09-19 22:00:05.963+00","3.05","3.05",2,NULL,"2026-09-19 22:00:05.867+00","2026-09-19 22:00:05.96+00"
"ef43a3f4-cc5d-4ca6-ac92-bc93ace91eab","20260919_213441","t-001","f-001","b-001","wv-001","st-01",NULL,"finalized","2026-09-19 21:34:41.146+00","2026-09-19 21:34:44.471+00","2.25","2.25",2,NULL,"2026-09-19 21:34:44.372+00","2026-09-19 21:34:44.468+00"
"db36e425-5167-4238-9838-44122a2b61cb","20260919_211206","t-001","f-001","b-001","wv-001","st-01",NULL,"finalized","2026-09-19 21:12:06.691+00","2026-09-19 21:12:07.972+00","2.20","2.20",2,NULL,"2026-09-19 21:12:07.82+00","2026-09-19 21:12:07.967+00"
"6a80244a-59d8-47b6-9ea4-057fef075038","20260919_211303","t-001","f-001","b-001","wv-001","st-01",NULL,"finalized","2026-09-19 21:13:03.16+00","2026-09-19 21:13:06.127+00","2.60","2.60",2,NULL,"2026-09-19 21:13:06.014+00","2026-09-19 21:13:06.124+00"
"2b975b35-9c91-412f-bad6-8a8a37f58141","20260919_222547","t-001","f-001","b-001","wv-001","st-01",NULL,"finalized","2026-09-19 22:25:47.397+00","2026-09-19 22:25:54.979+00","2.60","2.60",2,NULL,"2026-09-19 22:25:54.924+00","2026-09-19 22:25:54.978+00"
"d87a1b5a-2681-400e-821f-48817f7861d1","20260919_213541","t-001","f-001","b-001","wv-001","st-01",NULL,"finalized","2026-09-19 21:35:41.46+00","2026-09-19 21:35:44.411+00","2.65","2.65",2,NULL,"2026-09-19 21:35:44.313+00","2026-09-19 21:35:44.408+00"
"595ed18f-0e5b-4b1b-b6d7-7cc19952661f","20260919_211619","t-001","f-001","b-001","wv-001","st-01",NULL,"finalized","2026-09-19 21:16:19.335+00","2026-09-19 21:16:22.127+00","1.85","1.85",2,NULL,"2026-09-19 21:16:22.038+00","2026-09-19 21:16:22.123+00"
"b8706e62-8fa3-4cea-bdec-9182cc98332a","20260919_220614","t-001","f-001","b-001","wv-001","st-01",NULL,"finalized","2026-09-19 22:06:14.271+00","2026-09-19 22:06:15.615+00","2.95","2.95",2,NULL,"2026-09-19 22:06:15.516+00","2026-09-19 22:06:15.613+00"
"f954f166-c416-4398-a648-6dede88393f6","20260919_211643","t-001","f-001","b-001","wv-001","st-01",NULL,"finalized","2026-09-19 21:16:43.054+00","2026-09-19 21:16:44.246+00","1.85","1.85",2,NULL,"2026-09-19 21:16:44.155+00","2026-09-19 21:16:44.243+00"
"a74ed31a-3c65-485f-89a2-c94f1e84fc39","20260919_213615","t-001","f-001","b-001","wv-001","st-01",NULL,"finalized","2026-09-19 21:36:15.117+00","2026-09-19 21:36:21.167+00","2.65","2.65",2,NULL,"2026-09-19 21:36:19.784+00","2026-09-19 21:36:21.164+00"
"587cd783-cde7-4c14-a49d-df238ea371ef","20260919_233152","t-001","f-001","b-001","wv-001","st-01",NULL,"finalized","2026-09-19 23:31:52.216+00","2026-09-19 23:31:55.157+00","2.25","2.25",2,NULL,"2026-09-19 23:31:55.051+00","2026-09-19 23:31:55.153+00"
"d5406d6e-e57b-4b0b-810c-e34c12aa95c0","20260919_211647","t-001","f-001","b-001","wv-001","st-01",NULL,"finalized","2026-09-19 21:16:47.531+00","2026-09-19 21:16:50.183+00","1.85","1.85",2,NULL,"2026-09-19 21:16:50.075+00","2026-09-19 21:16:50.18+00"
"0d3b9b02-02fd-4e3b-bd7e-63b91b625df8","20260919_222038","t-001","f-001","b-001","wv-001","st-01",NULL,"finalized","2026-09-19 22:20:38.463+00","2026-09-19 22:20:41.134+00","3.00","3.00",2,NULL,"2026-09-19 22:20:41.039+00","2026-09-19 22:20:41.131+00"
"1733ff1d-0b57-49e4-ab69-91defd7c4ac7","20260919_213639","t-001","f-001","b-001","wv-001","st-01",NULL,"finalized","2026-09-19 21:36:39.303+00","2026-09-19 21:36:41.291+00","2.65","2.65",2,NULL,"2026-09-19 21:36:41.179+00","2026-09-19 21:36:41.288+00"
"8a7c268e-97d7-4079-bfdf-0ad62609043d","20260919_212008","t-001","f-001","b-001","wv-001","st-01",NULL,"finalized","2026-09-19 21:20:08.983+00","2026-09-19 21:20:11.287+00","2.55","2.55",2,NULL,"2026-09-19 21:20:11.194+00","2026-09-19 21:20:11.284+00"
"9e12ad8a-c0f3-47e0-8718-99bdbd951cf3","20260919_224850","t-001","f-001","b-001","wv-001","st-01",NULL,"finalized","2026-09-19 22:48:50.109+00","2026-09-19 22:48:52.083+00","2.90","2.90",2,NULL,"2026-09-19 22:48:51.96+00","2026-09-19 22:48:52.079+00"
"38e227b9-eefc-49d6-8196-75dfb4847159","20260919_212530","t-001","f-001","b-001","wv-001","st-01",NULL,"finalized","2026-09-19 21:25:30.62+00","2026-09-19 21:25:34.782+00","2.90","2.90",2,NULL,"2026-09-19 21:25:34.684+00","2026-09-19 21:25:34.778+00"
"73a19ca5-f9c1-45ee-91aa-b4f51b91a7c5","20260919_222635","t-001","f-001","b-001","wv-001","st-01",NULL,"finalized","2026-09-19 22:26:35.789+00","2026-09-19 22:26:38.38+00","2.90","2.90",2,NULL,"2026-09-19 22:26:38.273+00","2026-09-19 22:26:38.376+00"
"ba5f361e-0d7c-4b28-83e8-a3539f14478b","20260919_214403","t-001","f-001","b-001","wv-001","st-01",NULL,"finalized","2026-09-19 21:44:03.29+00","2026-09-19 21:44:05.348+00","3.00","3.00",2,NULL,"2026-09-19 21:44:05.26+00","2026-09-19 21:44:05.345+00"
"afa5f4bd-01e5-4890-a6f5-cc4e6dbc9052","20260919_212913","t-001","f-001","b-001","wv-001","st-01",NULL,"finalized","2026-09-19 21:29:13.66+00","2026-09-19 21:29:15.472+00","1.90","1.90",2,NULL,"2026-09-19 21:29:15.426+00","2026-09-19 21:29:15.472+00"
"a56d22b0-d1c7-4537-8618-1fdd0f4d8393","20260919_222127","t-001","f-001","b-001","wv-001","st-01",NULL,"finalized","2026-09-19 22:21:27.901+00","2026-09-19 22:21:29.387+00","2.60","2.60",2,NULL,"2026-09-19 22:21:29.296+00","2026-09-19 22:21:29.385+00"
"8acee9f8-c270-4485-a5dc-73fe1f83bb6f","20260919_213417","t-001","f-001","b-001","wv-001","st-01",NULL,"finalized","2026-09-19 21:34:17.208+00","2026-09-19 21:34:18.471+00","2.25","2.25",2,NULL,"2026-09-19 21:34:18.373+00","2026-09-19 21:34:18.468+00"
"f5ca5b5f-7cfe-45f1-8a26-ccf37450f26e","20260919_215319","t-001","f-001","b-001","wv-001","st-01",NULL,"finalized","2026-09-19 21:53:19.089+00","2026-09-19 21:53:21.332+00","3.05","3.05",2,NULL,"2026-09-19 21:53:21.219+00","2026-09-19 21:53:21.328+00"
"0b05399d-edcf-431d-9e9f-8986801fee98","20260919_230154","t-001","f-001","b-001","wv-001","st-01",NULL,"finalized","2026-09-19 23:01:54.899+00","2026-09-19 23:01:56.084+00","2.85","2.85",2,NULL,"2026-09-19 23:01:55.941+00","2026-09-19 23:01:56.08+00"
"7875a777-4e99-4923-901f-c8b4993cd246","20260919_223132","t-001","f-001","b-001","wv-001","st-01",NULL,"finalized","2026-09-19 22:31:32.385+00","2026-09-19 22:31:35.906+00",NULL,"0.00",2,NULL,"2026-09-19 22:31:35.822+00","2026-09-19 22:31:35.903+00"
"8832ceae-d375-4ede-8989-13cb7e53622c","20260919_215424","t-001","f-001","b-001","wv-001","st-01",NULL,"finalized","2026-09-19 21:54:24.878+00","2026-09-19 21:54:27.95+00","3.05","3.05",2,NULL,"2026-09-19 21:54:27.852+00","2026-09-19 21:54:27.947+00"
"8865c83e-2e86-42e6-aeba-31ba53592b45","20260919_222432","t-001","f-001","b-001","wv-001","st-01",NULL,"finalized","2026-09-19 22:24:32.98+00","2026-09-19 22:24:34.525+00","2.60","2.60",2,NULL,"2026-09-19 22:24:34.429+00","2026-09-19 22:24:34.521+00"
"e235abe3-17ec-4964-ad92-16a7103fb8ec","20260919_233817","t-001","f-001","b-001","wv-001","st-01",NULL,"finalized","2026-09-19 23:38:17.606+00","2026-09-19 23:38:19.483+00","2.10","2.10",2,NULL,"2026-09-19 23:38:19.371+00","2026-09-19 23:38:19.48+00"
"a09b53aa-c1b9-4e42-be41-44ffd25b65d6","20260919_225911","t-001","f-001","b-001","wv-001","st-01",NULL,"finalized","2026-09-19 22:59:11.494+00","2026-09-19 22:59:13.372+00","2.15","2.15",2,NULL,"2026-09-19 22:59:13.264+00","2026-09-19 22:59:13.368+00"
"958e07da-f3b2-40d6-bb27-6d25f5fc4400","20260919_222505","t-001","f-001","b-001","wv-001","st-01",NULL,"finalized","2026-09-19 22:25:05.426+00","2026-09-19 22:25:06.72+00","2.85","2.85",2,NULL,"2026-09-19 22:25:06.61+00","2026-09-19 22:25:06.716+00"
"befa6f3b-ab4a-43d1-8cd2-512684af797d","20260919_223339","t-001","f-001","b-001","wv-001","st-01",NULL,"finalized","2026-09-19 22:33:39.916+00","2026-09-19 22:33:44.611+00","1.85","1.85",2,NULL,"2026-09-19 22:33:44.507+00","2026-09-19 22:33:44.609+00"
"e9f6bbed-6542-456c-abf6-6aa3f0a57210","20260919_235536","t-001","f-001","b-001","wv-001","st-01",NULL,"finalized","2026-09-19 23:55:36.066+00","2026-09-19 23:55:37.488+00",NULL,"0.00",2,NULL,"2026-09-19 23:55:37.403+00","2026-09-19 23:55:37.483+00"
"8ac2cb89-cd22-42cb-babd-00541a54d6de","20260919_233119","t-001","f-001","b-001","wv-001","st-01",NULL,"finalized","2026-09-19 23:31:19.179+00","2026-09-19 23:31:21.018+00","2.25","2.25",2,NULL,"2026-09-19 23:31:20.904+00","2026-09-19 23:31:21.014+00"
"e7b4ebc5-94aa-46d4-91cd-928791b325cd","20260919_225959","t-001","f-001","b-001","wv-001","st-01",NULL,"finalized","2026-09-19 22:59:59.569+00","2026-09-19 23:00:03.548+00","2.85","2.85",2,NULL,"2026-09-19 23:00:03.435+00","2026-09-19 23:00:03.544+00"
"d8f83016-7275-47d9-b307-21f08f6773ed","20260919_233626","t-001","f-001","b-001","wv-001","st-01",NULL,"finalized","2026-09-19 23:36:26.52+00","2026-09-19 23:36:29.265+00","2.50","2.50",2,NULL,"2026-09-19 23:36:29.173+00","2026-09-19 23:36:29.262+00"
"2d1d0aa5-1241-44fe-9175-f705cac4e5b5","20260919_233950","t-001","f-001","b-001","wv-001","st-01",NULL,"finalized","2026-09-19 23:39:50.709+00","2026-09-19 23:39:52.359+00","2.40","2.40",2,NULL,"2026-09-19 23:39:52.248+00","2026-09-19 23:39:52.355+00"
"e02b986a-edfe-450b-abc1-24de298d483d","20260919_233933","t-001","f-001","b-001","wv-001","st-01",NULL,"finalized","2026-09-19 23:39:33.423+00","2026-09-19 23:39:34.921+00",NULL,"0.00",2,NULL,"2026-09-19 23:39:34.835+00","2026-09-19 23:39:34.917+00"
"fb6af4ad-7031-4a80-909a-8c3970f0d9bf","20260919_234001","t-001","f-001","b-001","wv-001","st-01",NULL,"finalized","2026-09-19 23:40:01.973+00","2026-09-19 23:40:04.2+00","2.40","2.40",2,NULL,"2026-09-19 23:40:04.137+00","2026-09-19 23:40:04.199+00"
"b8250f20-5aa7-4ddf-bfbc-030d5af468ee","20260919_235358","t-001","f-001","b-001","wv-001","st-01",NULL,"finalized","2026-09-19 23:53:58.654+00","2026-09-19 23:54:01.666+00",NULL,"0.00",2,NULL,"2026-09-19 23:54:01.571+00","2026-09-19 23:54:01.663+00"
"d307755c-2714-4bda-9151-24a032bb1489","20260919_235818","t-001","f-001","b-001","wv-001","st-01",NULL,"finalized","2026-09-19 23:58:18.581+00","2026-09-19 23:58:23.219+00","3.85","3.85",2,NULL,"2026-09-19 23:58:23.127+00","2026-09-19 23:58:23.216+00"
"1702edf2-ace7-486d-bae2-3e584f54033b","20260919_235839","t-001","f-001","b-001","wv-001","st-01",NULL,"finalized","2026-09-19 23:58:39.802+00","2026-09-19 23:58:41.126+00","3.40","3.40",2,NULL,"2026-09-19 23:58:41.025+00","2026-09-19 23:58:41.122+00"
"c4c9afa1-8540-4329-94cc-d1d62abd31ab","20260919_211249","t-001","f-001","b-001","wv-001","st-01",NULL,"finalized","2026-09-19 21:12:49.282+00","2026-09-19 21:12:52.144+00","2.60","2.60",2,NULL,"2026-09-19 21:12:52.045+00","2026-09-19 21:12:52.143+00"
"d1c145eb-adae-4446-88f2-1f60b83520d8","20260919_230107","t-001","f-001","b-001","wv-001","st-01",NULL,"finalized","2026-09-19 23:01:07.649+00","2026-09-19 23:01:11.831+00","2.85","2.85",2,NULL,"2026-09-19 23:01:11.735+00","2026-09-19 23:01:11.827+00"
"f9386325-c504-4903-bc80-e8df9445fd18","20260919_214735","t-001","f-001","b-001","wv-001","st-01",NULL,"finalized","2026-09-19 21:47:35.155+00","2026-09-19 21:47:36.943+00","2.65","2.65",2,NULL,"2026-09-19 21:47:36.864+00","2026-09-19 21:47:36.943+00"
"1bf72f5f-bde3-48b9-bdd7-b22edd4d893b","20260919_211256","t-001","f-001","b-001","wv-001","st-01",NULL,"finalized","2026-09-19 21:12:56.484+00","2026-09-19 21:12:58.082+00","2.60","2.60",2,NULL,"2026-09-19 21:12:57.959+00","2026-09-19 21:12:58.078+00"
"19c377a9-f3a7-46be-8113-0986b527a865","20260919_224716","t-001","f-001","b-001","wv-001","st-01",NULL,"finalized","2026-09-19 22:47:16.865+00","2026-09-19 22:47:26.923+00","2.65","2.65",2,NULL,"2026-09-19 22:47:26.811+00","2026-09-19 22:47:26.919+00"
"ab15657d-9b12-4fba-9f70-011413db8b6f","20260919_211359","t-001","f-001","b-001","wv-001","st-01",NULL,"finalized","2026-09-19 21:13:59.363+00","2026-09-19 21:14:11.387+00","2.60","2.60",2,NULL,"2026-09-19 21:14:09.938+00","2026-09-19 21:14:11.384+00"
"6ada3f10-522e-4afc-b682-65f86703b73f","20260919_214806","t-001","f-001","b-001","wv-001","st-01",NULL,"finalized","2026-09-19 21:48:06.274+00","2026-09-19 21:48:11.02+00","2.65","2.65",2,NULL,"2026-09-19 21:48:10.909+00","2026-09-19 21:48:11.016+00"
"2a3e6865-bd2f-40a7-8e9a-72762a4f584e","20260919_211608","t-001","f-001","b-001","wv-001","st-01",NULL,"finalized","2026-09-19 21:16:08.253+00","2026-09-19 21:16:10.114+00","1.85","1.85",2,NULL,"2026-09-19 21:16:10.019+00","2026-09-19 21:16:10.111+00"
"a5287df3-460f-4ad4-8fb4-f1b7c35f24b3","20260919_230226","t-001","f-001","b-001","wv-001","st-01",NULL,"finalized","2026-09-19 23:02:26.217+00","2026-09-19 23:02:28.248+00","2.85","2.85",2,NULL,"2026-09-19 23:02:28.143+00","2026-09-19 23:02:28.244+00"
"c6f0bf2a-7aad-4a88-88fd-726a74aaa506","20260919_212157","t-001","f-001","b-001","wv-001","st-01",NULL,"finalized","2026-09-19 21:21:57.908+00","2026-09-19 21:21:59.214+00","2.15","2.15",2,NULL,"2026-09-19 21:21:59.119+00","2026-09-19 21:21:59.211+00"
"6c22c7b7-f923-44ac-b59b-4479c7762bef","20260919_215513","t-001","f-001","b-001","wv-001","st-01",NULL,"finalized","2026-09-19 21:55:13.438+00","2026-09-19 21:55:15.902+00","3.05","3.05",2,NULL,"2026-09-19 21:55:15.799+00","2026-09-19 21:55:15.899+00"
"742f7a57-2be2-468d-826c-8d93f26c2c74","20260919_224743","t-001","f-001","b-001","wv-001","st-01",NULL,"finalized","2026-09-19 22:47:43.798+00","2026-09-19 22:47:53.747+00","2.95","2.95",2,NULL,"2026-09-19 22:47:53.634+00","2026-09-19 22:47:53.743+00"
"2d1bcb8d-716c-4ba3-89b7-78d335965398","20260919_212659","t-001","f-001","b-001","wv-001","st-01",NULL,"finalized","2026-09-19 21:26:59.799+00","2026-09-19 21:27:01.04+00","1.85","1.85",2,NULL,"2026-09-19 21:27:00.938+00","2026-09-19 21:27:01.037+00"
"7e565933-b86a-40cf-a466-73e96eeed31b","20260919_215901","t-001","f-001","b-001","wv-001","st-01",NULL,"finalized","2026-09-19 21:59:01.25+00","2026-09-19 21:59:03.479+00","2.70","2.70",2,NULL,"2026-09-19 21:59:03.376+00","2026-09-19 21:59:03.476+00"
"fd1034a0-8124-49a2-b8c2-9fd8b855da09","20260919_213522","t-001","f-001","b-001","wv-001","st-01",NULL,"finalized","2026-09-19 21:35:22.695+00","2026-09-19 21:35:24.416+00","2.65","2.65",2,NULL,"2026-09-19 21:35:24.326+00","2026-09-19 21:35:24.415+00"
"e8f37b4b-5b50-4ca4-87f6-14cae3963b5e","20260919_235153","t-001","f-001","b-001","wv-001","st-01",NULL,"finalized","2026-09-19 23:51:53.186+00","2026-09-19 23:51:55.31+00","2.55","2.55",2,NULL,"2026-09-19 23:51:55.192+00","2026-09-19 23:51:55.306+00"
"d244349e-1995-49e7-acb6-2783f98d5f8e","20260919_233508","t-001","f-001","b-001","wv-001","st-01",NULL,"finalized","2026-09-19 23:35:08.364+00","2026-09-19 23:35:10.632+00","2.25","2.25",2,NULL,"2026-09-19 23:35:10.533+00","2026-09-19 23:35:10.628+00"
"125d089e-4e5d-4c74-8aef-6cd560068499","20260919_213536","t-001","f-001","b-001","wv-001","st-01",NULL,"finalized","2026-09-19 21:35:36.086+00","2026-09-19 21:35:38.441+00","2.65","2.65",2,NULL,"2026-09-19 21:35:38.34+00","2026-09-19 21:35:38.437+00"
"566a56e1-f173-4569-bf4e-e34bf8d5a95a","20260919_225101","t-001","f-001","b-001","wv-001","st-01",NULL,"finalized","2026-09-19 22:51:01.552+00","2026-09-19 22:51:03.065+00","2.90","2.90",2,NULL,"2026-09-19 22:51:02.929+00","2026-09-19 22:51:03.051+00"
"265ddb08-019f-476d-bd1f-9511c75571aa","20260919_220309","t-001","f-001","b-001","wv-001","st-01",NULL,"finalized","2026-09-19 22:03:09.783+00","2026-09-19 22:03:13.225+00","3.75","3.75",2,NULL,"2026-09-19 22:03:13.158+00","2026-09-19 22:03:13.224+00"
"e6f990c8-e694-460a-a1fc-5220c79a4e6d","20260919_213957","t-001","f-001","b-001","wv-001","st-01",NULL,"finalized","2026-09-19 21:39:57.158+00","2026-09-19 21:39:58.481+00","3.00","3.00",2,NULL,"2026-09-19 21:39:58.384+00","2026-09-19 21:39:58.478+00"
"5827222a-0c03-4786-a2f6-133051b7730d","20260919_220318","t-001","f-001","b-001","wv-001","st-01",NULL,"finalized","2026-09-19 22:03:18.214+00","2026-09-19 22:03:21.173+00",NULL,"0.00",2,NULL,"2026-09-19 22:03:21.082+00","2026-09-19 22:03:21.168+00"
"c5e2d185-6edc-4697-af8b-b2a795538f5f","20260919_214121","t-001","f-001","b-001","wv-001","st-01",NULL,"finalized","2026-09-19 21:41:21.002+00","2026-09-19 21:41:54.725+00","2.65","2.65",2,NULL,"2026-09-19 21:41:54.593+00","2026-09-19 21:41:54.722+00"
"f24f8113-3765-4107-b279-6b0d291c3e5d","20260919_230918","t-001","f-001","b-001","wv-001","st-01",NULL,"finalized","2026-09-19 23:09:18.828+00","2026-09-19 23:09:20.543+00","1.70","1.70",2,NULL,"2026-09-19 23:09:20.446+00","2026-09-19 23:09:20.539+00"
"0f1ed8a5-dbea-470d-ba1e-a4f3df3bbd4e","20260919_225904","t-001","f-001","b-001","wv-001","st-01",NULL,"finalized","2026-09-19 22:59:04.449+00","2026-09-19 22:59:07.428+00","2.15","2.15",2,NULL,"2026-09-19 22:59:07.323+00","2026-09-19 22:59:07.424+00"
"0071549e-8005-409a-bfd2-5586fdfd4a4d","20260919_222608","t-001","f-001","b-001","wv-001","st-01",NULL,"finalized","2026-09-19 22:26:08.7+00","2026-09-19 22:26:10.761+00","2.90","2.90",2,NULL,"2026-09-19 22:26:10.687+00","2026-09-19 22:26:10.758+00"
"2fa199e3-f545-4006-92ca-a395daed448f","20260919_223335","t-001","f-001","b-001","wv-001","st-01",NULL,"finalized","2026-09-19 22:33:35.966+00","2026-09-19 22:33:38.617+00",NULL,"0.00",2,NULL,"2026-09-19 22:33:38.525+00","2026-09-19 22:33:38.615+00"
"028f31c1-32c5-481c-822d-ef5a9db15667","20260919_235641","t-001","f-001","b-001","wv-001","st-01",NULL,"finalized","2026-09-19 23:56:41.345+00","2026-09-19 23:56:43.986+00",NULL,"0.00",2,NULL,"2026-09-19 23:56:43.899+00","2026-09-19 23:56:43.981+00"
"51ee7a34-286b-41ed-8d57-8b3818b09012","20260919_230028","t-001","f-001","b-001","wv-001","st-01",NULL,"finalized","2026-09-19 23:00:28.489+00","2026-09-19 23:00:29.649+00","2.85","2.85",2,NULL,"2026-09-19 23:00:29.543+00","2026-09-19 23:00:29.645+00"
"b13abab4-0a8c-4503-a221-8642e9172454","20260919_231436","t-001","f-001","b-001","wv-001","st-01",NULL,"finalized","2026-09-19 23:14:36.888+00","2026-09-19 23:14:38.023+00","1.70","1.70",2,NULL,"2026-09-19 23:14:37.967+00","2026-09-19 23:14:38.022+00"
"4113c640-b9b7-41e0-a184-2009bdbd59c2","20260919_233557","t-001","f-001","b-001","wv-001","st-01",NULL,"finalized","2026-09-19 23:35:57.152+00","2026-09-19 23:35:58.896+00","2.25","2.25",2,NULL,"2026-09-19 23:35:58.826+00","2026-09-19 23:35:58.895+00"
"26bcf686-47a6-410f-9396-0153c4f97b8a","20260919_235214","t-001","f-001","b-001","wv-001","st-01",NULL,"finalized","2026-09-19 23:52:14.855+00","2026-09-19 23:52:17.224+00","2.55","2.55",2,NULL,"2026-09-19 23:52:17.11+00","2026-09-19 23:52:17.22+00"
"97d380ca-21a0-4e8b-a911-6c276fb15067","20260919_231451","t-001","f-001","b-001","wv-001","st-01",NULL,"finalized","2026-09-19 23:14:51.581+00","2026-09-19 23:14:53.875+00","1.70","1.70",2,NULL,"2026-09-19 23:14:53.78+00","2026-09-19 23:14:53.872+00"
"bdcf19f7-35db-44e8-a494-57f7d908c773","20260919_234158","t-001","f-001","b-001","wv-001","st-01",NULL,"finalized","2026-09-19 23:41:58.689+00","2026-09-19 23:41:59.488+00","2.85","2.85",2,NULL,"2026-09-19 23:41:59.383+00","2026-09-19 23:41:59.485+00"
"20afde04-13c6-468c-a75e-f2b5ac3399b1","20260919_235443","t-001","f-001","b-001","wv-001","st-01",NULL,"finalized","2026-09-19 23:54:43.005+00","2026-09-19 23:54:44.142+00",NULL,"0.00",2,NULL,"2026-09-19 23:54:44.062+00","2026-09-19 23:54:44.139+00"
"a1ff147b-ca69-4646-8fd5-620631faa0be","20260919_235645","t-001","f-001","b-001","wv-001","st-01",NULL,"finalized","2026-09-19 23:56:45.58+00","2026-09-19 23:56:49.713+00","3.45","3.45",2,NULL,"2026-09-19 23:56:49.625+00","2026-09-19 23:56:49.71+00"
"e2a7122d-cb89-49c5-9adb-ee73cfe4ce8f","20260919_224733","t-001","f-001","b-001","wv-001","st-01",NULL,"finalized","2026-09-19 22:47:33.517+00","2026-09-19 22:47:38.255+00",NULL,"0.00",2,NULL,"2026-09-19 22:47:37.842+00","2026-09-19 22:47:38.25+00"
"b00142f0-08f0-4530-9893-b6329a88ae38","20260919_221400","t-001","f-001","b-001","wv-001","st-01",NULL,"finalized","2026-09-19 22:14:00.965+00","2026-09-19 22:14:02.655+00","3.40","3.40",2,NULL,"2026-09-19 22:14:02.552+00","2026-09-19 22:14:02.651+00"
"d256b4fd-ff99-426d-97ea-5e83c93520b0","20260919_211312","t-001","f-001","b-001","wv-001","st-01",NULL,"finalized","2026-09-19 21:13:12.983+00","2026-09-19 21:13:14.14+00","2.60","2.60",2,NULL,"2026-09-19 21:13:14.039+00","2026-09-19 21:13:14.136+00"
"0d2b5571-82b5-4817-802a-838176e1e8e8","20260919_214638","t-001","f-001","b-001","wv-001","st-01",NULL,"finalized","2026-09-19 21:46:38.672+00","2026-09-19 21:46:40.575+00","2.65","2.65",2,NULL,"2026-09-19 21:46:40.494+00","2026-09-19 21:46:40.573+00"
"95b1bdc0-1623-4e13-a2f1-b38f01ad6e79","20260919_211417","t-001","f-001","b-001","wv-001","st-01",NULL,"finalized","2026-09-19 21:14:17.855+00","2026-09-19 21:14:27.687+00","3.00","3.00",2,NULL,"2026-09-19 21:14:27.564+00","2026-09-19 21:14:27.683+00"
"550b4179-10c0-4dc7-94c7-e5b6f59945c8","20260919_222938","t-001","f-001","b-001","wv-001","st-01",NULL,"finalized","2026-09-19 22:29:38.039+00","2026-09-19 22:29:39.324+00","2.25","2.25",2,NULL,"2026-09-19 22:29:39.226+00","2026-09-19 22:29:39.321+00"
"093bd465-4a4a-4c1a-8752-3dc97b17d474","20260919_211502","t-001","f-001","b-001","wv-001","st-01",NULL,"finalized","2026-09-19 21:15:02.683+00","2026-09-19 21:15:03.942+00","2.65","2.65",2,NULL,"2026-09-19 21:15:03.834+00","2026-09-19 21:15:03.937+00"
"b8bc2280-458e-4313-a02a-f626a0533692","20260919_215355","t-001","f-001","b-001","wv-001","st-01",NULL,"finalized","2026-09-19 21:53:55.575+00","2026-09-19 21:53:57.654+00","3.05","3.05",2,NULL,"2026-09-19 21:53:57.567+00","2026-09-19 21:53:57.651+00"
"36dd9e41-cb37-4135-a4a1-7d3cb01d2dbc","20260919_221702","t-001","f-001","b-001","wv-001","st-01",NULL,"finalized","2026-09-19 22:17:02.954+00","2026-09-19 22:17:05.192+00","3.80","3.80",2,NULL,"2026-09-19 22:17:05.096+00","2026-09-19 22:17:05.187+00"
"f9767a9f-bef3-415f-a158-af1df6f407be","20260919_211601","t-001","f-001","b-001","wv-001","st-01",NULL,"finalized","2026-09-19 21:16:01.087+00","2026-09-19 21:16:02.248+00","1.85","1.85",2,NULL,"2026-09-19 21:16:02.173+00","2026-09-19 21:16:02.247+00"
"c78cca2d-a9ea-4a93-ae4c-d78d7397c42e","20260919_215433","t-001","f-001","b-001","wv-001","st-01",NULL,"finalized","2026-09-19 21:54:33.507+00","2026-09-19 21:54:35.892+00","3.05","3.05",2,NULL,"2026-09-19 21:54:35.806+00","2026-09-19 21:54:35.891+00"
"c69e3345-32e5-41ea-a728-34047102bbd3","20260919_211915","t-001","f-001","b-001","wv-001","st-01",NULL,"finalized","2026-09-19 21:19:15.478+00","2026-09-19 21:19:17.215+00","2.55","2.55",2,NULL,"2026-09-19 21:19:17.107+00","2026-09-19 21:19:17.209+00"
"69b179e3-f760-4fd5-a416-232124764154","20260919_225955","t-001","f-001","b-001","wv-001","st-01",NULL,"finalized","2026-09-19 22:59:55.564+00","2026-09-19 22:59:57.548+00","2.85","2.85",2,NULL,"2026-09-19 22:59:57.436+00","2026-09-19 22:59:57.544+00"
"e863b58a-8e8c-4f83-82c8-015216d22e8c","20260919_211952","t-001","f-001","b-001","wv-001","st-01",NULL,"finalized","2026-09-19 21:19:52.016+00","2026-09-19 21:19:53.302+00","2.55","2.55",2,NULL,"2026-09-19 21:19:53.198+00","2026-09-19 21:19:53.298+00"
"4c640715-b528-420e-b761-7c1fa30dcd67","20260919_221832","t-001","f-001","b-001","wv-001","st-01",NULL,"finalized","2026-09-19 22:18:32.547+00","2026-09-19 22:18:35.626+00","3.40","3.40",2,NULL,"2026-09-19 22:18:35.514+00","2026-09-19 22:18:35.623+00"
"482bde98-cd53-4a81-850c-81dcd87c6234","20260919_215450","t-001","f-001","b-001","wv-001","st-01",NULL,"finalized","2026-09-19 21:54:50.944+00","2026-09-19 21:54:53.849+00","3.05","3.05",2,NULL,"2026-09-19 21:54:53.783+00","2026-09-19 21:54:53.847+00"
"73ce627a-bcec-46f0-9604-261125901996","20260919_212609","t-001","f-001","b-001","wv-001","st-01",NULL,"finalized","2026-09-19 21:26:09.867+00","2026-09-19 21:26:11.01+00",NULL,"0.00",2,NULL,"2026-09-19 21:26:10.93+00","2026-09-19 21:26:11.006+00"
"2efaaca3-4cfb-4065-8474-52b7e28feb20","20260919_224737","t-001","f-001","b-001","wv-001","st-01",NULL,"finalized","2026-09-19 22:47:37.601+00","2026-09-19 22:47:47.829+00","2.95","2.95",2,NULL,"2026-09-19 22:47:47.727+00","2026-09-19 22:47:47.828+00"
"697f7e73-d067-4893-85ac-24f39aecd972","20260919_212751","t-001","f-001","b-001","wv-001","st-01",NULL,"finalized","2026-09-19 21:27:51.116+00","2026-09-19 21:27:53.45+00","1.80","1.80",2,NULL,"2026-09-19 21:27:53.359+00","2026-09-19 21:27:53.447+00"
"da188a71-3622-41b0-bb48-75fac9f03ecd","20260919_223136","t-001","f-001","b-001","wv-001","st-01",NULL,"finalized","2026-09-19 22:31:36.685+00","2026-09-19 22:31:41.786+00","1.50","1.50",2,NULL,"2026-09-19 22:31:41.712+00","2026-09-19 22:31:41.783+00"
"8a661a92-536d-43a8-87ae-97c8af612387","20260919_220440","t-001","f-001","b-001","wv-001","st-01",NULL,"finalized","2026-09-19 22:04:40.833+00","2026-09-19 22:04:43.426+00","2.95","2.95",2,NULL,"2026-09-19 22:04:43.33+00","2026-09-19 22:04:43.423+00"
"c964a9ed-833b-4480-8e6b-0c697c4a5a13","20260919_213227","t-001","f-001","b-001","wv-001","st-01",NULL,"finalized","2026-09-19 21:32:27.527+00","2026-09-19 21:32:31.782+00","1.90","1.90",2,NULL,"2026-09-19 21:32:31.731+00","2026-09-19 21:32:31.781+00"
"7c89e277-000b-4cc4-a14d-15311f88156a","20260919_222108","t-001","f-001","b-001","wv-001","st-01",NULL,"finalized","2026-09-19 22:21:08.888+00","2026-09-19 22:21:11.25+00","3.00","3.00",2,NULL,"2026-09-19 22:21:11.149+00","2026-09-19 22:21:11.247+00"
"c72ee059-2b3d-4379-9bee-a132882f70cc","20260919_214046","t-001","f-001","b-001","wv-001","st-01",NULL,"finalized","2026-09-19 21:40:46.663+00","2026-09-19 21:40:48.797+00","2.65","2.65",2,NULL,"2026-09-19 21:40:48.704+00","2026-09-19 21:40:48.793+00"
"58919ac5-78bc-4bd5-b3ec-fe7b262673f7","20260919_221236","t-001","f-001","b-001","wv-001","st-01",NULL,"finalized","2026-09-19 22:12:36.775+00","2026-09-19 22:12:38.287+00","3.05","3.05",2,NULL,"2026-09-19 22:12:38.189+00","2026-09-19 22:12:38.284+00"
"661ca254-e4cf-4333-9ba5-16ea6ed0bf30","20260919_225233","t-001","f-001","b-001","wv-001","st-01",NULL,"finalized","2026-09-19 22:52:33.248+00","2026-09-19 22:52:35.638+00","2.55","2.55",2,NULL,"2026-09-19 22:52:35.531+00","2026-09-19 22:52:35.635+00"
"117ac88a-729e-4c22-8f6d-efec340950a4","20260919_221336","t-001","f-001","b-001","wv-001","st-01",NULL,"finalized","2026-09-19 22:13:36.614+00","2026-09-19 22:13:38.527+00","3.75","3.75",2,NULL,"2026-09-19 22:13:38.42+00","2026-09-19 22:13:38.523+00"
"47bb172a-1768-4838-9726-89e450b90fb6","20260919_222729","t-001","f-001","b-001","wv-001","st-01",NULL,"finalized","2026-09-19 22:27:29.822+00","2026-09-19 22:27:32.538+00","2.60","2.60",2,NULL,"2026-09-19 22:27:32.434+00","2026-09-19 22:27:32.535+00"
"8178614e-564f-454c-aef3-6a2b9777e63b","20260919_224433","t-001","f-001","b-001","wv-001","st-01",NULL,"finalized","2026-09-19 22:44:33.735+00","2026-09-19 22:44:34.951+00","2.20","2.20",2,NULL,"2026-09-19 22:44:34.85+00","2026-09-19 22:44:34.947+00"
"a3150412-adc7-45e9-b07f-07f13fe1ef3c","20260919_230516","t-001","f-001","b-001","wv-001","st-01",NULL,"finalized","2026-09-19 23:05:16.155+00","2026-09-19 23:05:17.465+00","2.45","2.45",2,NULL,"2026-09-19 23:05:17.366+00","2026-09-19 23:05:17.462+00"
"511e8173-43fd-44a3-9336-5aefd483424d","20260919_224938","t-001","f-001","b-001","wv-001","st-01",NULL,"finalized","2026-09-19 22:49:38.224+00","2026-09-19 22:49:40.467+00","2.90","2.90",2,NULL,"2026-09-19 22:49:40.39+00","2026-09-19 22:49:40.466+00"
"02172fc1-5ee0-4b11-8583-48c39609c150","20260919_222921","t-001","f-001","b-001","wv-001","st-01",NULL,"finalized","2026-09-19 22:29:21.858+00","2026-09-19 22:29:23.278+00","2.65","2.65",2,NULL,"2026-09-19 22:29:23.181+00","2026-09-19 22:29:23.275+00"
"4aa42534-9f2e-4664-b63f-9c0484ef5d9e","20260919_224631","t-001","f-001","b-001","wv-001","st-01",NULL,"finalized","2026-09-19 22:46:31.587+00","2026-09-19 22:46:33.654+00","2.65","2.65",2,NULL,"2026-09-19 22:46:33.564+00","2026-09-19 22:46:33.654+00"
"c6e9cf02-fbae-4e3f-9349-50bc39d48da1","20260919_225637","t-001","f-001","b-001","wv-001","st-01",NULL,"finalized","2026-09-19 22:56:37.444+00","2026-09-19 22:56:39.266+00","2.15","2.15",2,NULL,"2026-09-19 22:56:39.122+00","2026-09-19 22:56:39.262+00"
"1417e6bb-8b3a-44fa-9b1f-f59e655e253f","20260919_225222","t-001","f-001","b-001","wv-001","st-01",NULL,"finalized","2026-09-19 22:52:22.539+00","2026-09-19 22:52:23.587+00","2.55","2.55",2,NULL,"2026-09-19 22:52:23.498+00","2026-09-19 22:52:23.584+00"
"9c8f71a8-a35f-4664-bf81-612144097059","20260919_230449","t-001","f-001","b-001","wv-001","st-01",NULL,"finalized","2026-09-19 23:04:49.302+00","2026-09-19 23:04:53.442+00","2.80","2.80",2,NULL,"2026-09-19 23:04:53.345+00","2026-09-19 23:04:53.439+00"
"80caafd1-eba6-4212-aeb8-a2538080fb11","20260919_232830","t-001","f-001","b-001","wv-001","st-01",NULL,"finalized","2026-09-19 23:28:30.961+00","2026-09-19 23:28:33.15+00",NULL,"0.00",2,NULL,"2026-09-19 23:28:33.109+00","2026-09-19 23:28:33.149+00"
"0f412631-3a3e-491f-9446-032dd7c86861","20260919_232621","t-001","f-001","b-001","wv-001","st-01",NULL,"finalized","2026-09-19 23:26:21.651+00","2026-09-19 23:26:23.628+00","1.05","1.05",2,NULL,"2026-09-19 23:26:23.572+00","2026-09-19 23:26:23.626+00"
"d7f65db9-7152-46d3-889c-13c6eff226a4","20260919_230836","t-001","f-001","b-001","wv-001","st-01",NULL,"finalized","2026-09-19 23:08:36.536+00","2026-09-19 23:08:38.494+00","1.70","1.70",2,NULL,"2026-09-19 23:08:38.393+00","2026-09-19 23:08:38.49+00"
"40f480da-9c08-404a-b469-769be1adb6e9","20260919_232917","t-001","f-001","b-001","wv-001","st-01",NULL,"finalized","2026-09-19 23:29:17.326+00","2026-09-19 23:29:20.025+00",NULL,"0.00",2,NULL,"2026-09-19 23:29:19.936+00","2026-09-19 23:29:20.021+00"
"020f72c0-0b71-4aef-82dc-90e0a192143f","20260919_233945","t-001","f-001","b-001","wv-001","st-01",NULL,"finalized","2026-09-19 23:39:45.158+00","2026-09-19 23:39:46.614+00","2.40","2.40",2,NULL,"2026-09-19 23:39:46.507+00","2026-09-19 23:39:46.609+00"
"b2934970-73c9-49b1-9910-00d402be8511","20260919_234146","t-001","f-001","b-001","wv-001","st-01",NULL,"finalized","2026-09-19 23:41:46.534+00","2026-09-19 23:41:49.794+00","2.85","2.85",2,NULL,"2026-09-19 23:41:49.695+00","2026-09-19 23:41:49.791+00"
"d17a1b97-c7d1-4071-9d7c-c4e037256fa5","20260919_234307","t-001","f-001","b-001","wv-001","st-01",NULL,"finalized","2026-09-19 23:43:07.512+00","2026-09-19 23:43:09.997+00","2.85","2.85",2,NULL,"2026-09-19 23:43:09.886+00","2026-09-19 23:43:09.993+00"
"43bbd144-810d-47c2-b773-6e0f2dbba50b","20260919_234356","t-001","f-001","b-001","wv-001","st-01",NULL,"finalized","2026-09-19 23:43:56.394+00","2026-09-19 23:43:58.019+00","2.45","2.45",2,NULL,"2026-09-19 23:43:57.9+00","2026-09-19 23:43:58.014+00"
"0734033a-1e03-46d3-a34e-72e2cc7d4b31","20260919_234910","t-001","f-001","b-001","wv-001","st-01",NULL,"finalized","2026-09-19 23:49:10.903+00","2026-09-19 23:49:11.831+00",NULL,"0.00",2,NULL,"2026-09-19 23:49:11.735+00","2026-09-19 23:49:11.827+00"
"61cf8d72-a8ec-47b8-be23-13b169a6a17a","20260919_234927","t-001","f-001","b-001","wv-001","st-01",NULL,"finalized","2026-09-19 23:49:27.406+00","2026-09-19 23:49:37.438+00","2.50","2.50",2,NULL,"2026-09-19 23:49:37.342+00","2026-09-19 23:49:37.437+00"
"286819ff-8ec7-4c92-a3c7-eddf82e1f456","20260919_220558","t-001","f-001","b-001","wv-001","st-01",NULL,"finalized","2026-09-19 22:05:58.743+00","2026-09-19 22:05:59.806+00","2.95","2.95",2,NULL,"2026-09-19 22:05:59.741+00","2026-09-19 22:05:59.805+00"
"c66916b7-7022-46e6-acab-15e537b1418b","20260919_211413","t-001","f-001","b-001","wv-001","st-01",NULL,"finalized","2026-09-19 21:14:13.927+00","2026-09-19 21:14:21.771+00",NULL,"0.00",2,NULL,"2026-09-19 21:14:21.682+00","2026-09-19 21:14:21.767+00"
"dd58611b-45fe-4c9c-bc62-d6109d80e40d","20260919_214113","t-001","f-001","b-001","wv-001","st-01",NULL,"finalized","2026-09-19 21:41:13.986+00","2026-09-19 21:41:17.008+00","2.65","2.65",2,NULL,"2026-09-19 21:41:16.903+00","2026-09-19 21:41:17.003+00"
"aecd1a39-90f9-4554-b7b0-72d232c4c6ec","20260919_212034","t-001","f-001","b-001","wv-001","st-01",NULL,"finalized","2026-09-19 21:20:34.609+00","2026-09-19 21:20:38.998+00","2.55","2.55",2,NULL,"2026-09-19 21:20:38.89+00","2026-09-19 21:20:38.994+00"
"7ec8f548-dfe6-4cbc-af6c-9c64cb2af599","20260919_221737","t-001","f-001","b-001","wv-001","st-01",NULL,"finalized","2026-09-19 22:17:37.632+00","2026-09-19 22:17:39.435+00","3.80","3.80",2,NULL,"2026-09-19 22:17:39.333+00","2026-09-19 22:17:39.431+00"
"2d98affb-81ab-4a67-a091-a51204f9acd1","20260919_212120","t-001","f-001","b-001","wv-001","st-01",NULL,"finalized","2026-09-19 21:21:20.801+00","2026-09-19 21:21:23.281+00","2.15","2.15",2,NULL,"2026-09-19 21:21:23.182+00","2026-09-19 21:21:23.278+00"
"dfb1b186-7a83-4137-bb93-2977cff74ab5","20260919_220604","t-001","f-001","b-001","wv-001","st-01",NULL,"finalized","2026-09-19 22:06:04.328+00","2026-09-19 22:06:05.643+00","2.95","2.95",2,NULL,"2026-09-19 22:06:05.53+00","2026-09-19 22:06:05.64+00"
"4c5dc87d-883f-4fd2-abbc-add3f50d3b4c","20260919_214349","t-001","f-001","b-001","wv-001","st-01",NULL,"finalized","2026-09-19 21:43:49.74+00","2026-09-19 21:43:51.397+00","3.00","3.00",2,NULL,"2026-09-19 21:43:51.298+00","2026-09-19 21:43:51.394+00"
"b20de6cb-8efa-441b-9b73-8b8589b12fbc","20260919_212314","t-001","f-001","b-001","wv-001","st-01",NULL,"finalized","2026-09-19 21:23:14.848+00","2026-09-19 21:23:17.873+00","2.55","2.55",2,NULL,"2026-09-19 21:23:17.791+00","2026-09-19 21:23:17.872+00"
"c25ad76b-3004-4fcd-a468-5af496abbaba","20260919_215104","t-001","f-001","b-001","wv-001","st-01",NULL,"finalized","2026-09-19 21:51:04.276+00","2026-09-19 21:51:06.249+00",NULL,"0.00",2,NULL,"2026-09-19 21:51:06.175+00","2026-09-19 21:51:06.246+00"
"8dc56c72-ac83-4954-84b9-c85b7b8d8e81","20260919_212526","t-001","f-001","b-001","wv-001","st-01",NULL,"finalized","2026-09-19 21:25:26.567+00","2026-09-19 21:25:28.817+00","2.90","2.90",2,NULL,"2026-09-19 21:25:28.72+00","2026-09-19 21:25:28.814+00"
"e6779228-6142-429a-961d-8391944395a2","20260919_225715","t-001","f-001","b-001","wv-001","st-01",NULL,"finalized","2026-09-19 22:57:15.935+00","2026-09-19 22:57:17.454+00","2.15","2.15",2,NULL,"2026-09-19 22:57:17.349+00","2026-09-19 22:57:17.45+00"
"d71ed521-28ff-403f-996a-0874d015f96b","20260919_223128","t-001","f-001","b-001","wv-001","st-01",NULL,"finalized","2026-09-19 22:31:28.382+00","2026-09-19 22:31:30.125+00",NULL,"0.00",2,NULL,"2026-09-19 22:31:30.041+00","2026-09-19 22:31:30.121+00"
"72fa3b55-925f-4578-9e74-42febf871225","20260919_212551","t-001","f-001","b-001","wv-001","st-01",NULL,"finalized","2026-09-19 21:25:51.702+00","2026-09-19 21:25:52.868+00","2.55","2.55",2,NULL,"2026-09-19 21:25:52.761+00","2026-09-19 21:25:52.866+00"
"36a550fd-6111-4e23-b987-02179a3de441","20260919_220630","t-001","f-001","b-001","wv-001","st-01",NULL,"finalized","2026-09-19 22:06:30.655+00","2026-09-19 22:06:33.793+00","2.60","2.60",2,NULL,"2026-09-19 22:06:33.655+00","2026-09-19 22:06:33.788+00"
"85b557da-41b9-4a13-8590-aea87035ba51","20260919_215108","t-001","f-001","b-001","wv-001","st-01",NULL,"finalized","2026-09-19 21:51:08.234+00","2026-09-19 21:51:12.179+00","2.65","2.65",2,NULL,"2026-09-19 21:51:12.073+00","2026-09-19 21:51:12.176+00"
"34b2a033-cc90-4e88-8dda-392b37f7d897","20260919_212613","t-001","f-001","b-001","wv-001","st-01",NULL,"finalized","2026-09-19 21:26:13.899+00","2026-09-19 21:26:16.902+00","2.20","2.20",2,NULL,"2026-09-19 21:26:16.849+00","2026-09-19 21:26:16.901+00"
"80e2fcc3-966a-48e3-85ec-693553e6ed76","20260919_222000","t-001","f-001","b-001","wv-001","st-01",NULL,"finalized","2026-09-19 22:20:00.188+00","2026-09-19 22:20:21.124+00","3.35","3.35",2,NULL,"2026-09-19 22:20:19.762+00","2026-09-19 22:20:21.12+00"
"41944c2a-da49-4e55-a4b4-551d61bbe07d","20260919_212836","t-001","f-001","b-001","wv-001","st-01",NULL,"finalized","2026-09-19 21:28:36.593+00","2026-09-19 21:28:39.362+00","1.45","1.45",2,NULL,"2026-09-19 21:28:39.315+00","2026-09-19 21:28:39.362+00"
"6e0e5056-6ca0-4987-8e2c-253e7c205827","20260919_220105","t-001","f-001","b-001","wv-001","st-01",NULL,"finalized","2026-09-19 22:01:05.6+00","2026-09-19 22:01:08.376+00","3.05","3.05",2,NULL,"2026-09-19 22:01:08.282+00","2026-09-19 22:01:08.375+00"
"d8eb6ec6-46a4-46c5-b69d-d48cb82128b7","20260919_213102","t-001","f-001","b-001","wv-001","st-01",NULL,"finalized","2026-09-19 21:31:02.405+00","2026-09-19 21:31:05.381+00","1.90","1.90",2,NULL,"2026-09-19 21:31:05.269+00","2026-09-19 21:31:05.377+00"
"1e09862a-9f43-4c46-9fdc-b532e440c4bc","20260919_220659","t-001","f-001","b-001","wv-001","st-01",NULL,"finalized","2026-09-19 22:06:59.392+00","2026-09-19 22:07:01.912+00","2.60","2.60",2,NULL,"2026-09-19 22:07:01.805+00","2026-09-19 22:07:01.911+00"
"44c12ddd-498b-4137-8eae-bc8401327b8f","20260919_220343","t-001","f-001","b-001","wv-001","st-01",NULL,"finalized","2026-09-19 22:03:43.734+00","2026-09-19 22:03:57.445+00","3.35","3.35",2,NULL,"2026-09-19 22:03:57.349+00","2026-09-19 22:03:57.442+00"
"c1673b3a-bb07-4215-8ef9-c8532890ce5a","20260919_213514","t-001","f-001","b-001","wv-001","st-01",NULL,"finalized","2026-09-19 21:35:14.886+00","2026-09-19 21:35:16.536+00","2.65","2.65",2,NULL,"2026-09-19 21:35:16.436+00","2026-09-19 21:35:16.531+00"
"9c56690e-2f87-43f6-8e06-7fcc1002d7e1","20260919_222202","t-001","f-001","b-001","wv-001","st-01",NULL,"finalized","2026-09-19 22:22:02.974+00","2026-09-19 22:22:05.421+00","2.20","2.20",2,NULL,"2026-09-19 22:22:05.321+00","2026-09-19 22:22:05.418+00"
"2f43d42f-0e7c-4418-a4c4-89b90a7c7a8b","20260919_220450","t-001","f-001","b-001","wv-001","st-01",NULL,"finalized","2026-09-19 22:04:50.667+00","2026-09-19 22:04:53.419+00","2.95","2.95",2,NULL,"2026-09-19 22:04:53.329+00","2026-09-19 22:04:53.416+00"
"45963b7e-6955-4957-b808-7489e82cd06d","20260919_221142","t-001","f-001","b-001","wv-001","st-01",NULL,"finalized","2026-09-19 22:11:42.221+00","2026-09-19 22:11:43.98+00","2.65","2.65",2,NULL,"2026-09-19 22:11:43.882+00","2026-09-19 22:11:43.977+00"
"e32c426e-a92f-42ff-89f8-9a400a496f1f","20260919_224248","t-001","f-001","b-001","wv-001","st-01",NULL,"finalized","2026-09-19 22:42:48.475+00","2026-09-19 22:42:50.36+00","1.85","1.85",2,NULL,"2026-09-19 22:42:50.256+00","2026-09-19 22:42:50.357+00"
"a0261a04-900f-4f7c-b6c4-fe448dfa9b4c","20260919_221515","t-001","f-001","b-001","wv-001","st-01",NULL,"finalized","2026-09-19 22:15:15.661+00","2026-09-19 22:15:16.738+00","3.80","3.80",2,NULL,"2026-09-19 22:15:16.643+00","2026-09-19 22:15:16.734+00"
"44254446-0bc5-4640-b279-1b2a9fa6597f","20260919_222543","t-001","f-001","b-001","wv-001","st-01",NULL,"finalized","2026-09-19 22:25:43.381+00","2026-09-19 22:25:48.76+00","2.60","2.60",2,NULL,"2026-09-19 22:25:48.679+00","2026-09-19 22:25:48.757+00"
"0ba0bf00-89a1-4a0a-b458-b7ef54bf75d3","20260919_225805","t-001","f-001","b-001","wv-001","st-01",NULL,"finalized","2026-09-19 22:58:05.126+00","2026-09-19 22:58:07.63+00","2.15","2.15",2,NULL,"2026-09-19 22:58:07.522+00","2026-09-19 22:58:07.626+00"
"7953bdfe-bbcc-4911-af06-9107b4bbbdb6","20260919_225306","t-001","f-001","b-001","wv-001","st-01",NULL,"finalized","2026-09-19 22:53:06.06+00","2026-09-19 22:53:15.674+00","2.15","2.15",2,NULL,"2026-09-19 22:53:15.618+00","2026-09-19 22:53:15.674+00"
"62be54f5-6d75-4320-a9ec-cb47cd434cbf","20260919_222622","t-001","f-001","b-001","wv-001","st-01",NULL,"finalized","2026-09-19 22:26:22.46+00","2026-09-19 22:26:24.364+00","2.90","2.90",2,NULL,"2026-09-19 22:26:24.257+00","2026-09-19 22:26:24.36+00"
"5f6fdad5-8df2-471d-84f0-174ad5cf6b3b","20260919_230241","t-001","f-001","b-001","wv-001","st-01",NULL,"finalized","2026-09-19 23:02:41.452+00","2026-09-19 23:02:44.33+00","2.85","2.85",2,NULL,"2026-09-19 23:02:44.222+00","2026-09-19 23:02:44.326+00"
"7065d157-5af2-4153-9add-6c119f536103","20260919_230013","t-001","f-001","b-001","wv-001","st-01",NULL,"finalized","2026-09-19 23:00:13.996+00","2026-09-19 23:00:15.583+00","2.85","2.85",2,NULL,"2026-09-19 23:00:15.52+00","2026-09-19 23:00:15.582+00"
"63fb9258-3371-49d7-b6ed-6d75d6e04531","20260919_223354","t-001","f-001","b-001","wv-001","st-01",NULL,"finalized","2026-09-19 22:33:54.622+00","2026-09-19 22:33:56.605+00","1.85","1.85",2,NULL,"2026-09-19 22:33:56.51+00","2026-09-19 22:33:56.604+00"
"5febee92-6aa7-4791-9fd3-90c7929916b8","20260919_212024","t-001","f-001","b-001","wv-001","st-01",NULL,"finalized","2026-09-19 21:20:24.377+00","2026-09-19 21:20:27.277+00","2.55","2.55",2,NULL,"2026-09-19 21:20:27.174+00","2026-09-19 21:20:27.273+00"
"56d674b5-ef47-4e12-9769-fbe22553b794","20260919_214330","t-001","f-001","b-001","wv-001","st-01",NULL,"finalized","2026-09-19 21:43:30.446+00","2026-09-19 21:43:33.347+00","2.65","2.65",2,NULL,"2026-09-19 21:43:33.271+00","2026-09-19 21:43:33.346+00"
"bb62a5a6-3f02-4ab0-ae4b-17468d79e6c5","20260919_212224","t-001","f-001","b-001","wv-001","st-01",NULL,"finalized","2026-09-19 21:22:24.96+00","2026-09-19 21:22:27.398+00","2.15","2.15",2,NULL,"2026-09-19 21:22:27.281+00","2026-09-19 21:22:27.394+00"
"1101cb2a-5f65-4985-88a6-d8399be24313","20260919_232933","t-001","f-001","b-001","wv-001","st-01",NULL,"finalized","2026-09-19 23:29:33.707+00","2026-09-19 23:29:36.316+00","2.25","2.25",2,NULL,"2026-09-19 23:29:36.207+00","2026-09-19 23:29:36.311+00"
"d04d7990-28a4-4a54-8cc8-8a10af9ed183","20260919_225751","t-001","f-001","b-001","wv-001","st-01",NULL,"finalized","2026-09-19 22:57:51.448+00","2026-09-19 22:57:53.637+00","2.15","2.15",2,NULL,"2026-09-19 22:57:53.535+00","2026-09-19 22:57:53.634+00"
"689997de-eb2b-4163-880f-d8b4ea67e9b1","20260919_212627","t-001","f-001","b-001","wv-001","st-01",NULL,"finalized","2026-09-19 21:26:27.287+00","2026-09-19 21:26:28.856+00","2.55","2.55",2,NULL,"2026-09-19 21:26:28.75+00","2026-09-19 21:26:28.852+00"
"c130956b-bd38-4802-ac85-cff3c0a6cb53","20260919_224536","t-001","f-001","b-001","wv-001","st-01",NULL,"finalized","2026-09-19 22:45:36.225+00","2026-09-19 22:45:37.404+00","2.65","2.65",2,NULL,"2026-09-19 22:45:37.307+00","2026-09-19 22:45:37.4+00"
"476a2078-bda5-4a0d-9d4c-de238ae061b6","20260919_215255","t-001","f-001","b-001","wv-001","st-01",NULL,"finalized","2026-09-19 21:52:55.364+00","2026-09-19 21:52:57.438+00","3.05","3.05",2,NULL,"2026-09-19 21:52:57.321+00","2026-09-19 21:52:57.433+00"
"f435daee-a58d-4d88-906a-6da29b663267","20260919_212802","t-001","f-001","b-001","wv-001","st-01",NULL,"finalized","2026-09-19 21:28:02.82+00","2026-09-19 21:28:05.264+00","1.80","1.80",2,NULL,"2026-09-19 21:28:05.164+00","2026-09-19 21:28:05.261+00"
"d19b6b92-4d7d-489f-9791-fc1714e9f814","20260919_212829","t-001","f-001","b-001","wv-001","st-01",NULL,"finalized","2026-09-19 21:28:29.977+00","2026-09-19 21:28:31.425+00","1.45","1.45",2,NULL,"2026-09-19 21:28:31.332+00","2026-09-19 21:28:31.422+00"
"f64e69e0-a420-43f9-ade2-14ae8f02ce48","20260919_215311","t-001","f-001","b-001","wv-001","st-01",NULL,"finalized","2026-09-19 21:53:11.628+00","2026-09-19 21:53:13.518+00","3.05","3.05",2,NULL,"2026-09-19 21:53:13.356+00","2026-09-19 21:53:13.513+00"
"6719c242-a749-4df1-b62b-bace8fdbffb0","20260919_232856","t-001","f-001","b-001","wv-001","st-01",NULL,"finalized","2026-09-19 23:28:56.807+00","2026-09-19 23:28:58.213+00","1.90","1.90",2,NULL,"2026-09-19 23:28:58.097+00","2026-09-19 23:28:58.21+00"
"5c57f882-3408-4a26-a383-a6be3a3b7324","20260919_213359","t-001","f-001","b-001","wv-001","st-01",NULL,"finalized","2026-09-19 21:33:59.855+00","2026-09-19 21:34:02.367+00","2.25","2.25",2,NULL,"2026-09-19 21:34:02.265+00","2026-09-19 21:34:02.363+00"
"13bd80c9-93dc-43aa-88e2-006594b6322d","20260919_224617","t-001","f-001","b-001","wv-001","st-01",NULL,"finalized","2026-09-19 22:46:17.957+00","2026-09-19 22:46:19.601+00","2.65","2.65",2,NULL,"2026-09-19 22:46:19.433+00","2026-09-19 22:46:19.596+00"
"647a652a-dd92-424c-9cac-9b08438ab1db","20260919_220422","t-001","f-001","b-001","wv-001","st-01",NULL,"finalized","2026-09-19 22:04:22.077+00","2026-09-19 22:04:23.472+00","3.35","3.35",2,NULL,"2026-09-19 22:04:23.372+00","2026-09-19 22:04:23.468+00"
"9db32b3b-cf0a-42b0-95c4-b091bcbab366","20260919_213436","t-001","f-001","b-001","wv-001","st-01",NULL,"finalized","2026-09-19 21:34:36.778+00","2026-09-19 21:34:38.522+00","2.25","2.25",2,NULL,"2026-09-19 21:34:38.429+00","2026-09-19 21:34:38.519+00"
"26ec062e-933f-47bb-9c4a-9007dd633553","20260919_231220","t-001","f-001","b-001","wv-001","st-01",NULL,"finalized","2026-09-19 23:12:20.59+00","2026-09-19 23:12:23.411+00","2.10","2.10",2,NULL,"2026-09-19 23:12:23.348+00","2026-09-19 23:12:23.411+00"
"5b6506df-6913-4322-98ad-b3ef4cb26d1d","20260919_225942","t-001","f-001","b-001","wv-001","st-01",NULL,"finalized","2026-09-19 22:59:42.07+00","2026-09-19 22:59:43.475+00","2.85","2.85",2,NULL,"2026-09-19 22:59:43.378+00","2026-09-19 22:59:43.472+00"
"13c467a1-37d5-4169-8a5b-62e1936ffe18","20260919_213447","t-001","f-001","b-001","wv-001","st-01",NULL,"finalized","2026-09-19 21:34:47.026+00","2026-09-19 21:34:50.289+00","2.25","2.25",2,NULL,"2026-09-19 21:34:50.197+00","2026-09-19 21:34:50.286+00"
"dd0f3813-24cf-4d4d-933f-387790329032","20260919_221828","t-001","f-001","b-001","wv-001","st-01",NULL,"finalized","2026-09-19 22:18:28.579+00","2026-09-19 22:18:29.716+00",NULL,"0.00",2,NULL,"2026-09-19 22:18:29.637+00","2026-09-19 22:18:29.713+00"
"3d9acc57-8c22-4243-aa82-61917b9cc32d","20260919_213819","t-001","f-001","b-001","wv-001","st-01",NULL,"finalized","2026-09-19 21:38:19.203+00","2026-09-19 21:38:21.849+00","2.60","2.60",2,NULL,"2026-09-19 21:38:21.739+00","2026-09-19 21:38:21.844+00"
"057766a3-8182-4baa-805d-1c58a98f8d79","20260919_224647","t-001","f-001","b-001","wv-001","st-01",NULL,"finalized","2026-09-19 22:46:47.661+00","2026-09-19 22:46:49.66+00","2.65","2.65",2,NULL,"2026-09-19 22:46:49.558+00","2026-09-19 22:46:49.657+00"
"109d0fed-f981-4101-b7d0-2ff5d88abd3a","20260919_221934","t-001","f-001","b-001","wv-001","st-01",NULL,"finalized","2026-09-19 22:19:34.897+00","2026-09-19 22:19:36.08+00","3.80","3.80",2,NULL,"2026-09-19 22:19:35.972+00","2026-09-19 22:19:36.077+00"
"6dba4a0c-e54f-4854-a093-fe7b099c7f9f","20260919_214302","t-001","f-001","b-001","wv-001","st-01",NULL,"finalized","2026-09-19 21:43:02.072+00","2026-09-19 21:43:03.235+00","2.65","2.65",2,NULL,"2026-09-19 21:43:03.134+00","2026-09-19 21:43:03.232+00"
"c38f8b14-3a6d-4009-afbd-3f870021fa1f","20260919_233009","t-001","f-001","b-001","wv-001","st-01",NULL,"finalized","2026-09-19 23:30:09.894+00","2026-09-19 23:30:12.367+00","2.25","2.25",2,NULL,"2026-09-19 23:30:12.247+00","2026-09-19 23:30:12.362+00"
"3e8a8d9e-491c-4a16-92c4-66add1972ace","20260919_222853","t-001","f-001","b-001","wv-001","st-01",NULL,"finalized","2026-09-19 22:28:53.926+00","2026-09-19 22:28:57.157+00","2.25","2.25",2,NULL,"2026-09-19 22:28:57.046+00","2026-09-19 22:28:57.154+00"
"77e6e5d1-2bca-4f53-b052-a69318a517a4","20260919_224653","t-001","f-001","b-001","wv-001","st-01",NULL,"finalized","2026-09-19 22:46:53.205+00","2026-09-19 22:46:55.559+00","2.65","2.65",2,NULL,"2026-09-19 22:46:55.455+00","2026-09-19 22:46:55.558+00"
"f7ef2437-f669-46eb-907e-ca62b4a11f91","20260919_230201","t-001","f-001","b-001","wv-001","st-01",NULL,"finalized","2026-09-19 23:02:01.639+00","2026-09-19 23:02:04.086+00","2.50","2.50",2,NULL,"2026-09-19 23:02:03.957+00","2026-09-19 23:02:04.082+00"
"03cae32d-d4dc-4b1e-99c2-a43d43444f55","20260919_232603","t-001","f-001","b-001","wv-001","st-01",NULL,"finalized","2026-09-19 23:26:03.678+00","2026-09-19 23:26:05.92+00","1.05","1.05",2,NULL,"2026-09-19 23:26:05.846+00","2026-09-19 23:26:05.919+00"
"d1ee4353-492f-4828-96bf-2e0de399c39f","20260919_225310","t-001","f-001","b-001","wv-001","st-01",NULL,"finalized","2026-09-19 22:53:10.347+00","2026-09-19 22:53:19.702+00","2.15","2.15",2,NULL,"2026-09-19 22:53:19.606+00","2026-09-19 22:53:19.699+00"
"d1679a30-6c2d-4de5-a3ad-ce880e4c6a2a","20260919_230445","t-001","f-001","b-001","wv-001","st-01",NULL,"finalized","2026-09-19 23:04:45.304+00","2026-09-19 23:04:47.818+00",NULL,"0.00",2,NULL,"2026-09-19 23:04:47.74+00","2026-09-19 23:04:47.815+00"
"0b78254a-c414-461b-9f0f-5de16e40bc36","20260919_234759","t-001","f-001","b-001","wv-001","st-01",NULL,"finalized","2026-09-19 23:47:59.264+00","2026-09-19 23:48:00.773+00","3.20","3.20",2,NULL,"2026-09-19 23:48:00.7+00","2026-09-19 23:48:00.77+00"
"af5ba1fd-0ae7-4280-b58d-814657bb9549","20260919_232921","t-001","f-001","b-001","wv-001","st-01",NULL,"finalized","2026-09-19 23:29:21.576+00","2026-09-19 23:29:30.422+00","2.25","2.25",2,NULL,"2026-09-19 23:29:30.291+00","2026-09-19 23:29:30.418+00"
"675b024a-2b76-47ad-977f-ca751717169b","20260919_231044","t-001","f-001","b-001","wv-001","st-01",NULL,"finalized","2026-09-19 23:10:44.304+00","2026-09-19 23:10:46.961+00","2.10","2.10",2,NULL,"2026-09-19 23:10:46.846+00","2026-09-19 23:10:46.958+00"
"25c3ede1-3da5-4545-901c-6944d45f66bf","20260919_232742","t-001","f-001","b-001","wv-001","st-01",NULL,"finalized","2026-09-19 23:27:42.41+00","2026-09-19 23:27:43.968+00","0.70","0.70",2,NULL,"2026-09-19 23:27:43.877+00","2026-09-19 23:27:43.965+00"
"44a9ef25-e98d-49ae-8c0f-70272a2caabc","20260919_232948","t-001","f-001","b-001","wv-001","st-01",NULL,"finalized","2026-09-19 23:29:48.196+00","2026-09-19 23:29:50.233+00","2.65","2.65",2,NULL,"2026-09-19 23:29:50.122+00","2026-09-19 23:29:50.23+00"
"925c8b0b-a54c-425d-b922-0c1f7a626922","20260919_233855","t-001","f-001","b-001","wv-001","st-01",NULL,"finalized","2026-09-19 23:38:55.223+00","2026-09-19 23:38:56.775+00","2.40","2.40",2,NULL,"2026-09-19 23:38:56.666+00","2026-09-19 23:38:56.77+00"
"f3f6e801-2db2-413c-ad45-9a438e0fad1a","20260919_233822","t-001","f-001","b-001","wv-001","st-01",NULL,"finalized","2026-09-19 23:38:22.345+00","2026-09-19 23:38:25.187+00","2.10","2.10",2,NULL,"2026-09-19 23:38:25.08+00","2026-09-19 23:38:25.184+00"
"8ab59c3f-8c57-465f-b2bd-a236f5061e0f","20260919_233937","t-001","f-001","b-001","wv-001","st-01",NULL,"finalized","2026-09-19 23:39:37.374+00","2026-09-19 23:39:40.678+00","2.40","2.40",2,NULL,"2026-09-19 23:39:40.602+00","2026-09-19 23:39:40.677+00"
"1c8b7093-ae8c-40a2-b54a-6c8d5a4b90d1","20260919_234815","t-001","f-001","b-001","wv-001","st-01",NULL,"finalized","2026-09-19 23:48:15.853+00","2026-09-19 23:48:18.599+00","3.20","3.20",2,NULL,"2026-09-19 23:48:18.451+00","2026-09-19 23:48:18.594+00"
"90a186b5-47b6-4c39-9532-72f151923556","20260919_234835","t-001","f-001","b-001","wv-001","st-01",NULL,"finalized","2026-09-19 23:48:35.583+00","2026-09-19 23:48:36.315+00","3.55","3.55",2,NULL,"2026-09-19 23:48:36.219+00","2026-09-19 23:48:36.312+00"
"9b7120f2-599a-471b-a061-0a821175fe69","20260919_234857","t-001","f-001","b-001","wv-001","st-01",NULL,"finalized","2026-09-19 23:48:57.923+00","2026-09-19 23:49:00.147+00","3.15","3.15",2,NULL,"2026-09-19 23:49:00.039+00","2026-09-19 23:49:00.143+00"
"dbc1dd72-dda9-4a75-a827-33c04acc474c","20260919_235319","t-001","f-001","b-001","wv-001","st-01",NULL,"finalized","2026-09-19 23:53:19.262+00","2026-09-19 23:53:23.276+00","2.55","2.55",2,NULL,"2026-09-19 23:53:23.18+00","2026-09-19 23:53:23.272+00"
"6bc07ec1-4801-4fcb-b7d0-ca17b43a074c","20260919_235403","t-001","f-001","b-001","wv-001","st-01",NULL,"finalized","2026-09-19 23:54:03.072+00","2026-09-19 23:54:07.564+00","0.65","0.65",2,NULL,"2026-09-19 23:54:07.461+00","2026-09-19 23:54:07.559+00"
"2298df42-2a95-48e8-9d9e-3d467c4841a2","20260919_234142","t-001","f-001","b-001","wv-001","st-01",NULL,"finalized","2026-09-19 23:41:42.592+00","2026-09-19 23:41:44.089+00",NULL,"0.00",2,NULL,"2026-09-19 23:41:43.998+00","2026-09-19 23:41:44.085+00"
"84948ecd-c76c-4cfc-9697-2f61bf9e17b4","20260919_230358","t-001","f-001","b-001","wv-001","st-01",NULL,"finalized","2026-09-19 23:03:58.937+00","2026-09-19 23:04:30.055+00","2.80","2.80",2,NULL,"2026-09-19 23:04:29.955+00","2026-09-19 23:04:30.052+00"
"c1751d27-89f4-43b6-bc78-619a9dba433b","20260919_232839","t-001","f-001","b-001","wv-001","st-01",NULL,"finalized","2026-09-19 23:28:39.69+00","2026-09-19 23:28:44.421+00","1.90","1.90",2,NULL,"2026-09-19 23:28:44.311+00","2026-09-19 23:28:44.417+00"
"355aed6c-7ae5-4257-a017-2c4b29d2b342","20260919_230526","t-001","f-001","b-001","wv-001","st-01",NULL,"finalized","2026-09-19 23:05:26.926+00","2026-09-19 23:05:29.228+00","2.45","2.45",2,NULL,"2026-09-19 23:05:29.124+00","2026-09-19 23:05:29.224+00"
"f4f9ffab-9be3-4076-a5f2-49c7698491f8","20260919_234559","t-001","f-001","b-001","wv-001","st-01",NULL,"finalized","2026-09-19 23:45:59.135+00","2026-09-19 23:46:00.218+00","2.45","2.45",2,NULL,"2026-09-19 23:46:00.111+00","2026-09-19 23:46:00.214+00"
"2d6ba188-ab32-4e8c-9dd1-8b57e539713f","20260919_234221","t-001","f-001","b-001","wv-001","st-01",NULL,"finalized","2026-09-19 23:42:21.166+00","2026-09-19 23:42:23.374+00","2.85","2.85",2,NULL,"2026-09-19 23:42:23.275+00","2026-09-19 23:42:23.371+00"
"48c9c455-a99b-4392-a585-ae40d3f5a887","20260919_231302","t-001","f-001","b-001","wv-001","st-01",NULL,"finalized","2026-09-19 23:13:02.146+00","2026-09-19 23:13:03.524+00","2.10","2.10",2,NULL,"2026-09-19 23:13:03.384+00","2026-09-19 23:13:03.52+00"
"9d4bb8dd-509c-4ff3-9a44-45fd210a9ded","20260919_233331","t-001","f-001","b-001","wv-001","st-01",NULL,"finalized","2026-09-19 23:33:31.78+00","2026-09-19 23:33:33.943+00","2.25","2.25",2,NULL,"2026-09-19 23:33:33.824+00","2026-09-19 23:33:33.939+00"
"3bf71bc7-c419-4f76-b630-0fa1ad3c7367","20260919_231325","t-001","f-001","b-001","wv-001","st-01",NULL,"finalized","2026-09-19 23:13:25.111+00","2026-09-19 23:13:27.456+00","2.10","2.10",2,NULL,"2026-09-19 23:13:27.355+00","2026-09-19 23:13:27.452+00"
"58331bab-4f15-4673-8a24-f8f03b19be01","20260919_235422","t-001","f-001","b-001","wv-001","st-01",NULL,"finalized","2026-09-19 23:54:22.441+00","2026-09-19 23:54:30.444+00",NULL,"0.00",2,NULL,"2026-09-19 23:54:30.351+00","2026-09-19 23:54:30.44+00"
"f4872a9f-668d-453a-a56d-0bde0429f9bf","20260919_233433","t-001","f-001","b-001","wv-001","st-01",NULL,"finalized","2026-09-19 23:34:33.485+00","2026-09-19 23:34:37.583+00","2.25","2.25",2,NULL,"2026-09-19 23:34:37.423+00","2026-09-19 23:34:37.578+00"
"92bfb4ed-eb02-4cdb-8996-26551f4bf0c4","20260919_231914","t-001","f-001","b-001","wv-001","st-01",NULL,"finalized","2026-09-19 23:19:14.371+00","2026-09-19 23:19:15.654+00","1.00","1.00",2,NULL,"2026-09-19 23:19:15.565+00","2026-09-19 23:19:15.653+00"
"d55d75d3-cb5e-4cd2-9c28-e1ab510fa2e4","20260919_234225","t-001","f-001","b-001","wv-001","st-01",NULL,"finalized","2026-09-19 23:42:25.427+00","2026-09-19 23:42:29.086+00","2.85","2.85",2,NULL,"2026-09-19 23:42:28.985+00","2026-09-19 23:42:29.082+00"
"3f666c02-f049-493f-836d-2fccb433a944","20260919_232140","t-001","f-001","b-001","wv-001","st-01",NULL,"finalized","2026-09-19 23:21:40.525+00","2026-09-19 23:21:42.619+00","0.65","0.65",2,NULL,"2026-09-19 23:21:42.473+00","2026-09-19 23:21:42.615+00"
"538b7a7a-7745-4d3c-bf5a-502d64ee47e2","20260919_233725","t-001","f-001","b-001","wv-001","st-01",NULL,"finalized","2026-09-19 23:37:25.796+00","2026-09-19 23:37:27.392+00","2.10","2.10",2,NULL,"2026-09-19 23:37:27.29+00","2026-09-19 23:37:27.388+00"
"d9ce6897-615c-4ac9-beae-c7edd1220268","20260919_232545","t-001","f-001","b-001","wv-001","st-01",NULL,"finalized","2026-09-19 23:25:45.493+00","2026-09-19 23:25:46.276+00","1.05","1.05",2,NULL,"2026-09-19 23:25:46.216+00","2026-09-19 23:25:46.275+00"
"4321d79a-d8e4-4b0b-a9eb-89fa5d0ff3fb","20260919_234921","t-001","f-001","b-001","wv-001","st-01",NULL,"finalized","2026-09-19 23:49:21.863+00","2026-09-19 23:49:31.428+00","2.75","2.75",2,NULL,"2026-09-19 23:49:31.318+00","2026-09-19 23:49:31.424+00"
"4b51b47e-6683-468e-8041-b53bcedc28b6","20260919_232800","t-001","f-001","b-001","wv-001","st-01",NULL,"finalized","2026-09-19 23:28:00.37+00","2026-09-19 23:28:01.7+00",NULL,"0.00",2,NULL,"2026-09-19 23:28:01.603+00","2026-09-19 23:28:01.693+00"
"d0f202f6-d1c6-4ba5-a096-228960a8c884","20260919_233828","t-001","f-001","b-001","wv-001","st-01",NULL,"finalized","2026-09-19 23:38:28.657+00","2026-09-19 23:38:30.893+00","2.10","2.10",2,NULL,"2026-09-19 23:38:30.809+00","2026-09-19 23:38:30.891+00"
"092fa469-8ae1-4aaa-abf7-2d24b283a064","20260919_232804","t-001","f-001","b-001","wv-001","st-01",NULL,"finalized","2026-09-19 23:28:04.547+00","2026-09-19 23:28:07.416+00","1.05","1.05",2,NULL,"2026-09-19 23:28:07.266+00","2026-09-19 23:28:07.411+00"
"45550c8f-b9f2-453b-a4b3-dac41cac5c5a","20260919_234252","t-001","f-001","b-001","wv-001","st-01",NULL,"finalized","2026-09-19 23:42:52.33+00","2026-09-19 23:42:55.177+00","2.85","2.85",2,NULL,"2026-09-19 23:42:55.113+00","2026-09-19 23:42:55.176+00"
"d7b7ea88-caa1-412c-9ed8-a6837e9f3cf5","20260919_235801","t-001","f-001","b-001","wv-001","st-01",NULL,"finalized","2026-09-19 23:58:01.665+00","2026-09-19 23:58:03.459+00",NULL,"0.00",2,NULL,"2026-09-19 23:58:03.366+00","2026-09-19 23:58:03.455+00"
"d2f8e2b8-c987-4eb3-b767-1c838a6bebbc","20260919_232834","t-001","f-001","b-001","wv-001","st-01",NULL,"finalized","2026-09-19 23:28:34.91+00","2026-09-19 23:28:38.771+00","1.90","1.90",2,NULL,"2026-09-19 23:28:38.711+00","2026-09-19 23:28:38.771+00"
"9c30ed52-9c1a-4d06-b6a6-2ec2b9f1ffc2","20260919_234049","t-001","f-001","b-001","wv-001","st-01",NULL,"finalized","2026-09-19 23:40:49.831+00","2026-09-19 23:40:52.28+00","2.40","2.40",2,NULL,"2026-09-19 23:40:52.209+00","2026-09-19 23:40:52.278+00"
"748cb1c4-937c-40e0-a7ba-ed8a1d99ff39","20260919_235042","t-001","f-001","b-001","wv-001","st-01",NULL,"finalized","2026-09-19 23:50:42.577+00","2026-09-19 23:50:45.513+00",NULL,"0.00",2,NULL,"2026-09-19 23:50:45.439+00","2026-09-19 23:50:45.51+00"
"903fdabd-670b-44ba-a643-899e35411528","20260919_234448","t-001","f-001","b-001","wv-001","st-01",NULL,"finalized","2026-09-19 23:44:48.53+00","2026-09-19 23:44:50.341+00","2.45","2.45",2,NULL,"2026-09-19 23:44:50.22+00","2026-09-19 23:44:50.337+00"
"0c9addfe-6bd0-4b14-9c07-f5ef89eede97","20260919_234105","t-001","f-001","b-001","wv-001","st-01",NULL,"finalized","2026-09-19 23:41:05.849+00","2026-09-19 23:41:08.082+00","2.40","2.40",2,NULL,"2026-09-19 23:41:07.984+00","2026-09-19 23:41:08.079+00"
"c64eca0c-c623-4487-8eca-00f0627c12a8","20260919_235426","t-001","f-001","b-001","wv-001","st-01",NULL,"finalized","2026-09-19 23:54:26.317+00","2026-09-19 23:54:36.276+00","0.30","0.30",2,NULL,"2026-09-19 23:54:36.174+00","2026-09-19 23:54:36.272+00"
"66a341b6-62e2-4221-ab20-0617ae57e8c1","20260919_235315","t-001","f-001","b-001","wv-001","st-01",NULL,"finalized","2026-09-19 23:53:15.232+00","2026-09-19 23:53:17.507+00",NULL,"0.00",2,NULL,"2026-09-19 23:53:17.413+00","2026-09-19 23:53:17.503+00"
"1b272f6b-5d2d-4d30-ad9e-afed4d2c9111","20260919_234543","t-001","f-001","b-001","wv-001","st-01",NULL,"finalized","2026-09-19 23:45:43.995+00","2026-09-19 23:45:46.47+00","2.45","2.45",2,NULL,"2026-09-19 23:45:46.357+00","2026-09-19 23:45:46.466+00"
"e2ceb5f8-aa8e-4128-9438-1432db55c090","20260919_235501","t-001","f-001","b-001","wv-001","st-01",NULL,"finalized","2026-09-19 23:55:01.403+00","2026-09-19 23:55:03.704+00",NULL,"0.00",2,NULL,"2026-09-19 23:55:03.638+00","2026-09-19 23:55:03.703+00"
"11aae5de-520f-4a96-a3cc-a1ac3d05f90c","20260919_235323","t-001","f-001","b-001","wv-001","st-01",NULL,"finalized","2026-09-19 23:53:23.6+00","2026-09-19 23:53:29.07+00","2.55","2.55",2,NULL,"2026-09-19 23:53:28.973+00","2026-09-19 23:53:29.069+00"
"c8c51405-bdec-4332-a637-fa96002f5e05","20260919_235505","t-001","f-001","b-001","wv-001","st-01",NULL,"finalized","2026-09-19 23:55:05.335+00","2026-09-19 23:55:09.578+00","1.85","1.85",2,NULL,"2026-09-19 23:55:09.472+00","2026-09-19 23:55:09.573+00"
"d4acd58b-40d8-46f1-bf11-d0be78fec0d6","20260919_234941","t-001","f-001","b-001","wv-001","st-01",NULL,"finalized","2026-09-19 23:49:41.773+00","2026-09-19 23:49:43.303+00","2.80","2.80",2,NULL,"2026-09-19 23:49:43.237+00","2026-09-19 23:49:43.302+00"
"14460ef0-6ee7-4c63-ad25-cafc83a8fde8","20260919_235717","t-001","f-001","b-001","wv-001","st-01",NULL,"finalized","2026-09-19 23:57:17.636+00","2026-09-19 23:57:19.344+00","3.05","3.05",2,NULL,"2026-09-19 23:57:19.184+00","2026-09-19 23:57:19.34+00"
"2327bf58-47d9-4b78-b481-5372f3581fe7","20260919_235008","t-001","f-001","b-001","wv-001","st-01",NULL,"finalized","2026-09-19 23:50:08.36+00","2026-09-19 23:50:09.608+00","2.80","2.80",2,NULL,"2026-09-19 23:50:09.498+00","2026-09-19 23:50:09.604+00"
"615462a7-3d1c-4271-af6f-901458135028","20260919_235012","t-001","f-001","b-001","wv-001","st-01",NULL,"finalized","2026-09-19 23:50:12.295+00","2026-09-19 23:50:15.396+00","2.80","2.80",2,NULL,"2026-09-19 23:50:15.289+00","2026-09-19 23:50:15.392+00"
"7e51451d-d0d6-4585-b8b7-c6c163643343","20260919_235943","t-001","f-001","b-001","wv-001","st-01",NULL,"finalized","2026-09-19 23:59:43.533+00","2026-09-19 23:59:45.335+00","3.45","3.45",2,NULL,"2026-09-19 23:59:45.254+00","2026-09-19 23:59:45.333+00"
"1810c954-08ad-400a-952f-42d72943ee00","20260919_235046","t-001","f-001","b-001","wv-001","st-01",NULL,"finalized","2026-09-19 23:50:46.631+00","2026-09-19 23:50:51.315+00","2.55","2.55",2,NULL,"2026-09-19 23:50:51.201+00","2026-09-19 23:50:51.312+00"
"a6ab69de-f671-47ce-b64d-ef41580c0335","20260919_235103","t-001","f-001","b-001","wv-001","st-01",NULL,"finalized","2026-09-19 23:51:03.325+00","2026-09-19 23:51:05.237+00","2.55","2.55",2,NULL,"2026-09-19 23:51:05.13+00","2026-09-19 23:51:05.234+00"
"9dbe3ce2-f365-4165-a37c-df66bd9c1c75","20260919_235127","t-001","f-001","b-001","wv-001","st-01",NULL,"finalized","2026-09-19 23:51:27.394+00","2026-09-19 23:51:29.112+00","2.55","2.55",2,NULL,"2026-09-19 23:51:29.046+00","2026-09-19 23:51:29.111+00"
"589281cd-7ce9-4520-884d-0994b2b0d614","20260919_235228","t-001","f-001","b-001","wv-001","st-01",NULL,"finalized","2026-09-19 23:52:28.889+00","2026-09-19 23:52:31.013+00","2.55","2.55",2,NULL,"2026-09-19 23:52:30.907+00","2026-09-19 23:52:31.009+00"
"61092d78-6384-4f1b-804c-0d433eb7af66","20260919_235447","t-001","f-001","b-001","wv-001","st-01",NULL,"finalized","2026-09-19 23:54:47.009+00","2026-09-19 23:54:49.894+00",NULL,"0.00",2,NULL,"2026-09-19 23:54:49.823+00","2026-09-19 23:54:49.891+00"
"8ce880db-4af3-4bcf-9019-c0df1b7bc1ae","20260919_235451","t-001","f-001","b-001","wv-001","st-01",NULL,"finalized","2026-09-19 23:54:51.366+00","2026-09-19 23:54:55.822+00","0.70","0.70",2,NULL,"2026-09-19 23:54:55.715+00","2026-09-19 23:54:55.818+00"
"9b6636d6-ebc7-42a8-a4e9-4086b70b8d0b","20260919_235540","t-001","f-001","b-001","wv-001","st-01",NULL,"finalized","2026-09-19 23:55:40.086+00","2026-09-19 23:55:43.438+00","2.15","2.15",2,NULL,"2026-09-19 23:55:43.326+00","2026-09-19 23:55:43.434+00"
"ed4f380b-052a-4bd4-b096-5ae0e96086c6","20260919_235512","t-001","f-001","b-001","wv-001","st-01",NULL,"finalized","2026-09-19 23:55:12.009+00","2026-09-19 23:55:15.391+00","1.85","1.85",2,NULL,"2026-09-19 23:55:15.23+00","2026-09-19 23:55:15.387+00"
"af0b3108-16ce-47af-8ea7-27f83253ca31","20260919_235520","t-001","f-001","b-001","wv-001","st-01",NULL,"finalized","2026-09-19 23:55:20.889+00","2026-09-19 23:55:23.396+00","1.85","1.85",2,NULL,"2026-09-19 23:55:23.283+00","2026-09-19 23:55:23.393+00"
"be39a5c2-b52c-47ff-a24e-8868351bbaef","20260919_235632","t-001","f-001","b-001","wv-001","st-01",NULL,"finalized","2026-09-19 23:56:32.968+00","2026-09-19 23:56:36.136+00","2.70","2.70",2,NULL,"2026-09-19 23:56:36.04+00","2026-09-19 23:56:36.133+00"
"1071fe5f-b925-4a57-9046-ed41ca0f276e","20260919_235649","t-001","f-001","b-001","wv-001","st-01",NULL,"finalized","2026-09-19 23:56:49.78+00","2026-09-19 23:56:55.389+00",NULL,"0.00",2,NULL,"2026-09-19 23:56:55.337+00","2026-09-19 23:56:55.388+00"
"854774e4-d704-48f1-87f6-de503dac8b46","20260919_235654","t-001","f-001","b-001","wv-001","st-01",NULL,"finalized","2026-09-19 23:56:54.401+00","2026-09-19 23:56:59.192+00","3.45","3.45",2,NULL,"2026-09-19 23:56:59.089+00","2026-09-19 23:56:59.188+00"
"71704e62-35a1-45e8-af33-9dfd4c271abd","20260919_235814","t-001","f-001","b-001","wv-001","st-01",NULL,"finalized","2026-09-19 23:58:14.639+00","2026-09-19 23:58:17.421+00",NULL,"0.00",2,NULL,"2026-09-19 23:58:17.34+00","2026-09-19 23:58:17.417+00"
