"id","tenant_id","farm_id","barn_id","device_id","session_id","bucket","object_key","etag","mime_type","size_bytes","captured_at","created_at"
"bd8c0cfd-8234-5495-93b5-833aea7ef3a0","t-001","f-001","b-001","wv-001","20260917_062804","farmiq-media","tenants/t-001/farms/f-001/barns/b-001/devices/wv-001/images/2026/09/17/4dcee89f-3e32-49e6-a94f-18f79cd38c12.jpg","ea4ccd72ac2e941d3f5bffc760c52341","image/jpeg","2465331","2026-09-17 06:28:04.814568+00","2026-09-17 06:28:06.286296+00"
"27872c31-fe36-5241-b123-be53a76717cb","t-001","f-001","b-001","wv-001","20260917_062804","farmiq-media","tenants/t-001/farms/f-001/barns/b-001/devices/wv-001/images/2026/09/17/d98a67e9-e06c-408b-a373-ba9e6a4781da.jpg","b3fe9d64e86d057e3ea60a7e31cad479","image/jpeg","2493923","2026-09-17 06:28:04.814568+00","2026-09-17 06:28:06.678172+00"
"6b7c1a4d-a55a-5cf7-96ff-d0b54fe505d9","t-001","f-001","b-001","wv-001","20260917_062637","farmiq-media","tenants/t-001/farms/f-001/barns/b-001/devices/wv-001/images/2026/09/17/83567bd2-28d8-4181-8d34-48be7c1e135e.jpg","664b2878b9c698629ccb907f8364f9d5","image/jpeg","2593863","2026-09-17 06:26:37.385184+00","2026-09-17 06:26:43.494121+00"
"94d27071-962b-5aa9-9334-2ca29fb53d9e","t-001","f-001","b-001","wv-001","20260917_062637","farmiq-media","tenants/t-001/farms/f-001/barns/b-001/devices/wv-001/images/2026/09/17/10344923-797b-4d59-95a5-c1d3bdd749a8.jpg","eadbe07fd47bd177af88720cd8a426e2","image/jpeg","2612689","2026-09-17 06:26:37.385184+00","2026-09-17 06:26:44.008315+00"
"0200b278-f9f4-53aa-baec-392ddc0a1400","t-001","f-001","b-001","wv-001","20260917_062607","farmiq-media","tenants/t-001/farms/f-001/barns/b-001/devices/wv-001/images/2026/09/17/74e98d3c-7166-4502-afdb-d9ea887a5fbd.jpg","ad55db7eb7b4d87ca554786ed6b501c9","image/jpeg","2234999","2026-09-17 06:26:07.367269+00","2026-09-17 06:26:37.295188+00"
"4119f2fa-34e8-5653-89e5-5fa44638b5b6","t-001","f-001","b-001","wv-001","20260917_062607","farmiq-media","tenants/t-001/farms/f-001/barns/b-001/devices/wv-001/images/2026/09/17/ff8d9966-9fe3-4cd5-88cc-ffd317c4a86b.jpg","3984d64dc5d24d01fdd771e76e9b5d88","image/jpeg","2277043","2026-09-17 06:26:07.367269+00","2026-09-17 06:26:37.797192+00"
"8ecb7ced-41e0-5285-92fd-18384d5e72c5","t-001","f-001","b-001","wv-001","20260917_062603","farmiq-media","tenants/t-001/farms/f-001/barns/b-001/devices/wv-001/images/2026/09/17/8b3a3b5e-9389-4f8b-a6f5-e54dd48da89c.jpg","82bc3530dfe5bc280716b0ad02992414","image/jpeg","2481946","2026-09-17 06:26:03.230131+00","2026-09-17 06:26:31.106202+00"
"8cee19f4-18ea-5c40-9cc5-2372b762cd21","t-001","f-001","b-001","wv-001","20260917_062603","farmiq-media","tenants/t-001/farms/f-001/barns/b-001/devices/wv-001/images/2026/09/17/c74aa456-8d60-45b4-802b-a5b79a1590c8.jpg","923086d2fd99ea96d590e874c85c176b","image/jpeg","2507202","2026-09-17 06:26:03.230131+00","2026-09-17 06:26:31.612204+00"
"a7c71aeb-5423-5291-8a24-cce0f60f5e64","t-001","f-001","b-001","wv-001","20260917_062525","farmiq-media","tenants/t-001/farms/f-001/barns/b-001/devices/wv-001/images/2026/09/17/f5a30f93-25c7-4c2e-bb9c-24e067d65304.jpg","92aedef4c461825a9bbc3b007d1a6e40","image/jpeg","2445796","2026-09-17 06:25:25.546818+00","2026-09-17 06:25:27.48206+00"
"db7f2935-8ae2-5175-96e2-9394c4559cfb","t-001","f-001","b-001","wv-001","20260917_062525","farmiq-media","tenants/t-001/farms/f-001/barns/b-001/devices/wv-001/images/2026/09/17/3dc30c18-7eaa-4ff8-a485-8a8f692db98b.jpg","e37583d58b83a28db79238984cc69501","image/jpeg","2465383","2026-09-17 06:25:25.546818+00","2026-09-17 06:25:27.805739+00"
"070f7e89-af5b-57f7-be29-17fd139082d2","t-001","f-001","b-001","wv-001","20260917_062503","farmiq-media","tenants/t-001/farms/f-001/barns/b-001/devices/wv-001/images/2026/09/17/95eb38ac-74bc-4a55-a036-c8a2248b4f5b.jpg","f3cc7e1e63f69f3a134820521a09597c","image/jpeg","2210228","2026-09-17 06:25:03.712545+00","2026-09-17 06:25:05.436722+00"
"ebb46ea5-0ae0-5279-8434-dcd737047237","t-001","f-001","b-001","wv-001","20260917_062503","farmiq-media","tenants/t-001/farms/f-001/barns/b-001/devices/wv-001/images/2026/09/17/43114aad-6019-4c1f-bc0e-ecfad3331bf8.jpg","af69856fd073aee545eb71dc18c75899","image/jpeg","2254970","2026-09-17 06:25:03.712545+00","2026-09-17 06:25:05.68995+00"
"035bf275-364f-5158-b2c8-05fdffd3e619","t-001","f-001","b-001","wv-001","20260917_062456","farmiq-media","tenants/t-001/farms/f-001/barns/b-001/devices/wv-001/images/2026/09/17/9f9dba3c-07c1-4860-93b4-8f5a53a6b1e6.jpg","8e561e1a236e33df8e2ffcfb8783440a","image/jpeg","2458869","2026-09-17 06:24:56.81471+00","2026-09-17 06:24:57.635792+00"
"0ebabd73-c04a-5abb-a08d-b8a492fa35fc","t-001","f-001","b-001","wv-001","20260917_062456","farmiq-media","tenants/t-001/farms/f-001/barns/b-001/devices/wv-001/images/2026/09/17/83ee75b1-9776-423b-9530-fee3a3bbd55d.jpg","10c055e0f760a6fd5e2caaed5df94813","image/jpeg","2500270","2026-09-17 06:24:56.81471+00","2026-09-17 06:24:57.905048+00"
"744e80be-daff-520f-94e2-bfb19a5a187b","t-001","f-001","b-001","wv-001","20260917_062334","farmiq-media","tenants/t-001/farms/f-001/barns/b-001/devices/wv-001/images/2026/09/17/bbcfab68-5246-45c9-b8fe-6f5e595c2fac.jpg","06a394887880eaca87ae86d4288e2f4e","image/jpeg","2163797","2026-09-17 06:23:34.944573+00","2026-09-17 06:23:37.184724+00"
"52777af1-006f-5b95-bc7d-1fd670f444ea","t-001","f-001","b-001","wv-001","20260917_062334","farmiq-media","tenants/t-001/farms/f-001/barns/b-001/devices/wv-001/images/2026/09/17/65485cda-acad-423c-975f-c4aed457fa3c.jpg","3ad23ec9571045481b0b04e656ce9001","image/jpeg","2204940","2026-09-17 06:23:34.944573+00","2026-09-17 06:23:37.448954+00"
"d8c06002-acb0-5824-8d84-af12ebd2ed4f","t-001","f-001","b-001","wv-001","20260917_062314","farmiq-media","tenants/t-001/farms/f-001/barns/b-001/devices/wv-001/images/2026/09/17/5caed80a-621e-4ea4-ac1e-c8e5af6391ca.jpg","bff6b5c2048559de1a625ada98f18fae","image/jpeg","2261161","2026-09-17 06:23:14.43672+00","2026-09-17 06:23:17.220688+00"
"5ce11ec2-79ce-5fce-a51e-9e4c7b13297a","t-001","f-001","b-001","wv-001","20260917_062314","farmiq-media","tenants/t-001/farms/f-001/barns/b-001/devices/wv-001/images/2026/09/17/c8eca25a-ab05-4dd0-9f18-f88f912f614c.jpg","e9ee25ab46a998b069b3499acec4bec0","image/jpeg","2306028","2026-09-17 06:23:14.43672+00","2026-09-17 06:23:17.567717+00"
"1ad103b4-2221-5fcf-acf5-1562fa42fd74","t-001","f-001","b-001","wv-001","20260917_062309","farmiq-media","tenants/t-001/farms/f-001/barns/b-001/devices/wv-001/images/2026/09/17/365bea7c-eb09-4454-ae6a-e3c6a0fd76b1.jpg","8c0362cc912879436545207177c62c7b","image/jpeg","2607931","2026-09-17 06:23:09.595607+00","2026-09-17 06:23:11.38174+00"
"aad24623-fa60-556b-8eca-2fc030e8c83f","t-001","f-001","b-001","wv-001","20260917_062309","farmiq-media","tenants/t-001/farms/f-001/barns/b-001/devices/wv-001/images/2026/09/17/7c5113ff-8a23-44a9-a0a8-3989ad33d896.jpg","624b33acb8219ac9ba0abaa4fd44f4c6","image/jpeg","2638351","2026-09-17 06:23:09.595607+00","2026-09-17 06:23:11.691589+00"
"2fafa63e-0a76-5127-9a31-de3008eca713","t-001","f-001","b-001","wv-001","20260917_062237","farmiq-media","tenants/t-001/farms/f-001/barns/b-001/devices/wv-001/images/2026/09/17/ca6449fa-4a41-4322-8c1a-b56e17111bd4.jpg","91dc21fa16cd276e35192084c469c20a","image/jpeg","2472329","2026-09-17 06:22:37.808528+00","2026-09-17 06:22:39.309168+00"
"40313ea8-a004-5428-9de6-b24b0f995520","t-001","f-001","b-001","wv-001","20260917_062237","farmiq-media","tenants/t-001/farms/f-001/barns/b-001/devices/wv-001/images/2026/09/17/2078d3e7-cfe2-42e1-993c-6878cc548570.jpg","345b535f05d4ab2e33b45ae243d1bd7d","image/jpeg","2490875","2026-09-17 06:22:37.808528+00","2026-09-17 06:22:39.59885+00"
"841ee04b-3da3-5682-9b51-2feddce6b1db","t-001","f-001","b-001","wv-001","20260917_062202","farmiq-media","tenants/t-001/farms/f-001/barns/b-001/devices/wv-001/images/2026/09/17/fd009bbb-8519-46c2-b9bd-0aee7aab052b.jpg","20ab01b1e46d28a877bb2b0473d81b1a","image/jpeg","2436175","2026-09-17 06:22:02.966873+00","2026-09-17 06:22:05.212139+00"
"b0a2582a-ad45-5fdc-9b8a-5555bcd4e718","t-001","f-001","b-001","wv-001","20260917_062202","farmiq-media","tenants/t-001/farms/f-001/barns/b-001/devices/wv-001/images/2026/09/17/c4fb0bbb-1823-4c09-90c8-ec90e4743d9b.jpg","d83d91c000e41ec8bcf3ee14ae73cb6b","image/jpeg","2458263","2026-09-17 06:22:02.966873+00","2026-09-17 06:22:05.504401+00"
"06a573df-d887-5b39-9781-93bd7e3a057b","t-001","f-001","b-001","wv-001","20260917_062152","farmiq-media","tenants/t-001/farms/f-001/barns/b-001/devices/wv-001/images/2026/09/17/b7c36746-dd0d-485a-bcba-3966708c5518.jpg","13f8a3ebb475b3b8d9d3bf0c6dd23aa8","image/jpeg","2342250","2026-09-17 06:21:52.621551+00","2026-09-17 06:21:53.398341+00"
"f1db19e9-8b8e-537d-b5dc-975478a3b907","t-001","f-001","b-001","wv-001","20260917_062152","farmiq-media","tenants/t-001/farms/f-001/barns/b-001/devices/wv-001/images/2026/09/17/78a4a34b-04d8-4ed1-a15d-1bec8722a0ac.jpg","ef9d0d9d1beafe4e42598e0cb0ccdbe2","image/jpeg","2375841","2026-09-17 06:21:52.621551+00","2026-09-17 06:21:53.659643+00"
"1dbd409b-e567-56c7-a845-6343d3b5f6ed","t-001","f-001","b-001","wv-001","20260917_062140","farmiq-media","tenants/t-001/farms/f-001/barns/b-001/devices/wv-001/images/2026/09/17/d50cb546-a371-4f08-81ab-359f38e0005f.jpg","207046a269efa956d3091dbe64460fcb","image/jpeg","2323765","2026-09-17 06:21:40.837151+00","2026-09-17 06:21:41.527852+00"
"1baa6429-230e-5c88-8dbe-7bef01aceeb7","t-001","f-001","b-001","wv-001","20260917_062140","farmiq-media","tenants/t-001/farms/f-001/barns/b-001/devices/wv-001/images/2026/09/17/50e11f13-80b4-4c19-aa5b-0357d175b39d.jpg","0a0ed7d2cf025a5bed1f01a3f0c68f80","image/jpeg","2357211","2026-09-17 06:21:40.837151+00","2026-09-17 06:21:41.783247+00"
"0c7818cd-7a96-5839-a215-6d3451f830a6","t-001","f-001","b-001","wv-001","20260917_062124","farmiq-media","tenants/t-001/farms/f-001/barns/b-001/devices/wv-001/images/2026/09/17/08e2376a-4af2-4c69-b37a-6978f41bd49a.jpg","aff7b1c746363d4a34c82e713a5db1f2","image/jpeg","2231104","2026-09-17 06:21:24.626887+00","2026-09-17 06:21:25.689582+00"
"37f50fc3-5cd8-529e-a730-826174ec5609","t-001","f-001","b-001","wv-001","20260917_062124","farmiq-media","tenants/t-001/farms/f-001/barns/b-001/devices/wv-001/images/2026/09/17/9af1af4d-ad09-445f-b4f4-58c46a673420.jpg","1b57c45268815c0461275918590eb80e","image/jpeg","2274783","2026-09-17 06:21:24.626887+00","2026-09-17 06:21:25.966607+00"
"575a733c-073e-5ab6-a349-61e45f816c58","t-001","f-001","b-001","wv-001","20260917_062042","farmiq-media","tenants/t-001/farms/f-001/barns/b-001/devices/wv-001/images/2026/09/17/79154063-4dcc-4b9a-9f7e-b194e4b8d4ae.jpg","082ac9232eede9aad3ce69efee87f4b2","image/jpeg","2238353","2026-09-17 06:20:42.199487+00","2026-09-17 06:21:01.762148+00"
"dae67f36-f374-5ee9-86bc-f62860d907b4","t-001","f-001","b-001","wv-001","20260917_062042","farmiq-media","tenants/t-001/farms/f-001/barns/b-001/devices/wv-001/images/2026/09/17/f4b16e14-0d9a-4860-9184-0c7fcaeb62de.jpg","4f4335da2152a0e4f9d017bda02b2e03","image/jpeg","2280980","2026-09-17 06:20:42.199487+00","2026-09-17 06:21:02.004048+00"
"477b8a68-f75b-555f-91d3-4db8e7a2db25","t-001","f-001","b-001","wv-001","20260917_062038","farmiq-media","tenants/t-001/farms/f-001/barns/b-001/devices/wv-001/images/2026/09/17/8bf93f07-30b0-4e42-b735-c50385804969.jpg","791ac4d16c4e5cbf176f28c3feb3a328","image/jpeg","2488368","2026-09-17 06:20:38.112431+00","2026-09-17 06:20:58.084792+00"
"63496be2-3f39-5db6-84e3-2b21c2b799c4","t-001","f-001","b-001","wv-001","20260917_062038","farmiq-media","tenants/t-001/farms/f-001/barns/b-001/devices/wv-001/images/2026/09/17/ea8ac82e-2289-4780-a4e9-34f65f900813.jpg","7436da43f659476c1a9f869a9208585f","image/jpeg","2518417","2026-09-17 06:20:38.112431+00","2026-09-17 06:20:58.370192+00"
"4316e174-5934-5aaa-a608-c3ab1987962f","t-001","f-001","b-001","wv-001","20260917_062024","farmiq-media","tenants/t-001/farms/f-001/barns/b-001/devices/wv-001/images/2026/09/17/f1f59733-b3ce-4f82-8add-598571b86913.jpg","330d2837a2509b1203e7013c52d98bc2","image/jpeg","2338822","2026-09-17 06:20:24.146282+00","2026-09-17 06:20:32.847518+00"
"37336cb1-8f87-5e31-ba35-4a022e6a9e47","t-001","f-001","b-001","wv-001","20260917_062024","farmiq-media","tenants/t-001/farms/f-001/barns/b-001/devices/wv-001/images/2026/09/17/7a84c345-ab22-48ce-8664-d8077b677a1c.jpg","8396df8843ab9b5becd08a8931bdd9a1","image/jpeg","2376960","2026-09-17 06:20:24.146282+00","2026-09-17 06:20:52.532607+00"
"e04c21d0-2744-5544-87b0-e34d264c9f4d","t-001","f-001","b-001","wv-001","20260917_062019","farmiq-media","tenants/t-001/farms/f-001/barns/b-001/devices/wv-001/images/2026/09/17/97c915db-a5a7-4694-b848-0e9b6b9707ed.jpg","50c4c0d02f2735e93148685a336a9a5a","image/jpeg","2497992","2026-09-17 06:20:19.927352+00","2026-09-17 06:20:23.897405+00"
"ebbb0d99-e4a7-56c1-8e05-459de8908696","t-001","f-001","b-001","wv-001","20260917_062019","farmiq-media","tenants/t-001/farms/f-001/barns/b-001/devices/wv-001/images/2026/09/17/6d9f6bad-9a66-4f42-ad7f-e0aa0d20a5f1.jpg","a16f4d3cd528c6aca5ec029cba13c007","image/jpeg","2534068","2026-09-17 06:20:19.927352+00","2026-09-17 06:20:25.380066+00"
"d7d2b0a9-c3dc-5458-8ad7-b0d1caf83882","t-001","f-001","b-001","wv-001","20260917_061929","farmiq-media","tenants/t-001/farms/f-001/barns/b-001/devices/wv-001/images/2026/09/17/c1f97281-2e26-4aa4-8df1-ba874d48d98e.jpg","bb45675c887971a4f8798802f529279c","image/jpeg","2455841","2026-09-17 06:19:29.242542+00","2026-09-17 06:19:31.637735+00"
"6a28646f-c007-5f78-8440-2a5325852252","t-001","f-001","b-001","wv-001","20260917_061929","farmiq-media","tenants/t-001/farms/f-001/barns/b-001/devices/wv-001/images/2026/09/17/6f23169a-d6cf-4267-970b-12df153bfe9d.jpg","33b5b39f12895bfecae99c6eef43078f","image/jpeg","2496794","2026-09-17 06:19:29.242542+00","2026-09-17 06:19:32.086757+00"
"1840dcd2-09d8-5554-ad2b-ab8f98352650","t-001","f-001","b-001","wv-001","20260917_061830","farmiq-media","tenants/t-001/farms/f-001/barns/b-001/devices/wv-001/images/2026/09/17/73d4bd6b-8c74-4c36-91ff-4f89956f144f.jpg","b48c8b43176c22ff7fa9961b2eaec4c9","image/jpeg","2561085","2026-09-17 06:18:30.441894+00","2026-09-17 06:18:33.044511+00"
"94189396-26ef-59ec-9ab7-62d4107a6bd6","t-001","f-001","b-001","wv-001","20260917_061830","farmiq-media","tenants/t-001/farms/f-001/barns/b-001/devices/wv-001/images/2026/09/17/29e632a8-8592-4d4c-8fa7-96acba6e0670.jpg","5dd6fa480bc202a748c975791cf69729","image/jpeg","2596071","2026-09-17 06:18:30.441894+00","2026-09-17 06:18:33.558748+00"
"51811c39-7d89-5f89-babc-a5da0519fe41","t-001","f-001","b-001","wv-001","20260917_061735","farmiq-media","tenants/t-001/farms/f-001/barns/b-001/devices/wv-001/images/2026/09/17/5b3c34ed-8071-4676-8b28-0fc57c99908d.jpg","58871ac412012508e0ee36ebb47c635c","image/jpeg","2429692","2026-09-17 06:17:35.518923+00","2026-09-17 06:17:36.483966+00"
"55dbb03a-9d46-5a8f-ae8c-ad0ac710cb7c","t-001","f-001","b-001","wv-001","20260917_061735","farmiq-media","tenants/t-001/farms/f-001/barns/b-001/devices/wv-001/images/2026/09/17/820854ce-5d65-40a1-a27b-dc46c524841c.jpg","b3b509451be99a55a4d2803956fdd75b","image/jpeg","2462641","2026-09-17 06:17:35.518923+00","2026-09-17 06:17:36.923542+00"
"13129f21-2a61-5cba-94cf-23ce5c8c9e5a","t-001","f-001","b-001","wv-001","20260917_061708","farmiq-media","tenants/t-001/farms/f-001/barns/b-001/devices/wv-001/images/2026/09/17/85a17605-5b00-4ee2-98b3-74ebd7930458.jpg","a48b8a004e08b3e7b6c97df311d49045","image/jpeg","2480090","2026-09-17 06:17:08.470259+00","2026-09-17 06:17:10.193599+00"
"d55eb91c-fe53-52fa-85a3-51978b224304","t-001","f-001","b-001","wv-001","20260917_061708","farmiq-media","tenants/t-001/farms/f-001/barns/b-001/devices/wv-001/images/2026/09/17/a51a574c-e177-478f-81a9-d3a5eb1a9e6e.jpg","1746beb520b044f9b74ac24845eefb0e","image/jpeg","2517413","2026-09-17 06:17:08.470259+00","2026-09-17 06:17:10.616035+00"
"c68db0b8-2eab-51f6-8ab1-7c5dec7244e5","t-001","f-001","b-001","wv-001","20260917_061645","farmiq-media","tenants/t-001/farms/f-001/barns/b-001/devices/wv-001/images/2026/09/17/a7465e30-1645-451b-adbd-e361fae7df96.jpg","6ec3cf2cc4970892fb0184b9d30a21a5","image/jpeg","2554433","2026-09-17 06:16:45.185187+00","2026-09-17 06:16:46.064311+00"
"32e635a5-a258-55ad-8d20-4205343db557","t-001","f-001","b-001","wv-001","20260917_061645","farmiq-media","tenants/t-001/farms/f-001/barns/b-001/devices/wv-001/images/2026/09/17/69a74361-63bd-4f9b-b28c-cc9f1449d56f.jpg","4c10e9418772a6f652c984284b89e8aa","image/jpeg","2579337","2026-09-17 06:16:45.185187+00","2026-09-17 06:16:46.444461+00"
"a8dbb1b6-ad15-5a80-befd-79e85c21cc44","t-001","f-001","b-001","wv-001","20260917_061619","farmiq-media","tenants/t-001/farms/f-001/barns/b-001/devices/wv-001/images/2026/09/17/02066b87-d419-4420-ae92-089d3656f133.jpg","93c4820ebd75bedbd5f4547b553a85a1","image/jpeg","2297353","2026-09-17 06:16:19.825313+00","2026-09-17 06:16:21.862455+00"
"868b73d4-7efc-5024-9ee5-820da102b5fd","t-001","f-001","b-001","wv-001","20260917_061619","farmiq-media","tenants/t-001/farms/f-001/barns/b-001/devices/wv-001/images/2026/09/17/b31c2797-8f07-4439-afd4-a1aa1a3306b5.jpg","933f6e3c7bf1aa54beaf67db95cfc0aa","image/jpeg","2329577","2026-09-17 06:16:19.825313+00","2026-09-17 06:16:22.29747+00"
"9e40f5d0-7ba8-5a19-9ef6-fe44a72bebc8","t-001","f-001","b-001","wv-001","20260917_061614","farmiq-media","tenants/t-001/farms/f-001/barns/b-001/devices/wv-001/images/2026/09/17/049cfef8-2179-435e-a9e9-1df655ff0f52.jpg","077e0be036ad940f84e8170dcb29eae8","image/jpeg","2365206","2026-09-17 06:16:14.704261+00","2026-09-17 06:16:15.872598+00"
"13631d41-54c6-51db-bd49-59a239a10c35","t-001","f-001","b-001","wv-001","20260917_061614","farmiq-media","tenants/t-001/farms/f-001/barns/b-001/devices/wv-001/images/2026/09/17/fd6fbe02-fcc0-4165-9f67-5622abc495c7.jpg","ee2fc90c2226556c5dad503f80585a8f","image/jpeg","2396993","2026-09-17 06:16:14.704261+00","2026-09-17 06:16:16.272899+00"
"3a3351a5-3061-51a6-bfd9-6f41953a4aeb","t-001","f-001","b-001","wv-001","20260917_061555","farmiq-media","tenants/t-001/farms/f-001/barns/b-001/devices/wv-001/images/2026/09/17/c391f9c6-eb49-4b08-9def-5657285ff68e.jpg","0271e16971c39a6ab26f8128ab312d60","image/jpeg","2576187","2026-09-17 06:15:55.341663+00","2026-09-17 06:15:57.790177+00"
"4bfb49c8-9e7e-5c0f-a31d-95f03ebaab64","t-001","f-001","b-001","wv-001","20260917_061555","farmiq-media","tenants/t-001/farms/f-001/barns/b-001/devices/wv-001/images/2026/09/17/6d59acac-d609-44b7-9e76-81241f83b281.jpg","43c2ae5381a2a58a38fd1c1a563b7896","image/jpeg","2607617","2026-09-17 06:15:55.341663+00","2026-09-17 06:15:58.203742+00"
"be9e272c-9190-5438-88e4-3295297d23e6","t-001","f-001","b-001","wv-001","20260917_061538","farmiq-media","tenants/t-001/farms/f-001/barns/b-001/devices/wv-001/images/2026/09/17/8f8d133f-9d0e-4721-81d9-11a9b1722ea8.jpg","ba4dc0d35d2d9f08c446c43a2b966fa5","image/jpeg","2423935","2026-09-17 06:15:38.925973+00","2026-09-17 06:15:39.592957+00"
"4e110941-0fee-5e10-9fe7-c3920afad3a5","t-001","f-001","b-001","wv-001","20260917_061538","farmiq-media","tenants/t-001/farms/f-001/barns/b-001/devices/wv-001/images/2026/09/17/f1b3aa94-8cd9-44b6-81a5-3be0750922b0.jpg","0990d0a7ed5779196184b58cb9c94809","image/jpeg","2454985","2026-09-17 06:15:38.925973+00","2026-09-17 06:15:40.03453+00"
"1229fd7d-2d27-5995-8557-9dee0ed29648","t-001","f-001","b-001","wv-001","20260917_061520","farmiq-media","tenants/t-001/farms/f-001/barns/b-001/devices/wv-001/images/2026/09/17/ce3a6143-64f6-4143-b974-b05b150e9d76.jpg","8815687960f09bd6d78c0f9e0d10597b","image/jpeg","2589357","2026-09-17 06:15:20.066769+00","2026-09-17 06:15:21.421522+00"
"179f70b2-0836-58f3-9761-af4e592928da","t-001","f-001","b-001","wv-001","20260917_061520","farmiq-media","tenants/t-001/farms/f-001/barns/b-001/devices/wv-001/images/2026/09/17/1a3ae6b8-5f22-4db1-8df7-edfbe50d8f80.jpg","f5350478ad316b5ef1775db36775a4a1","image/jpeg","2614518","2026-09-17 06:15:20.066769+00","2026-09-17 06:15:21.86645+00"
"6a26c042-8de5-5a01-b79d-752026a516b6","t-001","f-001","b-001","wv-001","20260917_061417","farmiq-media","tenants/t-001/farms/f-001/barns/b-001/devices/wv-001/images/2026/09/17/1941d05a-e81e-41e0-a331-fe5e0fec85a9.jpg","2a78e261c17a0be7f1ace46d18443901","image/jpeg","2621466","2026-09-17 06:14:17.835775+00","2026-09-17 06:14:18.996957+00"
"43840de5-c7c4-5143-9d8e-044f9fda64db","t-001","f-001","b-001","wv-001","20260917_061417","farmiq-media","tenants/t-001/farms/f-001/barns/b-001/devices/wv-001/images/2026/09/17/81bef134-6882-4748-93dd-175d4fe531aa.jpg","882bb40142f2374d52f5520aef7db930","image/jpeg","2642723","2026-09-17 06:14:17.835775+00","2026-09-17 06:14:19.439106+00"
"f2e7dcec-2fd5-5563-b35c-03783e5b8366","t-001","f-001","b-001","wv-001","20260917_061359","farmiq-media","tenants/t-001/farms/f-001/barns/b-001/devices/wv-001/images/2026/09/17/8fe99386-219c-4944-bd45-4a399ccd7e56.jpg","c494ded93c9be71591330fda9e9e3541","image/jpeg","2615392","2026-09-17 06:13:59.971227+00","2026-09-17 06:14:00.790449+00"
"2294cf4e-3d5f-5c17-98d2-3e27f75aab1c","t-001","f-001","b-001","wv-001","20260917_061359","farmiq-media","tenants/t-001/farms/f-001/barns/b-001/devices/wv-001/images/2026/09/17/730a18b2-c8bc-4070-96ac-27fd5b4e1637.jpg","9b90c2198ffe21d3306322737105ac76","image/jpeg","2639778","2026-09-17 06:13:59.971227+00","2026-09-17 06:14:01.225777+00"
"194ed2b4-3b3a-5599-958f-a6b8ce2dc81b","t-001","f-001","b-001","wv-001","20260917_061348","farmiq-media","tenants/t-001/farms/f-001/barns/b-001/devices/wv-001/images/2026/09/17/6bb8ff4b-b72d-4933-8820-0d7302092fd3.jpg","16baddfd0b8338c3573b3cfae45010ec","image/jpeg","2582716","2026-09-17 06:13:48.024651+00","2026-09-17 06:13:48.741152+00"
"f5758949-abe0-5028-8e1d-a6f6fbb86b0e","t-001","f-001","b-001","wv-001","20260917_061348","farmiq-media","tenants/t-001/farms/f-001/barns/b-001/devices/wv-001/images/2026/09/17/c8033e91-3f6e-43ba-a9d9-3c975a683d4e.jpg","414f9a95694f185ffc259348d6a9d606","image/jpeg","2603843","2026-09-17 06:13:48.024651+00","2026-09-17 06:13:49.135659+00"
"acff2df7-3ab2-5916-82d8-4523d884e3d2","t-001","f-001","b-001","wv-001","20260917_061306","farmiq-media","tenants/t-001/farms/f-001/barns/b-001/devices/wv-001/images/2026/09/17/9b4ecddf-e9f5-400e-8bf7-9022bfc41239.jpg","fd0bf220a84bd273855aaa0b98e66a2e","image/jpeg","2574039","2026-09-17 06:13:06.148744+00","2026-09-17 06:13:08.356966+00"
"f5e9e303-3cdd-5936-946f-ac4774c4f5ae","t-001","f-001","b-001","wv-001","20260917_061306","farmiq-media","tenants/t-001/farms/f-001/barns/b-001/devices/wv-001/images/2026/09/17/64666a77-ffe5-4024-b0bd-49c5b13af09e.jpg","6ea92ee206ba8547fa23bd58286f3a4d","image/jpeg","2599747","2026-09-17 06:13:06.148744+00","2026-09-17 06:13:08.830888+00"
"6002eec5-6fd8-5d70-ae0a-d65ff5cf5924","t-001","f-001","b-001","wv-001","20260917_061238","farmiq-media","tenants/t-001/farms/f-001/barns/b-001/devices/wv-001/images/2026/09/17/abee8de1-d7f9-4095-b797-2f4852847a52.jpg","a2f07a1221f5774b8855676397b43edc","image/jpeg","2320101","2026-09-17 06:12:38.600497+00","2026-09-17 06:12:40.146112+00"
"e771c7d1-10cd-5913-bb2b-d9c7860f114e","t-001","f-001","b-001","wv-001","20260917_061238","farmiq-media","tenants/t-001/farms/f-001/barns/b-001/devices/wv-001/images/2026/09/17/16470e08-a083-4368-bd11-981dff3d93b6.jpg","0a6840993dbf7c3ac7e2805d512529c5","image/jpeg","2356511","2026-09-17 06:12:38.600497+00","2026-09-17 06:12:40.51793+00"
"4deeb7bc-6399-5190-b57f-45e4ee9e7ba6","t-001","f-001","b-001","wv-001","20260917_061221","farmiq-media","tenants/t-001/farms/f-001/barns/b-001/devices/wv-001/images/2026/09/17/72cb9dd9-6912-4094-be3f-c208a492c843.jpg","d830f1a6ad30945b75b5ac49fdc6cd6f","image/jpeg","2463722","2026-09-17 06:12:21.133012+00","2026-09-17 06:12:23.99765+00"
"158a2e77-4028-55e7-a37b-13076f5a374e","t-001","f-001","b-001","wv-001","20260917_061221","farmiq-media","tenants/t-001/farms/f-001/barns/b-001/devices/wv-001/images/2026/09/17/d6fe76a6-dd36-4551-aa9e-3935e7a2dafd.jpg","fb17c5bf8681c454fd6cd24ace3d20ef","image/jpeg","2501078","2026-09-17 06:12:21.133012+00","2026-09-17 06:12:24.43556+00"
"01a45e20-d3e2-53ef-9a3a-702f806c3e34","t-001","f-001","b-001","wv-001","20260917_061216","farmiq-media","tenants/t-001/farms/f-001/barns/b-001/devices/wv-001/images/2026/09/17/08746619-3070-4302-9afe-c12325109911.jpg","65023abf68125e0c33ab8f17ec1d8554","image/jpeg","2638293","2026-09-17 06:12:16.820975+00","2026-09-17 06:12:17.949975+00"
"f77470a0-4d76-5c6a-9af6-9422cc9c0720","t-001","f-001","b-001","wv-001","20260917_061216","farmiq-media","tenants/t-001/farms/f-001/barns/b-001/devices/wv-001/images/2026/09/17/308afe69-63df-47f9-92c2-372c13897fae.jpg","7a4bfda7efed80af5a5031802fdb6b1e","image/jpeg","2676170","2026-09-17 06:12:16.820975+00","2026-09-17 06:12:18.349463+00"
"118b468d-6a79-525d-9591-7c1fcfc532f9","t-001","f-001","b-001","wv-001","20260917_061155","farmiq-media","tenants/t-001/farms/f-001/barns/b-001/devices/wv-001/images/2026/09/17/116a8a21-74b8-4e19-817a-b12f17fc18bc.jpg","8602f053a5fdb950b9c6f7d850617b2e","image/jpeg","2570406","2026-09-17 06:11:55.554205+00","2026-09-17 06:11:57.750332+00"
"56a5c864-6950-514b-9b64-3be4dbbf2e71","t-001","f-001","b-001","wv-001","20260917_061155","farmiq-media","tenants/t-001/farms/f-001/barns/b-001/devices/wv-001/images/2026/09/17/0e48d466-a821-49f8-a39b-28dc2b23d927.jpg","34d8ce75bece2fb36776ad8b8a15aa4a","image/jpeg","2603937","2026-09-17 06:11:55.554205+00","2026-09-17 06:11:58.162507+00"
"423e04cc-cf8c-5fb4-a875-04b02f6eaf51","t-001","f-001","b-001","wv-001","20260917_061128","farmiq-media","tenants/t-001/farms/f-001/barns/b-001/devices/wv-001/images/2026/09/17/b44c681c-3c8d-40d1-bc63-39c892faa656.jpg","6d2234936762265c3dc90f1c5846c71c","image/jpeg","2310802","2026-09-17 06:11:28.633955+00","2026-09-17 06:11:31.462643+00"
"89d97e70-8944-51e6-91be-b5dd8a8d4c21","t-001","f-001","b-001","wv-001","20260917_061128","farmiq-media","tenants/t-001/farms/f-001/barns/b-001/devices/wv-001/images/2026/09/17/19d20bb6-4f19-4e4d-b79a-fead4dcb801f.jpg","b65129f16abc48941a9aab9b3a4ed299","image/jpeg","2356533","2026-09-17 06:11:28.633955+00","2026-09-17 06:11:31.94544+00"
"9f6bafdf-7b26-57fd-8de1-00707fd975dd","t-001","f-001","b-001","wv-001","20260917_061124","farmiq-media","tenants/t-001/farms/f-001/barns/b-001/devices/wv-001/images/2026/09/17/36df4a24-9d63-4e3f-81da-fe5a358d0f57.jpg","090a621713bd965a001809c28ee8a06e","image/jpeg","2558992","2026-09-17 06:11:24.533315+00","2026-09-17 06:11:25.370576+00"
"9c9bb76a-75dc-5eed-85c8-163eba7dd195","t-001","f-001","b-001","wv-001","20260917_061124","farmiq-media","tenants/t-001/farms/f-001/barns/b-001/devices/wv-001/images/2026/09/17/be99097b-7d88-41ae-8973-819dfb59465c.jpg","d1dc7db7ca07e9747c9ac41b4056451e","image/jpeg","2589422","2026-09-17 06:11:24.533315+00","2026-09-17 06:11:25.82033+00"
"d746fc8c-ebc1-56f4-875b-d11fa2eda4bb","t-001","f-001","b-001","wv-001","20260917_061057","farmiq-media","tenants/t-001/farms/f-001/barns/b-001/devices/wv-001/images/2026/09/17/90e74cf4-6846-4247-8bd7-7efc6809ebfe.jpg","26f66d7edf7a78bf5874898d7c012aa3","image/jpeg","2580772","2026-09-17 06:10:57.39014+00","2026-09-17 06:10:59.140617+00"
"308c3464-d749-5ffa-98e2-79c5478e0b07","t-001","f-001","b-001","wv-001","20260917_061057","farmiq-media","tenants/t-001/farms/f-001/barns/b-001/devices/wv-001/images/2026/09/17/406c61af-0e6e-433f-b380-4ad2fd63eb93.jpg","ce95abdfd644063ac8c9409455477e29","image/jpeg","2612404","2026-09-17 06:10:57.39014+00","2026-09-17 06:10:59.564452+00"
"c46d13ca-e12e-5b62-a7d5-78dccc92b7bf","t-001","f-001","b-001","wv-001","20260917_061040","farmiq-media","tenants/t-001/farms/f-001/barns/b-001/devices/wv-001/images/2026/09/17/703a9f93-8843-4f49-9b08-5d7075848855.jpg","faab448d59b4a07f9e16e1751789fe81","image/jpeg","2322980","2026-09-17 06:10:40.478722+00","2026-09-17 06:10:41.07469+00"
"61eda67d-ff3d-523b-8a31-4b53c7d28c64","t-001","f-001","b-001","wv-001","20260917_061040","farmiq-media","tenants/t-001/farms/f-001/barns/b-001/devices/wv-001/images/2026/09/17/e4e4ecf5-0507-43d3-8718-d3a5a759754f.jpg","e2cb82e662db525154b4f6b6b5f9062a","image/jpeg","2361071","2026-09-17 06:10:40.478722+00","2026-09-17 06:10:41.465858+00"
"6e3e99ea-fdb5-50ed-88ab-34ce6721dfc2","t-001","f-001","b-001","wv-001","20260917_061018","farmiq-media","tenants/t-001/farms/f-001/barns/b-001/devices/wv-001/images/2026/09/17/bb4a9e61-0a0c-4829-a127-c317d99f7b21.jpg","d7a614c82309adda33cc61631147b558","image/jpeg","2350195","2026-09-17 06:10:18.7007+00","2026-09-17 06:10:20.908607+00"
"590bd59e-136c-5580-8919-54f953d7a701","t-001","f-001","b-001","wv-001","20260917_061018","farmiq-media","tenants/t-001/farms/f-001/barns/b-001/devices/wv-001/images/2026/09/17/3a219616-8b8d-45a2-a1b4-3ab3050e5314.jpg","4ee87302ac8c3d8094f102c2f5597a1f","image/jpeg","2370448","2026-09-17 06:10:18.7007+00","2026-09-17 06:10:21.330983+00"
"b55e41ca-e8b9-5bdb-8398-f634a881ace9","t-001","f-001","b-001","wv-001","20260917_061014","farmiq-media","tenants/t-001/farms/f-001/barns/b-001/devices/wv-001/images/2026/09/17/d9c958c0-8f30-498f-b772-c02a93ae49ee.jpg","369c55364c6934e7f1fb12f3551e0b48","image/jpeg","2532641","2026-09-17 06:10:14.310505+00","2026-09-17 06:10:14.988614+00"
"a4aa5952-50a4-57c7-b41e-87f163a2c5a9","t-001","f-001","b-001","wv-001","20260917_061014","farmiq-media","tenants/t-001/farms/f-001/barns/b-001/devices/wv-001/images/2026/09/17/a76aeb3b-a635-450d-9815-44abb7db1af6.jpg","bc6eb855dbd1732bd0bd2ef19a3f0b7b","image/jpeg","2554839","2026-09-17 06:10:14.310505+00","2026-09-17 06:10:15.367215+00"
"0ebee968-b90c-5dd1-81dc-7f31caba2d62","t-001","f-001","b-001","wv-001","20260917_060959","farmiq-media","tenants/t-001/farms/f-001/barns/b-001/devices/wv-001/images/2026/09/17/2cc9b9c8-67fe-46b4-b1d3-ef64a0d33a4b.jpg","91c2bb05d073c094dd889215663787da","image/jpeg","2372642","2026-09-17 06:09:59.192835+00","2026-09-17 06:10:02.960477+00"
"59594833-e575-5703-b9a7-d6cd43f08b66","t-001","f-001","b-001","wv-001","20260917_060959","farmiq-media","tenants/t-001/farms/f-001/barns/b-001/devices/wv-001/images/2026/09/17/9fc2a3fe-58c7-4d34-8d4a-63d352fad00a.jpg","d3f0d8bd372469b9b70bd4742d0a477d","image/jpeg","2415008","2026-09-17 06:09:59.192835+00","2026-09-17 06:10:03.376309+00"
"c3b14b12-15a4-5141-a0fc-a37058fba18c","t-001","f-001","b-001","wv-001","20260917_060955","farmiq-media","tenants/t-001/farms/f-001/barns/b-001/devices/wv-001/images/2026/09/17/5c43a862-3264-4b54-a687-43e9f5df6dc2.jpg","3c330cdff0c628d4e52836bbe1dac496","image/jpeg","2506797","2026-09-17 06:09:55.127445+00","2026-09-17 06:09:56.9178+00"
"47da21b9-2374-5b9a-8006-eb16ff130c6c","t-001","f-001","b-001","wv-001","20260917_060955","farmiq-media","tenants/t-001/farms/f-001/barns/b-001/devices/wv-001/images/2026/09/17/10a61347-3c06-4da6-b9bb-0b8344a481f3.jpg","c5b8f36f4d6bb38d6cfec5e80ff1d2fb","image/jpeg","2540268","2026-09-17 06:09:55.127445+00","2026-09-17 06:09:57.3531+00"
"7eb7915b-bdfe-5287-9229-5217bdb62b7f","t-001","f-001","b-001","wv-001","20260917_060942","farmiq-media","tenants/t-001/farms/f-001/barns/b-001/devices/wv-001/images/2026/09/17/4dc7c095-4f95-471f-983f-efc12086a9ab.jpg","06e93c43f0ba79b907da8caec94cfb91","image/jpeg","2252103","2026-09-17 06:09:42.471921+00","2026-09-17 06:09:44.844959+00"
"4e1906b6-bda6-5ec5-a27b-3886aad086f3","t-001","f-001","b-001","wv-001","20260917_060942","farmiq-media","tenants/t-001/farms/f-001/barns/b-001/devices/wv-001/images/2026/09/17/1d62b14e-4673-4f6e-8ab5-e3c9a33073de.jpg","9e01f92e2e514c04103bb096c8b0effd","image/jpeg","2304703","2026-09-17 06:09:42.471921+00","2026-09-17 06:09:45.270394+00"
"cb8404bb-d04a-5b43-90ed-c69e4fdd3c1a","t-001","f-001","b-001","wv-001","20260917_060912","farmiq-media","tenants/t-001/farms/f-001/barns/b-001/devices/wv-001/images/2026/09/17/53bb7f60-b40d-4d0c-9413-7d5f7e0d9427.jpg","2d9e65f0153b20a94bcf6d6c6848a94f","image/jpeg","2505297","2026-09-17 06:09:12.848927+00","2026-09-17 06:09:36.772904+00"
"407d29dc-271a-5afe-acc3-ce6de423336d","t-001","f-001","b-001","wv-001","20260917_060912","farmiq-media","tenants/t-001/farms/f-001/barns/b-001/devices/wv-001/images/2026/09/17/cdfb8279-5c90-40e5-a699-bc83dddfbd7a.jpg","ea56d95123ca1cb869af03ef6541cb17","image/jpeg","2537068","2026-09-17 06:09:12.848927+00","2026-09-17 06:09:37.223779+00"
"3f0dac19-6148-59ea-b88d-c7d95b82b3ea","t-001","f-001","b-001","wv-001","20260917_060815","farmiq-media","tenants/t-001/farms/f-001/barns/b-001/devices/wv-001/images/2026/09/17/cdc238b5-c8ab-4910-81d9-d82798389d3a.jpg","298cc2295ecf13f38d8e973d51c8971d","image/jpeg","2156242","2026-09-17 06:08:15.367845+00","2026-09-17 06:08:17.400077+00"
"641450b1-c9dc-5cdb-a89a-eac00b0a468a","t-001","f-001","b-001","wv-001","20260917_060815","farmiq-media","tenants/t-001/farms/f-001/barns/b-001/devices/wv-001/images/2026/09/17/7dc57b5a-e96d-45e1-b837-b18cd7a34c72.jpg","b6b7d4b7b51de8d3ffeb0367a7017c28","image/jpeg","2198605","2026-09-17 06:08:15.367845+00","2026-09-17 06:08:17.745832+00"
"fe49068d-9b1b-5f98-bec0-ead648588949","t-001","f-001","b-001","wv-001","20260917_060716","farmiq-media","tenants/t-001/farms/f-001/barns/b-001/devices/wv-001/images/2026/09/17/a91f5423-ca66-4a13-ae63-804d4115feb8.jpg","36d5d93d38919f28978033174358aa66","image/jpeg","2538679","2026-09-17 06:07:16.316493+00","2026-09-17 06:07:16.926332+00"
"d34990ef-cefe-5578-8ae4-33cb945ee237","t-001","f-001","b-001","wv-001","20260917_060716","farmiq-media","tenants/t-001/farms/f-001/barns/b-001/devices/wv-001/images/2026/09/17/1907ef45-c20f-4a10-a117-4b22eb8dcce6.jpg","749e4126e3442ffe1fd7dbfeb3b4f56f","image/jpeg","2574833","2026-09-17 06:07:16.316493+00","2026-09-17 06:07:17.43064+00"
"4af0dc6c-4386-5ac9-bdca-badb505d8880","t-001","f-001","b-001","wv-001","20260917_060705","farmiq-media","tenants/t-001/farms/f-001/barns/b-001/devices/wv-001/images/2026/09/17/b1205d87-9f8e-4339-b44d-4861b5070978.jpg","d3a64f2bec7be05cff75c25406fc56f3","image/jpeg","2485003","2026-09-17 06:07:05.061121+00","2026-09-17 06:07:06.794991+00"
"39182835-ebea-5b9c-a90f-7366e42daf1e","t-001","f-001","b-001","wv-001","20260917_060705","farmiq-media","tenants/t-001/farms/f-001/barns/b-001/devices/wv-001/images/2026/09/17/a4d03780-a1b4-4d96-b831-a7230099a9a8.jpg","30b53f50826dd1c5f4151d48773bfd94","image/jpeg","2519995","2026-09-17 06:07:05.061121+00","2026-09-17 06:07:07.249994+00"
"6da07740-010f-5d58-b8b7-e03efdf24900","t-001","f-001","b-001","wv-001","20260917_060614","farmiq-media","tenants/t-001/farms/f-001/barns/b-001/devices/wv-001/images/2026/09/17/b671f81a-1807-4d63-a44a-e5804d34a232.jpg","db133821dcba7a7501b91df2ebd8530e","image/jpeg","2595784","2026-09-17 06:06:14.060845+00","2026-09-17 06:06:16.342583+00"
"aef24ebf-81b2-5c59-8bfc-6f8dd1eb9936","t-001","f-001","b-001","wv-001","20260917_060614","farmiq-media","tenants/t-001/farms/f-001/barns/b-001/devices/wv-001/images/2026/09/17/442b3f87-25f7-45fb-8ec1-f26ed2d5ba04.jpg","a75dc9dfcc38d2865f32ed83d0a799bb","image/jpeg","2620973","2026-09-17 06:06:14.060845+00","2026-09-17 06:06:16.807583+00"
"72acba07-b69b-5cd2-8f30-b1cd502adb7f","t-001","f-001","b-001","wv-001","20260917_060536","farmiq-media","tenants/t-001/farms/f-001/barns/b-001/devices/wv-001/images/2026/09/17/4c23d18d-aea3-411d-80ad-909f776367b9.jpg","15cc741585a9dcdfe82578612efa149e","image/jpeg","2589973","2026-09-17 06:05:36.814274+00","2026-09-17 06:05:37.863513+00"
"040ce078-549e-5604-a2ae-0cfb79c11863","t-001","f-001","b-001","wv-001","20260917_060536","farmiq-media","tenants/t-001/farms/f-001/barns/b-001/devices/wv-001/images/2026/09/17/c025cb41-8bfb-4dc6-a620-abf396099f7e.jpg","3ad740877d6e66df8a6e5f6838c51bc6","image/jpeg","2617454","2026-09-17 06:05:36.814274+00","2026-09-17 06:05:38.35421+00"
"313c0c16-353a-5da1-908d-f42277e50745","t-001","f-001","b-001","wv-001","20260917_060417","farmiq-media","tenants/t-001/farms/f-001/barns/b-001/devices/wv-001/images/2026/09/17/8d3e40ac-26a3-4370-a7e2-a12e9b31926b.jpg","cc1cd066bcb205049da76f9c0cafa669","image/jpeg","2434162","2026-09-17 06:04:17.389993+00","2026-09-17 06:04:19.124359+00"
"3f5c6165-03b7-53b5-9c29-ac91e574e899","t-001","f-001","b-001","wv-001","20260917_060417","farmiq-media","tenants/t-001/farms/f-001/barns/b-001/devices/wv-001/images/2026/09/17/115fbc4c-060a-49aa-b080-f2064f0459f9.jpg","317456f3b46d354e707cc560deca4b93","image/jpeg","2462977","2026-09-17 06:04:17.389993+00","2026-09-17 06:04:19.526593+00"
"0019f344-c192-5ab5-a2f5-42bdf98309b9","t-001","f-001","b-001","wv-001","20260917_060400","farmiq-media","tenants/t-001/farms/f-001/barns/b-001/devices/wv-001/images/2026/09/17/6c95f348-6ee9-4a2d-8be0-0362079e33f8.jpg","22f34c5a2d5914b9fea819eb7713628b","image/jpeg","2564382","2026-09-17 06:04:00.174794+00","2026-09-17 06:04:02.048246+00"
"24e10028-32a8-5d49-8e42-416dbe2ee7af","t-001","f-001","b-001","wv-001","20260917_060400","farmiq-media","tenants/t-001/farms/f-001/barns/b-001/devices/wv-001/images/2026/09/17/586d5c3d-1cf9-4de0-bb30-196ef0629e8e.jpg","cfce4f352f355f07a353f59169b4c343","image/jpeg","2587374","2026-09-17 06:04:00.174794+00","2026-09-17 06:04:03.522077+00"
"2a4cc9d7-16cf-5997-a9f1-f17836cf4294","t-001","f-001","b-001","wv-001","20260917_060347","farmiq-media","tenants/t-001/farms/f-001/barns/b-001/devices/wv-001/images/2026/09/17/c1515540-26a5-4776-974a-38452bf04e9f.jpg","3f3eda241ef7e3536d6bbcb9de365686","image/jpeg","2381807","2026-09-17 06:03:47.060772+00","2026-09-17 06:03:49.837711+00"
"4d70f4ec-f321-5dad-ae27-ddf5c0c46ba3","t-001","f-001","b-001","wv-001","20260917_060347","farmiq-media","tenants/t-001/farms/f-001/barns/b-001/devices/wv-001/images/2026/09/17/c6690688-9677-41fa-8a4b-acb8ec4e0478.jpg","9211aefb89d30d0d19d725a1c6ef4069","image/jpeg","2406095","2026-09-17 06:03:47.060772+00","2026-09-17 06:03:53.304286+00"
"9974f9b4-19ca-57e1-9ec4-f4811eaf27e6","t-001","f-001","b-001","wv-001","20260917_060309","farmiq-media","tenants/t-001/farms/f-001/barns/b-001/devices/wv-001/images/2026/09/17/159798e3-acfb-43ac-b1d9-2e0751c04819.jpg","f8fa6da7a342386a9c033c072102ef5e","image/jpeg","2254845","2026-09-17 06:03:09.487666+00","2026-09-17 06:03:12.005307+00"
"50411ca5-00bd-5359-89a0-d0dda4d933db","t-001","f-001","b-001","wv-001","20260917_060309","farmiq-media","tenants/t-001/farms/f-001/barns/b-001/devices/wv-001/images/2026/09/17/db1d49d0-8a0e-475e-89d3-e02bb5e501de.jpg","8e3c7ac5185d3497c07311efb50b48d7","image/jpeg","2280028","2026-09-17 06:03:09.487666+00","2026-09-17 06:03:12.444109+00"
"dbc0e6cd-60d2-57e2-be21-f6b1a1cde5e7","t-001","f-001","b-001","wv-001","20260917_060305","farmiq-media","tenants/t-001/farms/f-001/barns/b-001/devices/wv-001/images/2026/09/17/37acc970-6d89-4e37-8ffe-500679f006b1.jpg","d3a8643f9b9c222daae0ed10524f89c7","image/jpeg","2338339","2026-09-17 06:03:05.069081+00","2026-09-17 06:03:06.043358+00"
"de420d0b-7c73-5b9c-93d3-de658b531576","t-001","f-001","b-001","wv-001","20260917_060305","farmiq-media","tenants/t-001/farms/f-001/barns/b-001/devices/wv-001/images/2026/09/17/9660786d-379b-4e6f-91e1-c33adea20516.jpg","cd610d971092ad8e297c4a1eeabaf1f8","image/jpeg","2364960","2026-09-17 06:03:05.069081+00","2026-09-17 06:03:06.409125+00"
"97c6d0c4-1bf9-53c2-aa43-a9c9b2c9f88b","t-001","f-001","b-001","wv-001","20260917_060223","farmiq-media","tenants/t-001/farms/f-001/barns/b-001/devices/wv-001/images/2026/09/17/a5995f04-e7c3-486c-a6d6-579e5b88a010.jpg","c82e274d29190d44ee764baf307ffa2d","image/jpeg","2184913","2026-09-17 06:02:23.048538+00","2026-09-17 06:02:23.848677+00"
"98bf5288-10e0-5df5-980c-574a82526a2c","t-001","f-001","b-001","wv-001","20260917_060223","farmiq-media","tenants/t-001/farms/f-001/barns/b-001/devices/wv-001/images/2026/09/17/c4a866a9-878d-491d-8a11-cd3d2185f1e4.jpg","6b6181d7bc66b6e5eeca7b3b956ac82f","image/jpeg","2212847","2026-09-17 06:02:23.048538+00","2026-09-17 06:02:24.181707+00"
"02a5601c-908b-56e4-adfb-749f119e014b","t-001","f-001","b-001","wv-001","20260917_060126","farmiq-media","tenants/t-001/farms/f-001/barns/b-001/devices/wv-001/images/2026/09/17/990ce1d8-4bf7-40a7-b453-ed90fbb5f24e.jpg","84903a4e821ad0d2da7e1b0d0b090287","image/jpeg","2466063","2026-09-17 06:01:26.02898+00","2026-09-17 06:01:27.371292+00"
"b80eb227-c57a-5ef9-a5fd-0626675a1be5","t-001","f-001","b-001","wv-001","20260917_060126","farmiq-media","tenants/t-001/farms/f-001/barns/b-001/devices/wv-001/images/2026/09/17/895d13d8-6664-4bdf-a586-5387451ad8a1.jpg","4233c408ad954c7344188c5fe613de1d","image/jpeg","2491509","2026-09-17 06:01:26.02898+00","2026-09-17 06:01:27.789101+00"
"7a5cb992-cf1f-56f2-ba74-ad482b5b84ca","t-001","f-001","b-001","wv-001","20260917_060108","farmiq-media","tenants/t-001/farms/f-001/barns/b-001/devices/wv-001/images/2026/09/17/c94bda78-0e43-49c3-aabf-866027d660c9.jpg","d582669cfe74857950cb0e6e3bc0453e","image/jpeg","2476365","2026-09-17 06:01:08.292703+00","2026-09-17 06:01:09.077721+00"
"267fe59d-d5f1-5dd6-bc3f-99720a7b267a","t-001","f-001","b-001","wv-001","20260917_060108","farmiq-media","tenants/t-001/farms/f-001/barns/b-001/devices/wv-001/images/2026/09/17/4824344b-633b-4fe7-9ec6-1b70cbd85448.jpg","08956e8ced8a73998fbe8b35b108e7af","image/jpeg","2503649","2026-09-17 06:01:08.292703+00","2026-09-17 06:01:09.608912+00"
"4c67340a-ab10-5852-b22f-7786455c080d","t-001","f-001","b-001","wv-001","20260917_060035","farmiq-media","tenants/t-001/farms/f-001/barns/b-001/devices/wv-001/images/2026/09/17/663f3139-ab15-4779-98c4-4d3f4466c27b.jpg","c0cd84fede7e1c3b98a9f18e17ee3d79","image/jpeg","2541625","2026-09-17 06:00:35.356228+00","2026-09-17 06:00:36.852887+00"
"32f0ed93-b73f-58b3-aaa9-3186bfaad3be","t-001","f-001","b-001","wv-001","20260917_060035","farmiq-media","tenants/t-001/farms/f-001/barns/b-001/devices/wv-001/images/2026/09/17/7e41493a-dc60-4c0e-912d-11270eccd668.jpg","961d686b5792246ffcb802dd2b0af29b","image/jpeg","2567986","2026-09-17 06:00:35.356228+00","2026-09-17 06:00:37.230944+00"
"fe0a9730-6141-5ed1-b6d7-b9f6e47b55a4","t-001","f-001","b-001","wv-001","20260917_055924","farmiq-media","tenants/t-001/farms/f-001/barns/b-001/devices/wv-001/images/2026/09/17/e502cab7-27ba-4349-97fb-d7fe47577251.jpg","7f9fdaf784f1d7fe5e44672ccaffd8ec","image/jpeg","2187905","2026-09-17 05:59:24.125941+00","2026-09-17 05:59:26.281266+00"
"bf879cf7-7ca3-57b0-905d-afae0cb8757c","t-001","f-001","b-001","wv-001","20260917_055924","farmiq-media","tenants/t-001/farms/f-001/barns/b-001/devices/wv-001/images/2026/09/17/3110ab77-0651-4071-b269-7e6291776bc1.jpg","1a9656dc7658d7fc7c20ce6efdcf6daa","image/jpeg","2230109","2026-09-17 05:59:24.125941+00","2026-09-17 05:59:26.677101+00"
"ae32f9d6-eec6-5832-ab70-96aaf1cbd45d","t-001","f-001","b-001","wv-001","20260917_055914","farmiq-media","tenants/t-001/farms/f-001/barns/b-001/devices/wv-001/images/2026/09/17/02547596-6079-4af9-8950-e7f26cdaf7af.jpg","2acecfa1993eee06ec4fc2f9162ee64d","image/jpeg","2482832","2026-09-17 05:59:14.020216+00","2026-09-17 05:59:16.243717+00"
"82423ab9-50e0-5747-a2fd-b6324bbcb112","t-001","f-001","b-001","wv-001","20260917_055914","farmiq-media","tenants/t-001/farms/f-001/barns/b-001/devices/wv-001/images/2026/09/17/01b7951d-2273-475a-b5c2-813e021243aa.jpg","36af381fdb5284a1bf2c00cab7619bf5","image/jpeg","2515081","2026-09-17 05:59:14.020216+00","2026-09-17 05:59:16.613582+00"
"1e82b0bd-2097-5d0b-9ab9-7d006ca3ff6f","t-001","f-001","b-001","wv-001","20260917_055849","farmiq-media","tenants/t-001/farms/f-001/barns/b-001/devices/wv-001/images/2026/09/17/83140f86-731d-494c-987d-b6ad4ef0d54e.jpg","d3dec0feadd6edcd50ea976ea4ab7990","image/jpeg","2267827","2026-09-17 05:58:49.630385+00","2026-09-17 05:58:50.073962+00"
"2d6f1b22-8de2-5cee-8c4a-2780c6229495","t-001","f-001","b-001","wv-001","20260917_055849","farmiq-media","tenants/t-001/farms/f-001/barns/b-001/devices/wv-001/images/2026/09/17/1a989f7e-93f2-4e18-a903-b9a5f19aa121.jpg","48b76c72b4b10fa9532d5ca6c1b4e0e5","image/jpeg","2305317","2026-09-17 05:58:49.630385+00","2026-09-17 05:58:50.481521+00"
"3d505f20-cb6e-5d74-8886-fe22df52cf8b","t-001","f-001","b-001","wv-001","20260917_055816","farmiq-media","tenants/t-001/farms/f-001/barns/b-001/devices/wv-001/images/2026/09/17/4ae025bf-40b8-4c2d-a73e-be01d2e5fdb5.jpg","229d9ba190ffbf236d1a08295e4d596d","image/jpeg","2569317","2026-09-17 05:58:16.274413+00","2026-09-17 05:58:18.895864+00"
"e523b9b6-cd85-5772-8dc6-071dc3e35e57","t-001","f-001","b-001","wv-001","20260917_055816","farmiq-media","tenants/t-001/farms/f-001/barns/b-001/devices/wv-001/images/2026/09/17/fee7cef0-7c35-4cfd-817d-1aaecf001b18.jpg","5f70e467ffb947e16b3ad2507ed6c452","image/jpeg","2600368","2026-09-17 05:58:16.274413+00","2026-09-17 05:58:21.070662+00"
"3beab811-1ac1-5c0d-8176-eed60da0d486","t-001","f-001","b-001","wv-001","20260917_055746","farmiq-media","tenants/t-001/farms/f-001/barns/b-001/devices/wv-001/images/2026/09/17/9a91bf51-bda2-4e38-a22b-ee6e6b674544.jpg","78e003d5b5fdb8c80b9ba1a98e690999","image/jpeg","2348630","2026-09-17 05:57:46.994829+00","2026-09-17 05:57:49.099626+00"
"35a9ae43-7c6e-5042-925a-7b4dc2fddfaa","t-001","f-001","b-001","wv-001","20260917_055746","farmiq-media","tenants/t-001/farms/f-001/barns/b-001/devices/wv-001/images/2026/09/17/695b9bf7-df6a-48c5-8d87-25af9a10921d.jpg","c8b7ac2bf1001e09118def221a5d1f3c","image/jpeg","2388615","2026-09-17 05:57:46.994829+00","2026-09-17 05:57:49.450068+00"
"158e90ae-8c66-556c-ae63-6e05fd99591e","t-001","f-001","b-001","wv-001","20260917_055741","farmiq-media","tenants/t-001/farms/f-001/barns/b-001/devices/wv-001/images/2026/09/17/cde20788-37b3-4feb-a6cf-80cf6b7383ef.jpg","4604b6e1301429b854562d7851787680","image/jpeg","2371759","2026-09-17 05:57:41.837702+00","2026-09-17 05:57:43.045515+00"
"137c466c-4e94-5437-97aa-e21ba33d606b","t-001","f-001","b-001","wv-001","20260917_055741","farmiq-media","tenants/t-001/farms/f-001/barns/b-001/devices/wv-001/images/2026/09/17/56239daa-8303-4c77-8559-603e99b31a50.jpg","f115b55eb4d1dd19d13b05bf4f5bcee9","image/jpeg","2405207","2026-09-17 05:57:41.837702+00","2026-09-17 05:57:43.470069+00"
"ee47592d-cb65-5e54-8738-f7a9bba37228","t-001","f-001","b-001","wv-001","20260917_055713","farmiq-media","tenants/t-001/farms/f-001/barns/b-001/devices/wv-001/images/2026/09/17/ab61bb96-883e-4b29-bdac-4b71b1134ee2.jpg","5dade52766d98449c77c307bac4535e8","image/jpeg","2272513","2026-09-17 05:57:13.297148+00","2026-09-17 05:57:14.731893+00"
"9ab43164-e33e-5dd5-971a-3f05e0c4dc01","t-001","f-001","b-001","wv-001","20260917_055713","farmiq-media","tenants/t-001/farms/f-001/barns/b-001/devices/wv-001/images/2026/09/17/1e22ed77-181e-4687-887b-20fd8e4cc25f.jpg","0f4d1e03fa6f1084e9907abdedd6d873","image/jpeg","2315384","2026-09-17 05:57:13.297148+00","2026-09-17 05:57:15.140722+00"
"54a19be2-cee2-5279-96bd-e2d6c438627c","t-001","f-001","b-001","wv-001","20260917_055701","farmiq-media","tenants/t-001/farms/f-001/barns/b-001/devices/wv-001/images/2026/09/17/467519b5-7e6f-4ad0-97d2-e2167dea8c8c.jpg","62e2003b95ae5517ed6c1e97baf42498","image/jpeg","2083828","2026-09-17 05:57:01.304584+00","2026-09-17 05:57:02.645535+00"
"bc8f94f6-242b-5c66-800b-7a3b4c498560","t-001","f-001","b-001","wv-001","20260917_055701","farmiq-media","tenants/t-001/farms/f-001/barns/b-001/devices/wv-001/images/2026/09/17/41159211-ab28-4f2f-9c4b-2e65270de080.jpg","dca9231f0ad381b764eca9e7668dac48","image/jpeg","2126451","2026-09-17 05:57:01.304584+00","2026-09-17 05:57:03.032225+00"
"7647a367-b685-5252-82be-c8d80bab52f3","t-001","f-001","b-001","wv-001","20260917_055619","farmiq-media","tenants/t-001/farms/f-001/barns/b-001/devices/wv-001/images/2026/09/17/e2593608-2666-4fbc-ab1d-f823b3c4af76.jpg","cda413030bf2a2cfeb5d33b24104fcb0","image/jpeg","2359177","2026-09-17 05:56:19.066272+00","2026-09-17 05:56:22.455112+00"
"3ef5fe25-6376-545f-9ece-5d50a4b65bc2","t-001","f-001","b-001","wv-001","20260917_055619","farmiq-media","tenants/t-001/farms/f-001/barns/b-001/devices/wv-001/images/2026/09/17/4fd22c1c-7d73-4041-8a4b-a2836281a8d2.jpg","e4dfdabe094c07f20e96cc1f3e255512","image/jpeg","2402702","2026-09-17 05:56:19.066272+00","2026-09-17 05:56:22.831141+00"
"a0585b99-3f89-5aa4-a23e-42fcf6e8d665","t-001","f-001","b-001","wv-001","20260917_055614","farmiq-media","tenants/t-001/farms/f-001/barns/b-001/devices/wv-001/images/2026/09/17/e737c113-7242-42aa-9f1f-a177e8e6c1ef.jpg","6a4b732866350c0fdaf89f471b168f6d","image/jpeg","2453378","2026-09-17 05:56:14.944316+00","2026-09-17 05:56:16.502743+00"
"ea11d449-0049-5a66-a6b0-65b67ff09920","t-001","f-001","b-001","wv-001","20260917_055614","farmiq-media","tenants/t-001/farms/f-001/barns/b-001/devices/wv-001/images/2026/09/17/f44d6347-dc7e-48ee-a5c1-80dce3eab037.jpg","0cc70c140ecaadb1e0c965b739fb74ed","image/jpeg","2495497","2026-09-17 05:56:14.944316+00","2026-09-17 05:56:16.908142+00"
"5ae3629a-0cb3-52ff-894b-ff64c4205e00","t-001","f-001","b-001","wv-001","20260917_055315","farmiq-media","tenants/t-001/farms/f-001/barns/b-001/devices/wv-001/images/2026/09/17/4a505463-60ce-47e2-8543-df4b637e3c43.jpg","d698d59b2dd9ed8ab80d98ac89a5d429","image/jpeg","2511775","2026-09-17 05:53:15.643647+00","2026-09-17 05:53:17.13608+00"
"60274637-4291-55ff-ae55-c2c1ee58173e","t-001","f-001","b-001","wv-001","20260917_055315","farmiq-media","tenants/t-001/farms/f-001/barns/b-001/devices/wv-001/images/2026/09/17/e5a798dc-7a3b-4144-9ec6-f5da94c9894f.jpg","e1388bf0b20b3b1a4436d6811fdd158d","image/jpeg","2541100","2026-09-17 05:53:15.643647+00","2026-09-17 05:53:17.476686+00"
"96e32060-43b0-5327-92f7-49428387454f","t-001","f-001","b-001","wv-001","20260917_055233","farmiq-media","tenants/t-001/farms/f-001/barns/b-001/devices/wv-001/images/2026/09/17/a3135a91-2d33-4457-84b7-5e97dfd530be.jpg","907630d55b3df4989c3d010a8f86e3f2","image/jpeg","2226563","2026-09-17 05:52:33.640611+00","2026-09-17 05:52:35.667992+00"
"16ff6a6e-fd4d-50c7-b110-b7cb70c101c9","t-001","f-001","b-001","wv-001","20260917_055233","farmiq-media","tenants/t-001/farms/f-001/barns/b-001/devices/wv-001/images/2026/09/17/c8cf5236-2d37-4d1d-80bc-90a0a3ef2a45.jpg","4089d986bd9e6df29fbaea2046bb37f9","image/jpeg","2258441","2026-09-17 05:52:33.640611+00","2026-09-17 05:52:37.398161+00"
"caa44ddf-0e96-5d72-b457-8bffd15795fc","t-001","f-001","b-001","wv-001","20260917_055207","farmiq-media","tenants/t-001/farms/f-001/barns/b-001/devices/wv-001/images/2026/09/17/0626bff7-ad8d-414b-b30e-01713de6882a.jpg","e924201941f609c96395f46ea68b2df0","image/jpeg","2534254","2026-09-17 05:52:07.679447+00","2026-09-17 05:52:08.270059+00"
"88138627-dfc8-5fe7-b9c9-0bd67c9c7c43","t-001","f-001","b-001","wv-001","20260917_055207","farmiq-media","tenants/t-001/farms/f-001/barns/b-001/devices/wv-001/images/2026/09/17/592f1da4-7e4f-46f7-a135-9ae4b8e892f9.jpg","7cb9613920b9c5cc495d8adfce3cb76a","image/jpeg","2559915","2026-09-17 05:52:07.679447+00","2026-09-17 05:52:08.637866+00"
"20625b84-8c23-5edf-bafc-6fc1f8a54916","t-001","f-001","b-001","wv-001","20260917_055144","farmiq-media","tenants/t-001/farms/f-001/barns/b-001/devices/wv-001/images/2026/09/17/247df674-87a7-4213-b5ee-04752914eb8a.jpg","de0c089798241e125f9a132b7a53afe3","image/jpeg","2498810","2026-09-17 05:51:44.132975+00","2026-09-17 05:51:46.164503+00"
"cae2df0f-232f-5585-bddf-68eca130f801","t-001","f-001","b-001","wv-001","20260917_055144","farmiq-media","tenants/t-001/farms/f-001/barns/b-001/devices/wv-001/images/2026/09/17/e93f8011-011e-4e44-abd5-02d8bec468c0.jpg","bd314f06adb428040690a814eb43ac78","image/jpeg","2520783","2026-09-17 05:51:44.132975+00","2026-09-17 05:51:46.571315+00"
"e4a1f146-abcc-5f43-a5a4-4e9ff82a6731","t-001","f-001","b-001","wv-001","20260917_055112","farmiq-media","tenants/t-001/farms/f-001/barns/b-001/devices/wv-001/images/2026/09/17/fc8f02ea-29e4-4bc6-b464-e484494ec8c7.jpg","106148c01c70cca55421adb33907f19a","image/jpeg","2215359","2026-09-17 05:51:12.47026+00","2026-09-17 05:51:14.141458+00"
"fe56086d-c59f-58f2-8fa8-abe7eaecfe23","t-001","f-001","b-001","wv-001","20260917_055112","farmiq-media","tenants/t-001/farms/f-001/barns/b-001/devices/wv-001/images/2026/09/17/5bea166b-6ec0-4366-8418-62e53805cbd6.jpg","6881e9370018bcdddf4bf96d5dfcc3a8","image/jpeg","2243733","2026-09-17 05:51:12.47026+00","2026-09-17 05:51:14.441743+00"
"6e2ac338-da6f-59e1-b715-4211bce2b29d","t-001","f-001","b-001","wv-001","20260917_055105","farmiq-media","tenants/t-001/farms/f-001/barns/b-001/devices/wv-001/images/2026/09/17/0febe58c-df0e-449a-8c71-d5f5482f0812.jpg","3328313ea48f05b45fefe114b8ae9e4f","image/jpeg","2465901","2026-09-17 05:51:05.947435+00","2026-09-17 05:51:08.333232+00"
"d9ed6c64-4a3f-5329-b001-0d606924ed91","t-001","f-001","b-001","wv-001","20260917_055105","farmiq-media","tenants/t-001/farms/f-001/barns/b-001/devices/wv-001/images/2026/09/17/50e2c8db-822b-4cd3-ace2-0d893a0776ad.jpg","3d430e5391a342709db7d13dc4cc37fb","image/jpeg","2492193","2026-09-17 05:51:05.947435+00","2026-09-17 05:51:08.68894+00"
"3f7e9f7c-7694-5267-9ad9-345f5a71c2d6","t-001","f-001","b-001","wv-001","20260917_055046","farmiq-media","tenants/t-001/farms/f-001/barns/b-001/devices/wv-001/images/2026/09/17/819f4852-b979-46a1-8e43-6398957f136b.jpg","fac4daffc0ccae970198df6a0c464ff2","image/jpeg","2563725","2026-09-17 05:50:46.90623+00","2026-09-17 05:50:48.336919+00"
"e34bb562-d06e-5759-a51b-6eabc9d313ef","t-001","f-001","b-001","wv-001","20260917_055046","farmiq-media","tenants/t-001/farms/f-001/barns/b-001/devices/wv-001/images/2026/09/17/46b10bf1-79f5-4616-918c-415dad5418b0.jpg","a39ad405a87683dc95e5f844721a9255","image/jpeg","2583597","2026-09-17 05:50:46.90623+00","2026-09-17 05:50:48.704199+00"
"ae3846ca-2ea1-51ae-bb96-73aed5c65134","t-001","f-001","b-001","wv-001","20260917_055017","farmiq-media","tenants/t-001/farms/f-001/barns/b-001/devices/wv-001/images/2026/09/17/4ce6372f-4493-48e8-8661-1f75ad14afa0.jpg","988d7acb5abad92e8464486c34aa5aa5","image/jpeg","2390592","2026-09-17 05:50:17.969987+00","2026-09-17 05:50:20.2562+00"
"e850a8ab-27b2-587b-a4be-04e70505bdc2","t-001","f-001","b-001","wv-001","20260917_055017","farmiq-media","tenants/t-001/farms/f-001/barns/b-001/devices/wv-001/images/2026/09/17/63105be5-c666-4d3c-bafc-2ef1ae051edd.jpg","3f014ec8dee231d73faad7a1502fc383","image/jpeg","2408071","2026-09-17 05:50:17.969987+00","2026-09-17 05:50:20.6197+00"
"843ffa8c-f17f-5a1d-8f6d-fa5d087fad1e","t-001","f-001","b-001","wv-001","20260917_055004","farmiq-media","tenants/t-001/farms/f-001/barns/b-001/devices/wv-001/images/2026/09/17/ada07001-5d7e-4b7f-a364-2e8d39146a1e.jpg","6a64f1c3615212f368233e30e18f6fa9","image/jpeg","2209370","2026-09-17 05:50:04.963802+00","2026-09-17 05:50:08.189618+00"
"22b517a9-1674-5f4e-9ecc-7230df317efb","t-001","f-001","b-001","wv-001","20260917_055004","farmiq-media","tenants/t-001/farms/f-001/barns/b-001/devices/wv-001/images/2026/09/17/02e1ccc8-fd05-47cc-a9b5-d7fc0cfa5fec.jpg","61bdb4a99fcbdf24985e25959669d61e","image/jpeg","2233659","2026-09-17 05:50:04.963802+00","2026-09-17 05:50:08.614075+00"
"2f36e5c5-b8e0-5291-9b6b-d90eb866a92a","t-001","f-001","b-001","wv-001","20260917_055000","farmiq-media","tenants/t-001/farms/f-001/barns/b-001/devices/wv-001/images/2026/09/17/5d05985b-0a85-49f6-bd4d-63465a7b0bb5.jpg","1cef2cd184ac99b85ed8daa9fda3da82","image/jpeg","2259274","2026-09-17 05:50:00.525026+00","2026-09-17 05:50:02.309323+00"
"18453955-5830-5738-aa67-d8553fc952d2","t-001","f-001","b-001","wv-001","20260917_055000","farmiq-media","tenants/t-001/farms/f-001/barns/b-001/devices/wv-001/images/2026/09/17/d9335215-8005-43d9-87cf-a37ade2d957b.jpg","1180492dad805764f5c76242aa42314b","image/jpeg","2284346","2026-09-17 05:50:00.525026+00","2026-09-17 05:50:02.654587+00"
"805c6624-120b-58e5-977e-eb5632837c48","t-001","f-001","b-001","wv-001","20260917_054931","farmiq-media","tenants/t-001/farms/f-001/barns/b-001/devices/wv-001/images/2026/09/17/a2bcdfe8-28fd-4cca-8425-19e7bda2b6e0.jpg","cdd61874a68e201f57608e4f0438fa7b","image/jpeg","2367300","2026-09-17 05:49:31.99076+00","2026-09-17 05:49:34.151675+00"
"a7894beb-959c-5863-9e14-f0685611b757","t-001","f-001","b-001","wv-001","20260917_054931","farmiq-media","tenants/t-001/farms/f-001/barns/b-001/devices/wv-001/images/2026/09/17/9898802c-074e-4ab8-804d-8b8997e9a35f.jpg","b2f7612623d286f44c97655e502c5098","image/jpeg","2399876","2026-09-17 05:49:31.99076+00","2026-09-17 05:49:34.565669+00"
"474e5343-916e-5394-a71b-218cfd547787","t-001","f-001","b-001","wv-001","20260917_054921","farmiq-media","tenants/t-001/farms/f-001/barns/b-001/devices/wv-001/images/2026/09/17/2f338ac7-b454-4965-878a-f570153b2316.jpg","12f72b38fba7e713dd2f3ef7a8d8b3d9","image/jpeg","2240227","2026-09-17 05:49:21.015505+00","2026-09-17 05:49:22.113283+00"
"3855dd75-d9d3-5b13-9f7c-189bab2da557","t-001","f-001","b-001","wv-001","20260917_054921","farmiq-media","tenants/t-001/farms/f-001/barns/b-001/devices/wv-001/images/2026/09/17/dbc843cf-4823-40b3-a51e-7c6204490de2.jpg","f0cba5553cc17a6c75242707047aacc8","image/jpeg","2276040","2026-09-17 05:49:21.015505+00","2026-09-17 05:49:22.499984+00"
"efa36324-54f1-5c4f-8597-b238f9e4c2f1","t-001","f-001","b-001","wv-001","20260917_054830","farmiq-media","tenants/t-001/farms/f-001/barns/b-001/devices/wv-001/images/2026/09/17/75c07465-93ba-444d-a6af-8665f350e4b8.jpg","54d256de9620367b8dccfedce9a75021","image/jpeg","2353088","2026-09-17 05:48:30.083952+00","2026-09-17 05:48:31.609748+00"
"26f96263-ae1f-5fea-9042-1b09b95c10b7","t-001","f-001","b-001","wv-001","20260917_054830","farmiq-media","tenants/t-001/farms/f-001/barns/b-001/devices/wv-001/images/2026/09/17/8f201234-587e-4d11-8d81-9974a4dc8bc3.jpg","c814094f8ab466b3deaa42d76b8f8f6b","image/jpeg","2395052","2026-09-17 05:48:30.083952+00","2026-09-17 05:48:31.973388+00"
"e0b5e949-2822-57de-aa2a-43daa5845beb","t-001","f-001","b-001","wv-001","20260917_054824","farmiq-media","tenants/t-001/farms/f-001/barns/b-001/devices/wv-001/images/2026/09/17/5f2eba93-0a09-4f37-8266-75869a7a9b35.jpg","0c6163beb2fb4f3d2eb2db58095034aa","image/jpeg","2604025","2026-09-17 05:48:24.904029+00","2026-09-17 05:48:25.57017+00"
"376efea5-dc9a-5c5b-8ffb-0cd80e4278f3","t-001","f-001","b-001","wv-001","20260917_054824","farmiq-media","tenants/t-001/farms/f-001/barns/b-001/devices/wv-001/images/2026/09/17/fc4e3275-6698-44f0-b444-629716b58687.jpg","433743d1d69c62a8034d88a266fc56b3","image/jpeg","2632298","2026-09-17 05:48:24.904029+00","2026-09-17 05:48:25.992495+00"
"645f4b30-6bbe-589e-8f48-f273b11e99ef","t-001","f-001","b-001","wv-001","20260917_054816","farmiq-media","tenants/t-001/farms/f-001/barns/b-001/devices/wv-001/images/2026/09/17/373a4719-f24c-4580-82cb-82239047201a.jpg","6f3636134bf54f6b8ca7b37ba014507a","image/jpeg","2617548","2026-09-17 05:48:16.289939+00","2026-09-17 05:48:17.498309+00"
"81721f43-6fe8-56ba-be3b-d1c724940203","t-001","f-001","b-001","wv-001","20260917_054816","farmiq-media","tenants/t-001/farms/f-001/barns/b-001/devices/wv-001/images/2026/09/17/f6c75ece-da44-4f6f-91de-1733aed737f1.jpg","e02ac1a58168b2b4e1a346197b191bfc","image/jpeg","2644294","2026-09-17 05:48:16.289939+00","2026-09-17 05:48:17.915402+00"
"dc10204c-8a44-568b-96ea-710043839362","t-001","f-001","b-001","wv-001","20260917_054806","farmiq-media","tenants/t-001/farms/f-001/barns/b-001/devices/wv-001/images/2026/09/17/574b17b1-a1eb-4d76-91c5-3d628485527c.jpg","1c41f0701bc55c2e72b7b1f84dfd1799","image/jpeg","2455220","2026-09-17 05:48:06.296855+00","2026-09-17 05:48:09.44002+00"
"c5af41f2-770e-5827-9ff6-fcdc9432dbe9","t-001","f-001","b-001","wv-001","20260917_054806","farmiq-media","tenants/t-001/farms/f-001/barns/b-001/devices/wv-001/images/2026/09/17/439c538e-039c-4a93-9387-f247431faebc.jpg","0cb38c69eae9b0854f7fbc09159aa5a3","image/jpeg","2484981","2026-09-17 05:48:06.296855+00","2026-09-17 05:48:09.8549+00"
"4e8694e5-4eaf-5774-b8f1-22d3063b4101","t-001","f-001","b-001","wv-001","20260917_054801","farmiq-media","tenants/t-001/farms/f-001/barns/b-001/devices/wv-001/images/2026/09/17/1b64db1e-5794-4cef-8f11-d4ef043c1fab.jpg","59f2e74ba5dba61f0a4ff7518901aca4","image/jpeg","2527339","2026-09-17 05:48:01.688711+00","2026-09-17 05:48:03.267459+00"
"ea079f2e-d62f-5155-90d6-77068a05b714","t-001","f-001","b-001","wv-001","20260917_054801","farmiq-media","tenants/t-001/farms/f-001/barns/b-001/devices/wv-001/images/2026/09/17/3f07d54e-a601-4fa0-a245-4ff401327db0.jpg","86e771008b299b030c5ea745c70b7808","image/jpeg","2550262","2026-09-17 05:48:01.688711+00","2026-09-17 05:48:03.791381+00"
"c55d1aab-a5a6-5fb5-b9fb-c8fc81bfd55f","t-001","f-001","b-001","wv-001","20260917_054747","farmiq-media","tenants/t-001/farms/f-001/barns/b-001/devices/wv-001/images/2026/09/17/ee9e4590-8d57-48e8-a38e-c3a2812be367.jpg","67ea30af97a286151a75f214fc75e8ac","image/jpeg","2324885","2026-09-17 05:47:47.040006+00","2026-09-17 05:47:49.011116+00"
"55942ced-ecba-5ecf-86b9-7a9e2b4f3fba","t-001","f-001","b-001","wv-001","20260917_054747","farmiq-media","tenants/t-001/farms/f-001/barns/b-001/devices/wv-001/images/2026/09/17/52f9ebde-bcd1-494e-9e63-7aa0d0c5b58a.jpg","213e8a53fa38543b16e10ce013c34a94","image/jpeg","2350193","2026-09-17 05:47:47.040006+00","2026-09-17 05:47:49.498838+00"
"2d0fc85e-337e-5d11-88c2-87c9bfafcfc9","t-001","f-001","b-001","wv-001","20260917_054710","farmiq-media","tenants/t-001/farms/f-001/barns/b-001/devices/wv-001/images/2026/09/17/9bb5bc5f-517f-493e-a152-0a732d00ea05.jpg","a3c80345f24574f1705d40b640bbe8c3","image/jpeg","2284505","2026-09-17 05:47:10.37042+00","2026-09-17 05:47:36.988811+00"
"5a7ef6cb-519c-5720-9d7d-7337ffe46113","t-001","f-001","b-001","wv-001","20260917_054710","farmiq-media","tenants/t-001/farms/f-001/barns/b-001/devices/wv-001/images/2026/09/17/7d9e23b6-6e0f-4fdc-8d0d-acc2dad51290.jpg","61b5e4968b18c4f6fbc498d91a328d1b","image/jpeg","2311803","2026-09-17 05:47:10.37042+00","2026-09-17 05:47:37.339186+00"
"dd27cd10-dd69-5dd2-bb77-fac8e1bb06f9","t-001","f-001","b-001","wv-001","20260917_054659","farmiq-media","tenants/t-001/farms/f-001/barns/b-001/devices/wv-001/images/2026/09/17/216bb30f-536c-43cc-b39e-0a9dda950b3f.jpg","014bbf3975268b0348bb81fd5c976851","image/jpeg","2569104","2026-09-17 05:46:59.371785+00","2026-09-17 05:47:03.952539+00"
"68cfcc97-44af-5675-a216-92669e98ea4b","t-001","f-001","b-001","wv-001","20260917_054659","farmiq-media","tenants/t-001/farms/f-001/barns/b-001/devices/wv-001/images/2026/09/17/d68aa859-a787-4aaf-bff0-612bad9d7299.jpg","d1168d579ff3827cd8c923e6933a53fe","image/jpeg","2598788","2026-09-17 05:46:59.371785+00","2026-09-17 05:47:31.379054+00"
"2ab96c3f-03bb-55e7-9a73-d376caa5e09e","t-001","f-001","b-001","wv-001","20260917_054428","farmiq-media","tenants/t-001/farms/f-001/barns/b-001/devices/wv-001/images/2026/09/17/7257a4cc-c9aa-4d97-afd4-b0ebd399a622.jpg","7f77da4a73cf199cd90c49b4518a0b1a","image/jpeg","2447725","2026-09-17 05:44:28.7876+00","2026-09-17 05:44:29.899097+00"
"bacaed91-3577-5054-8ef9-d7e768ec54db","t-001","f-001","b-001","wv-001","20260917_054428","farmiq-media","tenants/t-001/farms/f-001/barns/b-001/devices/wv-001/images/2026/09/17/a97277da-5643-41cd-9e9f-41edc7ab25ba.jpg","e8bf8ed06e5c0c761ccd24116fc23cf0","image/jpeg","2491793","2026-09-17 05:44:28.7876+00","2026-09-17 05:44:30.329622+00"
"1141b9a8-43a1-5a75-a188-d8cfd2ebe140","t-001","f-001","b-001","wv-001","20260917_054353","farmiq-media","tenants/t-001/farms/f-001/barns/b-001/devices/wv-001/images/2026/09/17/036a2315-5aac-4c29-a8fe-c2010fbc5ee5.jpg","54a844731db6d624cb44917814dd4ca5","image/jpeg","2221879","2026-09-17 05:43:53.0637+00","2026-09-17 05:43:55.555752+00"
"70bbbb87-75d0-5579-b465-9f039f560b62","t-001","f-001","b-001","wv-001","20260917_054353","farmiq-media","tenants/t-001/farms/f-001/barns/b-001/devices/wv-001/images/2026/09/17/ca29d9fb-21f2-4650-af35-601e0c8ff9db.jpg","53e44c5b35829b50fc8d5df538b5b178","image/jpeg","2276688","2026-09-17 05:43:53.0637+00","2026-09-17 05:43:55.995291+00"
"979cae13-bab1-5fa5-9f7b-f127c2bd6b57","t-001","f-001","b-001","wv-001","20260917_054343","farmiq-media","tenants/t-001/farms/f-001/barns/b-001/devices/wv-001/images/2026/09/17/4fb29ee1-becb-40cc-9957-aba1f5c66bf3.jpg","bfff5a16acc022f4241cf69e68a87b11","image/jpeg","2451634","2026-09-17 05:43:43.59819+00","2026-09-17 05:43:45.541527+00"
"f64bbcf5-8392-5daf-a04e-8780abb44f80","t-001","f-001","b-001","wv-001","20260917_054343","farmiq-media","tenants/t-001/farms/f-001/barns/b-001/devices/wv-001/images/2026/09/17/7523ab4a-a090-4c23-b591-b92188cf9288.jpg","653a14a39d3ffb2447d9f72913aa0b10","image/jpeg","2489410","2026-09-17 05:43:43.59819+00","2026-09-17 05:43:45.953625+00"
"526e554e-5051-5d06-83be-1f66ebba7ccb","t-001","f-001","b-001","wv-001","20260917_054305","farmiq-media","tenants/t-001/farms/f-001/barns/b-001/devices/wv-001/images/2026/09/17/b9559a4c-6924-462b-a364-425dd2da7499.jpg","4555a03f05b45c5bf691dad85f60ffa0","image/jpeg","2313611","2026-09-17 05:43:05.486055+00","2026-09-17 05:43:07.27533+00"
"38f46fe4-46c2-5b59-b445-182b53d04b87","t-001","f-001","b-001","wv-001","20260917_054305","farmiq-media","tenants/t-001/farms/f-001/barns/b-001/devices/wv-001/images/2026/09/17/8088b19a-2678-4d77-9658-80272ce06d27.jpg","3bbe78342f4f1a580af903675405be8f","image/jpeg","2356392","2026-09-17 05:43:05.486055+00","2026-09-17 05:43:07.644108+00"
"f950980b-3483-551c-930a-6e18991bcb04","t-001","f-001","b-001","wv-001","20260917_054217","farmiq-media","tenants/t-001/farms/f-001/barns/b-001/devices/wv-001/images/2026/09/17/0099b167-47d3-4fca-bc2f-5f8bdbb6f80a.jpg","e43db35a42936ddef05c38765625c428","image/jpeg","2354658","2026-09-17 05:42:17.791996+00","2026-09-17 05:42:19.040061+00"
"3ee3c088-9bde-5083-b4e4-f7d0358ba8af","t-001","f-001","b-001","wv-001","20260917_054217","farmiq-media","tenants/t-001/farms/f-001/barns/b-001/devices/wv-001/images/2026/09/17/8efc4bb1-d980-4ec6-909f-b64a5fbc8479.jpg","4f58d95e2440b1ac6a1d8ebbb73437d4","image/jpeg","2401335","2026-09-17 05:42:17.791996+00","2026-09-17 05:42:19.344504+00"
"f97d74d6-f2e3-56ad-baa6-3ba5548b6c42","t-001","f-001","b-001","wv-001","20260917_054208","farmiq-media","tenants/t-001/farms/f-001/barns/b-001/devices/wv-001/images/2026/09/17/df4f99d5-402d-43e7-a28f-fa251e606602.jpg","c43f55d102c983289e2eaaaa00703322","image/jpeg","2467181","2026-09-17 05:42:08.687199+00","2026-09-17 05:42:11.075905+00"
"2705c44c-827c-560a-90a0-aa9bb1ec3a71","t-001","f-001","b-001","wv-001","20260917_054208","farmiq-media","tenants/t-001/farms/f-001/barns/b-001/devices/wv-001/images/2026/09/17/73c1ae95-e621-4096-8194-78a89b047f8e.jpg","6b60464e42f4e2354c79a6bc0de8b073","image/jpeg","2503788","2026-09-17 05:42:08.687199+00","2026-09-17 05:42:11.497619+00"
"46d905c9-85d6-5b70-8352-1c35869aa372","t-001","f-001","b-001","wv-001","20260917_054140","farmiq-media","tenants/t-001/farms/f-001/barns/b-001/devices/wv-001/images/2026/09/17/d93d759d-7622-4491-8b78-261429c55d58.jpg","8543015961bed5da8552019a52c5a97b","image/jpeg","2215924","2026-09-17 05:41:40.263583+00","2026-09-17 05:41:43.893315+00"
"e6948622-acac-5f3c-960d-a34c42c5ea8d","t-001","f-001","b-001","wv-001","20260917_054140","farmiq-media","tenants/t-001/farms/f-001/barns/b-001/devices/wv-001/images/2026/09/17/bb04d151-fe0d-4072-b5ff-a5b38dd51051.jpg","6ffd25044aa5ce9ebd37c588eef2d89f","image/jpeg","2254114","2026-09-17 05:41:40.263583+00","2026-09-17 05:41:45.961308+00"
"eefd227e-2dbd-5b10-8969-f9d58b5e5f52","t-001","f-001","b-001","wv-001","20260917_054052","farmiq-media","tenants/t-001/farms/f-001/barns/b-001/devices/wv-001/images/2026/09/17/cdbc633c-0643-45c1-8389-f72679990c66.jpg","245b197ef18bb74e43d5fae866e9208c","image/jpeg","2484229","2026-09-17 05:40:52.641757+00","2026-09-17 05:40:53.576043+00"
"fd437a74-c6af-5d86-aab7-43dd72f61ac7","t-001","f-001","b-001","wv-001","20260917_054052","farmiq-media","tenants/t-001/farms/f-001/barns/b-001/devices/wv-001/images/2026/09/17/58c1a08b-f6fb-432f-88d8-2299a8b395aa.jpg","da976a28f8a696b31b60505858a70d10","image/jpeg","2532933","2026-09-17 05:40:52.641757+00","2026-09-17 05:40:54.1183+00"
"bd0860e8-09aa-5f77-967c-bf7e417f708b","t-001","f-001","b-001","wv-001","20260917_054042","farmiq-media","tenants/t-001/farms/f-001/barns/b-001/devices/wv-001/images/2026/09/17/b84634f0-cba7-4b2e-bbeb-7a52895bea84.jpg","c018a6916ab4dce0122d38551355af36","image/jpeg","2223034","2026-09-17 05:40:42.565888+00","2026-09-17 05:40:43.448637+00"
"e12ba51e-c126-58d1-af0f-5f7b043f9296","t-001","f-001","b-001","wv-001","20260917_054042","farmiq-media","tenants/t-001/farms/f-001/barns/b-001/devices/wv-001/images/2026/09/17/e6d04c1a-a221-49cd-b27b-24f245b17eb1.jpg","ec85df3f52bd3d767a4a778e26bac906","image/jpeg","2271624","2026-09-17 05:40:42.565888+00","2026-09-17 05:40:43.83481+00"
"004892c3-e1cd-5a88-9814-554c5ff3349a","t-001","f-001","b-001","wv-001","20260917_054033","farmiq-media","tenants/t-001/farms/f-001/barns/b-001/devices/wv-001/images/2026/09/17/2da4f452-8ab1-4e51-bd80-1558093b5bda.jpg","861f9ea67cc92059635c83155d96f800","image/jpeg","2484399","2026-09-17 05:40:33.770715+00","2026-09-17 05:40:35.479111+00"
"42c6e0b4-18e2-5dd8-92ae-aabc54be2f5d","t-001","f-001","b-001","wv-001","20260917_054033","farmiq-media","tenants/t-001/farms/f-001/barns/b-001/devices/wv-001/images/2026/09/17/cee1fa64-78b9-4fd5-b42f-5a9dc1c2fd11.jpg","b70ca31bb5dc6787c1462a205a52a692","image/jpeg","2532474","2026-09-17 05:40:33.770715+00","2026-09-17 05:40:35.887977+00"
"d29b4f7e-4232-53e5-9bb8-a5f661e5057d","t-001","f-001","b-001","wv-001","20260917_054019","farmiq-media","tenants/t-001/farms/f-001/barns/b-001/devices/wv-001/images/2026/09/17/55aa4af1-7585-4e33-9493-e7d2cbd6adeb.jpg","cbee7010b01ed9a73916f507d016d83d","image/jpeg","2230493","2026-09-17 05:40:19.56452+00","2026-09-17 05:40:21.369476+00"
"e214d975-5e84-5af9-a8cd-9426774ce22e","t-001","f-001","b-001","wv-001","20260917_054019","farmiq-media","tenants/t-001/farms/f-001/barns/b-001/devices/wv-001/images/2026/09/17/6e7fc787-a90c-4865-a4d0-39456257fb90.jpg","77257a272e9d2a8da583985095c9538f","image/jpeg","2273594","2026-09-17 05:40:19.56452+00","2026-09-17 05:40:21.723061+00"
"f5f7a0ed-3ff4-5f65-9a35-258fddbb3bf7","t-001","f-001","b-001","wv-001","20260917_054013","farmiq-media","tenants/t-001/farms/f-001/barns/b-001/devices/wv-001/images/2026/09/17/cc45014c-3c2c-421b-97ee-338c3d416308.jpg","5c9acb8b805706e165dd9dc3c7dc3c64","image/jpeg","2465268","2026-09-17 05:40:13.127598+00","2026-09-17 05:40:15.358695+00"
"c9ed544b-f821-5f45-b17c-5f85e41056fb","t-001","f-001","b-001","wv-001","20260917_054013","farmiq-media","tenants/t-001/farms/f-001/barns/b-001/devices/wv-001/images/2026/09/17/3f38c9c1-f6af-44ca-a1af-3fee51fd5a82.jpg","d4a7877310bda441b0fe2713c1defdd2","image/jpeg","2504360","2026-09-17 05:40:13.127598+00","2026-09-17 05:40:15.789843+00"
"1dfeedd3-9728-5ab5-bd48-60ee0e9e4c0c","t-001","f-001","b-001","wv-001","20260917_053956","farmiq-media","tenants/t-001/farms/f-001/barns/b-001/devices/wv-001/images/2026/09/17/cfa2c987-d893-4073-865f-ade78e2e3b18.jpg","e369ce89612211d7ce18e5b1f41d88c7","image/jpeg","2472493","2026-09-17 05:39:56.406719+00","2026-09-17 05:39:57.144592+00"
"bd7d9268-9eba-58b8-a038-853d93752d4e","t-001","f-001","b-001","wv-001","20260917_053956","farmiq-media","tenants/t-001/farms/f-001/barns/b-001/devices/wv-001/images/2026/09/17/450d2af4-31b6-466e-9ebb-8bd246788588.jpg","435845e0840da9baa862bd94346b40c4","image/jpeg","2508370","2026-09-17 05:39:56.406719+00","2026-09-17 05:39:57.516336+00"
"06bf0fbf-4098-5522-a63b-cbff68031210","t-001","f-001","b-001","wv-001","20260917_053920","farmiq-media","tenants/t-001/farms/f-001/barns/b-001/devices/wv-001/images/2026/09/17/5dba8e69-7673-477f-b7b5-d91dcb337e4c.jpg","855f32c36354d79c4a0ee07baf4f6b09","image/jpeg","2284011","2026-09-17 05:39:20.6369+00","2026-09-17 05:39:24.920543+00"
"5602e131-20dd-54e0-bb34-fad02f4fdea9","t-001","f-001","b-001","wv-001","20260917_053920","farmiq-media","tenants/t-001/farms/f-001/barns/b-001/devices/wv-001/images/2026/09/17/673cefe3-c293-4d1c-b4be-7fb45f137c18.jpg","bb3267836c13344d9237ec2860e55ce6","image/jpeg","2328764","2026-09-17 05:39:20.6369+00","2026-09-17 05:39:25.345361+00"
"5b532032-5283-5250-acc9-30b62896940c","t-001","f-001","b-001","wv-001","20260917_053916","farmiq-media","tenants/t-001/farms/f-001/barns/b-001/devices/wv-001/images/2026/09/17/a58cb56c-374e-4659-9472-525d321599a9.jpg","e18d173b979da0918ab9fd7c34f86454","image/jpeg","2503653","2026-09-17 05:39:16.431372+00","2026-09-17 05:39:18.952036+00"
"39cbaef7-47b1-521f-8b07-a5f0bc237cec","t-001","f-001","b-001","wv-001","20260917_053916","farmiq-media","tenants/t-001/farms/f-001/barns/b-001/devices/wv-001/images/2026/09/17/094206a5-ced1-492f-9d83-2c3857a74eb9.jpg","94e091bd56b7d39b3db7255b98654351","image/jpeg","2540207","2026-09-17 05:39:16.431372+00","2026-09-17 05:39:19.383068+00"
"78febc29-8912-5ccd-9caa-ba9025b434ca","t-001","f-001","b-001","wv-001","20260917_053902","farmiq-media","tenants/t-001/farms/f-001/barns/b-001/devices/wv-001/images/2026/09/17/ca4837d9-d7e9-4d6a-b254-98ef7877aada.jpg","a473b6be1ad2c07de8776371716e4433","image/jpeg","2324454","2026-09-17 05:39:02.031206+00","2026-09-17 05:39:02.819152+00"
"28c84590-a07c-51d7-9ad8-bf0b948fab00","t-001","f-001","b-001","wv-001","20260917_053902","farmiq-media","tenants/t-001/farms/f-001/barns/b-001/devices/wv-001/images/2026/09/17/ae725efd-4c77-469e-a812-8a01832b2329.jpg","3e3afd159327653e4a432917c2f395f0","image/jpeg","2370473","2026-09-17 05:39:02.031206+00","2026-09-17 05:39:03.170571+00"
"37c92393-bbba-5083-aeb8-0423da4ef77a","t-001","f-001","b-001","wv-001","20260917_053850","farmiq-media","tenants/t-001/farms/f-001/barns/b-001/devices/wv-001/images/2026/09/17/b93b52c5-4bb8-4268-8501-d017a5ae7294.jpg","5e025208931e3002036ff09742960248","image/jpeg","2346708","2026-09-17 05:38:50.591997+00","2026-09-17 05:38:52.806124+00"
"4ce33190-4007-51c2-a327-5a7a09e122df","t-001","f-001","b-001","wv-001","20260917_053850","farmiq-media","tenants/t-001/farms/f-001/barns/b-001/devices/wv-001/images/2026/09/17/f27927e2-b86d-4679-bffc-7af0fe7d01a2.jpg","963428d2dd5c997949efb109485d3f28","image/jpeg","2389892","2026-09-17 05:38:50.591997+00","2026-09-17 05:38:53.178484+00"
"94e48ced-4201-5d7e-bec2-d4b38f8da322","t-001","f-001","b-001","wv-001","20260917_053843","farmiq-media","tenants/t-001/farms/f-001/barns/b-001/devices/wv-001/images/2026/09/17/6d611f76-1287-4953-a51c-238713b12b7b.jpg","f8989fa564b022643fc36becbd5db59a","image/jpeg","2469975","2026-09-17 05:38:43.936455+00","2026-09-17 05:38:46.772156+00"
"82d95ca9-202d-5da9-ae06-f6c70872fe3a","t-001","f-001","b-001","wv-001","20260917_053843","farmiq-media","tenants/t-001/farms/f-001/barns/b-001/devices/wv-001/images/2026/09/17/a9d940ba-f387-49de-a7b8-1eef74941d1d.jpg","bd2ab9f1a06159e7c1fe2ad7a367bbab","image/jpeg","2499371","2026-09-17 05:38:43.936455+00","2026-09-17 05:38:47.180461+00"
"5a6de9e5-940c-5435-be73-508883a66488","t-001","f-001","b-001","wv-001","20260917_053839","farmiq-media","tenants/t-001/farms/f-001/barns/b-001/devices/wv-001/images/2026/09/17/07c00da4-c364-4f6b-9024-f7eb578c7162.jpg","3766270febacee78f7f37c627271a1eb","image/jpeg","2319112","2026-09-17 05:38:39.357069+00","2026-09-17 05:38:40.743765+00"
"1d70599b-726b-54a4-8a01-87ce1175ca70","t-001","f-001","b-001","wv-001","20260917_053839","farmiq-media","tenants/t-001/farms/f-001/barns/b-001/devices/wv-001/images/2026/09/17/43eecf8a-d076-48b3-9021-8ebdeefbfdbf.jpg","5862f131f030654df7a2c5e158fb40a3","image/jpeg","2362781","2026-09-17 05:38:39.357069+00","2026-09-17 05:38:41.096314+00"
"16eff5a8-2ddd-501b-9258-ad0227e9f31e","t-001","f-001","b-001","wv-001","20260917_053830","farmiq-media","tenants/t-001/farms/f-001/barns/b-001/devices/wv-001/images/2026/09/17/3adbeff1-3b01-409c-961c-5d424abcebc7.jpg","07e8051b2acc1140c2150560986da25a","image/jpeg","2405269","2026-09-17 05:38:30.362544+00","2026-09-17 05:38:32.660208+00"
"9b31195c-56fc-528a-8e4d-b0da9f5e906d","t-001","f-001","b-001","wv-001","20260917_053830","farmiq-media","tenants/t-001/farms/f-001/barns/b-001/devices/wv-001/images/2026/09/17/baf0768c-ee14-44c0-950b-76f69fe6b941.jpg","2ef80d73f59932c44f9dda7431a73c7e","image/jpeg","2442192","2026-09-17 05:38:30.362544+00","2026-09-17 05:38:33.084684+00"
"d08c3890-8b15-58fe-9217-75346437274c","t-001","f-001","b-001","wv-001","20260917_053815","farmiq-media","tenants/t-001/farms/f-001/barns/b-001/devices/wv-001/images/2026/09/17/8cb446dd-5d79-4e72-961e-a06c8049770a.jpg","de7304a76567be017462764df85e3e4f","image/jpeg","2310486","2026-09-17 05:38:15.096623+00","2026-09-17 05:38:18.553576+00"
"5c4aee1b-1bfb-5753-8da9-b0326908bc89","t-001","f-001","b-001","wv-001","20260917_053815","farmiq-media","tenants/t-001/farms/f-001/barns/b-001/devices/wv-001/images/2026/09/17/df014a82-1d4d-4cda-823d-c82cf87653a8.jpg","b1b343c70e0ac57533d0302c818f9f31","image/jpeg","2344359","2026-09-17 05:38:15.096623+00","2026-09-17 05:38:18.950653+00"
"b740b86d-11d6-523d-8716-8b7d934c9639","t-001","f-001","b-001","wv-001","20260917_053810","farmiq-media","tenants/t-001/farms/f-001/barns/b-001/devices/wv-001/images/2026/09/17/88ad8f1a-a5a9-4bde-a848-e3d16ed39617.jpg","b2ca44dc7f8778b6ebea950190f79403","image/jpeg","2369031","2026-09-17 05:38:10.719277+00","2026-09-17 05:38:12.676395+00"
"c9f4372d-5958-5cba-be81-701088e882e8","t-001","f-001","b-001","wv-001","20260917_053810","farmiq-media","tenants/t-001/farms/f-001/barns/b-001/devices/wv-001/images/2026/09/17/c8f5b182-180a-4f7e-99bf-1a2a286ab18f.jpg","d8152cf576723ec867ba0a59145610cc","image/jpeg","2398477","2026-09-17 05:38:10.719277+00","2026-09-17 05:38:13.037188+00"
"174297aa-5127-5929-a4b4-fd58972fe5d9","t-001","f-001","b-001","wv-001","20260917_053755","farmiq-media","tenants/t-001/farms/f-001/barns/b-001/devices/wv-001/images/2026/09/17/61db088b-e1a1-45d7-b655-eb2b62ed17f3.jpg","9da2d17d38cc30e9013b58fc48e1df2e","image/jpeg","2257399","2026-09-17 05:37:55.85058+00","2026-09-17 05:37:58.700625+00"
"edb94384-cb7e-56b7-b0bb-089ae1694876","t-001","f-001","b-001","wv-001","20260917_053755","farmiq-media","tenants/t-001/farms/f-001/barns/b-001/devices/wv-001/images/2026/09/17/14ad078a-4aae-4a54-be3e-4908f24db1ef.jpg","d8d93ec3b5725a3c9c1319ac66144133","image/jpeg","2298505","2026-09-17 05:37:55.85058+00","2026-09-17 05:37:59.00941+00"
"5fc868a7-9e98-50da-b1fe-a738422936fa","t-001","f-001","b-001","wv-001","20260917_053750","farmiq-media","tenants/t-001/farms/f-001/barns/b-001/devices/wv-001/images/2026/09/17/720b4b7c-6a4f-4b81-94e6-3991770557eb.jpg","be23bcb05f2beae5926fa9fd45f5cd70","image/jpeg","2448075","2026-09-17 05:37:50.281729+00","2026-09-17 05:37:52.76735+00"
"3cf71bf4-dc9e-503d-a5d8-3d3e432e0359","t-001","f-001","b-001","wv-001","20260917_053750","farmiq-media","tenants/t-001/farms/f-001/barns/b-001/devices/wv-001/images/2026/09/17/252afdd3-5f28-471c-892a-2132104ca878.jpg","6142038d45f7c2a79f16cc2531d2441d","image/jpeg","2482096","2026-09-17 05:37:50.281729+00","2026-09-17 05:37:53.181918+00"
"9c24d37a-1fb4-5d0c-9fd5-20e0aed3a3ad","t-001","f-001","b-001","wv-001","20260917_053741","farmiq-media","tenants/t-001/farms/f-001/barns/b-001/devices/wv-001/images/2026/09/17/c1f6bfb3-9c49-493b-86ee-9dd1549d9911.jpg","71c73bef892d6392184b75d332fe54aa","image/jpeg","2230892","2026-09-17 05:37:41.449297+00","2026-09-17 05:37:42.670715+00"
"bcf72189-eba2-52a9-8274-3f21660d7fef","t-001","f-001","b-001","wv-001","20260917_053741","farmiq-media","tenants/t-001/farms/f-001/barns/b-001/devices/wv-001/images/2026/09/17/fbee5f0b-4d3e-4801-8a27-937821940f51.jpg","0cb2b6bd629d3f037d56b17033a19dbc","image/jpeg","2287318","2026-09-17 05:37:41.449297+00","2026-09-17 05:37:43.046166+00"
"6300f0f0-bcf4-57ea-bf1f-41ac5aa86916","t-001","f-001","b-001","wv-001","20260917_053734","farmiq-media","tenants/t-001/farms/f-001/barns/b-001/devices/wv-001/images/2026/09/17/97bf7dde-85c4-4864-95a0-0efaa8481985.jpg","2b180e63d45ced9689522b5bc908b905","image/jpeg","2275844","2026-09-17 05:37:34.921901+00","2026-09-17 05:37:36.705561+00"
"47dc83f2-25d7-5cbb-96e0-e7ae1ab10cfd","t-001","f-001","b-001","wv-001","20260917_053734","farmiq-media","tenants/t-001/farms/f-001/barns/b-001/devices/wv-001/images/2026/09/17/c323d255-c762-4af9-89d3-f4d860a7663f.jpg","a3ab68793bf64d8e0b2e90a604b539c0","image/jpeg","2329347","2026-09-17 05:37:34.921901+00","2026-09-17 05:37:37.086928+00"
"a23f5376-2935-59e9-b136-56f63c78a8a5","t-001","f-001","b-001","wv-001","20260917_053729","farmiq-media","tenants/t-001/farms/f-001/barns/b-001/devices/wv-001/images/2026/09/17/a3e17678-63da-4c65-85cd-4991eaae4127.jpg","660a2a6d9e4579f91645f51dd3ac4d7d","image/jpeg","2453508","2026-09-17 05:37:29.070461+00","2026-09-17 05:37:30.737919+00"
"3cfa31fd-6000-535f-bf2f-9250187dd3ed","t-001","f-001","b-001","wv-001","20260917_053729","farmiq-media","tenants/t-001/farms/f-001/barns/b-001/devices/wv-001/images/2026/09/17/bb06c846-cf5f-4b22-8b48-7f494c8d96c2.jpg","ce5ddfb75f8ee50e2ef322a163704587","image/jpeg","2504966","2026-09-17 05:37:29.070461+00","2026-09-17 05:37:31.188156+00"
"f6912d26-f031-5d3e-b12f-ff135fa3761f","t-001","f-001","b-001","wv-001","20260917_053712","farmiq-media","tenants/t-001/farms/f-001/barns/b-001/devices/wv-001/images/2026/09/17/542afba9-6a84-4616-8759-70d7827a7202.jpg","041a00641d17befe05393d82e222f1f7","image/jpeg","2519055","2026-09-17 05:37:12.601885+00","2026-09-17 05:37:14.59116+00"
"fd71c7e4-7025-597a-b8d6-eda5e97aae12","t-001","f-001","b-001","wv-001","20260917_053712","farmiq-media","tenants/t-001/farms/f-001/barns/b-001/devices/wv-001/images/2026/09/17/6f33f6ac-9ffd-4935-8187-0dde5d384ae7.jpg","7d1375ac03425c1235a6fd72e8efd6f6","image/jpeg","2563896","2026-09-17 05:37:12.601885+00","2026-09-17 05:37:15.032509+00"
"a6e80949-72aa-5192-8b31-b2f714c604a2","t-001","f-001","b-001","wv-001","20260917_053659","farmiq-media","tenants/t-001/farms/f-001/barns/b-001/devices/wv-001/images/2026/09/17/4c4a7517-c5af-465a-a6d4-5c231fe72573.jpg","f921d6cf88fdeee065f4b18565952a65","image/jpeg","2291346","2026-09-17 05:36:59.655273+00","2026-09-17 05:37:00.560117+00"
"598d7da4-2154-5381-8ad5-9ebbfb4edf50","t-001","f-001","b-001","wv-001","20260917_053659","farmiq-media","tenants/t-001/farms/f-001/barns/b-001/devices/wv-001/images/2026/09/17/d0eb7e61-801a-4e73-8c85-299e5d8ec561.jpg","e9f7a0081738809e1903c6dfc557896b","image/jpeg","2339132","2026-09-17 05:36:59.655273+00","2026-09-17 05:37:00.91836+00"
"b4429964-1ea5-5c9b-9b72-98ccc217eec1","t-001","f-001","b-001","wv-001","20260917_053515","farmiq-media","tenants/t-001/farms/f-001/barns/b-001/devices/wv-001/images/2026/09/17/de3f978f-22ec-417d-adeb-0ff9e4047f6c.jpg","522e44e803324e60c480e7a7eb7bc043","image/jpeg","2514087","2026-09-17 05:35:15.081638+00","2026-09-17 05:35:15.844714+00"
"b7a010e1-a4fd-525b-9809-20faea0bbcfc","t-001","f-001","b-001","wv-001","20260917_053515","farmiq-media","tenants/t-001/farms/f-001/barns/b-001/devices/wv-001/images/2026/09/17/a87659ff-0a4d-42a9-8204-986422801b2f.jpg","c7204cfa561ed59cccf2f048cfec045f","image/jpeg","2551494","2026-09-17 05:35:15.081638+00","2026-09-17 05:35:16.228726+00"
"dc152379-14c6-54b3-b507-b578f3f11e63","t-001","f-001","b-001","wv-001","20260917_053428","farmiq-media","tenants/t-001/farms/f-001/barns/b-001/devices/wv-001/images/2026/09/17/d2ae5628-7d96-4168-9114-8845a560aba7.jpg","a21844c66d40a755e88c395ecf909293","image/jpeg","2397774","2026-09-17 05:34:28.289407+00","2026-09-17 05:34:31.41826+00"
"e7801d56-0519-518c-bbd8-cc7fcf195e46","t-001","f-001","b-001","wv-001","20260917_053428","farmiq-media","tenants/t-001/farms/f-001/barns/b-001/devices/wv-001/images/2026/09/17/5a924eae-be05-4888-8dfe-7e81dfcc6afb.jpg","c082c3b66ce51de24b608098dbd22597","image/jpeg","2442706","2026-09-17 05:34:28.289407+00","2026-09-17 05:34:31.827175+00"
"fef236cc-3d15-54a5-a76c-0a5741d8d263","t-001","f-001","b-001","wv-001","20260917_053424","farmiq-media","tenants/t-001/farms/f-001/barns/b-001/devices/wv-001/images/2026/09/17/2c435f68-9e0c-486e-875d-d1e4b588821d.jpg","d0095b698b550a23f2d1af8e4680cfcc","image/jpeg","2597123","2026-09-17 05:34:24.10675+00","2026-09-17 05:34:25.403011+00"
"8b31bae9-1494-5937-afd3-b92afdef4936","t-001","f-001","b-001","wv-001","20260917_053424","farmiq-media","tenants/t-001/farms/f-001/barns/b-001/devices/wv-001/images/2026/09/17/53493484-e81b-4ac1-944b-79e58bf737ea.jpg","14f367bbb627b6f08b819d533d72b886","image/jpeg","2630544","2026-09-17 05:34:24.10675+00","2026-09-17 05:34:25.818186+00"
"2ac32a6b-5f12-5f05-bef8-711142296d6d","t-001","f-001","b-001","wv-001","20260917_053323","farmiq-media","tenants/t-001/farms/f-001/barns/b-001/devices/wv-001/images/2026/09/17/1362beb4-7617-4e07-b8d8-10658f1576b1.jpg","cf0e6a7b235900894273fbd134a207a9","image/jpeg","2464251","2026-09-17 05:33:23.521107+00","2026-09-17 05:33:24.720819+00"
"69ef8cc4-67dd-50eb-a91d-736b0c9b32bf","t-001","f-001","b-001","wv-001","20260917_053323","farmiq-media","tenants/t-001/farms/f-001/barns/b-001/devices/wv-001/images/2026/09/17/c41bea61-a85e-44af-8f4d-d6182274d052.jpg","5f470409011eeeba98d842612d999b13","image/jpeg","2503369","2026-09-17 05:33:23.521107+00","2026-09-17 05:33:25.163959+00"
"5005f0c5-b924-5247-861e-336290095b67","t-001","f-001","b-001","wv-001","20260917_053242","farmiq-media","tenants/t-001/farms/f-001/barns/b-001/devices/wv-001/images/2026/09/17/16f3e5cd-e609-4985-b269-b841b48e57a2.jpg","9c9442cc588002676b08f08688610c51","image/jpeg","2534617","2026-09-17 05:32:42.360111+00","2026-09-17 05:32:44.319413+00"
"507cfb2b-d9e4-58bd-b729-d08260e9c32b","t-001","f-001","b-001","wv-001","20260917_053242","farmiq-media","tenants/t-001/farms/f-001/barns/b-001/devices/wv-001/images/2026/09/17/0def1ee2-a3b5-48b3-ac13-fe5b3da3454a.jpg","1cc381c7fb474e9f5108608edba78989","image/jpeg","2570294","2026-09-17 05:32:42.360111+00","2026-09-17 05:32:44.771064+00"
"b2f7d59d-cbe0-5c2c-bd15-a76e83e160d0","t-001","f-001","b-001","wv-001","20260917_053156","farmiq-media","tenants/t-001/farms/f-001/barns/b-001/devices/wv-001/images/2026/09/17/427f3adf-fd5e-4749-8bbc-13366f3a89b6.jpg","f0bd2148f327188028267b5a2da3a61a","image/jpeg","2355613","2026-09-17 05:31:56.057789+00","2026-09-17 05:31:57.947795+00"
"31e3acde-6b7b-57f3-b172-50ea297843e3","t-001","f-001","b-001","wv-001","20260917_053156","farmiq-media","tenants/t-001/farms/f-001/barns/b-001/devices/wv-001/images/2026/09/17/0ba48de3-aea7-4710-b53e-47ebe50b9a44.jpg","1dee2e02479e3280dac4c74dc0b2f3f4","image/jpeg","2404209","2026-09-17 05:31:56.057789+00","2026-09-17 05:31:58.359121+00"
"9b936032-cabb-5427-8403-3e10d67831ea","t-001","f-001","b-001","wv-001","20260917_053129","farmiq-media","tenants/t-001/farms/f-001/barns/b-001/devices/wv-001/images/2026/09/17/9f2696da-f70f-449b-8919-9193b2e77374.jpg","fc7125380cda96d6213b35f2ecdfa7fe","image/jpeg","2555853","2026-09-17 05:31:29.52627+00","2026-09-17 05:31:31.701837+00"
"53d1fc4d-1ea7-54c7-b56a-5791c4af4322","t-001","f-001","b-001","wv-001","20260917_053129","farmiq-media","tenants/t-001/farms/f-001/barns/b-001/devices/wv-001/images/2026/09/17/c643ab89-af9c-492b-9143-aef068dd539b.jpg","8dec6b10232b2f3c7a62d15e7a13ea61","image/jpeg","2591317","2026-09-17 05:31:29.52627+00","2026-09-17 05:31:32.14324+00"
"2d2c7b6a-4c8d-5fa0-a7c9-af6d3ff18ed0","t-001","f-001","b-001","wv-001","20260917_053024","farmiq-media","tenants/t-001/farms/f-001/barns/b-001/devices/wv-001/images/2026/09/17/4361db37-7c4a-400d-9084-6e52bf27717d.jpg","c432d735fec12ba8aabf3a6f83ef9296","image/jpeg","2421165","2026-09-17 05:30:24.079148+00","2026-09-17 05:30:25.076972+00"
"09b5d3e0-8266-5e80-aef1-5a227457dd04","t-001","f-001","b-001","wv-001","20260917_053024","farmiq-media","tenants/t-001/farms/f-001/barns/b-001/devices/wv-001/images/2026/09/17/b713691a-d23e-4d36-9c7b-a423aafb2d14.jpg","8121d314d9e72e9c97a989edd0fa8da7","image/jpeg","2464316","2026-09-17 05:30:24.079148+00","2026-09-17 05:30:25.463858+00"
"fc1fb865-c964-5da7-9189-88f662cba143","t-001","f-001","b-001","wv-001","20260917_052954","farmiq-media","tenants/t-001/farms/f-001/barns/b-001/devices/wv-001/images/2026/09/17/853b2978-4061-48bb-a8d7-0e10e6c1398e.jpg","9ca80a27232c1d424da8eddcfdca9300","image/jpeg","2250513","2026-09-17 05:29:54.62266+00","2026-09-17 05:29:56.886556+00"
"cb33b5bc-eee1-51fa-9d57-3edf2c6816ca","t-001","f-001","b-001","wv-001","20260917_052954","farmiq-media","tenants/t-001/farms/f-001/barns/b-001/devices/wv-001/images/2026/09/17/42792ef7-2e7a-4b01-9fac-eea2f25f9280.jpg","d8b8a582d6f0242838e02c2fdbbe6cce","image/jpeg","2291413","2026-09-17 05:29:54.62266+00","2026-09-17 05:29:57.302354+00"
"3c6a7bfe-ac01-5728-a33f-010c2a65dbb4","t-001","f-001","b-001","wv-001","20260917_052947","farmiq-media","tenants/t-001/farms/f-001/barns/b-001/devices/wv-001/images/2026/09/17/1717969a-c8c4-4563-a42c-3bd2298d78eb.jpg","9471515f1dbd8760f39fd3d08bdf4107","image/jpeg","2475246","2026-09-17 05:29:47.05578+00","2026-09-17 05:29:48.790224+00"
"ab7c0536-af69-5816-9462-c6899c1bdb71","t-001","f-001","b-001","wv-001","20260917_052947","farmiq-media","tenants/t-001/farms/f-001/barns/b-001/devices/wv-001/images/2026/09/17/7eb9eb72-280d-46ac-8a9f-a69df1ffd518.jpg","fa4c899a4a9375bee6617484c0488fee","image/jpeg","2505329","2026-09-17 05:29:47.05578+00","2026-09-17 05:29:49.24664+00"
"43bc444e-f28d-56b5-8bce-fae44dec1a4d","t-001","f-001","b-001","wv-001","20260917_052932","farmiq-media","tenants/t-001/farms/f-001/barns/b-001/devices/wv-001/images/2026/09/17/eb626ff6-4ae0-48dd-89ee-53c0d761e382.jpg","3ae59d28cb8e5dc3812918bd792da36e","image/jpeg","2294973","2026-09-17 05:29:32.865411+00","2026-09-17 05:29:36.768535+00"
"83b4873e-d793-552a-802f-1212071edb1d","t-001","f-001","b-001","wv-001","20260917_052932","farmiq-media","tenants/t-001/farms/f-001/barns/b-001/devices/wv-001/images/2026/09/17/3a2d6158-0129-4ef9-bb79-e14a1c5414a1.jpg","967929e79404d689e65f00609975928f","image/jpeg","2325891","2026-09-17 05:29:32.865411+00","2026-09-17 05:29:37.194714+00"
"f42ac02a-14ad-57ff-be01-d5d9e8f00c67","t-001","f-001","b-001","wv-001","20260917_052928","farmiq-media","tenants/t-001/farms/f-001/barns/b-001/devices/wv-001/images/2026/09/17/aa190cf0-d947-4fe7-b868-d601a6cf8e8a.jpg","65180721655dc9e0f296c30a79d780f9","image/jpeg","2510094","2026-09-17 05:29:28.802502+00","2026-09-17 05:29:30.688219+00"
"e4eda95d-cd11-5f8e-aca6-49949968e984","t-001","f-001","b-001","wv-001","20260917_052928","farmiq-media","tenants/t-001/farms/f-001/barns/b-001/devices/wv-001/images/2026/09/17/2f12554d-bd20-4d48-9d2b-2f583403879b.jpg","9129a654975078a4ecc3fe3079494086","image/jpeg","2539147","2026-09-17 05:29:28.802502+00","2026-09-17 05:29:31.169671+00"
"bd137489-45d1-5ddb-a9ba-973004ab7d92","t-001","f-001","b-001","wv-001","20260917_052909","farmiq-media","tenants/t-001/farms/f-001/barns/b-001/devices/wv-001/images/2026/09/17/47b5c80b-01fd-4f92-9397-5f18088a59cb.jpg","d32d49fb609f8f9bda38d7fc2f2e935c","image/jpeg","2236569","2026-09-17 05:29:09.827523+00","2026-09-17 05:29:10.394344+00"
"5dfdc7ab-de39-5e79-8dbe-0a9b07f0ea5e","t-001","f-001","b-001","wv-001","20260917_052909","farmiq-media","tenants/t-001/farms/f-001/barns/b-001/devices/wv-001/images/2026/09/17/89156a74-6c7f-4ec4-87d1-7be7f9b5c56c.jpg","51f55aee755e4d961e9790c148d4f920","image/jpeg","2268950","2026-09-17 05:29:09.827523+00","2026-09-17 05:29:10.801275+00"
"5bc93afc-21bf-5376-9346-ec830343ac01","t-001","f-001","b-001","wv-001","20260917_052852","farmiq-media","tenants/t-001/farms/f-001/barns/b-001/devices/wv-001/images/2026/09/17/60c85ecf-66d1-42d0-862b-edea7937d8a1.jpg","0d067adf7680e8189b657b249eef7ed7","image/jpeg","2255899","2026-09-17 05:28:52.593565+00","2026-09-17 05:28:56.274573+00"
"2d852188-de86-552a-983b-c0d0faced6b3","t-001","f-001","b-001","wv-001","20260917_052852","farmiq-media","tenants/t-001/farms/f-001/barns/b-001/devices/wv-001/images/2026/09/17/051c6749-2266-4605-8ac2-2491f1d690a6.jpg","a372ab61e6c6c44fccbbaca0c313b702","image/jpeg","2288914","2026-09-17 05:28:52.593565+00","2026-09-17 05:28:56.737884+00"
"2e4adbf1-7747-5ed0-a76d-6f5387618954","t-001","f-001","b-001","wv-001","20260917_052847","farmiq-media","tenants/t-001/farms/f-001/barns/b-001/devices/wv-001/images/2026/09/17/4e310092-cbdf-494b-a093-10f75a1285ca.jpg","0c419ea00984bfc4bc66ae3f6d5960c4","image/jpeg","2308085","2026-09-17 05:28:47.593012+00","2026-09-17 05:28:50.226045+00"
"af6f40da-de69-591c-875d-054ec0a0e63d","t-001","f-001","b-001","wv-001","20260917_052847","farmiq-media","tenants/t-001/farms/f-001/barns/b-001/devices/wv-001/images/2026/09/17/815a45b1-7677-47e9-8112-bf62722eb827.jpg","3af91ef986a8a7af542e7f9ae2614827","image/jpeg","2334870","2026-09-17 05:28:47.593012+00","2026-09-17 05:28:50.643632+00"
"4b415b70-ee9c-510d-a576-ea0159947011","t-001","f-001","b-001","wv-001","20260917_052842","farmiq-media","tenants/t-001/farms/f-001/barns/b-001/devices/wv-001/images/2026/09/17/a81ca045-c6ad-4ebd-85f6-4356d1b3b6a6.jpg","dc6b9b5d8f1344e4359d27c53a0b0303","image/jpeg","2562442","2026-09-17 05:28:42.76496+00","2026-09-17 05:28:44.078529+00"
"baa20024-9739-5025-b2f4-e57df9af3909","t-001","f-001","b-001","wv-001","20260917_052842","farmiq-media","tenants/t-001/farms/f-001/barns/b-001/devices/wv-001/images/2026/09/17/39a74695-fe0f-4288-a125-956384aec336.jpg","b8e117468ec647cdf0695381c42f2dea","image/jpeg","2587088","2026-09-17 05:28:42.76496+00","2026-09-17 05:28:44.572802+00"
"af28ce92-9a68-58f8-bf4e-f54867d6b85b","t-001","f-001","b-001","wv-001","20260917_052810","farmiq-media","tenants/t-001/farms/f-001/barns/b-001/devices/wv-001/images/2026/09/17/4fba7363-c9c2-4505-bb3a-179e4438f165.jpg","4dbb6743801aabc10894010bd6d4f12d","image/jpeg","2552547","2026-09-17 05:28:10.972429+00","2026-09-17 05:28:11.709998+00"
"b03f1670-88cc-5c83-9138-88963169b398","t-001","f-001","b-001","wv-001","20260917_052810","farmiq-media","tenants/t-001/farms/f-001/barns/b-001/devices/wv-001/images/2026/09/17/0bb3175c-bef2-4b1e-9bcb-b4b0ff4fbcad.jpg","c58fc0e410dec0cd7bb73c4b127bcd65","image/jpeg","2571078","2026-09-17 05:28:10.972429+00","2026-09-17 05:28:12.152244+00"
"c27bd5d7-e878-5ef2-a9d9-37cbb4f1b2b3","t-001","f-001","b-001","wv-001","20260917_052718","farmiq-media","tenants/t-001/farms/f-001/barns/b-001/devices/wv-001/images/2026/09/17/4dbba796-86d4-40f8-839f-e60d4a956312.jpg","3fd1870fdecffab0310b943298f68fde","image/jpeg","2247797","2026-09-17 05:27:18.709724+00","2026-09-17 05:27:21.250396+00"
"510b7fc2-69c9-5408-b6ca-5a8c35e369b6","t-001","f-001","b-001","wv-001","20260917_052718","farmiq-media","tenants/t-001/farms/f-001/barns/b-001/devices/wv-001/images/2026/09/17/6d567ae3-23de-4b21-9cb0-d5c78241fbe0.jpg","e104734aa2fdb69e4d2b118dce470676","image/jpeg","2268069","2026-09-17 05:27:18.709724+00","2026-09-17 05:27:21.659502+00"
"48b5df28-52a7-5109-89b5-7ac243849023","t-001","f-001","b-001","wv-001","20260917_052712","farmiq-media","tenants/t-001/farms/f-001/barns/b-001/devices/wv-001/images/2026/09/17/bc02a67f-dc7f-4c29-af64-2fb9b1133181.jpg","bdc9f1531b3d8700845c98f8c3fcf1e0","image/jpeg","2308076","2026-09-17 05:27:12.332562+00","2026-09-17 05:27:15.255087+00"
"053e37f2-378b-5a8c-a464-8ada7045f3d6","t-001","f-001","b-001","wv-001","20260917_052712","farmiq-media","tenants/t-001/farms/f-001/barns/b-001/devices/wv-001/images/2026/09/17/72d854a4-52db-435f-a173-91bee13220d1.jpg","157494c2c2922b6e05ed7766132e7f91","image/jpeg","2331905","2026-09-17 05:27:12.332562+00","2026-09-17 05:27:15.693935+00"
"d0ccaa58-d0dc-5c94-b48e-e8de295d313d","t-001","f-001","b-001","wv-001","20260917_052707","farmiq-media","tenants/t-001/farms/f-001/barns/b-001/devices/wv-001/images/2026/09/17/1774cd1f-88b5-448c-925c-3417f16bf5f8.jpg","63bc6ca0af2416b0b435afb48873e68f","image/jpeg","2530506","2026-09-17 05:27:07.114676+00","2026-09-17 05:27:09.188703+00"
"bc44526a-0cc5-5b40-8dbf-e70a3a70d082","t-001","f-001","b-001","wv-001","20260917_052707","farmiq-media","tenants/t-001/farms/f-001/barns/b-001/devices/wv-001/images/2026/09/17/7e5d3983-d072-43bc-8a2b-cce2313fcc8d.jpg","f8494f397ea268a50b7188a76fd5ff0f","image/jpeg","2545224","2026-09-17 05:27:07.114676+00","2026-09-17 05:27:09.673853+00"
"d3ddb6e6-e4b7-5b07-8f2c-bb0c1c63ffb0","t-001","f-001","b-001","wv-001","20260917_052644","farmiq-media","tenants/t-001/farms/f-001/barns/b-001/devices/wv-001/images/2026/09/17/612c1091-f2a2-48ff-93c4-5d104c70dc27.jpg","d0f63e109f6e3fbfa0d942dbc3215f6e","image/jpeg","2254796","2026-09-17 05:26:44.552103+00","2026-09-17 05:26:46.951057+00"
"d951fa33-c03d-57b2-8e82-22474823398f","t-001","f-001","b-001","wv-001","20260917_052644","farmiq-media","tenants/t-001/farms/f-001/barns/b-001/devices/wv-001/images/2026/09/17/f27df0d5-d17b-4b8d-b6dc-e083ff68c008.jpg","433b89682bcffaff74cde24d4aa91f11","image/jpeg","2271821","2026-09-17 05:26:44.552103+00","2026-09-17 05:26:47.434005+00"
"de2aa06c-fc4c-5a60-9b98-7481eec584d5","t-001","f-001","b-001","wv-001","20260917_052125","farmiq-media","tenants/t-001/farms/f-001/barns/b-001/devices/wv-001/images/2026/09/17/d5ab6333-de25-4a46-87bd-866766d72df1.jpg","935ca3bb635f14f81f10e49b09557ee9","image/jpeg","2645819","2026-09-17 05:21:25.286659+00","2026-09-17 05:21:26.251563+00"
"dd6eb9ba-2abd-5124-bb24-b7714da0caea","t-001","f-001","b-001","wv-001","20260917_052125","farmiq-media","tenants/t-001/farms/f-001/barns/b-001/devices/wv-001/images/2026/09/17/fde7e584-26ac-4689-86bc-dd9b99e0119e.jpg","9810dd84d75b471fd0dd980b20bf9002","image/jpeg","2675212","2026-09-17 05:21:25.286659+00","2026-09-17 05:21:26.633859+00"
"33f46c9f-627d-5954-81b6-aa6b8be5bc1c","t-001","f-001","b-001","wv-001","20260917_051650","farmiq-media","tenants/t-001/farms/f-001/barns/b-001/devices/wv-001/images/2026/09/17/df1f1064-7a24-4f27-9f89-9d7b99745d27.jpg","793a876dde939fafc8de087ad88a2bfe","image/jpeg","2548888","2026-09-17 05:16:50.041472+00","2026-09-17 05:16:52.160484+00"
"9e2757c1-9112-58a3-9eb0-1b6192b4abe2","t-001","f-001","b-001","wv-001","20260917_051650","farmiq-media","tenants/t-001/farms/f-001/barns/b-001/devices/wv-001/images/2026/09/17/75a0700b-a00d-476c-b89d-220c8c9db2b6.jpg","7c1575b7ae1ae03ac7e19b2d6877aa40","image/jpeg","2573872","2026-09-17 05:16:50.041472+00","2026-09-17 05:16:52.504394+00"
"0ce49acd-7367-5039-aee6-700a3e5814fa","t-001","f-001","b-001","wv-001","20260917_051546","farmiq-media","tenants/t-001/farms/f-001/barns/b-001/devices/wv-001/images/2026/09/17/22dd7d5f-464f-4681-89e0-ac24f46532c3.jpg","f5b5577d091ded7ab0c68026e2926902","image/jpeg","2472129","2026-09-17 05:15:46.316352+00","2026-09-17 05:15:47.726375+00"
"616d8114-b5d0-5f4b-b85c-d3f876b7b815","t-001","f-001","b-001","wv-001","20260917_051546","farmiq-media","tenants/t-001/farms/f-001/barns/b-001/devices/wv-001/images/2026/09/17/d2b69bc4-abc1-4c32-913a-5f9af36c464c.jpg","cb02b1cf32d04cbad2500613bcbb1899","image/jpeg","2506473","2026-09-17 05:15:46.316352+00","2026-09-17 05:15:48.104694+00"
"19eec9af-d6f1-5281-88a7-72d1c5268323","t-001","f-001","b-001","wv-001","20260917_051449","farmiq-media","tenants/t-001/farms/f-001/barns/b-001/devices/wv-001/images/2026/09/17/05e4ecd6-5fd8-44d1-b2e4-48658d7f616f.jpg","5da857baccef4d8ca6c80fc7c113e9ff","image/jpeg","2371531","2026-09-17 05:14:49.257051+00","2026-09-17 05:14:51.417715+00"
"870690af-bddd-5766-ada0-af1619f40253","t-001","f-001","b-001","wv-001","20260917_051449","farmiq-media","tenants/t-001/farms/f-001/barns/b-001/devices/wv-001/images/2026/09/17/7ae9bc92-bb1b-4c32-957e-07d9ed2511db.jpg","e7a6183bf35f8ea1ececcf75022d49b3","image/jpeg","2410992","2026-09-17 05:14:49.257051+00","2026-09-17 05:14:51.7739+00"
"3b1acbb1-d201-5a61-af64-438b9981f7c7","t-001","f-001","b-001","wv-001","20260917_051312","farmiq-media","tenants/t-001/farms/f-001/barns/b-001/devices/wv-001/images/2026/09/17/ca5fa27d-6296-4d54-9b18-100295483ac0.jpg","fea359d6be412d99b45559009019311b","image/jpeg","2337577","2026-09-17 05:13:12.166733+00","2026-09-17 05:13:14.581661+00"
"c1a48f0d-0b72-5b3d-9999-662e94122fe9","t-001","f-001","b-001","wv-001","20260917_051312","farmiq-media","tenants/t-001/farms/f-001/barns/b-001/devices/wv-001/images/2026/09/17/7e4e360e-7f7b-4e6c-9176-7dc4b23bb114.jpg","fb11eba83282efa7e0164219a69c884f","image/jpeg","2379111","2026-09-17 05:13:12.166733+00","2026-09-17 05:13:15.031696+00"
"1319bcbd-63df-5500-8b18-36c33fdaf8c9","t-001","f-001","b-001","wv-001","20260917_051256","farmiq-media","tenants/t-001/farms/f-001/barns/b-001/devices/wv-001/images/2026/09/17/5b224fc0-850a-41cc-8fa8-cd96f98bd3d5.jpg","5847940059119fc856150bf8f8aeab91","image/jpeg","2412426","2026-09-17 05:12:56.087155+00","2026-09-17 05:12:58.547734+00"
"0a2a3851-ca4d-5b87-9bbd-2e11b89dd416","t-001","f-001","b-001","wv-001","20260917_051256","farmiq-media","tenants/t-001/farms/f-001/barns/b-001/devices/wv-001/images/2026/09/17/ed2235d1-ef23-495d-b867-629d2f6e8e05.jpg","e28d45b967b5f1b1302d94d40c592f6d","image/jpeg","2440730","2026-09-17 05:12:56.087155+00","2026-09-17 05:12:58.898754+00"
"bad210e3-d19d-5c73-bfa7-65901d989f68","t-001","f-001","b-001","wv-001","20260917_051132","farmiq-media","tenants/t-001/farms/f-001/barns/b-001/devices/wv-001/images/2026/09/17/6ee10370-e1b8-4748-bdf6-de07db08f4d5.jpg","b660fb66ab07cacd04d115f26d51a56a","image/jpeg","2474272","2026-09-17 05:11:32.662101+00","2026-09-17 05:11:33.915965+00"
"7140c1cc-01e8-57c4-9738-0085da872cae","t-001","f-001","b-001","wv-001","20260917_051132","farmiq-media","tenants/t-001/farms/f-001/barns/b-001/devices/wv-001/images/2026/09/17/89d116d4-0870-422f-bcb8-f8590458a6f1.jpg","3599e684c18391b94ba26c55d681f112","image/jpeg","2517218","2026-09-17 05:11:32.662101+00","2026-09-17 05:11:34.328605+00"
"adbb33e9-2fb4-5b1d-b44b-25d416e90130","t-001","f-001","b-001","wv-001","20260917_051059","farmiq-media","tenants/t-001/farms/f-001/barns/b-001/devices/wv-001/images/2026/09/17/912fac66-fba3-4fad-bdfe-41451558e857.jpg","989dc7e1e5249853a5dbf88f95535117","image/jpeg","2454627","2026-09-17 05:10:59.130599+00","2026-09-17 05:11:01.6868+00"
"992cd1f3-2130-5f4f-a616-f2c5e87f5b60","t-001","f-001","b-001","wv-001","20260917_051059","farmiq-media","tenants/t-001/farms/f-001/barns/b-001/devices/wv-001/images/2026/09/17/d30c84f2-329d-47c1-91ef-4412fefcef79.jpg","c01a49a1ed6c3f234266809381efcd44","image/jpeg","2486157","2026-09-17 05:10:59.130599+00","2026-09-17 05:11:02.120732+00"
"775039f6-b5db-530a-ab03-a07b960ef2fc","t-001","f-001","b-001","wv-001","20260917_051048","farmiq-media","tenants/t-001/farms/f-001/barns/b-001/devices/wv-001/images/2026/09/17/69365458-88c2-47dc-b091-1db9f563c48e.jpg","4392b28cf7c2f8e39fd8a5cbbd035e83","image/jpeg","2098347","2026-09-17 05:10:48.83949+00","2026-09-17 05:10:49.668906+00"
"88d8138b-de76-5237-aae1-fd1b3c71cf30","t-001","f-001","b-001","wv-001","20260917_051048","farmiq-media","tenants/t-001/farms/f-001/barns/b-001/devices/wv-001/images/2026/09/17/2934c15f-2f9f-4d89-993f-49ab84958d79.jpg","d77b1dda81b50074e73f5d33780519da","image/jpeg","2144989","2026-09-17 05:10:48.83949+00","2026-09-17 05:10:50.020253+00"
"7045fd41-8b42-56f5-89d3-f97d9f6440e4","t-001","f-001","b-001","wv-001","20260917_051020","farmiq-media","tenants/t-001/farms/f-001/barns/b-001/devices/wv-001/images/2026/09/17/c0b632ae-1515-4996-afba-886e154e93ca.jpg","ce1799a359ed7b0b8095c7e19307faeb","image/jpeg","2293210","2026-09-17 05:10:20.334851+00","2026-09-17 05:10:21.424477+00"
"892812ca-c957-5cda-89ce-199ae7792f21","t-001","f-001","b-001","wv-001","20260917_051020","farmiq-media","tenants/t-001/farms/f-001/barns/b-001/devices/wv-001/images/2026/09/17/54cc7cc4-5264-4ddb-a61b-7984c412ee5f.jpg","19d8eb684452e88978fd5f36a299f791","image/jpeg","2331866","2026-09-17 05:10:20.334851+00","2026-09-17 05:10:21.816735+00"
"605b952c-218b-5ad3-8621-0ce59ea39b2f","t-001","f-001","b-001","wv-001","20260917_051011","farmiq-media","tenants/t-001/farms/f-001/barns/b-001/devices/wv-001/images/2026/09/17/72f15020-a8dd-4184-ab9b-f994eefdf774.jpg","257aef2aaceaa810eee492734256d59f","image/jpeg","2510484","2026-09-17 05:10:11.974275+00","2026-09-17 05:10:13.494476+00"
"4fb3bbbf-8c70-5b50-999d-b3fbfce5d9db","t-001","f-001","b-001","wv-001","20260917_051011","farmiq-media","tenants/t-001/farms/f-001/barns/b-001/devices/wv-001/images/2026/09/17/2569ad0a-de76-4082-acfe-9894c8223b44.jpg","eb69373af57d710486cdc70a1111a7ec","image/jpeg","2537507","2026-09-17 05:10:11.974275+00","2026-09-17 05:10:13.893131+00"
"1f5cae3c-c676-5000-bfa4-5d45f71fc59d","t-001","f-001","b-001","wv-001","20260917_050945","farmiq-media","tenants/t-001/farms/f-001/barns/b-001/devices/wv-001/images/2026/09/17/aaea75ed-029d-4ada-9c34-b470e41f8f2d.jpg","4c18382a8c317901b40ac2c01a900825","image/jpeg","2351865","2026-09-17 05:09:45.571481+00","2026-09-17 05:09:47.424566+00"
"86c18e2c-ed01-5055-9d48-089033d21c31","t-001","f-001","b-001","wv-001","20260917_050945","farmiq-media","tenants/t-001/farms/f-001/barns/b-001/devices/wv-001/images/2026/09/17/8199e7fd-0ff5-4160-973a-6a90f3e33d3e.jpg","4cdb1ade3eac0c27276fc717e0b6cc85","image/jpeg","2388907","2026-09-17 05:09:45.571481+00","2026-09-17 05:09:47.73686+00"
"6fe835cb-c64a-5816-a17a-b39d0dd17c1b","t-001","f-001","b-001","wv-001","20260917_050933","farmiq-media","tenants/t-001/farms/f-001/barns/b-001/devices/wv-001/images/2026/09/17/c5595c20-6ae3-4a1d-abcc-840d04d2bd2a.jpg","5a0f1ca8e58689680b020e91216949cd","image/jpeg","2258182","2026-09-17 05:09:33.283136+00","2026-09-17 05:09:35.532216+00"
"a7d61574-3f96-5ee7-b3f7-ba97ee010e75","t-001","f-001","b-001","wv-001","20260917_050933","farmiq-media","tenants/t-001/farms/f-001/barns/b-001/devices/wv-001/images/2026/09/17/c449cc4d-943a-423e-a6a7-5c3e31841b7a.jpg","d4c933ff1155fe5c442a73fe8df31ff4","image/jpeg","2299611","2026-09-17 05:09:33.283136+00","2026-09-17 05:09:35.884407+00"
"972eac47-c38b-5f0f-a0ce-e6d8a2dd9ecb","t-001","f-001","b-001","wv-001","20260917_050857","farmiq-media","tenants/t-001/farms/f-001/barns/b-001/devices/wv-001/images/2026/09/17/9d5c5b85-951d-48f6-b593-1629b41fceb5.jpg","2e893790237a24d148bf9f0811464485","image/jpeg","2478863","2026-09-17 05:08:57.275629+00","2026-09-17 05:08:59.286606+00"
"f824f001-0c1c-5772-877c-3f73323d146d","t-001","f-001","b-001","wv-001","20260917_050857","farmiq-media","tenants/t-001/farms/f-001/barns/b-001/devices/wv-001/images/2026/09/17/82d513af-cd2a-41a5-8161-30ad0317b2a8.jpg","c3da4372f4e686c2ceea375db2b68c14","image/jpeg","2506984","2026-09-17 05:08:57.275629+00","2026-09-17 05:08:59.749436+00"
"57c25509-aeeb-5fdd-bddb-85d70c84df7f","t-001","f-001","b-001","wv-001","20260917_050757","farmiq-media","tenants/t-001/farms/f-001/barns/b-001/devices/wv-001/images/2026/09/17/5a49e5df-5c95-44a9-a1dc-cb6deb67aad9.jpg","a0752cb28b24aa953996ef61e4d9ea43","image/jpeg","2335452","2026-09-17 05:07:57.846559+00","2026-09-17 05:07:58.88041+00"
"98971d5f-9014-5df7-bf21-920865e04e5d","t-001","f-001","b-001","wv-001","20260917_050757","farmiq-media","tenants/t-001/farms/f-001/barns/b-001/devices/wv-001/images/2026/09/17/67bd8fcc-d8e3-4e2a-b76f-df86abc938f8.jpg","f2e3febea60db074e4d3228e5c06e9fd","image/jpeg","2382974","2026-09-17 05:07:57.846559+00","2026-09-17 05:07:59.16591+00"
"3e95aa32-5f87-5cf0-9284-46ca948ba374","t-001","f-001","b-001","wv-001","20260917_050752","farmiq-media","tenants/t-001/farms/f-001/barns/b-001/devices/wv-001/images/2026/09/17/8049b3c9-fe49-41c2-80e2-c7ba905a19b5.jpg","f94925a61fe2c5f682b9e3e9e22f29dc","image/jpeg","2583454","2026-09-17 05:07:52.165894+00","2026-09-17 05:07:52.980301+00"
"35749969-ab2d-5ad1-8b25-095058f8d026","t-001","f-001","b-001","wv-001","20260917_050752","farmiq-media","tenants/t-001/farms/f-001/barns/b-001/devices/wv-001/images/2026/09/17/b72f0dea-a123-4f0a-a672-7243fc3d7e77.jpg","6ceb2c06b7ce18186bda69c027dc424a","image/jpeg","2616753","2026-09-17 05:07:52.165894+00","2026-09-17 05:07:53.344559+00"
"1ad45d7d-eac1-5faa-87e8-d77eb6993240","t-001","f-001","b-001","wv-001","20260917_050709","farmiq-media","tenants/t-001/farms/f-001/barns/b-001/devices/wv-001/images/2026/09/17/6f9a95f9-d89c-4730-927b-b1901b3debcc.jpg","b77e2603a1e700fe98d3fd123a8be31f","image/jpeg","2250003","2026-09-17 05:07:09.519092+00","2026-09-17 05:07:12.851494+00"
"95f4fec6-230f-557a-862f-10a5879a623a","t-001","f-001","b-001","wv-001","20260917_050709","farmiq-media","tenants/t-001/farms/f-001/barns/b-001/devices/wv-001/images/2026/09/17/9eeaed3c-db00-40b6-becb-08970aeb7a70.jpg","3c07f7ba296128c3f093a0db368afcd2","image/jpeg","2282438","2026-09-17 05:07:09.519092+00","2026-09-17 05:07:13.207218+00"
"68a381c4-73d9-5029-b914-fcab63483bda","t-001","f-001","b-001","wv-001","20260917_050705","farmiq-media","tenants/t-001/farms/f-001/barns/b-001/devices/wv-001/images/2026/09/17/8190906c-94ff-4c2a-b9e9-2eadaa05d68d.jpg","3aebbec02ed821756af228ae1bee2ced","image/jpeg","2558006","2026-09-17 05:07:05.314883+00","2026-09-17 05:07:06.934557+00"
"95fd808d-acc3-5448-bf57-998b2f88a57d","t-001","f-001","b-001","wv-001","20260917_050705","farmiq-media","tenants/t-001/farms/f-001/barns/b-001/devices/wv-001/images/2026/09/17/db94103a-42f7-4e63-9e56-8864408177ba.jpg","d81e3d4f3f76424cdb69ba450117bf15","image/jpeg","2584841","2026-09-17 05:07:05.314883+00","2026-09-17 05:07:07.34494+00"
"431f6719-2602-572d-987e-a5775589e789","t-001","f-001","b-001","wv-001","20260917_050452","farmiq-media","tenants/t-001/farms/f-001/barns/b-001/devices/wv-001/images/2026/09/17/aeaa467b-d796-41a6-9c21-7d504bdf6ad7.jpg","89c45a3c6bd6f4961648977deaa26437","image/jpeg","2438681","2026-09-17 05:04:52.348171+00","2026-09-17 05:04:54.013671+00"
"14565378-52b3-5098-9fbc-5c7f9498c450","t-001","f-001","b-001","wv-001","20260917_050452","farmiq-media","tenants/t-001/farms/f-001/barns/b-001/devices/wv-001/images/2026/09/17/7f57148a-66c1-49c6-b8cc-26c2d9f35014.jpg","75793ca545b5030c45e9d0c3c06e9479","image/jpeg","2476407","2026-09-17 05:04:52.348171+00","2026-09-17 05:04:54.366602+00"
"2d46705f-be6f-5b6e-9a71-acdbd641c0f2","t-001","f-001","b-001","wv-001","20260917_050424","farmiq-media","tenants/t-001/farms/f-001/barns/b-001/devices/wv-001/images/2026/09/17/562ab703-c7ff-4b69-afa2-2fb44d316341.jpg","3dead6779887c81a86addf573acdf82b","image/jpeg","2536099","2026-09-17 05:04:24.003929+00","2026-09-17 05:04:25.846665+00"
"502c1d8f-70f5-5cc1-b82a-3e4d215705a3","t-001","f-001","b-001","wv-001","20260917_050424","farmiq-media","tenants/t-001/farms/f-001/barns/b-001/devices/wv-001/images/2026/09/17/febc3788-bf80-4fbc-bc5f-465b3cd544d8.jpg","f084c07801d4ef4fd43a4aa16decf967","image/jpeg","2569288","2026-09-17 05:04:24.003929+00","2026-09-17 05:04:26.254571+00"
"b8c50d12-0881-57f7-a63f-88f21cf87dec","t-001","f-001","b-001","wv-001","20260917_050413","farmiq-media","tenants/t-001/farms/f-001/barns/b-001/devices/wv-001/images/2026/09/17/b052a9c3-3338-4920-a273-5cad2448b3d2.jpg","7c13df542009ede1abe5d8fff0c20698","image/jpeg","2310066","2026-09-17 05:04:13.679683+00","2026-09-17 05:04:15.856715+00"
"3d6e68a5-7552-5f04-93b2-04124c487d97","t-001","f-001","b-001","wv-001","20260917_050413","farmiq-media","tenants/t-001/farms/f-001/barns/b-001/devices/wv-001/images/2026/09/17/3f1150d8-69ee-4b40-85ef-82738fce84d4.jpg","7ec59315a2e0b2d83bc9b2af18ce271c","image/jpeg","2344816","2026-09-17 05:04:13.679683+00","2026-09-17 05:04:16.198309+00"
"96aae3ec-c69f-5247-84f8-035ef4a12031","t-001","f-001","b-001","wv-001","20260917_050404","farmiq-media","tenants/t-001/farms/f-001/barns/b-001/devices/wv-001/images/2026/09/17/f182235d-310f-4445-a9a0-53fc9a6d8ee0.jpg","fdb90b460b3bae0e08fd5e917abdb4b2","image/jpeg","2362728","2026-09-17 05:04:04.707846+00","2026-09-17 05:04:07.882521+00"
"fef5d4e4-eeeb-5cd7-87b5-7adbffbbea39","t-001","f-001","b-001","wv-001","20260917_050404","farmiq-media","tenants/t-001/farms/f-001/barns/b-001/devices/wv-001/images/2026/09/17/892c2a56-dca4-4f60-98a9-c6d080a8c619.jpg","dbee12f215e98380fe01bc4dfbf33e14","image/jpeg","2399369","2026-09-17 05:04:04.707846+00","2026-09-17 05:04:08.270036+00"
"fecfd789-704b-5e8a-9741-f7f633947307","t-001","f-001","b-001","wv-001","20260917_050359","farmiq-media","tenants/t-001/farms/f-001/barns/b-001/devices/wv-001/images/2026/09/17/b5f42e5e-2a56-4bab-b7de-fb1540992124.jpg","3bb245e54952e293a032e161043f49bc","image/jpeg","2527677","2026-09-17 05:03:59.961587+00","2026-09-17 05:04:01.935054+00"
"612553a3-471f-53c5-866e-7648635a4966","t-001","f-001","b-001","wv-001","20260917_050359","farmiq-media","tenants/t-001/farms/f-001/barns/b-001/devices/wv-001/images/2026/09/17/6a6c8960-fa8d-4d92-b480-292176786abc.jpg","815a424a5ec96ec15ccae38fcacc54b6","image/jpeg","2554736","2026-09-17 05:03:59.961587+00","2026-09-17 05:04:02.304738+00"
"f722bad8-1a80-5c8f-9153-91a74debe596","t-001","f-001","b-001","wv-001","20260917_050348","farmiq-media","tenants/t-001/farms/f-001/barns/b-001/devices/wv-001/images/2026/09/17/69ae0e3c-e8a8-46c2-a6ff-d42d5e726678.jpg","e28cc7c0c67eb84718d27954e43ac356","image/jpeg","2135709","2026-09-17 05:03:48.301126+00","2026-09-17 05:03:49.94418+00"
"14d32d36-2590-5bf9-8ce2-cea0d81be0df","t-001","f-001","b-001","wv-001","20260917_050348","farmiq-media","tenants/t-001/farms/f-001/barns/b-001/devices/wv-001/images/2026/09/17/2d972b79-3736-4fb0-9a24-1f38f4fa72af.jpg","81ca6969233dc840bf01a303e90955df","image/jpeg","2159673","2026-09-17 05:03:48.301126+00","2026-09-17 05:03:50.292696+00"
"29044a15-9efc-524e-b7c7-de379882d8fc","t-001","f-001","b-001","wv-001","20260917_050314","farmiq-media","tenants/t-001/farms/f-001/barns/b-001/devices/wv-001/images/2026/09/17/5c62276e-d936-4576-bc95-ab67dd550f8f.jpg","9bda94c86e9484378f0c155a548cf47e","image/jpeg","2553947","2026-09-17 05:03:14.968773+00","2026-09-17 05:03:28.965925+00"
"64d86328-726b-54bd-ad56-f2cebe40bdfe","t-001","f-001","b-001","wv-001","20260917_050314","farmiq-media","tenants/t-001/farms/f-001/barns/b-001/devices/wv-001/images/2026/09/17/085d866c-3dd9-4708-ab80-72e111230745.jpg","4912cb2280cab730562560fb72d8d617","image/jpeg","2575635","2026-09-17 05:03:14.968773+00","2026-09-17 05:03:29.360289+00"
"f0a14b7e-7bb9-5a36-ae4d-1114d135f919","t-001","f-001","b-001","wv-001","20260917_050257","farmiq-media","tenants/t-001/farms/f-001/barns/b-001/devices/wv-001/images/2026/09/17/39a1c633-2b0d-467d-8412-07b2df0723b6.jpg","fe835a667be0b2b81c07290bbafa7e1c","image/jpeg","2225680","2026-09-17 05:02:57.063662+00","2026-09-17 05:02:59.986254+00"
"1be22fb0-d766-5efd-a6fe-826b37748280","t-001","f-001","b-001","wv-001","20260917_050257","farmiq-media","tenants/t-001/farms/f-001/barns/b-001/devices/wv-001/images/2026/09/17/188e3255-76e3-436f-bf24-2e733766497d.jpg","e048d074c0dad139da77bd8b4eb6840d","image/jpeg","2255644","2026-09-17 05:02:57.063662+00","2026-09-17 05:03:02.085194+00"
"7ae4e5b3-8b9a-5054-8bd0-f5d4ce5e650f","t-001","f-001","b-001","wv-001","20260917_050222","farmiq-media","tenants/t-001/farms/f-001/barns/b-001/devices/wv-001/images/2026/09/17/39cb9d24-4ad3-46ff-be0e-503427a621f9.jpg","fb74c0b3e6f9f5cee018880069464827","image/jpeg","2616065","2026-09-17 05:02:22.84661+00","2026-09-17 05:02:24.71833+00"
"dc7e8252-8e51-50e9-bf95-1036d61b0645","t-001","f-001","b-001","wv-001","20260917_050222","farmiq-media","tenants/t-001/farms/f-001/barns/b-001/devices/wv-001/images/2026/09/17/595b9b95-7190-4538-90b4-19582daef6a4.jpg","ec3d09dc7b0ea7805a1fd8248b29e0c5","image/jpeg","2633056","2026-09-17 05:02:22.84661+00","2026-09-17 05:02:25.109614+00"
"02188a9f-6c70-527e-a3f2-13161360b50e","t-001","f-001","b-001","wv-001","20260917_045937","farmiq-media","tenants/t-001/farms/f-001/barns/b-001/devices/wv-001/images/2026/09/17/fa883f44-78ae-4be1-80b8-33975020749d.jpg","d9e0aee9f3e307571c8fd574c25c4e21","image/jpeg","2604972","2026-09-17 04:59:37.012156+00","2026-09-17 04:59:39.30403+00"
"84318989-b3b2-53ac-b976-cac072912c56","t-001","f-001","b-001","wv-001","20260917_045937","farmiq-media","tenants/t-001/farms/f-001/barns/b-001/devices/wv-001/images/2026/09/17/c0534309-888f-4da3-8e6f-0bf500cee262.jpg","fd2a5ba33d24653a4897e571c785788f","image/jpeg","2630621","2026-09-17 04:59:37.012156+00","2026-09-17 04:59:39.751827+00"
"4daa605c-7667-54b0-8b11-de46a33e6880","t-001","f-001","b-001","wv-001","20260917_045912","farmiq-media","tenants/t-001/farms/f-001/barns/b-001/devices/wv-001/images/2026/09/17/2fb90a19-fc81-44fd-9091-c0f958f8e4de.jpg","4368481dc2f9051e37f47adba3126d85","image/jpeg","2627659","2026-09-17 04:59:12.34858+00","2026-09-17 04:59:13.064583+00"
"eb980844-7e90-5185-ae15-f5e8d09e49ff","t-001","f-001","b-001","wv-001","20260917_045912","farmiq-media","tenants/t-001/farms/f-001/barns/b-001/devices/wv-001/images/2026/09/17/1884ab7a-e6d1-438b-af62-013f4fa24ce0.jpg","f499153c31846a131fdf9155a0147348","image/jpeg","2643885","2026-09-17 04:59:12.34858+00","2026-09-17 04:59:13.502289+00"
"fcbe659f-54de-5ccc-8e02-8b47b7722b0d","t-001","f-001","b-001","wv-001","20260917_045854","farmiq-media","tenants/t-001/farms/f-001/barns/b-001/devices/wv-001/images/2026/09/17/5248f73a-296b-485f-a83f-17f2a96fb39a.jpg","209ec7b8bf9aa8cbcfaa627689ca1149","image/jpeg","2551015","2026-09-17 04:58:54.978387+00","2026-09-17 04:58:56.981974+00"
"64d7ad57-609d-512b-93a3-1b9eaeaf942c","t-001","f-001","b-001","wv-001","20260917_045854","farmiq-media","tenants/t-001/farms/f-001/barns/b-001/devices/wv-001/images/2026/09/17/403cb37e-a9e7-41f3-93e4-2dc8326cba95.jpg","b70892b6a21e0b0c09eec32a0c2056b6","image/jpeg","2567864","2026-09-17 04:58:54.978387+00","2026-09-17 04:58:57.386536+00"
"5fd67813-dee7-577e-9236-ebf30e778b7b","t-001","f-001","b-001","wv-001","20260917_045705","farmiq-media","tenants/t-001/farms/f-001/barns/b-001/devices/wv-001/images/2026/09/17/498f74dd-d813-4fd0-85ae-98857e010845.jpg","33295a5ab9a040059e3d9fe340b0f20c","image/jpeg","2083834","2026-09-17 04:57:05.098031+00","2026-09-17 04:57:06.153778+00"
"295c52f0-d452-571d-9c36-1d2bd0c1da23","t-001","f-001","b-001","wv-001","20260917_045705","farmiq-media","tenants/t-001/farms/f-001/barns/b-001/devices/wv-001/images/2026/09/17/d318a208-d4c9-469b-b66a-56fbaef91061.jpg","9a823d46cc18bc03ddf6259cc8fe4e93","image/jpeg","2125249","2026-09-17 04:57:05.098031+00","2026-09-17 04:57:06.470648+00"
"57123143-7177-58ee-a674-81cd19d68f39","t-001","f-001","b-001","wv-001","20260917_045506","farmiq-media","tenants/t-001/farms/f-001/barns/b-001/devices/wv-001/images/2026/09/17/db334bd5-ac1f-489b-8d83-07ff0654c3cc.jpg","56b1e700c1a60f136bc1989f6536e54d","image/jpeg","2337227","2026-09-17 04:55:06.187974+00","2026-09-17 04:55:07.236577+00"
"74b92a94-dc29-5c35-8c31-68703f560eec","t-001","f-001","b-001","wv-001","20260917_045506","farmiq-media","tenants/t-001/farms/f-001/barns/b-001/devices/wv-001/images/2026/09/17/460acbb3-f3ed-4a30-9b85-61af2e9b6314.jpg","f79e65f6f6e9056abbeb8107232d5229","image/jpeg","2378968","2026-09-17 04:55:06.187974+00","2026-09-17 04:55:07.576364+00"
"1ec164d4-f94a-57d3-81af-96f9e725675b","t-001","f-001","b-001","wv-001","20260917_045349","farmiq-media","tenants/t-001/farms/f-001/barns/b-001/devices/wv-001/images/2026/09/17/f57dac85-9b80-4bcb-9f5f-bf3bb1127a8c.jpg","8114ce13bbef122ea885b0602685e787","image/jpeg","2100030","2026-09-17 04:53:49.678603+00","2026-09-17 04:53:50.790233+00"
"b1e59692-5381-589e-8f49-a2cb247da184","t-001","f-001","b-001","wv-001","20260917_045349","farmiq-media","tenants/t-001/farms/f-001/barns/b-001/devices/wv-001/images/2026/09/17/09b6aa0a-7d86-400d-bcf3-5be70cf975e0.jpg","fe835dd506f57bc37507bfe8de216f5e","image/jpeg","2139338","2026-09-17 04:53:49.678603+00","2026-09-17 04:53:51.066608+00"
"6c44120c-2c2a-5058-8181-1b00eb6aeee5","t-001","f-001","b-001","wv-001","20260917_045151","farmiq-media","tenants/t-001/farms/f-001/barns/b-001/devices/wv-001/images/2026/09/17/35e15161-6b7a-4d57-91b8-c5f2a44b06f7.jpg","99e5c527ef2466dbd11fea5b14225e83","image/jpeg","2291164","2026-09-17 04:51:51.179306+00","2026-09-17 04:51:53.68155+00"
"a4c85f31-5755-5f47-b0ff-7a3cc1231a48","t-001","f-001","b-001","wv-001","20260917_045151","farmiq-media","tenants/t-001/farms/f-001/barns/b-001/devices/wv-001/images/2026/09/17/c1b13e2f-32bf-4f48-ac7c-66fc6c63dca3.jpg","38f47f0dd3416773b4c626f106dfb41e","image/jpeg","2329654","2026-09-17 04:51:51.179306+00","2026-09-17 04:52:26.582839+00"
"3d3b0ee8-21df-5b37-859b-f69fe07a14d4","t-001","f-001","b-001","wv-001","20260917_045036","farmiq-media","tenants/t-001/farms/f-001/barns/b-001/devices/wv-001/images/2026/09/17/41774b26-dc4d-46fc-803c-370eff5a2dbf.jpg","34ba06d61f6ceed1af9dc0418a1275ae","image/jpeg","2151204","2026-09-17 04:50:36.720742+00","2026-09-17 04:50:39.04058+00"
"ac0ec755-7240-5b53-9591-d7f7934cb349","t-001","f-001","b-001","wv-001","20260917_045036","farmiq-media","tenants/t-001/farms/f-001/barns/b-001/devices/wv-001/images/2026/09/17/99dba8d8-84a8-48bc-9786-2fffa7b9d245.jpg","cdeb727fe312b4994238c160f73f9c44","image/jpeg","2189694","2026-09-17 04:50:36.720742+00","2026-09-17 04:50:39.366203+00"
"d8f62c78-a72a-5e4d-96dd-77e6c4cdf43e","t-001","f-001","b-001","wv-001","20260917_044742","farmiq-media","tenants/t-001/farms/f-001/barns/b-001/devices/wv-001/images/2026/09/17/dc3aad42-5ff3-408e-82de-f92d782861b1.jpg","2a0933c1f46ab088289beb051dee4b98","image/jpeg","2237760","2026-09-17 04:47:42.550087+00","2026-09-17 04:47:43.706544+00"
"db58abbf-2440-5597-9371-f4b0abf5b9a9","t-001","f-001","b-001","wv-001","20260917_044742","farmiq-media","tenants/t-001/farms/f-001/barns/b-001/devices/wv-001/images/2026/09/17/eeb4b283-dcda-4a42-9cff-9046bb4104a5.jpg","effbc7ea1e2f80fc0ad60757dd931e8c","image/jpeg","2275313","2026-09-17 04:47:42.550087+00","2026-09-17 04:47:44.033153+00"
"f4a70b40-d00e-56d3-af6a-8b38bd20445b","t-001","f-001","b-001","wv-001","20260917_044637","farmiq-media","tenants/t-001/farms/f-001/barns/b-001/devices/wv-001/images/2026/09/17/68c81f0f-2ae8-4a60-924b-01c01315fe6c.jpg","dea34594af8b1039f8d059f14a60af5a","image/jpeg","1102279","2026-09-17 04:46:37.897169+00","2026-09-17 04:46:55.555151+00"
"8d770036-5148-5d7e-a134-785107c0f58c","t-001","f-001","b-001","wv-001","20260917_044637","farmiq-media","tenants/t-001/farms/f-001/barns/b-001/devices/wv-001/images/2026/09/17/8cd2c280-78c0-4b22-9f6b-fb06a5723ea6.jpg","7dbcde6a112ccae5adcbae4998f6730c","image/jpeg","1163364","2026-09-17 04:46:37.897169+00","2026-09-17 04:46:55.801591+00"
"b614ee90-2dd9-5537-a312-dfc00d374824","t-001","f-001","b-001","wv-001","20260917_044603","farmiq-media","tenants/t-001/farms/f-001/barns/b-001/devices/wv-001/images/2026/09/17/ccec1db8-6286-4e2c-b843-37ab0ff34eb1.jpg","ca00a493931060ba86423e950cd453b6","image/jpeg","2165760","2026-09-17 04:46:03.805432+00","2026-09-17 04:46:05.669298+00"
"56dae94a-fccd-5b9f-b29e-bff4a702144e","t-001","f-001","b-001","wv-001","20260917_044603","farmiq-media","tenants/t-001/farms/f-001/barns/b-001/devices/wv-001/images/2026/09/17/41a54d6f-b94c-4652-b4be-b2cd8c6e5afe.jpg","2fcd1a214d16d0004bac3b8176796044","image/jpeg","2202356","2026-09-17 04:46:03.805432+00","2026-09-17 04:46:06.022738+00"
"83b87de7-a8e4-5e13-bc44-04a0e0d61916","t-001","f-001","b-001","wv-001","20260917_044347","farmiq-media","tenants/t-001/farms/f-001/barns/b-001/devices/wv-001/images/2026/09/17/567ab3aa-d436-4ee9-b9e8-8c052e753ccd.jpg","3b48c2855ff01a3e79cfec436fa04c82","image/jpeg","2254179","2026-09-17 04:43:47.611557+00","2026-09-17 04:43:48.454887+00"
"b005b9ed-4617-58e0-b811-db204c14e271","t-001","f-001","b-001","wv-001","20260917_044347","farmiq-media","tenants/t-001/farms/f-001/barns/b-001/devices/wv-001/images/2026/09/17/cd02c55b-332a-4b2e-b1b7-dc04db31ac1c.jpg","44ca27a704d22e691385299ac83c56ce","image/jpeg","2291301","2026-09-17 04:43:47.611557+00","2026-09-17 04:43:48.828066+00"
"ad1d1be6-3dac-54f2-bd0e-0289e74d91eb","t-001","f-001","b-001","wv-001","20260917_044309","farmiq-media","tenants/t-001/farms/f-001/barns/b-001/devices/wv-001/images/2026/09/17/496a47ca-bbf7-4586-a216-3c13f044d29e.jpg","a7737a5689b6e0549260af9cd98c84e0","image/jpeg","2067261","2026-09-17 04:43:09.901663+00","2026-09-17 04:43:12.305546+00"
"557e9f47-6757-50b9-8c93-fcfcd6b39129","t-001","f-001","b-001","wv-001","20260917_044309","farmiq-media","tenants/t-001/farms/f-001/barns/b-001/devices/wv-001/images/2026/09/17/a0e995f9-f060-4240-8191-4d69e1c04020.jpg","fb2d178ab1a705b04faa2678fc27f0bb","image/jpeg","2107341","2026-09-17 04:43:09.901663+00","2026-09-17 04:43:12.650548+00"
"c5d14962-c745-5a98-b27e-054747573df3","t-001","f-001","b-001","wv-001","20260917_044127","farmiq-media","tenants/t-001/farms/f-001/barns/b-001/devices/wv-001/images/2026/09/17/31f27597-0021-4bdc-87d4-7fb19f11959d.jpg","e7a0c83a579fb2ad969547c620bf18e9","image/jpeg","2033615","2026-09-17 04:41:27.80886+00","2026-09-17 04:41:29.507308+00"
"3ccb7fb1-643e-5b9d-9df9-2f1029cd9f8a","t-001","f-001","b-001","wv-001","20260917_044127","farmiq-media","tenants/t-001/farms/f-001/barns/b-001/devices/wv-001/images/2026/09/17/54fb1e83-8be9-4027-8f21-a79e0edb4797.jpg","a8b5f82fc7530a3eda886e75ab8f8c98","image/jpeg","2070276","2026-09-17 04:41:27.80886+00","2026-09-17 04:41:29.810604+00"
"5a22841d-caab-58de-8fb4-44a3d8c824ca","t-001","f-001","b-001","wv-001","20260917_044120","farmiq-media","tenants/t-001/farms/f-001/barns/b-001/devices/wv-001/images/2026/09/17/9aea470d-a556-41c4-a8a2-1fcdc1560fd1.jpg","b4263cdf21f210d4436ea4624a9a3dc4","image/jpeg","2040321","2026-09-17 04:41:20.107695+00","2026-09-17 04:41:21.585343+00"
"cfe54d23-1b78-5285-9ba5-4066327902a6","t-001","f-001","b-001","wv-001","20260917_044120","farmiq-media","tenants/t-001/farms/f-001/barns/b-001/devices/wv-001/images/2026/09/17/b8c9204a-9ded-49e5-bdc6-77138db33b4a.jpg","b764d12197203edac0528cd7dcbae626","image/jpeg","2056669","2026-09-17 04:41:20.107695+00","2026-09-17 04:41:21.973009+00"
"14da9fff-2340-57b6-90d1-27e6e4be4bb5","t-001","f-001","b-001","wv-001","20260917_044022","farmiq-media","tenants/t-001/farms/f-001/barns/b-001/devices/wv-001/images/2026/09/17/2cac3078-c0c4-40cc-a5e6-a4aaa47ee9d5.jpg","7c32a1dea1c29a010af4c4226ee57a74","image/jpeg","1640713","2026-09-17 04:40:22.425539+00","2026-09-17 04:40:24.781546+00"
"8e2a24e6-9e2f-58de-97f3-191b07c32019","t-001","f-001","b-001","wv-001","20260917_044022","farmiq-media","tenants/t-001/farms/f-001/barns/b-001/devices/wv-001/images/2026/09/17/a4354052-b618-4002-914a-f5239a782ce4.jpg","59cf30c7aee3431a5da646e47128d5c3","image/jpeg","1677574","2026-09-17 04:40:22.425539+00","2026-09-17 04:40:25.061775+00"
"72b9553d-6b89-55c2-8388-5a350c19da74","t-001","f-001","b-001","wv-001","20260917_043937","farmiq-media","tenants/t-001/farms/f-001/barns/b-001/devices/wv-001/images/2026/09/17/a2fcd079-b92a-462d-801b-bd557622f725.jpg","37cebd8792f44bd367e85899eeb63cea","image/jpeg","2373651","2026-09-17 04:39:37.292737+00","2026-09-17 04:39:38.556128+00"
"557a49ef-d7a3-5d34-88de-e81424f1bc35","t-001","f-001","b-001","wv-001","20260917_043937","farmiq-media","tenants/t-001/farms/f-001/barns/b-001/devices/wv-001/images/2026/09/17/574509b1-f5eb-4293-af23-f3809a65383b.jpg","f4ee35f45b06351f72ae5a8b9e0be8f7","image/jpeg","2408418","2026-09-17 04:39:37.292737+00","2026-09-17 04:39:38.963349+00"
"dfd7de85-8bcb-5f2e-b31d-f0c39625010f","t-001","f-001","b-001","wv-001","20260917_043920","farmiq-media","tenants/t-001/farms/f-001/barns/b-001/devices/wv-001/images/2026/09/17/a751fcbc-aef8-44e6-991a-c43ce793ae27.jpg","57b7c726762196628de6ee268d1d7ce0","image/jpeg","2277876","2026-09-17 04:39:20.00095+00","2026-09-17 04:39:22.551458+00"
"aaf65082-7686-5112-bbf3-af3d5379c1e1","t-001","f-001","b-001","wv-001","20260917_043920","farmiq-media","tenants/t-001/farms/f-001/barns/b-001/devices/wv-001/images/2026/09/17/63b0e15a-3411-4d82-83d6-3a2727823927.jpg","ca7cc2a8a078d25768b685df868c90f7","image/jpeg","2302135","2026-09-17 04:39:20.00095+00","2026-09-17 04:39:22.912428+00"
"c4efe95d-296c-594f-b1f5-42be597a5c2d","t-001","f-001","b-001","wv-001","20260917_043758","farmiq-media","tenants/t-001/farms/f-001/barns/b-001/devices/wv-001/images/2026/09/17/630bafdc-9e1f-4a54-bc83-6889797940c0.jpg","2a01d20151c04fd3dd64f5609bad1447","image/jpeg","1994001","2026-09-17 04:37:58.297429+00","2026-09-17 04:37:59.691321+00"
"a4237190-009d-51e7-8624-66b67568a508","t-001","f-001","b-001","wv-001","20260917_043758","farmiq-media","tenants/t-001/farms/f-001/barns/b-001/devices/wv-001/images/2026/09/17/ec900446-a6da-406e-bfcc-71c07c3f7ff8.jpg","957ce4eb8413281911a02dfd550fd6a0","image/jpeg","2025916","2026-09-17 04:37:58.297429+00","2026-09-17 04:37:59.997448+00"
"7d451c89-51f9-5695-9543-b6511e5a90ee","t-001","f-001","b-001","wv-001","20260917_043743","farmiq-media","tenants/t-001/farms/f-001/barns/b-001/devices/wv-001/images/2026/09/17/659494b7-c227-47e6-8b56-cfcc184d4775.jpg","9be1f22279156662a6f5d8fb50a3fff5","image/jpeg","1978564","2026-09-17 04:37:43.373889+00","2026-09-17 04:37:45.702223+00"
"e2a72f7b-8af3-5348-8da0-901d463ef0f9","t-001","f-001","b-001","wv-001","20260917_043743","farmiq-media","tenants/t-001/farms/f-001/barns/b-001/devices/wv-001/images/2026/09/17/6d6d1334-0b8c-4926-b3f4-d17dcf6ad62c.jpg","9eddc257611150dbcaf305054d2fdcef","image/jpeg","2012861","2026-09-17 04:37:43.373889+00","2026-09-17 04:37:46.023525+00"
"85ccc609-e522-5796-b451-9a96f69018bd","t-001","f-001","b-001","wv-001","20260917_043705","farmiq-media","tenants/t-001/farms/f-001/barns/b-001/devices/wv-001/images/2026/09/17/21f33314-9c90-41f0-a27e-9d61a26191d3.jpg","89277c3b8c5311cda7150ba4706057ea","image/jpeg","2140216","2026-09-17 04:37:05.388122+00","2026-09-17 04:37:07.667214+00"
"15ec48d3-a3e3-5867-b2ef-8296417b8ddd","t-001","f-001","b-001","wv-001","20260917_043705","farmiq-media","tenants/t-001/farms/f-001/barns/b-001/devices/wv-001/images/2026/09/17/5f9f7f67-ff19-408a-980f-8383a3d5f9a2.jpg","b062ef14bde90967c36fe924d37f62cc","image/jpeg","2172986","2026-09-17 04:37:05.388122+00","2026-09-17 04:37:07.978154+00"
"e4d8af61-c410-5263-9dee-3b719a8cc752","t-001","f-001","b-001","wv-001","20260917_043659","farmiq-media","tenants/t-001/farms/f-001/barns/b-001/devices/wv-001/images/2026/09/17/2c3e0009-3cde-4db0-ad13-b4a0e799ceb4.jpg","8c9f84f01523a5a09c24b80a4f727bf1","image/jpeg","2210286","2026-09-17 04:36:59.995458+00","2026-09-17 04:37:01.834696+00"
"b7e01bbe-4ea9-523c-a044-75e14b492cce","t-001","f-001","b-001","wv-001","20260917_043659","farmiq-media","tenants/t-001/farms/f-001/barns/b-001/devices/wv-001/images/2026/09/17/1c822e7d-0e85-4bd1-8e5c-d85ce1740982.jpg","0ae4a3d6659e70e3b3ecd99bf7c5daa1","image/jpeg","2236232","2026-09-17 04:36:59.995458+00","2026-09-17 04:37:02.148525+00"
"4e6a815f-c277-5c41-bfce-d93ac8957932","t-001","f-001","b-001","wv-001","20260917_043654","farmiq-media","tenants/t-001/farms/f-001/barns/b-001/devices/wv-001/images/2026/09/17/4e4f6e9e-a9c2-42dc-862e-c71bc1497145.jpg","0b8387c79b3430982c5bc02c0f29d084","image/jpeg","2364981","2026-09-17 04:36:54.205284+00","2026-09-17 04:36:55.956371+00"
"f04d1a7a-1112-5371-938e-b8111a667526","t-001","f-001","b-001","wv-001","20260917_043654","farmiq-media","tenants/t-001/farms/f-001/barns/b-001/devices/wv-001/images/2026/09/17/8542f137-c933-46b7-bfb7-9f7fe2bb5680.jpg","9f47be16c450c9b14566dc576148552d","image/jpeg","2389566","2026-09-17 04:36:54.205284+00","2026-09-17 04:36:56.283389+00"
"c5236fcf-f5ba-5e3f-b546-470da098c607","t-001","f-001","b-001","wv-001","20260917_043612","farmiq-media","tenants/t-001/farms/f-001/barns/b-001/devices/wv-001/images/2026/09/17/6c2c55de-093f-47c2-b669-663c3b29ac5d.jpg","f3c721a3d764fd7880f0f931f0fa151a","image/jpeg","2099379","2026-09-17 04:36:12.430986+00","2026-09-17 04:36:13.703842+00"
"0a888406-270d-54cc-852a-8a177806a94c","t-001","f-001","b-001","wv-001","20260917_043612","farmiq-media","tenants/t-001/farms/f-001/barns/b-001/devices/wv-001/images/2026/09/17/ad37f907-0a1f-4616-94b0-8fca4b7b9d42.jpg","a9a26d5a79b28473286e4f08d847db72","image/jpeg","2126222","2026-09-17 04:36:12.430986+00","2026-09-17 04:36:14.059756+00"
"d6f45d19-ac9d-5ac6-a54c-0e55303162d6","t-001","f-001","b-001","wv-001","20260917_043412","farmiq-media","tenants/t-001/farms/f-001/barns/b-001/devices/wv-001/images/2026/09/17/0e845aaf-4204-465f-887f-409c888c393a.jpg","c7dd5c76378af14fc5dbb19b87c0a5ca","image/jpeg","2221598","2026-09-17 04:34:12.1228+00","2026-09-17 04:34:14.707071+00"
"b9073473-60a0-5d00-8133-9bb282fd1b88","t-001","f-001","b-001","wv-001","20260917_043412","farmiq-media","tenants/t-001/farms/f-001/barns/b-001/devices/wv-001/images/2026/09/17/7ae2322a-eddc-485f-93f3-0de59892f803.jpg","b2abc1987d1159a99d8a601e1abb5aba","image/jpeg","2247335","2026-09-17 04:34:12.1228+00","2026-09-17 04:34:15.008826+00"
"d251ba6d-f956-54bd-a97b-3d26901a925c","t-001","f-001","b-001","wv-001","20260917_043325","farmiq-media","tenants/t-001/farms/f-001/barns/b-001/devices/wv-001/images/2026/09/17/2ebe1ed8-a061-4dde-b2a7-363551c28af5.jpg","bc1a47e71af478108bdb507e546bfa68","image/jpeg","2255082","2026-09-17 04:33:25.079922+00","2026-09-17 04:33:26.394114+00"
"dea4336a-fa43-5781-9457-60910dc40855","t-001","f-001","b-001","wv-001","20260917_043325","farmiq-media","tenants/t-001/farms/f-001/barns/b-001/devices/wv-001/images/2026/09/17/193c1a73-dc7f-43bc-9534-6d54f2d1982b.jpg","045393cb4a9cda772b65894c0c811a39","image/jpeg","2281052","2026-09-17 04:33:25.079922+00","2026-09-17 04:33:26.688109+00"
"e43b8c37-d1eb-597d-90fd-426036e96bf8","t-001","f-001","b-001","wv-001","20260917_042915","farmiq-media","tenants/t-001/farms/f-001/barns/b-001/devices/wv-001/images/2026/09/17/f65e6b1a-714e-421b-8f68-27b925eaf79e.jpg","4a3beb99e36e31a5ffa3d4327cac6785","image/jpeg","1569764","2026-09-17 04:29:15.717102+00","2026-09-17 04:29:18.042919+00"
"873b816c-57d2-54d3-831a-9a53d7820ce6","t-001","f-001","b-001","wv-001","20260917_042915","farmiq-media","tenants/t-001/farms/f-001/barns/b-001/devices/wv-001/images/2026/09/17/f8a46310-3815-42ee-a1bf-f801b5ef8316.jpg","c411464b33c0943c47808a37f752754c","image/jpeg","1600374","2026-09-17 04:29:15.717102+00","2026-09-17 04:29:18.286135+00"
"2467463f-45f8-5f53-956f-5fbf9e639eaa","t-001","f-001","b-001","wv-001","20260917_042828","farmiq-media","tenants/t-001/farms/f-001/barns/b-001/devices/wv-001/images/2026/09/17/c92053ed-7444-4acf-bb75-26a85488d327.jpg","c72e2cc2cd2b7c603bf36e4e77688fe4","image/jpeg","918479","2026-09-17 04:28:28.977094+00","2026-09-17 04:28:29.780402+00"
"987e24ea-f539-5e22-81c3-f26bd0c052d4","t-001","f-001","b-001","wv-001","20260917_042828","farmiq-media","tenants/t-001/farms/f-001/barns/b-001/devices/wv-001/images/2026/09/17/12a85681-8a6e-4790-9d12-d781a814d9d6.jpg","01addc7243975dd78edf664e587e94db","image/jpeg","957693","2026-09-17 04:28:28.977094+00","2026-09-17 04:28:30.030195+00"
"3a5fe0c6-9685-59f5-852d-bd2cc44851c7","t-001","f-001","b-001","wv-001","20260917_042525","farmiq-media","tenants/t-001/farms/f-001/barns/b-001/devices/wv-001/images/2026/09/17/e0f7c5cd-6f0c-4d0f-a599-b4f93575fb9d.jpg","1e536874ea3e5dcad4e950a9e0b35932","image/jpeg","2277508","2026-09-17 04:25:25.024421+00","2026-09-17 04:25:26.240294+00"
"1d5ed1ac-5720-58c1-98cc-ae3b010fbdd2","t-001","f-001","b-001","wv-001","20260917_042525","farmiq-media","tenants/t-001/farms/f-001/barns/b-001/devices/wv-001/images/2026/09/17/998241d3-1bcf-410a-8e67-dd2ff87ed35a.jpg","a1bfd5c755c6f8bbef769d7289d8dc8a","image/jpeg","2308741","2026-09-17 04:25:25.024421+00","2026-09-17 04:25:26.621422+00"
"301d3cc5-f4ee-5d95-b4ab-22fb3d3ba092","t-001","f-001","b-001","wv-001","20260917_042449","farmiq-media","tenants/t-001/farms/f-001/barns/b-001/devices/wv-001/images/2026/09/17/7d4e0012-289e-4e68-b5fc-28822cd397e0.jpg","739d293288cc6000ee6f3f6f107def84","image/jpeg","2364374","2026-09-17 04:24:49.647759+00","2026-09-17 04:24:52.176696+00"
"5e1530a2-f568-5f2e-bc8d-6f0b7849e57b","t-001","f-001","b-001","wv-001","20260917_042449","farmiq-media","tenants/t-001/farms/f-001/barns/b-001/devices/wv-001/images/2026/09/17/6b80677a-7456-48e0-bb2e-a3d9521b372d.jpg","83f000d0a3428b14fa0a91f133063350","image/jpeg","2390833","2026-09-17 04:24:49.647759+00","2026-09-17 04:24:52.505849+00"
"1b74365f-124d-591a-acd4-e7222fa8f458","t-001","f-001","b-001","wv-001","20260917_042037","farmiq-media","tenants/t-001/farms/f-001/barns/b-001/devices/wv-001/images/2026/09/17/26851545-b002-4bf5-913d-619ee71cee76.jpg","ba063eeb9106a2ac9a0b728073f0e3ee","image/jpeg","2205872","2026-09-17 04:20:37.500035+00","2026-09-17 04:20:39.237356+00"
"e6e0fc68-778e-5e69-b9d3-b434ae2c2723","t-001","f-001","b-001","wv-001","20260917_042037","farmiq-media","tenants/t-001/farms/f-001/barns/b-001/devices/wv-001/images/2026/09/17/e21dd931-8ac2-4ae7-86a9-3aa520a83a08.jpg","dd2545b3a26328540bfdca2193ec117b","image/jpeg","2239177","2026-09-17 04:20:37.500035+00","2026-09-17 04:20:39.706502+00"
"9b05a55a-8ec5-560d-9cfd-36ecef72bc40","t-001","f-001","b-001","wv-001","20260917_041741","farmiq-media","tenants/t-001/farms/f-001/barns/b-001/devices/wv-001/images/2026/09/17/418cbdd2-5aa3-4ddf-a76a-90f470e62996.jpg","65f62526b473d005d8ec222197ea6048","image/jpeg","1926071","2026-09-17 04:17:41.973305+00","2026-09-17 04:17:43.774335+00"
"cd6e4dc5-6cae-54a3-9f37-109aa6f1f6c4","t-001","f-001","b-001","wv-001","20260917_041741","farmiq-media","tenants/t-001/farms/f-001/barns/b-001/devices/wv-001/images/2026/09/17/23a14ecc-8b31-488c-b67d-09834b1f2682.jpg","b929112fa56de71a35bd01d1660e06d1","image/jpeg","1961168","2026-09-17 04:17:41.973305+00","2026-09-17 04:17:44.059522+00"
"36c5fa2a-6287-59af-bc15-7e51b7b8a4e3","t-001","f-001","b-001","wv-001","20260917_041702","farmiq-media","tenants/t-001/farms/f-001/barns/b-001/devices/wv-001/images/2026/09/17/ecc03c7f-e34a-4955-8641-e416a88014b1.jpg","772c6d32aef2f5e4a1c0da39ac5a7e22","image/jpeg","1009705","2026-09-17 04:17:02.810453+00","2026-09-17 04:17:03.737313+00"
"141dd20f-059a-5a95-8dc3-5ef097111160","t-001","f-001","b-001","wv-001","20260917_041702","farmiq-media","tenants/t-001/farms/f-001/barns/b-001/devices/wv-001/images/2026/09/17/9b881f96-837d-4c22-b008-31ef5db58e47.jpg","cc120674a7831d94747a4c64017e557c","image/jpeg","1059641","2026-09-17 04:17:02.810453+00","2026-09-17 04:17:03.989304+00"
"c7f65494-55a6-5b86-86bd-e914224b0804","t-001","f-001","b-001","wv-001","20260917_041640","farmiq-media","tenants/t-001/farms/f-001/barns/b-001/devices/wv-001/images/2026/09/17/713ec140-cc3e-4ace-99d1-a7cd4536409c.jpg","80e4fa3a820a3fd09c9d815259f6623d","image/jpeg","2153040","2026-09-17 04:16:40.549602+00","2026-09-17 04:16:41.894095+00"
"9bd98783-699e-5dd3-9db0-65a02d2da5da","t-001","f-001","b-001","wv-001","20260917_041640","farmiq-media","tenants/t-001/farms/f-001/barns/b-001/devices/wv-001/images/2026/09/17/17489f4c-5606-4378-ad5c-b035710ade0d.jpg","a65c7748e9491e39a6313694dc9b656f","image/jpeg","2176680","2026-09-17 04:16:40.549602+00","2026-09-17 04:16:42.243115+00"
"1ca7ad44-5f69-5728-a9b0-fd0f9bfcec27","t-001","f-001","b-001","wv-001","20260917_041634","farmiq-media","tenants/t-001/farms/f-001/barns/b-001/devices/wv-001/images/2026/09/17/420a6c3d-9e89-4f04-b7b7-b054218f5ad6.jpg","ade1b028326b84d530e6517bb3125ffd","image/jpeg","1943789","2026-09-17 04:16:34.545748+00","2026-09-17 04:16:36.076601+00"
"6f02e72a-07f7-5565-ac34-1f54bfaadb59","t-001","f-001","b-001","wv-001","20260917_041634","farmiq-media","tenants/t-001/farms/f-001/barns/b-001/devices/wv-001/images/2026/09/17/2464d606-c3d9-48bc-84c4-d54f8efe635f.jpg","16508e37b8f78105a5709b7b4dc18928","image/jpeg","1962588","2026-09-17 04:16:34.545748+00","2026-09-17 04:16:36.362553+00"
"985b6f0b-560c-5f22-b810-f800e431c9ed","t-001","f-001","b-001","wv-001","20260917_041322","farmiq-media","tenants/t-001/farms/f-001/barns/b-001/devices/wv-001/images/2026/09/17/ed9c8b29-b1cb-4822-a06d-4e0de5d567d3.jpg","0e1122082400cff7e8d70366240f5f39","image/jpeg","2160614","2026-09-17 04:13:22.84062+00","2026-09-17 04:13:25.585898+00"
"431e8ecc-b70e-5333-9bf3-554cc33ae866","t-001","f-001","b-001","wv-001","20260917_041322","farmiq-media","tenants/t-001/farms/f-001/barns/b-001/devices/wv-001/images/2026/09/17/03f7c7be-2423-4a3c-a8ab-6ee0abb66b42.jpg","99d7b7280df9b5b02ed04412d3c3d4ae","image/jpeg","2201825","2026-09-17 04:13:22.84062+00","2026-09-17 04:13:27.36025+00"
"cc1535fc-4a1b-5d2e-9b13-727acbc04ebf","t-001","f-001","b-001","wv-001","20260917_041237","farmiq-media","tenants/t-001/farms/f-001/barns/b-001/devices/wv-001/images/2026/09/17/ef62dfa6-d55d-460b-8e1a-753569e0dfd6.jpg","dd0e22faf11dd25a733da2ee124e6d73","image/jpeg","2142522","2026-09-17 04:12:37.482168+00","2026-09-17 04:12:40.975196+00"
"4c05a674-5707-5755-a84e-d5d31686c128","t-001","f-001","b-001","wv-001","20260917_041237","farmiq-media","tenants/t-001/farms/f-001/barns/b-001/devices/wv-001/images/2026/09/17/4da8cbed-6cb0-4838-bed1-e98367486a59.jpg","e1020b0c3d72ec78618a7260969bc2c0","image/jpeg","2184603","2026-09-17 04:12:37.482168+00","2026-09-17 04:12:41.589429+00"
"851d9f18-5392-5128-a5fb-10cf5fac999d","t-001","f-001","b-001","wv-001","20260917_041033","farmiq-media","tenants/t-001/farms/f-001/barns/b-001/devices/wv-001/images/2026/09/17/0ac3e7a5-c785-4371-9b7e-ffbfff737340.jpg","84da87d75922dec2b4e1c464d4c32b89","image/jpeg","2038691","2026-09-17 04:10:33.238889+00","2026-09-17 04:10:36.975114+00"
"636a35d7-fcce-52f1-aa53-f92ee6657bdc","t-001","f-001","b-001","wv-001","20260917_041033","farmiq-media","tenants/t-001/farms/f-001/barns/b-001/devices/wv-001/images/2026/09/17/57b70cb6-75b7-4eb9-a42b-679a7d8de9d4.jpg","4390910b44a426e4a75f8c8260392ae9","image/jpeg","2091647","2026-09-17 04:10:33.238889+00","2026-09-17 04:10:37.43791+00"
"ecfcac28-32bb-55f6-87ce-f9e550bf6a52","t-001","f-001","b-001","wv-001","20260917_041029","farmiq-media","tenants/t-001/farms/f-001/barns/b-001/devices/wv-001/images/2026/09/17/534a8c01-6953-48b1-adcf-75b99807e6e3.jpg","255d4a6246da66c3c299a21a4b636c5b","image/jpeg","2326842","2026-09-17 04:10:29.167162+00","2026-09-17 04:10:30.623741+00"
"8a7f91df-e358-5997-8dae-d70d5840590c","t-001","f-001","b-001","wv-001","20260917_041029","farmiq-media","tenants/t-001/farms/f-001/barns/b-001/devices/wv-001/images/2026/09/17/f6de43df-d696-4d5c-a65c-7b36a08046e3.jpg","be6ec7c4e4d0636bc62f843d1dfe5b58","image/jpeg","2370130","2026-09-17 04:10:29.167162+00","2026-09-17 04:10:31.089408+00"
"de3d4fe6-8e43-5ad3-bc4b-efd862ea792f","t-001","f-001","b-001","wv-001","20260917_041018","farmiq-media","tenants/t-001/farms/f-001/barns/b-001/devices/wv-001/images/2026/09/17/3e7434c9-53af-4325-ac5f-e25550e73ac5.jpg","390cfac604c18bf5b78cc228d66263eb","image/jpeg","2034473","2026-09-17 04:10:18.7541+00","2026-09-17 04:10:20.512419+00"
"5dbdfbb5-cbf9-5c70-8f6a-549db971b2dc","t-001","f-001","b-001","wv-001","20260917_041018","farmiq-media","tenants/t-001/farms/f-001/barns/b-001/devices/wv-001/images/2026/09/17/975d05f1-3d0b-4535-8684-4313f88635fc.jpg","07e9109719eaec1442350b87b7bfcc1d","image/jpeg","2082594","2026-09-17 04:10:18.7541+00","2026-09-17 04:10:20.992639+00"
"ce3f459b-70eb-5f9a-86dd-cbcdd7cfcfa1","t-001","f-001","b-001","wv-001","20260917_040937","farmiq-media","tenants/t-001/farms/f-001/barns/b-001/devices/wv-001/images/2026/09/17/ca810a4d-c693-4672-bcee-41bc396c198b.jpg","ed096ef0063c113974146c89a3e18564","image/jpeg","1988985","2026-09-17 04:09:37.181584+00","2026-09-17 04:09:38.232285+00"
"00d2d243-0bac-517c-a19b-09875d146e7b","t-001","f-001","b-001","wv-001","20260917_040937","farmiq-media","tenants/t-001/farms/f-001/barns/b-001/devices/wv-001/images/2026/09/17/a4f73c4d-5609-4b37-ba0f-38e2ba820dfa.jpg","e124e9b18d8e407258e212c726def727","image/jpeg","2030719","2026-09-17 04:09:37.181584+00","2026-09-17 04:09:38.556589+00"
"2fceb61c-9bf7-53ee-910b-70c832a5ae80","t-001","f-001","b-001","wv-001","20260917_040909","farmiq-media","tenants/t-001/farms/f-001/barns/b-001/devices/wv-001/images/2026/09/17/62888ed1-f0fd-44c9-908d-18f11121bf06.jpg","0afcfa3bafd6533d4045f732628dcc53","image/jpeg","2094317","2026-09-17 04:09:09.012468+00","2026-09-17 04:09:12.198815+00"
"3e66e5e1-189b-5c05-9b7a-d48a4caa66be","t-001","f-001","b-001","wv-001","20260917_040909","farmiq-media","tenants/t-001/farms/f-001/barns/b-001/devices/wv-001/images/2026/09/17/0322765c-177a-4830-b41f-99adb2ac31e9.jpg","1c88f5e7a17f1380e1d45909b70658c8","image/jpeg","2136062","2026-09-17 04:09:09.012468+00","2026-09-17 04:09:12.568838+00"
"ba0ea6d4-2dc6-585b-bad4-5b3a8e3b2e08","t-001","f-001","b-001","wv-001","20260917_040904","farmiq-media","tenants/t-001/farms/f-001/barns/b-001/devices/wv-001/images/2026/09/17/a90b8332-2f42-4b0b-b9e7-d2bbd95fe212.jpg","913f0afa36367ba7de5cfac44967ec61","image/jpeg","2117643","2026-09-17 04:09:04.656422+00","2026-09-17 04:09:06.511072+00"
"ea773d01-fa0a-5ec1-8863-db938d70202a","t-001","f-001","b-001","wv-001","20260917_040904","farmiq-media","tenants/t-001/farms/f-001/barns/b-001/devices/wv-001/images/2026/09/17/4b0a0a02-b6c1-4b67-b78c-0afd6cd4d96b.jpg","4cbc363360525b324ecf8774ebce0012","image/jpeg","2161019","2026-09-17 04:09:04.656422+00","2026-09-17 04:09:06.793507+00"
"3a3e5870-6f14-5784-9f3e-f28519616d35","t-001","f-001","b-001","wv-001","20260917_040823","farmiq-media","tenants/t-001/farms/f-001/barns/b-001/devices/wv-001/images/2026/09/17/c7e46d66-a74a-4260-bbf3-bb62e279d09f.jpg","5be4ad454cf6cca49ca910690f268eb5","image/jpeg","2273890","2026-09-17 04:08:23.748749+00","2026-09-17 04:08:24.421442+00"
"150ba0c6-b28f-5bba-ad94-5048fe8dd560","t-001","f-001","b-001","wv-001","20260917_040823","farmiq-media","tenants/t-001/farms/f-001/barns/b-001/devices/wv-001/images/2026/09/17/d4f3a365-1160-41ba-9207-e109eae4e07d.jpg","1e823bfbc1a845ccf3c80fb62bda14aa","image/jpeg","2313359","2026-09-17 04:08:23.748749+00","2026-09-17 04:08:24.728314+00"
"726e9465-c8ef-5fc1-ad98-4f3157e7bd36","t-001","f-001","b-001","wv-001","20260917_040659","farmiq-media","tenants/t-001/farms/f-001/barns/b-001/devices/wv-001/images/2026/09/17/362edddb-a5a3-4654-886a-f128360e8f03.jpg","3de11c69bc519dafcc5b630029dbd6fc","image/jpeg","2008750","2026-09-17 04:06:59.024872+00","2026-09-17 04:07:01.807148+00"
"893056f9-1fdf-5aa0-8756-7f499d5d61f0","t-001","f-001","b-001","wv-001","20260917_040659","farmiq-media","tenants/t-001/farms/f-001/barns/b-001/devices/wv-001/images/2026/09/17/dc333fd4-a09a-4531-bcfd-b14be3f5f276.jpg","9f7ebc24f11b617a4dd23924242f3c0d","image/jpeg","2050935","2026-09-17 04:06:59.024872+00","2026-09-17 04:07:02.192617+00"
"7d717503-ceee-57e1-88e7-940d9efb6f29","t-001","f-001","b-001","wv-001","20260917_040654","farmiq-media","tenants/t-001/farms/f-001/barns/b-001/devices/wv-001/images/2026/09/17/09f4502c-eacd-48ce-8cb8-3436d9951318.jpg","6af62908843fff9e6cdb8b719732b64a","image/jpeg","2078480","2026-09-17 04:06:54.840557+00","2026-09-17 04:06:56.08229+00"
"c99fea24-012e-5883-b875-283e9ac2a7b7","t-001","f-001","b-001","wv-001","20260917_040654","farmiq-media","tenants/t-001/farms/f-001/barns/b-001/devices/wv-001/images/2026/09/17/9d1541dc-86d7-4ea7-bbd7-0ce134d20288.jpg","014caef8b14f93a182f7c84e8f431283","image/jpeg","2117780","2026-09-17 04:06:54.840557+00","2026-09-17 04:06:56.368123+00"
"597bb382-bc67-5dd7-b379-a8e23c32aa99","t-001","f-001","b-001","wv-001","20260917_040444","farmiq-media","tenants/t-001/farms/f-001/barns/b-001/devices/wv-001/images/2026/09/17/fc22a073-5ccd-41b5-b109-cd2290b6311a.jpg","263f905534816ef4994db3820c58145c","image/jpeg","2505028","2026-09-17 04:04:44.160624+00","2026-09-17 04:04:45.141441+00"
"086fb260-dcd4-510f-ae20-b8c81013a856","t-001","f-001","b-001","wv-001","20260917_040444","farmiq-media","tenants/t-001/farms/f-001/barns/b-001/devices/wv-001/images/2026/09/17/e9170a7f-25c9-4c5a-bb57-13ef3f2b5388.jpg","4e7a324d985bd9108b2a5e1aa05a679a","image/jpeg","2534422","2026-09-17 04:04:44.160624+00","2026-09-17 04:04:45.578115+00"
"3939cf15-e64b-5264-a98d-b311cd45aeec","t-001","f-001","b-001","wv-001","20260917_040419","farmiq-media","tenants/t-001/farms/f-001/barns/b-001/devices/wv-001/images/2026/09/17/f98efe5f-56a7-4afb-b661-9c3f277bf499.jpg","9ea4ddaf7e6a7a365a184a5c6995e793","image/jpeg","1992047","2026-09-17 04:04:19.649686+00","2026-09-17 04:04:21.091561+00"
"bb700052-a408-5157-8c6d-8a680d75dbb7","t-001","f-001","b-001","wv-001","20260917_040419","farmiq-media","tenants/t-001/farms/f-001/barns/b-001/devices/wv-001/images/2026/09/17/c5d63aee-67b4-435e-bc40-1d56d08045fc.jpg","e0f0f042ea1ebe81a27377c6188fe8fb","image/jpeg","2019843","2026-09-17 04:04:19.649686+00","2026-09-17 04:04:21.452767+00"
"4e0ac182-cf5a-5a56-8c17-403b58cd4b0b","t-001","f-001","b-001","wv-001","20260917_040111","farmiq-media","tenants/t-001/farms/f-001/barns/b-001/devices/wv-001/images/2026/09/17/70d1c9f0-2b73-4be8-a8ed-f8efcb7a1a12.jpg","1995d28baf92e7edd3bdf453b31fb86d","image/jpeg","2128676","2026-09-17 04:01:11.34386+00","2026-09-17 04:01:13.652408+00"
"3673a728-3915-59cd-90b3-2559a4333375","t-001","f-001","b-001","wv-001","20260917_040111","farmiq-media","tenants/t-001/farms/f-001/barns/b-001/devices/wv-001/images/2026/09/17/497dd69e-59f6-45fa-9388-b08e02b2455c.jpg","91914ed12885eee254617b49170e80cf","image/jpeg","2173507","2026-09-17 04:01:11.34386+00","2026-09-17 04:01:13.932324+00"
"abe51254-0076-5492-82ff-c0eddd948904","t-001","f-001","b-001","wv-001","20260917_040055","farmiq-media","tenants/t-001/farms/f-001/barns/b-001/devices/wv-001/images/2026/09/17/ad305302-3f66-46c0-b318-cd5bb08fc97d.jpg","97cea436ade02192dc108e2eaf216810","image/jpeg","2119360","2026-09-17 04:00:55.77586+00","2026-09-17 04:00:57.898436+00"
"18341933-4d25-5294-9f45-08e926a85af5","t-001","f-001","b-001","wv-001","20260917_040055","farmiq-media","tenants/t-001/farms/f-001/barns/b-001/devices/wv-001/images/2026/09/17/0a045b8e-7e72-491f-919e-ef5f043bf749.jpg","fdcd8bab5df8d17d337cbe3b78e67675","image/jpeg","2167522","2026-09-17 04:00:55.77586+00","2026-09-17 04:00:58.163535+00"
"ed5addbd-803e-54ad-83d3-e1e970b022fd","t-001","f-001","b-001","wv-001","20260917_040041","farmiq-media","tenants/t-001/farms/f-001/barns/b-001/devices/wv-001/images/2026/09/17/3758a38e-e42b-4e41-81f9-32715f80c6f5.jpg","2f48bc6e0cf70ae895bd0ff9a67fb872","image/jpeg","1995477","2026-09-17 04:00:41.62395+00","2026-09-17 04:00:42.165283+00"
"73e2faec-7015-5e59-b738-cdf63136adce","t-001","f-001","b-001","wv-001","20260917_040041","farmiq-media","tenants/t-001/farms/f-001/barns/b-001/devices/wv-001/images/2026/09/17/40a14c35-5ec9-47c3-9817-b995003156bf.jpg","228c9b9121c45996b47e2fcff1d5e14f","image/jpeg","2046110","2026-09-17 04:00:41.62395+00","2026-09-17 04:00:42.439468+00"
"b326eee9-0d32-59cd-8afe-916e8c31d79f","t-001","f-001","b-001","wv-001","20260917_040023","farmiq-media","tenants/t-001/farms/f-001/barns/b-001/devices/wv-001/images/2026/09/17/44e1967d-f78b-4645-b410-c1a5e80ac027.jpg","080ad156b681ca1d758976bb894adac6","image/jpeg","1592890","2026-09-17 04:00:23.92947+00","2026-09-17 04:00:26.415954+00"
"f107cad3-5dad-5a11-8f6c-d17b2d847da6","t-001","f-001","b-001","wv-001","20260917_040023","farmiq-media","tenants/t-001/farms/f-001/barns/b-001/devices/wv-001/images/2026/09/17/dcee9285-567d-4f5d-b367-48e4220ccf2a.jpg","8a118966563a5cb463fbb582c8807921","image/jpeg","1649779","2026-09-17 04:00:23.92947+00","2026-09-17 04:00:26.672675+00"
"bf0b8e7b-0492-5f55-94bb-0568cdd5cf7e","t-001","f-001","b-001","wv-001","20260917_040019","farmiq-media","tenants/t-001/farms/f-001/barns/b-001/devices/wv-001/images/2026/09/17/c643f557-4b11-4722-b239-4d4ea7b341a5.jpg","067b5f8ab99422cd0cd253f066370b2d","image/jpeg","1630342","2026-09-17 04:00:19.833363+00","2026-09-17 04:00:20.817456+00"
"c8233f5e-76e8-5c71-b29d-26fc5a6c18fb","t-001","f-001","b-001","wv-001","20260917_040019","farmiq-media","tenants/t-001/farms/f-001/barns/b-001/devices/wv-001/images/2026/09/17/a61b96f4-0406-466a-b342-9503b97ab989.jpg","f681ef3b7a08f6597fe34f3a10297443","image/jpeg","1670534","2026-09-17 04:00:19.833363+00","2026-09-17 04:00:21.059262+00"
